picocom v2024-07

port is        : /dev/ttyACM2
flowcontrol    : none
baudrate is    : 115200
parity is      : none
databits are   : 8
stopbits are   : 1
txdelay is     : 0 ns
escape is      : C-a
local echo is  : no
noinit is      : no
noreset is     : no
hangup is      : no
nolock is      : no
send_cmd is    : sz -vv
receive_cmd is : rz -vv -E
imap is        : 
omap is        : 
emap is        : crcrlf,delbs,
logfile is     : none
initstring     : none
exit_after is  : not set
exit is        : no
minimal cmds is: no

Type [C-a] [C-h] to see available commands
Terminal ready
*** Booting Zephyr OS build v4.2.0***

[00:00:00.005,000] [0m<inf> oresat_mcxn947_solar: Oresat MCXN947 Solar Board App
[0m
[00:00:00.013,00] [0m<inf> oresat_blink: Starting blink demo[0m
[00:00:00.019,000] [0m<dbg> oresat_blink: handle_blink:The light is blinking![0m
[00:00:00.026,000][0m<inf> oresat_solar2: Starting Solar Tracking...[0m
[00:0:00.033,000] [1;31m<err> mcux_lpi2c: SCL GPIOdevice not ready[0m
[00:00:00.039,000] [0m<inf> oresat_sola2: Starting INA226 reading[0m
[00:00:00.049,000] [0m<inf> oresat_slar2: -480.000000 5313.750000 -2.550600[0m
[00:00:00.062,000] [0m<inf> oreat_solar2: -520.000000 5362.500000 -2.788500[0m
[00:00:00.074,000] [0m<inf> oresat_solar2: -520.000000 5396.250000 -2.80650[0m
[00:0000.087,000] [0m<inf> oresat_solar2: -520.00000 5425.000000 -2.821000[0m
[00:00:00.100,000] [0m<inf> oresat_solar2: -620000000 5443.750000 -3.375125[0m
[00:00:00.112,000] [0m<inf oresat_solar2: -540.000000 5457.500000 -2.947050[0m
[00:0000.125,000] [0m<inf> oresat_solar2: -540.000000 5468.750000 -.953125[0m
[00:00:00.138,000] [0m<inf> oresat_solar2: -540000000 5476.250000 -2.957175[0m
[00:00:00.151,000] [0m<inf oresat_solar2: -540.000000 5480.000000 -2.959200[0m
[00:00:00.163,000] [0m<inf> oresat_solar2: -540.000000 5486.250000 -.962575[0m
[0:00:00.176,000] [0m<inf> oresat_solar2: -520.000000 5488.75000 -2.854150[0m
[00:00:00.189,000] [0m<inf> oresat_solar2:-540.000000 5492.500000 -2.965950[0m
[00:00:00.201,000] [0<inf> oresat_solar2: -580.000000 5491.250000 -3.184925[0m
[0:00:00.214,000] [0m<inf> oresat_solar2: -520.000000 5495.00000 -2.857400[0m
[00:00:00.227,000] [0m<inf> oresat_solar2:-540.000000 5495.000000 -2.967300[0m
[00:00:00.239,000] [0m<inf> oresat_solar2: -540.000000 5495.000000 -2.967300[0m
[00:00:00.252,000 [0m<inf> oresat_solar2: -600.000000 5496.250000 -3.297750[0m
[00:00:00.265,000] [0m<inf> oresat_solar2: -540.000000 5496.250000 -2.967975[0m
[00:00:00.278,000] [0m<inf> oresat_soar2: -540.000000 5497.500000 -2.968650[0m
[00:00:00.290,000 [0m<inf> oresat_solar2: -520.000000 5496.250000 -2.858050[0m
[00:00:00.303,000] [0m<inf> oresat_solar2: -580.000000 549.000000 -3.187100[0m
[00:00:00.316,000] [0m<inf> oresat_solar2: -500.000000 5496.250000 -2.748125[0m
[00:00:00.328,000] [0m<inf> orest_solar2: -540.000000 5495.000000 -2.967300[0
[00:00:00.34,000] [0m<inf> oresat_solar2: -540.000000 5495.000000 -2.967300[0m
[00:00:00.354,000] [0m<inf> oresat_solar2: -540.00000 5497.500000 -2.968650[0m
[00:00:00.366,000] [0m<inf> orest_solar2: 1080.000000 5493.750000 5.933250[0m
[00:00:00.379,000] [0m<inf> resat_solar2: 2080.000000 5495.000000 11.429600[0m
[00:00:0.392,000] [0m<inf> oresat_solar2: 3260.000000 5493.750000 17.09624[0m
[0000:00.404,000] [0m<inf> oresat_solar2: 4080.00000 5492.500000 22.409401[0m
[00:00:00.417,000] [0m<inf> oresat_solar2: 400.000000 5490.000000 26.900999[0m
[00:00:00.430,000] [0m<nf> oresat_solar2: 5760.000000 5491.250000 31.629601[0m
[00:00:00.443,000] [0m<inf> oresat_solar2: 6520.000000 5490.00000 35.794800[0m
[00:00:00.455,000] [0m<inf> oresat_solar2: 780.000000 5490.000000 40.516201[0m
[00:00:00.468,000] [0m<inf> oresat_solar2: 8220.000000 5490.000000 45.127800[0m
[00:00:00.481,000] [0m<inf> oresat_solar2: 9060.000000 5487.500000 49.716751[0m
[00:00:00.493,00] [0m<inf> oresat_solar2: 9820.000000 5487.00000 53.887249[0m
[00:00:00.506,000] [0m<inf> oresat_sola2: 10680.000000 5488.750000 58.619850[0m
[00:00:00.519,000][0m<inf> oresat_solar2: 11400.000000 5487.500000 62.557499[0
[00:00:00.532,000] [0m<inf> oresat_solar2: 12220.000000 5487.500000 67.057251[0m
[00:00:00.544,000] [m<inf> oresat_solar2: 13080.000000 5486.250000 71.760147[0m
[00:00:00.557,000] [0m<inf> oresat_solar2: 13780.000000 5486.250000 75.600525[0m
[00:00:00.570,000] [0m<inf> oresat_solar2: 14880.000000 5483.750000 81.598198[0m
[0:00:00.583,000] [0m<inf> oresat_solar2: 15680.000000 5485.00000 86.004799[0m
[00:00:00.596,000] [0m<inf> oresat_solar2: 16560.000000 5481.250000 90.769501[0m
[00:00:00.608,000] [0m<inf> oresat_solar2: 17320.000000 5482.50000094.956902[0m
[00:00:00.621,000] [0m<inf> oresat_solar2: 1880.000000 5482.500000 99.671852[0m
[00:00:00.634,000] [0m<nf> oresat_solar2: 18920.000000 5482.500000 10.728897[0m
[00:00:00.647,000] [0m<inf> oreat_solar2: 19700.000000 5480.000000 107.956001[0m
[00:00:00660,000] [0m<inf> oresat_solar2: 20580.000000 5480.000000 112.778397[0m
[00:00:00.673,000] [0m<inf> orest_solar2: 21320.000000 5480.000000 116.8336030m
[00:00:00.686,000] [0m<inf> oresat_solar2: 22120.000000 5480.000000 121.217598[0m
[00:00:00.699,000][0m<inf> oresat_solar2: 23000.000000 5480.00000 126.040001[0m
[00:00:00.711,000] [0m<inf> oresat_solar2: 23700.000000 5478.750000 129.846375[0m
[0000:00.724,000] [0m<inf> oresat_solar2: 24480.00000 5476.250000 134.058594[0m
[00:00:00.737,000] [0m<inf> oresat_solar2: 25620.000000 5476.250000 140.31529[0m
[00:00:00.750,000] [0m<inf> oresatsolar2: 26460.000000 5476.250000 144.901581[0m
[00:00:00.763,000] [0m<inf> oresat_solar2: 27200.000000 543.750000 148.886002[0m
[00:00:00.776,000] 0m<inf> oresat_solar2: 28020.000000 5476.250000 153.444519[0m
[00:00:00.789,000] [0m<inf> oresat_solar2: 8780.000000 5476.250000 157.606476[0m
[00:00:00.802,000] [m<inf> oresat_solar2: 29500.000000 5476.250000161.549377[0m
[00:00:00.815,000] [0m<inf> resat_solar2: 30360.000000 5473.750000 166.183044[0m
[00:00:00.828,000] [0m<inf> oresat_solar2: 31220.00000 5472.500000 170.851456[0m
[00:00:00.840,00] [0m<inf> oresat_solar2: 31920.000000 5472.500000 174.68225[0m
[00:00:00.853,000] [0m<inf> oresat_soar2: 32760.000000 5472.500000 179.279099[0m
[00:00:00.866,000] [0m<inf> oresat_solar2: 33620.000000 5472.00000 183.985443[0m
[00:00:00.879,000] [0minf> oresat_solar2: 34420.000000 5470.000000 188.277405[0m
[00:00:00.892,000] [0m<inf> oresat_solar2: 3520.000000 5472.500000 192.960342[0m
[00:00:00.905,000] [0m<inf> oresat_solar2: 36260.000000 5468.750000 19.296875[0m
[00:00:00.918,000] [0m<inf> oreat_solar2: 37080.000000 5468.750000 202.781250[0m
[00:00:00931,000] [0m<inf> oresat_solar2: 37880.0000005470.000000 207.203598[0m
[00:00:00.944,000] [0m<inf> oresat_solar2: 38620.000000 5470.000000 211.2514040m
[00:00:00.957,000] [0m<inf> oresat_solar: 39400.000000 5468.750000 215.468750[0m
[0:00:00.969,000] [0m<inf> oresat_solar2: 40180.000000 5467.50000 219.684143[0m
[00:00:00.982,000] [0m<in> oresat_solar2: 40980.000000 5467.500000 224.058151[0m
[00:00:00.995,000] [0m<inf> oresat_solar2: 41820.00000 5467.500000 228.650848[0m
[00:00:01.008,000] [0m<inf oresat_solar2: 42580.000000 5467.500000 232.86152[0m
[00:00:01.021,000] [0m<inf> oresat_solar2: 43320.000000 5467.500000 236.852097[0m
[00:00:01.028000] [0m<dbg> oresat_blink: handle_blink: Thelight is blinking![0m
[00:00:01.039,000] [0m<inf> oresat_solar2: 4100.000000 5466.250000 241.061630[0m
[00:00:01.052,000] [0m<inf> oresat_solar2: 44980.000000 5465.000000 45.815704[0m
[00:00:01.065,000] [0m<inf> oesat_solar2: 45620.000000 5466.250000 249.370331[0m
[00:00:1.078,000] [0m<inf> oresat_solar2: 46460.00000 5463.750000 253.845825[0m
[00:00:01.091,000] [0m<inf> oresat_solar2: 47560.000000 5461.250000 259.73706[0m
[00:00:01.104,000] [0m<inf> oresat_solr2: 48220.000000 5463.750000 263.462036[0m
00:00:01.117,000] [0m<inf> oresat_solar2: 49100.000000 5462.50000 268.208740[0m
[00:00:01.130,000] [0m<nf> oresat_solar2: 49900.000000 5460.000000 272.454010[0m
[00:00:01.142,000] [0m<inf> oresat_solar2: 5068.000000 5462.500000 276.839508[0m
[00:00:01155,000] [0m<inf> oresat_solar2: 51380.000000 5462.500000 280663239[0m
[00:00:01.168,000] [0m<inf> oresat_solar2: 52160.000000 5462.500000 284.924011[0m
[00:00:01.81,000] [0m<inf> oresat_solar2: 52980.000000 461.250000 289.337036[0m
[00:00:01.194,000] [0m<inf> oresat_solar2: 53780.000000 5458.750000 293.571564[m
[00:00:01.207,000] [0m<inf> oresat_solar2 54580.000000 5460.000000 298.006805[0m
[00:00:01.220,000] [0m<inf> oresat_solar2: 55320.000000 5460.00000 302.047211[0m
[00:00:01.233,000] [0m<inf> oresat_solar2: 56060.000000 5457.500000 305.947449[0m
[00:0:01.246,000] [0m<inf> oresat_solar2: 56980.00000 5457.500000 310.968353[0m
[00:00:01.259,000] [0m<inf> oresat_solar2: 57800.000000 5457.500000 315.44512[0m
[00:00:01.271,000] [0m<inf> oresat_olar2: 58660.000000 5456.250000 320.063629[0m
[00:00:01.284000] [0m<inf> oresat_solar2: 59420.000000 5456.250000 324.210388[0m
[00:00:01.297,000] [0m<inf> oresat_solar2: 60220.000000 5455.000000 328.500092[0m[00:00:01.310,000] [0m<inf> oresat_solar2: 61060.000000 5455.000000 333.082306[0m
[00:00:01.323,000] [0<inf> oresat_solar2: 61780.000000 5456.250000 37.087128[0m
[00:00:01.336,000] [0m<inf> oresat_solar2: 62520.000000 5452.500000 340.890289[0m
[00:00:1.349,000] [0m<inf> oresat_solar2: 63360.00000 5453.750000 345.549591[0m
[00:00:01.362,000] [0m<inf> oresat_solar2: 64120.000000 5453.750000 349.69445[0m
[00:00:01.375,000] [0m<inf> oresat_solr2: 64900.000000 5452.500000 353.867249[0m
00:00:01.388,000] [0m<inf> oresat_solar2: 65680.000000 5453.70000 358.202301[0m
[00:00:01.400,000] [0m<nf> oresat_solar2: 66380.000000 5452.500000 361.936951[0m
[0:00:01.413,000] [0m<inf> oresat_solar2: 6716.000000 5451.250000 366.105957[0m
[00:00:01.426,000] [0m<if> oresat_solar2: 68200.000000 5451.250000 371775238[0m
[00:00:01.439,000] [0m<inf> oresat_solar2: 68920.000000 5450.000000 375.614014[0m
[00:00:01.52,000] [0m<inf> oresat_solar2: 69700.000000 450.000000 379.864990[0m
[00:00:01.465,000] [0m<inf> oresat_solar2: 70500.000000 5450.000000 384.225006[m
[00:00:01.478,000] [0m<inf> oresat_solar2 71320.000000 5451.250000 388.783142[0m
[0000:01.491,000] [0m<inf> oresat_solar2: 72000.000000 5448.75000 392.309998[0m
[00:00:01.504,000] [0m<inf oresat_solar2: 72760.000000 5447.500000 396.360107[0m
[00:00:01.517,000] [0m<inf> oresat_solar2: 73500.00000 5447.500000 400.391235[0m
[00:00:01.529,000] [0m<inf> oresat_solar2: 74380.000000 5448.750000 405.27015[0m
[00:00:01.542,000] [0m<inf> oresat_olar2: 75600.000000 5446.250000 411.736511[0m
[00:00:01.555000] [0m<inf> oresat_solar2: 76360.000000 544.250000 415.875641[0m
[00:00:01.568,000] [0m<inf> oresat_solar2: 77180.000000 5445.000000 420.245087[0m[00:00:01.581,000] [0m<inf> oresat_solar2: 7900.000000 5446.250000 424.262878[0m
[00:00:01.594,000] [0m<inf> oresat_solar2: 78720.000000 5445.000000 28.630402[0m
[00:00:01.607,000] [0m<inf> oesat_solar2: 79760.000000 5443.750000 434.193512[0m
[00:00:01.620,000] [0m<inf> oresat_solar2: 80600.00000 5443.750000 438.766235[0m
[00:00:01.633,00] [0m<inf> oresat_solar2: 81400.000000 5442.500000 443.019501[0m
[00:00:01.646,000] [0m<inf> oresat_solr2: 82180.000000 5442.500000 447.264648[0m
[00:00:01.658,00] [0m<inf> oresat_solar2: 83000.000000 5443.70000 451.831238[0m
[00:00:01.671,000] [0m<nf> oresat_solar2: 83780.000000 5442.500000 455.972656[0m
[00:00:01.684,000] [0m<inf> oresat_solar2: 8458.000000 5441.250000 460.220917[0m
[00:00:01697,000] [0m<inf> oresat_solar2: 85320.000000 5441.250000 464247437[0m
[00:00:01.710,000] [0m<inf> orest_solar2: 86080.000000 5441.250000 468.382812[0m
[00:00:01.723,000] [0m<inf> oresat_solar2: 86900.000000 440.000000 472.735992[0m
[00:00:01.736,000][0m<inf> oresat_solar2: 87680.000000 5438.750000 476.869598[0m
[00:00:01.749,000] [0m<inf> oresat_solar2 88420.000000 5438.750000 480.894287[0m
[0000:01.762,000] [0m<inf> oresat_solar2: 89260.000000 5437.50000 485.351257[0m
[00:00:01.775,000] [0m<inf oresat_solar2: 90300.000000 5438.750000 491.119110[0m
[00:00:01.787,000] [0m<inf> oresat_solar2: 91100.00000 5437.500000 495.356262[0m
[00:00:01.80,000] [0m<inf> oresat_solar2: 91880.000000 5437.500000 499.59504[0m
[00:00:01.813,000] [0m<inf> oresat_olar2: 92700.000000 5437.500000 504.056244[0m
[00:00:01.826,000] [0m<inf> oresat_solar2: 93320.000000 543.250000 507.310852[0m
[00:00:01.839,000] [m<inf> oresat_solar2: 94160.000000 5435.000000 511.759613[0m
[00:00:01.852,000] [0m<inf> oresat_solar2: 9020.000000 5433.750000 516.314941[0m
[00:0001.865,000] [0m<inf> oresat_solar2: 95800.000000 5435.000000 520.672974[0m
[00:00:01.878,000] [0m<inf> oesat_solar2: 96580.000000 5433.750000 524.79155[0m
[00:00:01.891,000] [0m<inf> oresat_solar2: 97480.000000 5433.750000 529.681946[0m
[00:00:01.904,00] [0m<inf> oresat_solar2: 98180.000000 5435.000000 533.608276[0m
[00:00:01.916,000] [0m<inf> oresat_solr2: 99000.000000 5431.250000 537.693726[0m
[00:00:01.929,000] [0m<inf> oresat_solar2: 99760.000000 5431.250000 541.821472[0m
[00:00:01.942,000] [0m<nf> oresat_solar2: 100820.000000 5432.500000 57.704651[0m
[00:00:01.955,000] [0m<inf> orsat_solar2: 101500.000000 5432.500000 551.39873[0m
[00:00:01.968,000] [0m<inf> oresat_soar2: 102380.000000 5430.000000 555.923401[0m
[00:00:01.981,000] [0m<inf> oresat_solar2: 103200.000000 5428.750000 560.247009[0m
[00:0:01.994,000] [0m<inf> oresat_solar2: 103960.000000 5431.250000 564.632751[0m
[00:00:02.007,000] [0m<inf>oresat_solar2: 104800.000000 5428.750000 568.92983[0m
[00:00:02.020,000] [0m<inf> oresatsolar2: 105560.000000 5428.750000 573.058838[m
[00:00:02.033,000] [0m<inf> oresat_solar2 106300.000000 5428.750000 577.076111[0m
[00:00:02.041,000] [0m<dbg> oresat_blink: handle_blink: The lightis blinking![0m
[00:00:02.052,000] [0m<inf> oresatsolar2: 107100.000000 5427.500000 581.285278[0m
[00:00:02.065,000] [0m<inf> oresat_solar2: 107880.000000 5427.500000 585.518677[0m
[0:00:02.078,000] [0m<inf> oresat_solar2: 108580.000000 5425.00000 589.046509[0m
[00:00:02091,000] [0m<inf> oresat_solar2: 109460.000000 5425.000000 59.820496[0m
[00:00:02.104,000] [0m<inf> oreat_solar2: 110200.000000 5425.000000 597.83502[0m
[00:00:02.117,000] [0m<inf> oresat_solar2: 111000.000000 5425.000000 602.174988[0m
[00:00:02.130,000] [0m<inf> oresat_solar2: 11020.000000 5425.000000 607.708496[0m
[00:00:02.143,000] [0m<inf> oresat_solar2: 112780.00000 5425.000000 611.831482[0m
[00:00:02.156000] [0m<inf> oresat_solar2: 113580.000000 545.000000 616.171509[0m
[00:00:02.169,000] 0m<inf> oresat_solar2: 114380.000000 5422.500000 620.225525[0m
[00:00:02.182,000] [0m<inf oresat_solar2: 115160.000000 5423.750000 624.599060[0m
[00:00:02.195,000] [0m<inf> oresat_solar2: 115920.000000 5422.500000 628.576172[0m
[00:00:02.208,000] [0m<inf> oresat_solar2: 116660.0000005421.250000 632.443054[0m
[00:00:02.221,000] [0m<inf> oresat_solar2: 117520.000000 5422.50000 637.252197[0m
[00:00:02.234,000] [0m<inf> oresat_solar2: 118380.000000 5420.000000 61.619629[0m
[00:00:02.247,000] [0m<inf> orsat_solar2: 119160.000000 5421.250000 645.996155[0m
[00:00:02.260,000] [0m<inf> oresat_soar2: 119960.000000 5420.000000 650.183228[0m
[00:00:02.273,000] [0m<inf> oresat_solar2: 120620.000000 5418.750000 653.609619[0m
[00:0:02.286,000] [0m<inf> oresat_solar2: 121460.000000 5418.75000 658.161377[0m
[00:00:02.29,000] [0m<inf> oresat_solar2: 122500.000000 5417.500000 663.63738[0m
[00:00:02.312,000] [0m<inf> oresatsolar2: 123300.000000 5417.500000 667.977722[m
[00:00:02.325,000] [0m<inf> oresat_solar2 124000.000000 5417.500000 671.770020[0m
[0:00:02.338,000] [0m<inf> oresat_solar2: 12476.000000 5416.250000 675.731323[0m
[00:00:02351,000] [0m<inf> oresat_solar2: 125660.00000 5416.250000 680.605957[0m
[00:00:02.364,00] [0m<inf> oresat_solar2: 126400.000000 5415.000000 684.455994[0m
[00:00:02.377,000] [0m<inf> oresat_solar2: 127180.000000 5413.750000 688.520752[0m
[00:00:02.390,000] [0m<inf> oresat_solar2: 127980.000000 5413.750000 692.851746[0m
[00:00:02.403,000] [0m<inf> oresat_solar2: 128780.00000 5413.750000 697.182739[0m
[00:00:02.416,000] [0m<inf> oresat_solar2: 129560.000000 542.500000 701.243530[0m
[00:00:02.429,000] 0m<inf> oresat_solar2: 130360.000000 5412.50000 705.573486[0m
[00:00:02.442,000] [0m<inf oresat_solar2: 131160.000000 5412.500000 709.03503[0m
[00:00:02.455,000] [0m<inf> oresa_solar2: 131980.000000 5411.250000 714.176758[0m
[00:00:02.468,000] [0m<inf> oresat_solar2: 132980.000000 5412.500000 719.754272[0m
[0:00:02.481,000] [0m<inf> oresat_solar2: 133700.000000 5410.000000 723.317017[0m
[00:00:02.494,000] [0m<inf> oresat_solar2: 134500.000000 5411.250000 77.813110[0m
[00:00:02.507,000] [0m<inf> oresat_solar2: 135300.000000 5408.750000 731.80384[0m
[00:00:02.520,000] [0m<inf> oresat_soar2: 136120.000000 5410.000000 736.409180[0m
[00:00:02.533,000] [0m<inf> oresat_solar2: 16820.000000 5407.500000 739.854126[0m
[00:0:02.546,000] [0m<inf> oresat_solar2: 137680.00000 5408.750000 744.676697[0m
[00:00:02.55,000] [0m<inf> oresat_solar2: 138480.000000 5408.750000 749.003723[0m
[00:00:02.572,000] [0m<inf> oresat_solar2: 139300.000000 5407.500000 753.264771[m
[00:00:02.585,000] [0m<inf> oresat_solar2: 140060.000000 5406.250000 757.199402[0m
[00:00:02.598,000] [0m<inf> oresat_solar2: 14082.000000 5406.250000 761.308105[0m
[00:00:02611,000] [0m<inf> oresat_solar2: 141660.00000 5407.500000 766.026428[0m
[00:00:02.624,00] [0m<inf> oresat_solar2: 142380.000000 5406.250000 769.741882[0m
[00:00:02.637,000] [0minf> oresat_solar2: 143280.000000 5405.000000 774.428406[0m
[00:00:02.650,000] [0m<inf> oesat_solar2: 144220.000000 5403.750000 779.328796[0m
[00:00:02.663,000] [0m<inf> oresat_solar2: 145000.000000 5405.000000 783.724976[0m
[00:00:02.676,000] [0m<inf> oresat_solar2: 145820.000000 543.750000 787.974854[0m
[00:00:02.689,000] 0m<inf> oresat_solar2: 146560.000000 5402.50000 791.790405[0m
[00:00:02.702,000] [0m<inf oresat_solar2: 147320.000000 5402.500000 795.896301[0m
[00:00:02.715,000] [0m<inf> oresa_solar2: 148160.000000 5402.500000 800.434387[0m
[00:00:02.728,000] [0m<inf> oresat_solar2: 148920.000000 5401.250000 804.354126[0m
[0:00:02.741,000] [0m<inf> oresat_solar2: 149700.000000 5400.000000 808.380005[0m
[00:00:0.754,000] [0m<inf> oresat_solar2: 150480.000000 5401.250000 82.780090[0m
[00:00:02.767,000] [0m<inf> orsat_solar2: 151320.000000 5401.250000 817.31719[0m
[00:00:02.780,000] [0m<inf> oresat_soar2: 152100.000000 5397.500000 820.959778[0m[00:00:02.793,000] [0m<inf> oresat_solar2: 12900.000000 5398.750000 825.468872[0m
[00:0:02.806,000] [0m<inf> oresat_solar2: 153620.00000 5398.750000 829.355957[0m
[00:00:02.81,000] [0m<inf> oresat_solar2: 154660.000000 5398.750000 834.970703[0m
[00:00:02.832,000] [0m<inf> oresat_solar2: 155420.000000 5397.500000 838.879456[m
[00:00:02.845,000] [0m<inf> oresat_solar2: 156300.000000 5397.500000 843.629272[0m
[00:00:02.858,000] [0m<inf> oresat_solar2: 15710.000000 5397.500000 847.947266[0m
[00:00:02.871,000] [0m<inf> oresat_solar2: 157820.00000 5397.500000 851.833435[0m
[00:00:02.884,00] [0m<inf> oresat_solar2: 158560.000000 5396.250000 855.629395[0m
[00:00:02.897,000] [0minf> oresat_solar2: 159460.000000 5397.500000 860.685364[0m
[00:00:02.910,000] [0m<inf> oresat_solar2: 160180.000000 5395.000000 864.171082[0m
[00:00:02.923,000] [0m<inf> oresat_solar2: 161000.000000 5395.000000 868.594971[0m
[00:00:02.936,000] [0m<inf> oresat_solar2: 161780.000000 533.750000 872.600891[0m
[00:00:02.949,000] 0m<inf> oresat_solar2: 162600.000000 5392.50000 876.820496[0m
[00:00:02.962,000] [0m<inf oresat_solar2: 163360.000000 5392.500000 880.18823[0m
[00:00:02.975,000] [0m<inf> oresa_solar2: 164160.000000 5391.250000 885.027588[0m
[00:00:02.988,000] [0m<inf> oresat_solar: 165120.000000 5392.500000 890.409607[0m
[0:00:03.001,000] [0m<inf> oresat_solar2: 165960.000000 5391.250000 894.731873[0m
[00:00:0.014,000] [0m<inf> oresat_solar2: 166780.000000 5388.750000 898.735718[0m
[00:00:03.027,000] [0m<inf> oresat_solar2: 167500.000000 5388.750000 902.61561[0m
[00:00:03.040,000] [0m<inf> oresat_soar2: 168300.000000 5390.000000 907.137024[0m
[0000:03.048,000] [0m<dbg> oresat_blink: handle_blink: The light is blinking![0m
[00:00:03.059,000] [0m<inf> oresat_solar2: 169060.00000 5391.250000 911.444702[0m
[00:00:03.072,000] [0m<inf> oresat_solar2: 169880.000000 390.000000 915.653198[0m
[00:00:03.085,000][0m<inf> oresat_solar2: 170680.000000 5387.50000 919.538513[0m
[00:00:03.098,000] [0m<if> oresat_solar2: 171360.000000 5387.500000 92.202026[0m
[00:00:03.111,000] [0m<inf> oreat_solar2: 172180.000000 5387.500000 927.619751[0m
[00:00:03.124,000] [0m<inf> oresat_solr2: 173000.000000 5388.750000 932.253723[0m
[00:00:03.137,000] [0m<inf> oresat_solar2: 173680.000000 5388750000 935.918091[0m
[00:0003.150,000] [0m<inf> oresat_solar2: 174560.000000 5387.500000 940.442017[0m
[00:00:03.163,000] [0m<inf> oresat_solar2: 175360.000000 5387.500000 944.75014[0m
[00:00:03.176,000] [0m<inf> oresat_olar2: 176420.000000 5386.250000 950.242249[0m
[00:00:03.189,000] [0m<inf> oresat_solar2:177180.000000 5385.000000 954.114319[0m
[0000:03.202,000] [0m<inf> oresat_solar2: 177960.000000 5383.750000 958.092163[0m
[00:00:03.15,000] [0m<inf> oresat_solar2: 178700.000000 5383.750000 962.076111[0m
[00:00:03.228,000] [0m<inf> oresat_solar2: 179460.000000 5383.750000 966.167786[0m
[00:00:03.241,000] [0m<inf> oresat_solar2: 180260.000000 5382.500000 970.249451[0m
[00:00:03.254,000] [0m<inf> oresat_solar2: 18160.000000 5380.000000 974.102783[0m
[00:00:03.267,000] [0m<inf> oresat_solar2: 181820.00000 5381.250000 978.418884[0m
[00:00:03.280,00] [0m<inf> oresat_solar2: 182600.000000 538.250000 982.616272[0m
[00:00:03.293,000] [m<inf> oresat_solar2: 183460.000000 5381.250000 987.244141[0m
[00:00:03.306,000] [0m<inf>oresat_solar2: 184160.000000 5378.750000 990.550598[0m
[00:00:03.319,000] [0m<inf> oresat_solar2: 184920.00000 5381.250000 995.100769[0m
[00:00:03.332,000] [0m<inf> oresat_solar2: 185760.000000 380.000000 999.388794[0m
[00:00:03.345,000][0m<inf> oresat_solar2: 186800.000000 5378.75000 1004.750488[0m
[00:00:03.358,000] [0m<inf> oresat_solar2: 187600.000000 5377.500000 108.818970[0m
[00:00:03.371,00] [0m<inf> oresat_solar2: 188360.000000 5376.250000 1012.670471[0m
[00:00:03.384,000] 0m<inf> oresat_solar2: 189160.000000 5375.00000 1016.734985[0m
[00:00:03.397,000] [0m<inf> oresat_solar2: 189900.000000 5377.500000 102.187256[0m
[00:00:03.410,00] [0m<inf> oresat_solar2: 190720.000000 5376.250000 1025.35838[0m
[00:00:03.423,000] [0<inf> oresat_solar2: 191520.000000 5377.5000001029.898804[0m
[00:00:03.437,000] [0m<inf> oresat_solar2: 192280.000000 5376.250000 1033.45361[0m
[00:00:03.450,000] [0m<inf> oresa_solar2: 193080.000000 5375.000000 1037.805054[0m
[00:00:03.463,000] [0m<nf> oresat_solar2: 193860.000000 5375.000000 1041.997559[0m
[00:00:03.476,000] [0m<inf> oesat_solar2: 194600.000000 5375.000000 1045.974976[0m
[00:00:03.489,000] 0m<inf> oresat_solar2: 195420.000000 5372.500000 1049.893921[m
[00:00:03.502,000] [0m<in> oresat_solar2: 196160.000000 5372.500000 1053.869629[0m
[00:00:03.515,000] [0m<inf> oreat_solar2: 197260.000000 5373.750000 1060.02589[0m
[00:00:03.528,000] [0m<inf> oresat_solar2: 198060.000000 5372.500000 1064.077393[0m
[00:00:03.541,000] [0m<inf>oresat_solar2: 198780.000000 5371.250000 1067.697021[0m
[00:00:03.554,000] [0m<inf> oresa_solar2: 199600.000000 5371.250000 1072.101440[0m
[00:00:03.568,000] [0m<inf> oresat_solar2: 200400.000000 5370.000000 1076.147949[0m
[00:00:03.581,000] [0m<inf> oesat_solar2: 201120.000000 5368.750000 1079.762939[0m
[00:00:03.594,000] [0m<inf> oresat_olar2: 201920.000000 5370.000000 1084.310425[0m
[00:00:03.607,000] [0m<inf> oresat_solar2 202660.000000 5368.750000 1088.030884[0m
[00:00:03.620,000] [0m<inf> oresat_solar2: 203500.000000 5367.500000 1092.286255[0m
[00:00:03.633,000] [0m<inf> oresat_solar2: 204300.000000 5367.500000 1096.580200[0m
[00:00:03.646,000] [0m<inf> oresat_solar2: 05000.000000 5368.750000 1100.593750[0m
[00:00:03.659,000] [0m<inf> oresat_solar2: 205820000000 5366.250000 1104.481567[0m
[00:00:03.672,000] [0m<inf> oresat_solar2: 206580.000000 5367.500000 1108.818115[0m
[00:00:03.685,000] [0m<inf> oresat_solar2: 20400.000000 5366.250000 1112.960205[0m
[00:00:03.699,000] [0m<inf> oresat_solar2: 208420.00000 5366.250000 1118.433838[0m
[00:00:03.712,000] [0m<inf> oresat_solar2: 209200.000000 367.500000 1122.880981[0m
[0:00:03.725,000] [0m<inf> oresat_solar2: 210020.000000 5366.250000 1127.019775[0m
[00:00:3.738,000] [0m<inf> oresat_solar2: 210760.00000 5365.000000 1130.727417[0m
[00:00:03.751,000] [0m<inf> oresat_solar2: 211520.000000 533.750000 1134.540405[0m
[0000:03.764,000] [0m<inf> oresat_solar2: 212320.000000 5362.500000 1138.566040[0m
[00:00:03.777,000] [0m<inf> oresat_solar2: 213100.00000 5361.250000 1142.482422[0m
[00:00:03.790,000] [0m<inf> oresat_solar2: 213900.000000 5362500000 1147.038696[0m
[00:0:03.803,000] [0m<inf> oresat_solar2: 214660.000000 5360.000000 1150.577637[0m
[00:00:03.86,000] [0m<inf> oresat_solar2: 215420.000000 360.000000 1154.651245[0m
[0:00:03.830,000] [0m<inf> oresat_solar2: 216220.000000 5360.00000 1158.939209[0m
[00:00:3.843,000] [0m<inf> oresat_solar2: 217020.000000 5358.750000 162.955933[0m
[00:00:03.856000] [0m<inf> oresat_solar2: 217860.000000 538.750000 1167.457275[0m
[00:00:03.869,000] [0m<inf> oresat_solar2: 218780.000000 5358.75000 1172.387329[0m
[00:00:03882,000] [0m<inf> oresat_solar2: 219620.000000 5360.000000 117.163208[0m
[00:00:03.895,00] [0m<inf> oresat_solar2: 220360.000000 5357500000 1180.578735[0m
[00:00:03.908,000] [0m<inf> oresat_solar2: 221120.000000 5356.25000 1184.374023[0m
[00:00:03.91,000] [0m<inf> oresat_solar2: 221960.000000 5356.250000 1188873291[0m
[00:00:03.934,000 [0m<inf> oresat_solar2: 222720.000000 5356.250000 1192.943970[0m
[00:00:03.947,000] [0m<inf> oresat_solar2: 223560.000000 5356.250000 197.443237[0m
[00:00:03.961000] [0m<inf> oresat_solar2: 224300.000000 5355.000000 1201.16465[0m
[00:00:03.974,000] [0m<inf> oresat_solar2: 225120.000000 5353.750000 1205.236206[0m
[00:00:03.987,000] [0m<if> oresat_solar2: 225820.000000 5355.000000 129.266113[0m
[00:00:04.000,000] [0m<inf> oresat_solar2: 226600.000000 5352.500000 1212.87665[0m
[00:00:04.013,000] [m<inf> oresat_solar2: 227420.000000 5355.000000 1217.834106[0
[00:00:04.026,000] [0m<inf oresat_solar2: 228180.000000 5352.500000 1221333496[0m
[00:00:04.039,000] [0m<inf> orest_solar2: 229300.000000 5351.250000 1227.04162[0m
[00:00:04.052,000] [0m<inf> oresat_solar2: 230060.000000 5352.500000 1231.396118[0m[00:00:04.060,000] [0m<dbg> oresat_blink: handle_blink: The light is blinking![0m
[00:00:04.071,00] [0m<inf> oresat_solar2: 230860.000000 5348.750000 1234.812378[0m
[00:00:04.084,000] [m<inf> oresat_solar2: 231580.000000 5348.75000 1238.663574[0m
[00:00:04.097,000] [0m<inf> oresat_solar2: 232400.000000 5350.000000 1243339966[0m
[00:00:04.110,000] [0m<inf> oresat_solar2: 233260.000000 5348.750000 1247.64941[0m
[00:00:04.123,000] [0minf> oresat_solar2: 234000.000000 5347.500000 1251.314941[0m[00:00:04.136,000] [0m<inf> resat_solar2: 234700.000000 5346.250000 1254.764893[0m
[00:00:04.149,000] [0m<inf> oresatsolar2: 235560.000000 5347.500000 1259.6571040m
[00:00:04.162,000] [0m<inf> oresat_solar2: 236280.000000 5347.500000 1263.507324[0m
[00:00:04.175,000] [0m<inf> orsat_solar2: 237100.000000 5345.000000 1267.299561[0m
[00:00:04.189,000] [0m<inf> oresat_slar2: 237800.000000 5346.250000 1271.338257[0m
[00:00:04.202,000] [0m<inf> oresat_solar2: 238580.000000 5345.000000 1275.210083[0m
[00:00:04.215,000] [0m<inf> orest_solar2: 239380.000000 5342.500000 1278.887695[0m
[00:00:04.228,000] [0m<inf> oresat_solr2: 240460.000000 5345.000000 1285.258667[0m
[00:00:04.241,000] [0m<inf> oresat_solar2: 21260.000000 5343.750000 1289.233154[0m
[00:00:04.254,000] [0m<inf> oresat_solar2: 242000.000000 5342.500000 1292.885010[0m
[00:00:04.267,000] [0m<inf> oresat_solar: 242800.000000 5342.500000 1297.159058[0m
[00:00:04.280,000] [0m<inf> oresat_solar2: 24300.000000 5340.000000 1300.290039[0m
[00:00:04.293,000] [0m<inf> oresat_solar2: 244320.00000 5340.000000 1304.668823[0m
[00:00:04.306,000] [0m<inf> oresat_solar2: 245100.000000 5340.000000 1308.833984[0m
[0:00:04.320,000] [0m<inf> oresat_solar2: 24588.000000 5341.250000 1313.306519[0m
[00:00:04.333,000] [0m<inf> oresat_solar2: 246680.00000 5338.750000 1316.962891[0m
[00:00:04.346,000] [0m<inf> oresat_solar2: 247480.000000 5338.750000 1321.233887[0m
[00:0:04.359,000] [0m<inf> oresat_solar2: 248260.00000 5336.250000 1324.777466[0m
[00:00:04.372,000] [0m<inf> oresat_solar2: 248980.0000005336.250000 1328.619507[0m
[00:00:04.385,000] [0m<inf> oresat_solar2: 249800.000000 5336.250000 1332.995239[0m
[00:0004.398,000] [0m<inf> oresat_solar2: 250820.00000 5336.250000 1338.438232[0m
[00:00:04.41,000] [0m<inf> oresat_solar2: 251620.000000 536.250000 1342.707275[0m
[0:00:04.424,000] [0m<inf> oresat_solar2: 252460.000000 5333.75000 1346.558472[0m
[00:00:0.437,000] [0m<inf> oresat_solar2: 253200.000000 5335.000000 1350.822021[0m
[00:00:04.451,00] [0m<inf> oresat_solar2: 254000.000000 533.000000 1355.089966[0m
[00:0:04.464,000] [0m<inf> oresat_solar2: 254780.000000 5332.50000 1358.614380[0m
[00:00:04.77,000] [0m<inf> oresat_solar2: 255520.000000 5332.500000 136.560425[0m
[00:00:04.490,00] [0m<inf> oresat_solar2: 256300.000000 5332.500000 1366.719727[0m
[00:00:04.503,000] [0m<inf> oresat_solar2: 257100.000000 5333.7500001371.307129[0m
[00:00:04.51,000] [0m<inf> oresat_solar2: 257880.000000 5331.250000 1374.22754[0m
[00:00:04.529,000][0m<inf> oresat_solar2: 258660.000000 5331.250000 1378.981079[0m
[00:00:04.542,000] [0m<nf> oresat_solar2: 259400.000000 5328.750000 182.277710[0m
[00:00:04.555,000] [0m<inf> oresat_solar2: 260260.000000 5330.000000 1387.18791[0m
[00:00:04.568,000] 0m<inf> oresat_solar2: 261300.000000 5328.750000 1392.402344[0m
[00:00:04.582,000] [0m<in> oresat_solar2: 262060.000000 5327.500000 1396.124634[0m
[00:00:04.595,000] [0m<inf> oreat_solar2: 262800.000000 5327.500000 1400.06707[0m
[00:00:04.608,000] [0m<inf> oresat_soar2: 263580.000000 5325.000000 1403.563477[0m
[00:00:04.621,000] [0m<inf>oresat_solar2: 264380.000000 5326.250000 1408.153931[0m
[00:00:04.634,000] [0m<inf> oresa_solar2: 265120.000000 5325.000000 1411.764038[0m
[00:00:04.647,000] [0m<inf> oresat_sola2: 265920.000000 5323.750000 1415.691650[0m
[00:00:04.660,000] [0m<inf> oresat_solar2: 266680.000000 5323.750000 1419.737671[0m
[00:00:04.673,000] [0m<inf> oresat_olar2: 267400.000000 5325.000000 1423.905029[0m
[00:00:04.686,000] [0m<inf> oresat_solar2 268220.000000 5323.750000 1427.936279[0m
[00:00:04.699,000] [0m<inf> oresat_solar2: 268980.000000 5322.500000 1431.645996[0m
[00:00:04.713,000] [0m<inf> oresat_solar2: 269800.000000 5322.500000 1436.010498[0m
[00:00:04.726,000] [0m<inf> oresat_solar2: 70620.000000 5320.000000 1439.698364[0m
[00:00:04.739,000] [0m<inf> oresat_solar2: 271320000000 5322.500000 1444.100708[0m
[00:00:04.752,000] [0m<inf> oresat_solar2: 272400.000000 5322.500000 1449.848999[0m
[00:00:04.765,000] [0m<inf> oresat_solar2: 27120.000000 5321.250000 1453.339844[0m
[00:00:04.778,000] [0m<inf> oresat_solar2: 273960.00000 5317.500000 1456.782349[0m
[00:00:04.791,000] [0m<inf> oresat_solar2: 274720.000000 318.750000 1461.166992[0m
[0:00:04.804,000] [0m<inf> oresat_solar2: 275460.000000 5317.500000 1464.758545[0m
[00:00:4.817,000] [0m<inf> oresat_solar2: 276220.00000 5318.750000 1469.145142[0m
[00:00:04.830,000] [0m<inf> oresat_solar2: 277020.000000 538.750000 1473.400146[0m
[0000:04.844,000] [0m<inf> oresat_solar2: 277880.000000 5316.250000 1477.279541[0m
[00:00:04857,000] [0m<inf> oresat_solar2: 278700.00000 5313.750000 1480.942139[0m
[00:00:04.870,000] [0m<inf> oresat_solar2: 279420.000000 5313750000 1484.768066[0m
[00:0:04.883,000] [0m<inf> oresat_solar2: 280220.000000 5315.000000 1489.369263[0m
[00:00:04.86,000] [0m<inf> oresat_solar2: 280980.000000 315.000000 1493.408691[0m
[00:00:04.909,000 [0m<inf> oresat_solar2: 281760.000000 5313.70000 1497.202148[0m
[00:00:4.922,000] [0m<inf> oresat_solar2: 282800.000000 5313.750000 502.728516[0m
[00:00:04.935000] [0m<inf> oresat_solar2: 283600.000000 5312.500000 1506.65000[0m
[00:00:04.948,000] [0m<inf> oresat_solar2: 284300.000000 5312.500000 1510.343750[0m
[00:00:04.961,000] [0m<inf> oresat_solar2: 285160.000000 5308.750000 153.843140[0m
[00:00:04.975,00] [0m<inf> oresat_solar2: 285900.000000 5310.000000 1518.12928[0m
[00:00:04.988,000] [m<inf> oresat_solar2: 286720.000000 5308.750000 1522.124756[0m
[00:00:05.001,000] [0m<inf> oresat_solar2: 287560.000000 5307.500000 1526224731[0m
[00:00:05.014,000] [0m<inf> oresat_solar2: 288280.000000 5307.500000 1530.04614[0m
[00:00:05.027,000] [0m<inf> oresat_solar2: 289060.000000 5308.750000 1534.547241[0m[00:00:05.040,000] [0m<inf> resat_solar2: 289820.000000 5306.250000 1537.857422[0m
[00:00:05.053,000] [0m<inf> oresatsolar2: 290660.000000 5306.250000 1542.314575[0m
[00:00:05.066,000] [0m<inf> oresat_solar2: 291420.000000 5306.250000 1546.347412[0m
[0:00:05.074,000] [0m<dbg> oresat_blink: handle_blink: The light is blinking![0m
[00:00:05.085,000] [0m<inf> oresat_solar2: 292180.000000 5305.000000 1550.01489[0m
[00:00:05.098,000] [0minf> oresat_solar2: 293180.000000 5305.000000 1555.319946[0m[00:00:05.111,000] [0m<inf> resat_solar2: 294020.000000 5303.750000 1559.408569[0m
[00:00:05.124,000] [0m<inf> oresatsolar2: 294720.000000 5305.000000 1563.4896240m
[00:00:05.137,000] [0m<inf> oresat_solar2: 295580.000000 5305.000000 1568.051880[0m
[00:00:05.150,000] [0m<inf> orsat_solar2: 296320.000000 5302.500000 1571.236816[0m
[00:00:05.163,000] [0m<inf> oresat_slar2: 297120.000000 5301.250000 1575.107422[0m
[00:00:05.176,000] [0m<inf> oresat_solar2:297960.000000 5301.250000 1579.560425[0m
[00:00:05.189,000] [0m<inf> oresat_solar2: 298560.000000 5300.000000 1582.368042[0m
[00:00:05.203,000] [0m<inf> oresat_solr2: 299400.000000 5301.250000 1587.194214[0m
[00:00:05.216,000] [0m<inf> oresat_solar2: 30180.000000 5300.000000 1590.953979[0m
[00:00:05.229,000] [0m<inf> oresat_solar2: 300900.000000 5300.000000 1594.770020[0m
[00:00:05.242,000] [0m<inf> oresat_solar2: 301700.000000 5298.750000 1598.632935[0m
[00:00:05.255,000] [0m<inf> oresat_solar2: 30260.000000 5298.750000 1603.189819[0m
[00:00:05.268,000] [0m<inf> oresat_solar2: 303300.00000 5298.750000 1607.110840[0m
[00:00:05.281,000] [0m<inf> oresat_solar2: 304280.000000 5296.250000 1611.542969[0m
[0:00:05.294,000] [0m<inf> oresat_solar2: 30492.000000 5295.000000 1614.551392[0m
[00:00:05.307,000] [0m<inf> oresat_solar2: 305820.00000 5295.000000 1619.316895[0m
[00:00:05.320,000] [0m<inf> oresat_solar2: 306700.000000 529.250000 1624.359863[0m
[00:0:05.334,000] [0m<inf> oresat_solar2: 307400.000000 5295.000000 1627.682983[0m
[00:00:05.47,000] [0m<inf> oresat_solar2: 308080.0000005292.500000 1630.513428[0m
00:00:05.360,000] [0m<inf> oresat_solar2: 309060.000000 5293.50000 1636.086426[0m
[00:0005.373,000] [0m<inf> oresat_solar2: 309800.000000 5292.5000001639.616455[0m
[00:00:05.38,000] [0m<inf> oresat_solar2: 310480.000000 5291.250000 1642.827271[0m
[00:00:05.399,000][0m<inf> oresat_solar2: 311360.000000 5291.25000 1647.483643[0m
[00:00:0.412,000] [0m<inf> oresat_solar2: 312180.000000 5290.000000 151.432251[0m
[00:00:05.425,00] [0m<inf> oresat_solar2: 312800.000000 5291.250000 1655.10027[0m
[00:00:05.438,000] 0m<inf> oresat_solar2: 313680.000000 5288.750000 1658.975098[0m
[00:00:05.451,000] [0m<inf> oresat_solar2: 314680.000000 5287.500000 166.870483[0m
[00:00:05.465,000] [0m<inf> oresat_solar2: 315580.000000 5286.250000 1668.23471[0m
[00:00:05.478,000] [0<inf> oresat_solar2: 316260.000000 5286.250000 1671.829468[0m
[00:00:05.491,000] [0m<inf>oresat_solar2: 317180.000000 5287.500000 1677.89233[0m
[00:00:05.504,000] [0m<inf> oresat_solar2: 317820.000000 5285.000000 1679.678711[0m
[00:00:05.517,000] [0m<inf> oresat_solar2: 318560.000000 5286.250000 1683.987793[0m
[00:00:05.530,000] [0m<inf> oresat_solar2: 319360.000000 5283.750000 1687.418457[0m
[00:00:05.543,000] [0m<inf> oresat_olar2: 320120.000000 5282.500000 1691.033936[0m
[00:00:05.556,000] [0m<inf> oresat_solar2 320820.000000 5281.250000 1694.330566[0m
[00:00:05.569,000] [0m<inf> oresat_solar2: 321760.000000 5282.500000 1699.697144[0m
[00:00:05.582,000] [0m<inf> oresat_soar2: 322460.000000 5283.750000 1703.797974[0m
[00:00:05.596,000] [0m<inf> oresat_solar2: 23220.000000 5280.000000 1706.601562[0m
[00:00:05.609,000] [0m<inf> oresat_solar2: 323920000000 5278.750000 1709.892700[0m
[00:00:05.622,000] [0m<inf> oresat_solar2: 325020.000000 5280.000000 1716.105591[0m
[00:00:05.635,000] [0m<inf> oresat_solar2: 32000.000000 5280.000000 1721.280029[0m
[00:00:05.648,000] [0m<inf> oresat_solar2: 326620.00000 5277.500000 1723.737061[0m
[00:00:05.661,000] [0m<inf> oresat_solar2: 327260.000000 277.500000 1727.114624[0m
[0:00:05.674,000] [0m<inf> oresat_solar2: 32810.000000 5276.250000 1731.137573[0m
[00:00:5.687,000] [0m<inf> oresat_solar2: 328920.00000 5277.500000 1735.875244[0m
[00:00:05.700,000] [0m<inf> oresat_solar2: 329660.000000 526.250000 1739.368530[0m
[0000:05.713,000] [0m<inf> oresat_solar2: 330480.000000 5275.000000 1743.281982[0m
[00:00:05727,000] [0m<inf> oresat_solar2: 331280.00000 5273.750000 1747.087891[0m
[00:00:05.740,000] [0m<inf> oresat_solar2: 332020.000000 5273750000 1750.990479[0m
[00:0:05.753,000] [0m<inf> oresat_solar2: 332760.000000 5272.50000 1754.477051[0m
[00:00:05.76,000] [0m<inf> oresat_solar2: 333520.000000 271.250000 1758.067261[0m
[00:00:05.779,000] [0m<inf> oresat_solar2: 334300.000000 5271.20000 1762.178833[0m
[00:00:5.792,000] [0m<inf> oresat_solar2: 335120.000000 5271.250000 766.501343[0m
[00:00:05.805000] [0m<inf> oresat_solar2: 336160.000000 5268.750000 1771.142944[0m
[00:00:05.818,000] [0m<inf> oresat_solar2: 337000.000000 5270.00000 1775.989990[0m
[00:00:05.831,000] [0m<inf> oresat_solar2: 337720.000000 5268.750000 179.362305[0m
[00:00:05.844,00] [0m<inf> oresat_solar2: 338580.000000 5268.750000 1783.893433[0m
[00:00:05.858,000] [m<inf> oresat_solar2: 339280.000000 5267.500000 1787.157349[0m
[00:00:05.871,000] [0m<inf oresat_solar2: 340060.000000 5267.500000 1791265991[0m
[00:00:05.884,000 [0m<inf> oresat_solar2: 340860.000000 5267.500000 1795.48010[0m
[00:00:05.897,000] [0minf> oresat_solar2: 341580.000000 5265.000000 1798.418701[0m
[00:00:05.910,000] [0m<inf> resat_solar2: 342380.000000 5263.750000 1802.22759[0m
[00:00:05.923,000] [0m<inf> oresat_solar2: 343200.000000 5262.500000 1806.0899660m
[00:00:05.936,000] [0m<if> oresat_solar2: 343900.000000 5265.000000 1810.633545[0m
[00:00:05.949,000] [0m<inf> orsat_solar2: 344680.000000 5260.000000 1813.016846[0m
[00:00:05.962,000] [0m<inf> oresat_slar2: 345520.000000 5260.000000 1817.435181[0
[00:00:05.975,000] [0m<inf> oresat_solar2:346500.000000 5260.000000 1822.589966[0m
[00:00:05.989,000] [0m<inf> oresat_solar2: 347260.000000 5260.000000 1826.587646[0m
[00:00:06.002,000] [0m<inf> oresat_solr2: 348100.000000 5258.750000 1830.570923[0m
[00:00:06.015,000] [0m<inf> oresat_solar2: 38880.000000 5260.000000 1835.108765[0m
[00:00:06.028,000] [0m<inf> oresat_solar2: 349580.00000 5258.750000 1838.353882[0m
[00:00:06.041,000] [0m<inf> oresat_solar2: 350360.000000 5257.500000 1842.017700[0m
[00:00:06.054,000] [0m<inf> oresat_solar2: 35160.000000 5257.500000 1846.223755[0m
[00:00:06.067,000] [0m<inf> oresat_solar2: 351860.00000 5256.250000 1849.464111[0m
[00:00:06.080,000] [0m<inf> oresat_solar2: 352620.000000 556.250000 1853.458862[0m
[00:00:06.088,000] [0m<dbg> oresat_blink: handle_blink: The light is blinking![0
[00:00:06.099,000] [0m<inf> oresat_solar2: 353480.00000 5256.250000 1857.979248[0m
[00:00:06.112,000] [0m<inf> oresat_solar2: 354200.000000 5253.750000 1860.878296[0m
[0:00:06.125,000] [0m<inf> oresat_solar2: 35510.000000 5252.500000 1865.267822[0m
[00:00:6.138,000] [0m<inf> oresat_solar2: 355780.00000 5250.000000 1867.844971[0m
[00:00:06.151,000] [0m<inf> oresat_solar2: 356860.000000 5251.250000 1873.961060[0m
[0000:06.164,000] [0m<inf> oresat_solar2: 357580000000 5248.750000 1876.848022[0m
[00:00:06.177,000] [0m<inf> oresat_solar2: 358380.00000 5248.750000 1881.046997[0m
[00:00:06.190,000] [0m<inf> oresat_solar2: 359180.000000 5247500000 1884.796997[0m
[00:0:06.203,000] [0m<inf> oresat_solar2: 359900.000000 5247.500000 1888.575195[0m
[00:00:06.26,000] [0m<inf> oresat_solar2: 360620.000000 5246.250000 1891.902710[0m
[00:00:06.230,000 [0m<inf> oresat_solar2: 361460.000000 5247.50000 1896.761353[0m
[00:00:06.243,000] [0minf> oresat_solar2: 362400.000000 5246.250000 901.240967[0m
[00:00:06.256000] [0m<inf> oresat_solar2: 363000.000000 5245.000000 1903.95059[0m
[00:00:06.269,000] [0m<inf> oresat_solar2: 363760.000000 5243.750000 1907.466553[0m
[00:00:06.282,000] [0m<if> oresat_solar2: 364520.000000 5246.250000 192.363037[0m
[00:00:06.295,000] [0m<inf> oresat_solar2: 365300.000000 5242.500000 1915.08505[0m
[00:00:06.308,000] [m<inf> oresat_solar2: 366100.000000 5241.250000 1918.821655[0m
[00:00:06.321,000] [0m<inf oresat_solar2: 366900.000000 5241.250000 1923014648[0m
[00:00:06.334,000] [0m<inf> oresat_solar2: 367960.000000 5238.750000 1927.65039[0m
[00:00:06.347,000] [0m<inf> oresat_solar2: 368700.000000 5238.750000 1931.527100[0m[00:00:06.361,000] [0m<inf> resat_solar2: 369500.000000 5238.750000 1935.718140[0m
[00:00:06.374,000] [0m<inf> oresatsolar2: 370260.000000 5237.500000 1939.2366940m
[00:00:06.387,000] [0m<inf> oresat_solar2: 371080.000000 5237.500000 1943.531494[0m
[00:00:06.400,000] [0m<inf> oresat_solar2: 371880.000000 5237.500000 1947.721558[0m
[00:00:06.413,000] [0m<inf> oresat_slar2: 372520.000000 5236.250000 1950.607910[0m
[00:00:06.426,000] [0m<inf> oresat_solar2:373300.000000 5235.000000 1954.225464[0m
[00:00:06.439,000] [0m<inf> oresat_solar2: 37408.000000 5233.750000 1957.841187[0m
[00:00:06.452,000] [0m<inf> oresat_solr2: 374860.000000 5235.000000 1962.392090[0m
[00:00:06.465,000] [0m<inf> oresat_solar2: 35680.000000 5233.750000 1966.215210[0m
[00:00:06.478,000] [0m<inf> oresat_solar2: 376520.00000 5233.750000 1970.611572[0m
[00:00:06.492,000] [0m<inf> oresat_solar2: 377200.000000 5233.750000 1974.170532[0m
[00:00:06.505,000] [0m<inf> oresat_solar2: 37880.000000 5231.250000 1978.877197[0m
[00:00:06.518,000] [0m<inf> oresat_solar2: 379060.00000 5231.250000 1982.957642[0m
[00:00:06.531,000] [0m<inf> oresat_solar2: 379820.000000 528.750000 1985.983765[0m
[0:00:06.544,000] [0m<inf> oresat_solar2: 380660.000000 5228.750000 1990.375977[0m
[00:00:0.557,000] [0m<inf> oresat_solar2: 381400.00000 5230.000000 1994.722046[0m
[00:00:06.570,00] [0m<inf> oresat_solar2: 382180.000000 522.500000 1997.845947[0m
[00:0:06.583,000] [0m<inf> oresat_solar2: 382960.000000 5227.50000 2001.923340[0m
[00:00:06.96,000] [0m<inf> oresat_solar2: 383700.000000 5225.000000 200.832520[0m
[00:00:06.609,00] [0m<inf> oresat_solar2: 384500.000000 5223.50000 2008.531860[0m
[00:00:06.623,000] [0m<inf> oresat_solar2: 385280.000000 5223.7500002012.606445[0m
[00:00:06.63,000] [0m<inf> oresat_solar2: 386060.000000 5225.000000 2017.63452[0m
[00:00:06.649,000][0m<inf> oresat_solar2: 386800.000000 5222.500000 2020.062988[0m
[00:00:06.662,000] [0m<nf> oresat_solar2: 387620.000000 5221.250000 223.860962[0m
[00:00:06.675,000] [0m<inf> oesat_solar2: 388720.000000 5221.250000 2029.60248[0m
[00:00:06.688,000] [0m<inf> oresat_solar2: 389420.000000 5220.000000 2032.772461[m
[00:00:06.701,000] [0m<in> oresat_solar2: 390180.000000 5220.000000 2036.739624[0m
[00:00:06.714,000] [0m<inf> oreat_solar2: 390960.000000 5218.750000 2040.322510[0m
[00:00:06.727,000] [0m<inf> oresat_solar2: 391680.000000 5217.500000 2043.590454[0m
[00:00:06.740,000] [0m<inf> oresat_solar2: 392520.000000 5217.500000 2047.973145[0m
[00:00:06.754,000] [0m<inf> oresa_solar2: 393220.000000 5217.500000 2051.625244[0m
[00:00:06.767,000] [0m<inf> oresat_sola2: 394020.000000 5215.000000 2054.814209[0m
[00:00:06.780,000] [0m<inf> oresat_solar2: 394780.000000 5213.750000 2058.284180[0m
[00:00:06.793,000] [0m<inf> oresat_olar2: 395600.000000 5213.750000 2062.559570[0m
[00:00:06.806,000] [0m<inf> oresat_solar2 396380.000000 5212.500000 2066.130859[0m
[00:00:06.819,000] [0m<inf> oresat_solar2: 39710.000000 5211.250000 2069.699951[0m
[00:00:06.832,000] [0m<inf> oresat_solar2: 397920.000000 5211.250000 2073.660645[0m
[00:00:06.845,000] [0m<inf> oresat_solar2: 98760.000000 5210.000000 2077.539551[0m
[00:00:06.858,000] [0m<inf> oresat_solar2: 399700000000 5210.000000 2082.437012[0m
[00:00:06.871,000] [0m<inf> oresat_solar2: 400480.00000 5208.750000 2086.000244[0m
[00:00:06.885,000] [0m<inf> oresat_solar2: 401300.000000 5208.750000 2090.271484[0m
[00:0:06.898,000] [0m<inf> oresat_solar2: 402100.00000 5205.000000 2092.930420[0m
[00:00:06.911,000] [0m<inf> oresat_solar2: 402880.000000 205.000000 2096.990479[0m
[0:00:06.924,000] [0m<inf> oresat_solar2: 403660.000000 5203.70000 2100.545654[0m
[00:00:6.937,000] [0m<inf> oresat_solar2: 404380.000000 5203.750000 2104.292480[0m
[00:00:06.950000] [0m<inf> oresat_solar2: 405220.000000 523.750000 2108.663574[0m
[0000:06.963,000] [0m<inf> oresat_solar2: 405960.000000 5201.25000 2111.499512[0m
[00:00:06976,000] [0m<inf> oresat_solar2: 406760.000000 5198.750000 214.643555[0m
[00:00:06.989,00] [0m<inf> oresat_solar2: 407500.000000 5200000000 2119.000000[0m
[00:00:07.002,000] [0m<inf> oresat_solar2: 408280.000000 5198.75000 2122.545654[0m
[00:00:07.06,000] [0m<inf> oresat_solar2: 409060.000000 5198.750000 2126600586[0m
[00:00:07.029,000 [0m<inf> oresat_solar2: 410100.000000 5197.500000 2131.494629[0m
[00:00:07.042,000] [0minf> oresat_solar2: 410900.000000 5196.250000 135.139160[0m
[00:00:07.055,000] [0m<inf> oresat_solar2: 411700.000000 5197.500000 2139.80791[0m
[00:00:07.068,000] [0m<inf> oresat_solar2: 412400.000000 5195.000000 2142.4179690m
[00:00:07.081,000] [0m<if> oresat_solar2: 413260.000000 5193.750000 2146.369141[0m
[00:00:07.094,000] [0m<inf> orsat_solar2: 413980.000000 5193.750000 2150.108643[0m
[00:00:07.102,000] [0m<dbg> oresat_blink: handle_blin: The light is blinking![0m
[00:00:07.113,000] [0m<inf> oresat_solar2: 414760.000000 5193.750000 154.159668[0m
[00:00:07.126000] [0m<inf> oresat_solar2: 415580.000000 5192.500000 2157.89170[0m
[00:00:07.139,000] [0m<inf> oresat_solar2: 416360.000000 5192.500000 2161.949219[0m
[00:00:07.152,000] [0m<if> oresat_solar2: 417120.000000 5191.250000 2165.374268[0m
[00:00:07.165,000] [0m<inf> orsat_solar2: 417920.000000 5191.250000 2169.52700[0m
[00:00:07.178,000] [0m<inf> oresat_solar2: 418620.000000 5188.750000 2172.114502[0
[00:00:07.191,000] [0m<inf oresat_solar2: 419420.000000 5188.750000 2176.265625[0m
[00:00:07.204,000] [0m<inf> orest_solar2: 420460.000000 5185.000000 2180.085205[0m
[00:00:07.217,000] [0m<inf> oresat_solar2: 421300.000000 5185.000000 2184.440430[0m[00:00:07.230,000] [0m<inf> oresat_solar2: 422020.000000 5185.000000 2188.173584[0m
[00:00:07.244,000] [0m<inf> oresatsolar2: 422760.000000 5182.500000 2190.953613[0m
[00:00:07.257,000] [0m<inf> oresat_solar: 423600.000000 5182.500000 2195.306885[0m
[00:00:07.270,000] [0m<inf> oresat_solar2: 424380.000000 5180.000000 2198.288330[0m
[00:00:07.283,000] [0m<inf> oresat_slar2: 425160.000000 5180.000000 2202.328857[0m
[00:00:07.296,000] [0m<inf> oresat_solar2:425920.000000 5181.250000 2206.798096[0m
[00:00:07.309,000] [0m<inf> oresat_solar2: 42672.000000 5178.750000 2209.876221[0m
[00:00:07.322,000] [0m<inf> oresat_solar2: 427460.000000 5177.500000 2213.174072[0m
[00:00:07.335,000] [0m<inf> oresat_solar2: 48280.000000 5178.750000 2217.955078[0m
[00:00:07.348,000] [0m<inf> oresat_solar2: 429120.00000 5177.500000 2221.768799[0m
[00:00:07.361,000] [0m<inf> oresat_solar2: 429800.000000 5176.250000 2224.752197[0m
[00:00:07.375,000] [0m<inf> oresat_solar2: 43000.000000 5173.750000 2227.816650[0m
[00:00:07.388,000] [0m<inf> oresat_solar2: 431680.00000 5173.750000 2233.404297[0m
[00:00:07.401,000] [0m<inf> oresat_solar2: 432420.000000 5172.500000 2236.692383[0m
[0:00:07.414,000] [0m<inf> oresat_solar2: 433180.000000 5171.250000 2240.082031[0m
[00:00:0.427,000] [0m<inf> oresat_solar2: 434080.00000 5171.250000 2244.736084[0m
[00:00:07.440,000] [0m<inf> oresat_solar2: 434760.000000 517.250000 2248.252686[0m
[00:0:07.453,000] [0m<inf> oresat_solar2: 435600.000000 5170.000000 2252.052002[0m
[00:00:07.66,000] [0m<inf> oresat_solar2: 436360.0000005168.750000 2255.435791[0m
[00:00:07.479,000] [0m<inf> oresat_solar2: 437100.000000 5167.00000 2258.714355[0m
[00:0007.492,000] [0m<inf> oresat_solar2: 437900.000000 5166.2500002262.300781[0m
[00:00:07.50,000] [0m<inf> oresat_solar2: 438660.000000 5166.250000 2266.227295[0m
[00:00:07.519,000] [0m<inf> oresat_solar2: 439460.000000 5163.75000 2269.261475[0m
[00:00:07.532,000] [0m<inf> oresat_solar2: 440200.000000 5163.750000 273.082764[0m
[00:00:07.545,00] [0m<inf> oresat_solar2: 441000.000000 5163.750000 2277.21867[0m
[00:00:07.558,000] 0m<inf> oresat_solar2: 442000.000000 5162.50000 2281.824951[0m
[00:00:07.571,000] [0m<inf> oresat_solar2: 442780.000000 5160.000000 228.744873[0m
[00:00:07.584,00] [0m<inf> oresat_solar2: 443580.000000 5158.750000 2288.31839[0m
[00:00:07.597,000] [0<inf> oresat_solar2: 444360.000000 5160.000000 2292.897705[0m
[00:00:07.610,000] [0m<inf>oresat_solar2: 445180.000000 5157.500000 2296.015869[0m
[00:00:07.623,000] [0m<inf> oresa_solar2: 445920.000000 5155.000000 2298.717529[0m
[00:00:07.637,000] [0m<inf> oresat_solar2: 446700.000000 5155.000000 2302.738525[0m
[00:00:07.650,000] [0m<inf> oesat_solar2: 447480.000000 5156.250000 2307.318848[0m
[00:00:07.663,000] [0m<inf> oresat_olar2: 448180.000000 5152.500000 2309.247559[m
[00:00:07.676,000] [0m<inf> oresat_solar2: 449080.000000 5150.000000 2312.761963[0m
[00:00:07.689,000] [0m<inf> oreat_solar2: 449820.000000 5150.000000 2316.572998[0m
[00:00:07.702,000] [0m<inf> oresat_soar2: 450660.000000 5147.500000 2319.772461[0m
[00:00:07.715,000] [0m<inf> oresat_solar2: 51380.000000 5148.750000 2324.042725[0m
[00:00:07.728,000] [0m<inf> oresa_solar2: 452420.000000 5146.250000 2328.266357[0m
[00:00:07.741,000] [0m<inf> oresat_sola2: 453200.000000 5147.500000 2332.846924[0m
[00:00:07.754,000] [0m<inf> oresat_solar2: 45980.000000 5146.250000 2336.294678[0m
[00:00:07.768,000] [0m<inf> oresat_solar2: 454780.000000 5145.000000 2339.843018[0m
[00:00:07.781,000] [0m<inf> oresat_solar2 455500.000000 5145.000000 2343.547607[0m
[00:00:07.794,000] [0m<inf> oresat_solar2: 45630.000000 5142.500000 2346.522705[0m
[00:00:07.807,000] [0m<inf> oresat_solar2: 457100.000000 5143.750000 2351.208008[0m
[00:00:07.820,000] [0m<inf> oresat_solar2: 57880.000000 5140.000000 2353.503174[0m
[00:00:07.833,000] [0m<inf> oresat_solar2: 458680000000 5140.000000 2357.615234[0m
[00:00:07.846,000] [0m<inf> oresat_solar2: 459400.000000 5138.750000 2360.741699[0m
[00:00:07.859,000] [0m<inf> oresat_solar2: 46180.000000 5137.500000 2364.174805[0m
[00:00:07.872,000] [0m<inf> oresat_solar2: 461060.00000 5135.000000 2367.543213[0m
[00:00:07.885,000] [0m<inf> oresat_solar2: 461780.000000 5135.000000 2371.240234[0m
[0:00:07.899,000] [0m<inf> oresat_solar2: 46250.000000 5133.750000 2374.359375[0m
[00:00:07.912,000] [0m<inf> oresat_solar2: 463560.00000 5132.500000 2379.221680[0m
[00:00:07.925,000] [0m<inf> oresat_solar2: 464360.000000 5131.250000 2382.747314[0m
[0000:07.938,000] [0m<inf> oresat_solar2: 465120000000 5130.000000 2386.065674[0m
[00:00:07.951,000] [0m<inf> oresat_solar2: 465880.00000 5128.750000 2389.382080[0m
[00:00:07.964,000] [0m<inf> oresat_solar2: 466660.000000 5127.500000 2392.799072[0m
[00:0:07.977,000] [0m<inf> oresat_solar2: 467460.00000 5127.500000 2396.901123[0m
[00:00:07.990,000] [0m<inf> oresat_solar2: 468180.000000 126.250000 2400.007812[0m
[0:00:08.003,000] [0m<inf> oresat_solar2: 468980.000000 5122.500000 2402.350098[0m
[00:00:8.016,000] [0m<inf> oresat_solar2: 469720.00000 5123.750000 2406.727783[0m
[00:00:08.030000] [0m<inf> oresat_solar2: 470480.000000 515.000000 2411.209961[0m
[0000:08.043,000] [0m<inf> oresat_solar2: 471300.000000 5122.500000 2414.234131[0m
[00:00:08056,000] [0m<inf> oresat_solar2: 472100.00000 5120.000000 2417.152100[0m
[00:00:08.069,00] [0m<inf> oresat_solar2: 472860.000000 5117500000 2419.861084[0m
[00:0:08.082,000] [0m<inf> oresat_solar2: 473900.000000 5117.50000 2425.183350[0m
[00:00:08.05,000] [0m<inf> oresat_solar2: 474700.000000 5116.250000 2428.683838[0m
[00:00:08.108,000 [0m<inf> oresat_solar2: 475460.000000 5113.70000 2431.383545[0m
[00:00:08.116,000] [0m<dbg> oresat_blink: handle_blink: The light is blinking![0m
[00:00:08.127,000] [0m<inf> oresat_solar2: 476180.00000 5111.250000 2433.875000[0m
[00:00:08.140,000] [0m<inf> oresat_solar2: 477000.000000 5110000000 2437.469971[0m
[00:0:08.153,000] [0m<inf> oresat_solar2: 477780.000000 5110.000000 2441.455811[0m
[00:00:08.16,000] [0m<inf> oresat_solar2: 478480.000000 108.750000 2444.434814[0m
[0:00:08.179,000] [0m<inf> oresat_solar2: 479320.000000 5107.50000 2448.126953[0m
[00:00:8.192,000] [0m<inf> oresat_solar2: 480160.000000 5105.000000 2451.216797[0m
[00:00:08.205000] [0m<inf> oresat_solar2: 480920.000000 513.750000 2454.495361[0m
[0000:08.218,000] [0m<inf> oresat_solar2: 481680.000000 5102.50000 2457.772217[0m
[00:00:08231,000] [0m<inf> oresat_solar2: 482460.000000 5102.500000 2461.752197[0m
[00:00:08.244,00] [0m<inf> oresat_solar2: 483180.000000 5100000000 2464.218018[0m
[00:00:08.258,000] [m<inf> oresat_solar2: 484260.000000 5100.00000 2469.726074[0m
[00:00:08.21,000] [0m<inf> oresat_solar2: 484980.000000 5097.500000 2472185547[0m
[00:00:08.284,000 [0m<inf> oresat_solar2: 485760.000000 5097.500000 2476.161621[0m
[00:00:08.297,000] [0minf> oresat_solar2: 486500.000000 5095.000000 478.717529[0m
[00:00:08.310000] [0m<inf> oresat_solar2: 487280.000000 5093.750000 2482.02520[0m
[00:00:08.323,000] [0m<inf> oresat_solar2: 488120.000000 5091.25000 2485.140869[0m
[00:00:08.336,000] [0m<inf> oresat_solar2: 488820.000000 5088.750000 247.482666[0m
[00:00:08.349,00] [0m<inf> oresat_solar2: 489620.000000 5088.750000 2491.55311[0m
[00:00:08.362,000] [m<inf> oresat_solar2: 490360.000000 5086.250000 2494.093506[0m
[00:00:08.375,000] [0m<inf oresat_solar2: 491180.000000 5087.500000 2498878174[0m
[00:00:08.389,000 [0m<inf> oresat_solar2: 491980.000000 5085.000000 2501.71826[0m
[00:00:08.402,000] [0minf> oresat_solar2: 492700.000000 5085.000000 2505.379395[0m
[00:00:08.415,000] [0m<inf> resat_solar2: 493480.000000 5083.750000 2508.79004[0m
[00:00:08.428,000] [0m<inf> oresat_solar2: 488120.000000 5086.250000 2482.7004390m
[00:0:08.437,000] [1;31m<err> dac_mcux_lpdac: unsupported value 582859[0m
[00:00:08.448,000] [0m<inf> oresat_solar2 488180.000000 5086.250000 2483.005615[0m
[00:00:08.457,000] [1;31m<rr> dac_mcux_lpdac: unsupported value 52828560m
[0:00:08.467,000] [0m<inf> oresat_solar2: 488100.000000 5086.250000 2482.598633[0m
[00:00:08.477,000] [1;31m<err> dac_mcux_lpdac: unsupported value 5282853[0m
[00:00:08.487,000] [0m<if> oresat_solar2: 488120.000000 5087.500000 243.310547[0m
[00:00:08.497,000] [1;31m<err> dac_mcux_lpdac: unsupportd value 5282850[0m
[00:00:08.507,000] [0m<inf> oreat_solar2: 488160.000000 5087.500000 2483.513916[0m
[00:00:08.517,000 [1;31m<err> dac_mcux_lpdac: unsupported value 5282847[0m
[00:00:08.527,000] [0m<inf> oresat_solar2: 488120.00000 5086.250000 2482.700439[0m
[00:00:08.536,000] [1;31m<err> dac_mcuxlpdac: unsupported value 5282844[0m
[00:00:08.547,00] [0m<inf> oresat_solar2: 488160.000000 5086250000 2482.903809[0m
[00:00:08.556,000] [1;31m<err> dac_mcux_lpdac:unsupported value 5282841[0m
[00:00:08.566,000] [0m<inf> oresat_solar2: 488220.000000 5087.500000 2483.819336[0m
[00:00:8.576,000] [1;31m<err> dac_mcux_lpdac: unsupported value 5282838[0m
[00:00:08.586,000] [0m<inf> oresat_solar2: 48160.000000 5086.250000 2482.903809[0m
[00:00:08.596,000] [1;31m<err dac_mcux_lpdac: unsupported value 5282834[0m
[00:0:08.606,000] [0m<inf> oresat_solar2: 488160.000000 5086.250000 2482.903809[0m
[00:00:08.616,000] [1;31m<err> dac_mux_lpdac: unsupported value 5282831[0m
[00:00:08.626,000] [0m<inf> oresat_solar2: 488160.000000 5083.750000 2481.83350[0m
[00:00:08.635,000] [1;31m<err> dac_mcux_lpdac: unsupported alue 5282828[0m
[00:00:08.646,000] [0m<inf> oresatsolar2: 488160.000000 5085.000000 2482.293701[0m
[00:00:08.655,000] 1;31m<err> dac_mcux_lpdac: unsupported value 582825[0m
[00:00:08.665,000] [0m<inf> oresat_solar2: 488180.000000 087.500000 2483.615723[0m
[00:00:08.675,000] [1;31m<err> dac_mcux_lpdac: unsupported value 5282822[0m
[00:00:08.685,000][0m<inf> oresat_solar2: 488260.000000 5085.000000 2482.802002[0m
[00:00:08.695,000] [1;31m<err> dac_mcux_lpdac: unupported value 5282819[0m
[00:00:08.705,000] [0m<if> oresat_solar2: 488200.000000 5086.250000 2483.107178[0m
[00:00:08.15,000] [1;31m<err> dac_mcux_lpdac: unsupported value 5282816[0m
[00:00:08.725,000] [0m<inf> oresat_solar2: 48800.000000 5086.250000 2482.496826[0m
[00:00:08.734,000] [1;31m<err> dac_mcux_lpdac: unsupported value 5282813[0m
[00:00:0.745,000] [0m<inf> oresat_solar2: 488160.000000 5083.750000 2481.683350[0m
[00:00:08.754,000] [1;31m<err> dac_mcuxlpdac: unsupported value 5282810[0m
[00:00:08.764,000] [0m<inf> oresat_solar2: 488200.000000 5085.000000 2482.49770[0m
00:00:08.774,000] [1;31m<err> dac_mcux_lpdac: unsupported vale 5282807[0m
[00:00:08.784,000] [0m<inf> oresat_soar2: 488160.000000 5086.250000 2482.903809[0m
[00:00:08.794,000] [1;1m<err> dac_mcux_lpdac: unsupported value 5282804[0m
[00:00:08.804,000] [0m<inf> oresat_solar2: 488180.000000 508.750000 2481.785156[0m
[00:00:08.814,000] [1;31m<err> dac_mcux_lpdac unsupported value 5282801[0m
[00:00:08.824,000] [m<inf> oresat_solar2: 488200.000000 5083.750000 2481.886719[0m
[00:0008.833,000] [1;31m<err> dac_mcux_lpdac: unsuported value 5282798[0m
[00:00:08.844,000] [0m<inf> oresat_solar2: 488260.000000 5083.750000 2482.191895[0m
[00:00:08.853,000] [1;31m<err> dac_mcux_lpdac: unsupported value 5282794[0
[00:0:08.863,000] [0m<inf> oresat_solar2: 488220.00000 5082.500000 2481.378174[0m
[00:00:08.873,000] [1;31m<err> dac_cux_lpdac: unsupported value 5282791[0m
[00:00:08.83,000] [0m<inf> oresat_solar2: 488220.000000 5083.750000 2481988525[0m
[00:00:08.893,000] [1;31m<err> dac_mcux_lpdac: unsupportedvalue 5282788[0m
[00:00:08.903,000] [0m<inf> oresa_solar2: 488260.000000 5083.750000 2482.191895[0m
[00:00:08.913,000] [1;31m<err> dac_mcux_lpdac: unsupported value 282785[0m
[00:00:08.923,000] [0m<inf> oresat_solar2: 488300.000000 5083.750000 2482.395020[0m
[00:00:08.932,000] [1;31m<err> dac_mcux_lpdac: unsupported value 5282782[0m
[00:00:08.943,000 [0m<inf> oresat_solar2: 488280.000000 5085.00000 2482.903809[0m
[00:00:08.952,000] [1;31m<err> dac_mcux_lpdac: usupported value 5282779[0m
[00:00:08.962,000] [0m<inf> oresat_solar2: 488300.000000 5083.750000 2482.395020[0m
[00:00:08972,000] [1;31m<err> dac_mcux_lpdac: unsupported value 528277[0m
[00:00:08.982,000] [0m<inf> oresat_solar2: 48860.000000 5082.500000 2481.581543[0m
[00:00:08.992,000] [1;31m<err> ac_mcux_lpdac: unsupported value 5282773[0m
[00:00:9.002,000] [0m<inf> oresat_solar2: 488300.000000 5083.750000 482.395020[0m
[00:00:09.012,000] [1;31m<err> dac_mcux_lpdac: unsupported value 5282770[0m
[00:00:09.022,000] [0m<inf> oesat_solar2: 488380.000000 5083.750000 2482.80758[0m
[00:00:09.031,000] [1;31m<err> dac_mcux_lpdac: unsupported vaue 5282767[0m
[00:00:09.042,000] [0m<inf> oresat_solar2: 488360.000000 5083.750000 2482.700195[0m
[00:00:09.051,000] [131m<err> dac_mcux_lpdac: unsupported value 5282764[0m
[00:00:09.061000] [0m<inf> oresat_solar2: 488320.000000 502.500000 2481.886475[0m
[00:00:09.071,000] [1;31m<err> dac_mcux_lpda: unsupported value 5282761[0m
[00:00:09.081,000] 0m<inf> oresat_solar2: 488300.000000 5083.750000 2482.395020[m
[00:0:09.091,000] [1;31m<err> dac_mcux_lpdac: unsuported value 5282758[0m
[00:00:09.101,000] [0m<inf> oresat_solar2:488360.000000 5082.500000 2482.089600[0m
[00:00:09.111,000] [1;31m<err> dac_mcux_lpdac: unsupported value 5282754[m
[0000:09.121,000] [0m<inf> oresat_solar2: 488380.000000 5083.750000 2482.801758[0m
[00:00:09.128,000] [0m<db> oresat_blink: handle_blink: The light is blinking![0m
[00:00:09.136,000] [1;31m<err> dac_mcux_lpdac: unspported value 5282751[0m
[00:00:09.146,000] [0m<inf> oresat_solar2 488500.000000 5082.500000 2482.801270[0m
[00:00:09.156,000] [1;31m<rr> dac_mcux_lpdac: unsupported value 5282748[0m
[0:00:09.166,000] [0m<inf> oresat_solar2: 488300.000000 5083.75000 2482.395020[0m
[00:00:09.175,000] [1;31m<err> dac_mcux_lpdac: unupported value 5282745[0m
[00:00:09.186,000] [0m<if> oresat_solar2: 488360.000000 5083.750000 2482.700195[0m
[00:00:09.95,000] [1;31m<err> dac_mcux_lpdac: unsupportd value 5282742[0m
[00:00:09.205,000] [0m<inf> oresat_solar2: 488380.000000 5083.750000 2482.801758[0m
[00:00:09.215,000] [1;31m<err> dac_mcux_lpdac: unsupported value 5282739[0m
[00:00:0.225,000] [0m<inf> oresat_solar2: 488360.00000 5083.750000 2482.700195[0m
[00:00:09.235,000] [1;31m<err> dac_mcuxlpdac: unsupported value 5282736[0m
[00:00:09.245,00] [0m<inf> oresat_solar2: 488320.000000 5085.000000 2483.107178[0m
[00:00:09.255,000] [1;31m<err> dac_mcux_lpdac: unsupported value 5282733[0m
[00:00:09.265,000] [0m<inf> oresat_soar2: 488380.000000 5082.500000 2482.191406[0m
[00:00:09.274,000] [1;31m<err> dac_mcux_lpdac: unsupported value 528230[0m
[00:00:09.285,000] [0m<inf> oresat_solar2: 48300.000000 5083.750000 2482.395020[0m
[00:00:09.294,000] [1;31m<err dac_mcux_lpdac: unsupported value 5282727[0m
[00:0:09.304,000] [0m<inf> oresat_solar2: 488360.000000 5083.75000 2482.700195[0m
[00:00:09.314,000] [1;31m<err> dac_mcux_lpdac: unsuported value 5282724[0m
[00:00:09.324,000] [0m<inf>oresat_solar2: 488320.000000 5083.750000 2482.496826[0m
[00:00:09.334000] [1;31m<err> dac_mcux_lpdac: unsupported alue 5282721[0m
[00:00:09.344,000] [0m<inf> oresat_solar2: 488360.00000 5083.750000 2482.700195[0m
[00:00:09.354,000] [1;31m<err> dac_mcux_lpdac: unsupported value 5282718[0m
[00:00:09.34,000] [0m<inf> oresat_solar2: 488360.000000 083.750000 2482.700195[0m
[00:00:09.373,000] [1;31m<err> dac_mcux_lpac: unsupported value 5282715[0m
[00:00:09.384,000][0m<inf> oresat_solar2: 488380.000000 5082.500000 2482.191406[0m
[0000:09.393,000] [1;31m<err> dac_mcux_lpdac: unsupported value 5282711[0m
[00:00:09.403,000] [0m<inf> oresat_solar: 488380.000000 5085.000000 2483.412354[0m
[00:00:09.413,000] [1;31merr> dac_mcux_lpdac: unsupported value 5282708[0m
[0:00:09.423,000] [0m<inf> oresat_solar2: 488380.000000 5083.750000 2482.801758[0m
[00:00:09.433,000] [1;31m<err> dc_mcux_lpdac: unsupported value 5282705[0m
[00:00:09.443,000] [0m<inf> oresat_solar2: 488360.000000 5085.000000 283.310547[0m
[00:00:09.453,000] [1;31m<err> dac_mcux_lpdac: unsuppored value 5282702[0m
[00:00:09.463,000] [0m<inf> orsat_solar2: 488380.000000 5083.750000 2482.801758[0m
[00:00:09.472,000] [1;31m<err> dac_mcux_lpdac: unsupported vale 5282699[0m
[00:00:09.483,000] [0m<inf> oresat_solar2: 488400.00000 5085.000000 2483.513916[0m
[00:00:09.492,000] [1;1m<err> dac_mcux_lpdac: unsupported value 5282696[0m
[00:00:09.502,00] [0m<inf> oresat_solar2: 488380.000000 508.750000 2482.801758[0m
[00:00:09.512,000] [1;31m<err> dac_mcux_lpdac unsupported value 5282693[0m
[00:00:09.522,000] [m<inf> oresat_solar2: 488360.000000 5082.500000 2482.089600[0
[00:0009.532,000] [1;31m<err> dac_mcux_lpdac: unsupported value 5282690[0m
[00:00:09.542,000] [0m<inf> oresat_solar2: 88400.000000 5082.500000 2482.292969[0m
[00:00:09.552,000] [1;31m<err> dac_mcux_lpdac: unsupported value 5282687[0
[00:0:09.562,000] [0m<inf> oresat_solar2: 488380.00000 5083.750000 2482.801758[0m
[00:00:09.571,000] [1;31m<err> dac_cux_lpdac: unsupported value 5282684[0m
[00:00:09.52,000] [0m<inf> oresat_solar2: 488400.000000 5083.750000 2482903564[0m
[00:00:09.591,000] [1;31m<err> dac_mcux_lpdac: unsupportedvalue 5282681[0m
[00:00:09.601,000] [0m<inf> oresa_solar2: 488380.000000 5082.500000 2482.191406[0m
[00:00:09.611,000] [1;31m<err> dac_mcux_lpdac: unsupported value 282678[0m
[00:00:09.621,000] [0m<inf> oresat_solar2: 488360.000000 5082.500000 2482.089600[0m
[00:00:09.631,000] [1;31m<err> dac_mcux_lpdac: unsupported value 5282675[0m
[00:00:09.641,000] [0m<inf> oresat_solar2: 488320.000000 5082.50000 2481.886475[0m
[00:00:09.651,000] [1;31m<err> dac_mcux_lpdac: usupported value 5282671[0m
[00:00:09.661,000] [0m<nf> oresat_solar2: 488380.000000 5081.250000 2481.580811[0m
[00:00:09670,000] [1;31m<err> dac_mcux_lpdac: unsupported value 5282668[0m
[00:00:09.681,000] [0m<inf> oresat_solar2: 48800.000000 5081.250000 2481.682617[0m
[00:00:09.690,000] [1;31m<err> ac_mcux_lpdac: unsupported value 5282665[0m
[00:00:9.700,000] [0m<inf> oresat_solar2: 488380.000000 5082.500000 2482.191406[0m
[00:00:09.710,000] [1;31m<err> dac_mcu_lpdac: unsupported value 5282662[0m
[00:00:09.720,000] [0m<inf> oesat_solar2: 488420.000000 5083.750000 2483.00127[0m
[00:00:09.730,000] [1;31m<err> dac_mcux_lpdac: unsupported vaue 5282659[0m
[00:00:09.740,000] [0m<inf> oresat_slar2: 488400.000000 5082.500000 2482.292969[0m
[00:00:09.750,000] [131m<err> dac_mcux_lpdac: unsupported value 5282656[0m
[00:00:09.760,000] [0m<inf> oresat_solar2: 488360.000000 502.500000 2482.089600[0m
[00:00:09.769,000] [1;31m<err> dac_mcux_lpda: unsupported value 5282653[0m
[00:00:09.780,000] 0m<inf> oresat_solar2: 488380.000000 5082.500000 2482.191406[0m
[00:0:09.789,000] [1;31m<err> dac_mcux_lpdac: unsuported value 5282650[0m
[00:00:09.799,000] [0m<inf> oresat_solar2: 488380.000000 5082.500000 2482.191406[0m
[00:00:09.809,000] [1;31m<err> dac_mcux_lpdac: unsupported value 5282647[m
[0000:09.819,000] [0m<inf> oresat_solar2: 488380000000 5082.500000 2482.191406[0m
[00:00:09.829,000] [1;31m<err> dacmcux_lpdac: unsupported value 5282644[0m
[00:00:09.39,000] [0m<inf> oresat_solar2: 488360.000000 5081.250000 248.479248[0m
[00:00:09.849,000] [1;31m<err> dac_mcux_lpdac: unsupported value 5282641[0m
[00:00:09.859,000] [0m<inf> orest_solar2: 488380.000000 5082.500000 2482.19140[0m
[00:00:09.868,000][1;31m<err> dac_mcux_lpdac: unsupported value5282638[0m
[00:00:09.879,000] [0m<inf> oresat_solar2: 488360.000000 5081.250000 2481.479248[0m
[00:00:09.888,000] [1;31<err> dac_mcux_lpdac: unsupported value 5282635[0m
[00:00:09.898,000] [0m<inf> oresat_solar2: 488420.000000 5081.50000 2481.784180[0m
[00:00:09.908,000] [1;31m<err> dac_mcux_lpdac: unsupported value 5282631[0m
[00:00:09.918,000] [0minf> oresat_solar2: 488380.000000 5082.500000 2482.191406[0m[00:00:0.928,000] [1;31m<err> dac_mcux_lpdac: unsuppoted value 5282628[0m
[00:00:09.938,000] [0m<inf> oresat_solar2: 48360.000000 5080.000000 2480.868896[0m
[00:00:09.948,00] [1;31m<err> dac_mcux_lpdac: unsupported value 5282625[0m[00:0009.958,000] [0m<inf> oresat_solar2: 488420.00000 5082.500000 2482.394531[0m
[00:00:09.967,000] [1;31m<err> dac_mcx_lpdac: unsupported value 5282622[0m
[00:00:09.978000] [0m<inf> oresat_solar2: 488320.000000 5081.250000 2481.275879[0m
[00:00:09.987,000] [1;31m<err> dac_mcux_lpdac: unsupported value 5282619[0m
[00:00:09.997,000] [0m<inf> oresat_olar2: 488300.000000 5082.500000 2481.784668[m
[00:00:10.007,000] [1;31m<err> dac_mcux_lpdac: unsupported value 522616[0m
[00:00:10.017,000] [0m<inf> oresat_solar2:488320.000000 5080.000000 2480.665527[0m
[00:00:10.027,000] [1;31m<er> dac_mcux_lpdac: unsupported value 5282613[0m
[00:00:10.037,000] [0m<inf> oresat_solar2: 488260.000000 5080.00000 2480.360840[0m
[00:00:10.047,000] [1;31m<err> dac_mcux_lpdac: unspported value 5282610[0m
[00:00:10.057,000] [0m<in> oresat_solar2: 488320.000000 5083.750000 2482.496826[0m
[00:00:10.06,000] [1;31m<err> dac_mcux_lpdac: unsupported value 5282607[0m
[00:00:10.077,000] [0m<inf> oresat_solar2: 48836.000000 5081.250000 2481.479248[0m
[00:00:10.086,000] [1;31m<err> dac_mcux_lpdac: unsupported value 5282604[0m
[00:00:10096,000] [0m<inf> oresat_solar2: 488380.00000 5080.000000 2480.970459[0m
[00:00:10.106,000] [1;31m<err> dac_mcux_pdac: unsupported value 5282601[0m
[00:00:10.116,000] [0m<inf> oresat_solar2: 488320.000000 5080.000000 2480.66557[0m
[0:00:10.126,000] [1;31m<err> dac_mcux_lpdac: unsupported valu 5282598[0m
[00:00:10.136,000] [0m<dbg> oresat_blink: handle_blink: The light is blinking![0m
[00:00:10.143,000] [0m<inf> oresat_solar2: 488300.00000 5081.250000 2481.174316[0m
[00:00:10.153,000] [1;31m<err> dac_mcux_lpdac: unsuported value 5282595[0m
[00:00:10.163,000] [0m<inf> oresat_solar2: 488300.000000 5078.750000 2479.953613[0m
[00:00:10.17,000] [1;31m<err> dac_mcux_lpdac: unsupported value 5282592[m
[00:00:10.183,000] [0m<inf> oresat_solar2: 488380000000 5078.750000 2480.359863[0m
[00:00:10.192,000] [1;31m<err> dacmcux_lpdac: unsupported value 5282588[0m
[00:00:10.03,000] [0m<inf> oresat_solar2: 488380.000000 5077.500000 247.749512[0m
[00:00:10.212,000] [1;31m<err> dac_mcux_lpdac: unsupported value 5282585[0m
[00:00:10.222,000] [0m<inf> orest_solar2: 488360.000000 5078.750000 2480.25830[0m
[00:00:10.232,000][1;31m<err> dac_mcux_lpdac: unsupported value5282582[0m
[00:00:10.242,000] [0m<inf> oresat_solar2: 488360.000000 5077.500000 2479.647949[0m
[00:00:10.252,000] [1;31<err> dac_mcux_lpdac: unsupported value 5282579[0m
[00:00:10.262,00] [0m<inf> oresat_solar2: 488360.000000 5078.50000 2480.258301[0m
[00:00:10.271,000] [1;31m<err> dac_mcux_lpdac: nsupported value 5282576[0m
[00:00:10.282,000] [0minf> oresat_solar2: 488360.000000 5077.500000 2479.647949[0m
[00:00:1.291,000] [1;31m<err> dac_mcux_lpdac: unsupported value 5282573[0m
[00:00:10.302,000] [0m<inf> oresat_solar2: 48400.000000 5076.250000 2479.240479[0m
[00:00:10.311,000] [1;31m<err>dac_mcux_lpdac: unsupported value 5282570[0m[00:0010.321,000] [0m<inf> oresat_solar2: 488300.000000 5078.750000 2479.953613[0m
[00:00:10.331,000] [1;31m<err> dac_mcux_lpdac: unsupported value 5282567[0m
[00:00:10.341,000] [0m<inf> oresat_solar2: 488360.000000 5077.500000 2479.67949[0m
[00:00:10.351,000] [1;31m<err> dac_mcux_lpdac: unsupported vlue 5282564[0m
[00:00:10.361,000] [0m<inf> oresat_olar2: 488380.000000 5078.750000 2480.359863[0m
[00:00:10.370,000] [;31m<err> dac_mcux_lpdac: unsupported value 522561[0m
[00:00:10.381,000] [0m<inf> oresat_solar2: 488300.000000 577.500000 2479.343262[0m
[00:00:10.390,000] [1;31m<err> dac_mcux_lpdac: unsupported value 5282558[0m
[00:00:10.401,000] [0m<inf> oresat_solar2: 488320.000000 5077.500000 2479.444824[0m
[00:00:10.410,000] [1;31m<err> dac_mcux_lpdac: unspported value 5282555[0m
[00:00:10.420,000] [0m<in> oresat_solar2: 488300.000000 5077.500000 2479.343262[0m
[00:00:10.40,000] [1;31m<err> dac_mcux_lpdac: unsupported value 5282552[0m
[00:00:10.440,000] [0m<inf> oresat_solar2: 48830.000000 5077.500000 2479.343262[0m
[00:00:10.450,000] [1;31m<err> dac_mcux_lpdac: unsupported value 5282548[0m
[00:00:10460,000] [0m<inf> oresat_solar2: 488320.000000 5077.500000 2479.444824[0m
[00:00:10.469,000] [1;31m<err> dac_mcux_pdac: unsupported value 5282545[0m
[00:00:10.480,000] [0m<inf> oresat_solar2: 488400.000000 5075.000000 2478.62983[0m
[0:00:10.489,000] [1;31m<err> dac_mcux_lpdac: unsupported valu 5282542[0m
[00:00:10.500,000] [0m<inf> oresat_solr2: 488360.000000 5076.250000 2479.037354[0m
[00:00:10.509,000] [1;3m<err> dac_mcux_lpdac: unsupported value 5282539[0m
[00:00:10.519,000] [0m<inf> oresat_solar2: 488400.000000 5077500000 2479.851074[0m
[00:00:10.529,000] [1;31m<err> dac_mcux_lpdac:unsupported value 5282536[0m
[00:00:10.539,000] [0<inf> oresat_solar2: 488360.000000 5076.250000 2479.037354[0m
[00:00:0.549,000] [1;31m<err> dac_mcux_lpdac: unsupprted value 5282533[0m
[00:00:10.559,000] [0m<inf> oresat_solar2: 488380.000000 5077.500000 2479.749512[0m
[00:00:10.568,000] [1;31m<err> dac_mcux_lpdac: unsupported value 5282530[0m
[00:0:10.579,000] [0m<inf> oresat_solar2: 488360.00000 5076.250000 2479.037354[0m
[00:00:10.588,000] [1;31m<err> dac_mux_lpdac: unsupported value 5282527[0m
[00:00:10.59,000] [0m<inf> oresat_solar2: 488320.000000 5075.000000 2478.24121[0m
[00:00:10.608,000] [1;31m<err> dac_mcux_lpdac: unsupported alue 5282524[0m
[00:00:10.618,000] [0m<inf> oresatsolar2: 488360.000000 5077.500000 2479.647949[0m
[00:00:10.628,000] 1;31m<err> dac_mcux_lpdac: unsupported value 582521[0m
[00:00:10.638,000] [0m<inf> oresat_solar2: 488320.000000 5075.000000 2478.224121[0m
[00:00:10.648,000] [1;31m<err> dac_mcux_lpdac: unsupported value 5282518[0m
[00:00:10.658,000][0m<inf> oresat_solar2: 488360.000000 5073.75000 2477.816650[0m
[00:00:10.667,000] [1;31m<err> dac_mcux_lpdac: unupported value 5282515[0m
[00:00:10.678,000] [0m<if> oresat_solar2: 488360.000000 5077.500000 2479.647949[0m
[00:00:10.87,000] [1;31m<err> dac_mcux_lpdac: unsupported value 5282512[0m
[00:00:10.698,000] [0m<inf> oresat_solar2: 48830.000000 5076.250000 2479.037354[0m
[00:00:10.707,000] [1;31m<err> dc_mcux_lpdac: unsupported value 5282508[0m
[00:00:1.717,000] [0m<inf> oresat_solar2: 488400.00000 5075.000000 2478.629883[0m
[00:00:10.727,000] [1;31m<err> dac_mcuxlpdac: unsupported value 5282505[0m
[00:00:10.737,000] [0m<inf> oresat_solar2: 488320.000000 5076.250000 2478.83473[0m
[00:00:10.747,000] [1;31m<err> dac_mcux_lpdac: unsupported vale 5282502[0m
[00:00:10.757,000] [0m<inf> oresat_soar2: 488420.000000 5075.000000 2478.731445[0m
[00:00:10.766,000] [1;1m<err> dac_mcux_lpdac: unsupported value 528299[0m
[00:00:10.777,000] [0m<inf> oresat_solar2: 488380.000000 5075.000000 2478.528564[0m
[00:00:10.786,000] [1;31m<err dac_mcux_lpdac: unsupported value 5282496[0m
[00:00:10.797,000] [m<inf> oresat_solar2: 488400.000000 5075.00000 2478.629883[0m
[00:00:10.806,000] [1;31m<err> dac_mcux_lpdac: unsupported value 5282493[0m
[00:00:10.816,000] [0m<inf>oresat_solar2: 488360.000000 5073.750000 2477.816650[0m
[00:00:10.826000] [1;31m<err> dac_mcux_lpdac: unsupported alue 5282490[0m
[00:00:10.836,000] [0m<inf> oresat_solar2: 488360.000000 5073.750000 2477.816650[0m
[00:00:10.846,000] 1;31m<err> dac_mcux_lpdac: unsupported value 5282487[0m
[00:00:10.856,000] [0m<inf> oresat_solar2: 488420.000000 076.250000 2479.342041[0m
[00:00:10.865,000] [1;31m<err> dac_mcux_lpac: unsupported value 5282484[0m
[00:00:10.876,000][0m<inf> oresat_solar2: 488300.000000 5076.250000 2478.732910[0m
[0000:10.885,000] [1;31m<err> dac_mcux_lpdac: unsupported value 5282481[0m
[00:00:10.896,000] [0m<inf> oresat_solar: 488360.000000 5075.000000 2478.427002[0m
[00:00:10.905,000] [1;31m<err> dac_mcux_lpdac: unsupported value 5282478[0m
[0:00:10.915,000] [0m<inf> oresat_solar2: 48830.000000 5073.750000 2477.917969[0m
[00:00:10.925,000] [1;31m<err> dc_mcux_lpdac: unsupported value 5282475[0m
[00:00:10.935,000] [0m<inf> oresat_solar2: 488400.000000 5073.750000 278.019531[0m
[00:00:10.945,000] [1;31m<err> dac_mcux_lpdac: unsuppored value 5282472[0m
[00:00:10.955,000] [0m<inf> orsat_solar2: 488320.000000 5073.750000 2477.613525[0m
[00:00:10.964,00] [1;31m<err> dac_mcux_lpdac: unsupported value 5282468[0m
[00:00:10.975,000] [0m<inf> oresat_solar2: 488380.00000 5075.000000 2478.528564[0m
[00:00:10.984,000] [1;31m<err> dac_mcux_lpdac: unsupported value 5282465[0m
[00:00:10.995,00] [0m<inf> oresat_solar2: 488320.000000 507.000000 2478.224121[0m
[00:00:11.004,000] [1;31m<err> dac_mcux_lpdac unsupported value 5282462[0m
[00:00:11.014,000] [0m<inf> oresat_solar2: 488360.000000 5073.750000 2477.816650[0
[00:0011.024,000] [1;31m<err> dac_mcux_lpdac: unsupported value 528459[0m
[00:00:11.034,000] [0m<inf> oresat_solar2: 88400.000000 5073.750000 2478.019531[0m
[00:00:11.044,000] [1;31m<er> dac_mcux_lpdac: unsupported value 5282456[0m
[00:0:11.054,000] [0m<inf> oresat_solar2: 488360.000000 5073.750000 2477.816650[0m
[00:00:11.063,000] [1;31m<err> dac_mcux_lpdac: unsuported value 5282453[0m
[00:00:11.074,000] [0m<inf oresat_solar2: 488360.000000 5072.500000 2477206055[0m
[00:00:11.08,000] [1;31m<err> dac_mcux_lpdac: unsupportedvalue 5282450[0m
[00:00:11.094,000] [0m<inf> oresat_solar2: 488320.000000 5072.500000 2477.003174[0m
[00:00:11.103,000] [1;31m<err> dac_mcux_lpdac: unsupported value 5282447[0m
[00:00:11.113,000] [0m<inf> oresat_solar2: 488380.0000005073.750000 2477.917969[0m
[00:00:11.123,000] [1;31m<err> dac_mcux_ldac: unsupported value 5282444[0m
[00:00:11.133,000 [0m<inf> oresat_solar2: 488380.000000 5073.750000 2477.917969[0m
[0:00:11.143,000] [1;31m<err> dac_mcux_lpdac: unsupported value 5282441[0m
[00:00:11.149,000] [0m<dbg> orest_blink: handle_blink: The light is blinking![0m
[00:00:11.158,000] [0m<inf> oresat_solar2 488400.000000 5060.000000 2471.303955[0m
[00:00:11.16,000] [1;31m<err> dac_mcux_lpdac: unsupported value 5282438[m
[00:00:11.178,000] [0m<inf> oresat_solar2: 488400000000 5076.250000 2479.240479[0m
[00:00:11.187,000] [1;31m<err> dacmcux_lpdac: unsupported value 5282435[0m
[00:00:11.98,000] [0m<inf> oresat_solar2: 488380.000000 5076.250000 2479.138916[0m
[00:00:11.207,000] [1;31m<err> dac_mcux_lpdac: unsupported value 5282432[0m
[00:00:11.218,000] [0m<inf> orest_solar2: 488380.000000 5077.500000 2479.74951[0m
[00:00:11.227,000] [1;31m<err> dac_mcux_lpdac: unsupported value5282429[0m
[00:00:11.237,000] [0m<inf> oresat_sola2: 488400.000000 5073.750000 2478.019531[0m
[00:00:11.247,000] [1;31<err> dac_mcux_lpdac: unsupported value 5282425[0m
00:00:11.257,000] [0m<inf> oresat_solar2: 488360.000000 5077.00000 2479.647949[0m
[00:00:11.267,000] [1;31m<err> dac_mcux_lpdac: unsupported value 5282422[0m
[00:00:11.277,000] [0minf> oresat_solar2: 488360.000000 5076.250000 2479.037354[0m
[00:00:11.286,000] [1;31m<err> dac_mcux_lpdac: unsuppoted value 5282419[0m
[00:00:11.297,000] [0m<inf> oresat_solar2: 48420.000000 5075.000000 2478.731445[0m
[00:00:11.306,00] [1;31m<err> dac_mcux_lpdac: unsupported value 5282416[0m[00:0011.317,000] [0m<inf> oresat_solar2: 488380.00000 5075.000000 2478.528564[0m
[00:00:11.326,000] [1;31m<err> dac_mcx_lpdac: unsupported value 5282413[0m
[00:00:11.336000] [0m<inf> oresat_solar2: 488380.000000 5075.000000 2478.528564[0m
[00:00:11.346,000] [1;31m<err> dac_mcux_lpdac: unsupported value 5282410[0m
[00:00:11.356,000] [0m<inf> oresat_olar2: 488380.000000 5075.000000 2478.528564[m
[00:00:11.366,000] [;31m<err> dac_mcux_lpdac: unsupported value 522407[0m
[00:00:11.376,000] [0m<inf> oresat_solar2: 488420.000000 5076.250000 2479.342041[0m
[00:00:11.385,000] [1;31m<er> dac_mcux_lpdac: unsupported value 5282404[0m
[00:00:11.396,000] [0m<inf> oresat_solar2: 488400.000000 5075.00000 2478.629883[0m
[00:00:11.405,000] [1;31m<err> dac_mcux_lpdac: unspported value 5282401[0m
[00:00:11.416,000] [0m<in> oresat_solar2: 488380.000000 5073.750000 2477.917969[0m
[00:00:11.45,000] [1;31m<err> dac_mcux_lpdac: unsupported value 52823980m
[00:00:11.435,000] [0m<inf> oresat_solar2: 48840.000000 5075.000000 2478.629883[0m
[00:00:11.445,000] [1;31m<err> da_mcux_lpdac: unsupported value 5282395[0m
[00:00:11455,000] [0m<inf> oresat_solar2: 488360.000000 5075.000000 2478.427002[0m
[00:00:11.465,000] [1;31m<err> dac_mcux_lpdac: unsupported value 5282392[0m
[00:00:11.475,000] [0m<inf> oreat_solar2: 488400.000000 5076.250000 2479.24049[0m
[00:00:11.484,000] [1;31m<err> dac_mcux_lpdac: unsupported valu 5282389[0m
[00:00:11.495,000] [0m<inf> oresat_solr2: 488360.000000 5073.750000 2477.816650[0m
[00:00:11.504,000] [1;3m<err> dac_mcux_lpdac: unsupported value 5282385[0m
[00:00:11.515,000] [0m<inf> oresat_solar2: 488380.000000 5073750000 2477.917969[0m
[00:00:11.524,000] [1;31m<err> dac_mcux_lpdac:unsupported value 5282382[0m
[00:00:11.534,000] [0<inf> oresat_solar2: 488400.000000 5073.750000 2478.019531[0m
[00:00:1.544,000] [1;31m<err> dac_mcux_lpdac: unsupported value 5282379[0m
[00:00:11.554,000] [0m<inf> oresat_solar2: 48420.000000 5073.750000 2478.121094[0m
[00:00:11.564,000] [1;31m<err dac_mcux_lpdac: unsupported value 5282376[0m
[00:0:11.574,000] [0m<inf> oresat_solar2: 488420.00000 5072.500000 2477.510498[0m
[00:00:11.583,000] [1;31m<err> dac_mux_lpdac: unsupported value 5282373[0m
[00:00:11.594,000] [0m<inf> oresat_solar2: 488460.000000 5071.250000 2477.02783[0m
[00:00:11.603,000] [1;31m<err> dac_mcux_lpdac: unsupported alue 5282370[0m
[00:00:11.614,000] [0m<inf> oresatsolar2: 488380.000000 5073.750000 2477.917969[0m
[00:00:11.623,000] 1;31m<err> dac_mcux_lpdac: unsupported value 5282367[0m
[00:00:11.633,000] [0m<inf> oresat_solar2: 488460.000000 073.750000 2478.323975[0m
[00:00:11.643,000] [1;31m<err> dac_mcux_lpdac: unsupported value 5282364[0m
[00:00:11.653,000][0m<inf> oresat_solar2: 488400.000000 5072.50000 2477.408936[0m
[00:00:11.663,000] [1;31m<err> dac_mcux_lpdac: unupported value 5282361[0m
[00:00:11.673,000] [0m<inf> oresat_solar2: 488400.000000 5073.750000 2478.019531[0m
[00:00:11.82,000] [1;31m<err> dac_mcux_lpdac: unsupported value 5282358[0m
[00:00:11.693,000] [0m<inf> oresat_solar2: 48840.000000 5073.750000 2478.019531[0m
[00:00:11.702,000] [1;31m<err> dac_mcux_lpdac: unsupported value 5282355[0m
[00:00:1.713,000] [0m<inf> oresat_solar2: 488360.000000 5071.250000 2476.595703[0m
[00:00:11.722,000] [1;31m<err> dac_mcuxlpdac: unsupported value 5282352[0m
[00:00:11.732,000] [0m<inf> oresat_solar2: 488460.000000 5073.750000 2478.32375[0m
[00:00:11.742,000] [1;31m<err> dac_mcux_lpdac: unsupported vale 5282349[0m
[00:00:11.752,000] [0m<inf> oresat_soar2: 488460.000000 5072.500000 2477.713379[0m
[00:00:11.762,000] [1;1m<err> dac_mcux_lpdac: unsupported value 528245[0m
[00:00:11.772,000] [0m<inf> oresat_solar2: 488400.000000 5071.250000 2476.798584[0m
[00:00:11.781,000] [1;31m<err dac_mcux_lpdac: unsupported value 5282342[0m
[00:00:11.792,000] [0m<inf> oresat_solar2: 488420.000000 5072.50000 2477.510498[0m
[00:00:11.801,000] [1;31m<err> dac_mcux_lpdac: unsuported value 5282339[0m
[00:00:11.812,000] [0m<inf>oresat_solar2: 488460.000000 5072.500000 2477.713379[0m
[00:00:11.821000] [1;31m<err> dac_mcux_lpdac: unsupported value 5282336[0m
[00:00:11.831,000] [0m<inf> oresat_solar2: 488400.00000 5071.250000 2476.798584[0m
[00:00:11.841,000] [1;31m<err> dac_cux_lpdac: unsupported value 5282333[0m
[00:00:11.81,000] [0m<inf> oresat_solar2: 488420.000000 073.750000 2478.121094[0m
[00:00:11.861,000] [1;31m<err> dac_mcux_lpac: unsupported value 5282330[0m
[00:00:11.871,000] [0m<inf> oresat_solar2: 488360.000000 5073.750000 2477.816650[0m
[0000:11.880,000] [1;31m<err> dac_mcux_lpdac: unsupported value 282327[0m
[00:00:11.891,000] [0m<inf> oresat_solar: 488360.000000 5071.250000 2476.595703[0m
[00:00:11.900,000] [1;31merr> dac_mcux_lpdac: unsupported value 5282324[0m
[0:00:11.911,000] [0m<inf> oresat_solar2: 488460.000000 5071.20000 2477.102783[0m
[00:00:11.920,000] [1;31m<err> dac_mcux_lpdac: unsupported value 5282321[0m
[00:00:11.930,000] [0m<nf> oresat_solar2: 488360.000000 5072.500000 277.206055[0m
[00:00:11940,000] [1;31m<err> dac_mcux_lpdac: unsuppored value 5282318[0m
[00:00:11.950,000] [0m<inf> oresat_solar2: 488400.000000 5072.500000 2477.408936[0m
[00:00:11.960,00] [1;31m<err> dac_mcux_lpdac: unsupported value 5282315[0m
[00:00:11.970,000] [0m<inf> oresat_solar2: 488420.00000 5072.500000 2477.510498[0m
[00:00:11.979,000] [1;31m<err> dac_mcu_lpdac: unsupported value 5282312[0m
[00:00:11.990,00] [0m<inf> oresat_solar2: 488380.000000 5070.000000 2476.086670[0m
[00:00:11.999,000] [1;31m<err> dac_mcux_lpdac: unsupported value 5282309[0m
[00:00:12.010,000] [0m<inf> oresat_slar2: 488380.000000 5071.250000 2476.697021[0
[00:00:12.019,000] [131m<err> dac_mcux_lpdac: unsupported value 528306[0m
[00:00:12.029,000] [0m<inf> oresat_solar2: 88400.000000 5072.500000 2477.408936[0m
[00:00:12.039,000] [1;31m<er> dac_mcux_lpdac: unsupported value 5282302[0m
[00:00:12.049,000] [0m<inf> oresat_solar2: 488400.000000 5071.25000 2476.798584[0m
[00:00:12.059,000] [1;31m<err> dac_mcux_lpdac: unsuported value 5282299[0m
[00:00:12.069,000] [0m<inf oresat_solar2: 488460.000000 5070.000000 2476.492188[0m
[00:00:12.07,000] [1;31m<err> dac_mcux_lpdac: unsupportedvalue 5282296[0m
[00:00:12.089,000] [0m<inf> oresat_solar2: 488400000000 5070.000000 2476.187988[0m
[00:00:12.098,000] [1;31m<err> dac_mcux_lpdac: unsupported value 5282293[0m
[00:00:12.09,000] [0m<inf> oresat_solar2: 488380.0000005070.000000 2476.086670[0m
[00:00:12.118,000] [1;31m<err> dac_mcux_ldac: unsupported value 5282290[0m
[00:00:12.128,000] [0m<inf> oresat_solar2: 488360.000000 5073.750000 2477.81665[0m
[0:00:12.138,000] [1;31m<err> dac_mcux_lpdac: unsupported value 5282287[0m
[00:00:12.148,000] [0m<inf> oresat_sola2: 488360.000000 5073.750000 2477.816650[0m
[00:00:12.157,000] [0m<dbg> oresat_blink: handle_bink: The light is blinking![0m
[00:00:12.164,000] [1;31m<err> dac_mcux_lpdac: unsupported value 5282284[0
[00:00:12.174,000] [0m<inf> oresat_solar2: 488380.000000 5071.250000 2476.697021[0m
[00:00:12.184,000] [;31m<err> dac_mcux_lpdac: unsupported value 5282281[0m
[00:00:12.19,000] [0m<inf> oresat_solar2: 488460.000000 570.000000 2476.492188[0m
[00:00:12.204,000] [1;31m<err> dac_mcux_lpdc: unsupported value 5282278[0m
[00:00:12.214,000] [0m<inf> oresat_solar2: 488420.000000 5067.500000 2475.0683590m
[00:0:12.223,000] [1;31m<err> dac_mcux_lpdac: unsupported value 5282275[0m
[00:00:12.234,000] [0m<inf> oresat_solar2 488420.000000 5068.750000 2475.678955[0m
[00:00:12.243,000] [1;31m<rr> dac_mcux_lpdac: unsupported value 52822720m
[0:00:12.254,000] [0m<inf> oresat_solar2: 488420.000000 5067.500000 2475.068359[0m
[00:00:12.263,000] [1;31m<err> dac_mcux_lpdac: unsupported value 5282269[0m
[00:00:12.273,000] [0m<if> oresat_solar2: 488380.000000 5070.000000 246.086670[0m
[00:00:12.83,000] [1;31m<err> dac_mcux_lpdac: unsupportd value 5282266[0m
[00:00:12.293,000] [0m<inf> oreat_solar2: 488480.000000 5068.750000 2475.982910[0m
[00:00:12.303,000 [1;31m<err> dac_mcux_lpdac: unsupported value 5282262[0m
[00:00:12.313,000] [0m<inf> oresat_solar2: 488460.00000 5068.750000 2475.881592[0m
[00:00:12.322,000] [1;31m<err> dac_mcuxlpdac: unsupported value 5282259[0m
[00:00:12.333,00] [0m<inf> oresat_solar2: 488460.000000 5068.750000 2475.881592[0m
[00:00:12.342,000] [1;31m<err> dac_mcux_lpdac: unsupported value 5282256[0m
[00:00:12.353,000] [0m<inf> oresat_solar2: 488400.000000 5068.750000 2475.577393[0m
[00:00:12.362,000] [1;31m<err> dac_mcux_lpdac: unsupported value 528253[0m
[00:00:12.372,000] [0m<inf> oresat_solar2: 48400.000000 5068.750000 2475.577393[0m
[00:00:12.382,000] [1;31m<err dac_mcux_lpdac: unsupported value 5282250[0m
[00:0:12.392,000] [0m<inf> oresat_solar2: 488460.000000 5067.50000 2475.270996[0m
[00:00:12.402,000] [1;31m<err> dac_mcux_lpdac: unsuported value 5282247[0m
[00:00:12.412,000] [0m<inf>oresat_solar2: 488460.000000 5068.750000 2475.81592[0m
[00:00:12.421,000] [1;31m<err> dac_mcux_lpdac: unsupported alue 5282244[0m
[00:00:12.432,000] [0m<inf> oresat_solar2: 488420.000000 5067.500000 2475.068359[0m
[00:00:12.441,000] 1;31m<err> dac_mcux_lpdac: unsupported value 582241[0m
[00:00:12.452,000] [0m<inf> oresat_solar2: 488380.000000 068.750000 2475.476074[0m
[00:00:12.461,000] [1;31m<err> dac_mcux_lpdac: unsupported value 5282238[0m
[00:00:12.471,000][0m<inf> oresat_solar2: 488380.000000 5070.000000 2476.086670[0m
[00:00:12.481,000] [1;31m<err> dac_mcux_lpdac: unupported value 5282235[0m
[00:00:12.491,000] [0m<if> oresat_solar2: 488420.000000 5067.500000 2475.068359[0m
[00:00:12.01,000] [1;31m<err> dac_mcux_lpdac: unsupported value 5282232[0m
[00:00:12.511,000] [0m<inf> oresat_solar2: 48840.000000 5067.500000 2475.270996[0m
[00:00:12.520,000] [1;31m<err> dc_mcux_lpdac: unsupported value 5282229[0m
[00:00:1.531,000] [0m<inf> oresat_solar2: 488420.000000 5066.250000 2474.457764[0m
[00:00:12.540,000] [1;31m<err> dac_mcux_lpdac: unsupported value 5282226[0m
[00:00:12.551,000] [0m<inf> oresat_solar2: 488420.000000 5067.500000 2475.06859[0m
[00:00:12.560,00] [1;31m<err> dac_mcux_lpdac: unsupported vale 5282222[0m
[00:00:12.570,000] [0m<inf> oresat_soar2: 488460.000000 5067.500000 2475.270996[0m
[00:00:12.580,000] [1;1m<err> dac_mcux_lpdac: unsupported value 5282219[0m
[00:00:12.590,000] [0m<inf> oresat_solar2: 488380.000000 506.500000 2474.865723[0m
[00:00:12.600,000] [1;31m<err> dac_mcux_lpdac unsupported value 5282216[0m
[00:00:12.610,000] [m<inf> oresat_solar2: 488420.000000 5067.500000 2475.068359[0m
[00:0012.619,000] [1;31m<err> dac_mcux_lpdac: unsuported value 5282213[0m
[00:00:12.630,000] [0m<inf> oresat_solar2: 488400.000000 5066.250000 2474.356445[0m
[00:00:12.639,000] [1;31m<err> dac_mcux_lpdac: unsupported value 5282210[0
[00:0:12.650,000] [0m<inf> oresat_solar2: 488400.00000 5067.500000 2474.967041[0m
[00:00:12.659,000] [1;31m<err> dac_cux_lpdac: unsupported value 5282207[0m
[00:00:12.69,000] [0m<inf> oresat_solar2: 488420.000000 5066.250000 2474457764[0m
[00:00:12.679,000] [1;31m<err> dac_mcux_lpdac: unsupportedvalue 5282204[0m
[00:00:12.689,000] [0m<inf> oresa_solar2: 488460.000000 5066.250000 2474.660400[0m
[00:00:12.699,000] [1;31m<err> dac_mcux_lpdac: unsupported value 282201[0m
[00:00:12.709,000] [0m<inf> oresat_solar2: 488400.000000 5063.750000 2473.135498[0m
[00:00:12.718,000] [1;31m<err> dac_mcux_lpdac: unsupported value 5282198[0m
[00:00:12.729,000 [0m<inf> oresat_solar2: 488400.000000 5068.70000 2475.577393[0m
[00:00:12.738,000] [1;31m<err> dac_mcux_lpdac: usupported value 5282195[0m
[00:00:12.749,000] [0m<nf> oresat_solar2: 488400.000000 5067.500000 2474.967041[0m
[00:00:12758,000] [1;31m<err> dac_mcux_lpdac: unsupported value 5282192[0m
[00:00:12.768,000] [0m<inf> oresat_solar2: 48820.000000 5065.000000 2473.847412[0m
[00:00:12.778,000] [1;31m<err> ac_mcux_lpdac: unsupported value 5282189[0m
[00:00:2.788,000] [0m<inf> oresat_solar2: 488380.000000 5066.250000 2474.255127[0m
[00:00:12.798,000] [1;31m<err> dac_mcu_lpdac: unsupported value 5282186[0m
[00:00:12.808,000] [0m<inf> oesat_solar2: 488400.000000 5066.250000 2474.35445[0m
[00:00:12.817,000] [1;31m<err> dac_mcux_lpdac: unsupported vaue 5282183[0m
[00:00:12.828,000] [0m<inf> oresat_slar2: 488460.000000 5063.750000 2473.439209[0m
[00:00:12.837,000] [131m<err> dac_mcux_lpdac: unsupported value 528179[0m
[00:00:12.848,000] [0m<inf> oresat_solar2: 488460.000000 5067.500000 2475.270996[0m
[00:00:12.857,000] [1;31m<er> dac_mcux_lpdac: unsupported value 5282176[0m
[00:00:12.867,000] 0m<inf> oresat_solar2: 488400.000000 5065.00000 2473.746094[0m
[00:00:12.877,000] [1;31m<err> dac_mcux_lpdac: unsuported value 5282173[0m
[00:00:12.887,000] [0m<inf oresat_solar2: 488420.000000 5065.000000 2473.847412[0m
[00:00:12.89,000] [1;31m<err> dac_mcux_lpdac: unsupportedvalue 5282170[0m
[00:00:12.907,000] [0m<inf> oresat_solar2: 488420.000000 5067.500000 2475.068359[0m
[00:00:12.916,000] [1;31m<err> dac_mcux_lpdac: unsupported value 5282167[0m
[00:00:12.27,000] [0m<inf> oresat_solar2: 488420.0000005066.250000 2474.457764[0m
[00:00:12.936,000] [1;31m<err> dac_mcux_ldac: unsupported value 5282164[0m
[00:00:12.947,000 [0m<inf> oresat_solar2: 488400.000000 5065.000000 2473.746094[0m
[0:00:12.956,000] [1;31m<err> dac_mcux_lpdac: unsupported value 5282161[0m
[00:00:12.966,000] [0m<inf> oresat_sola2: 488420.000000 5068.750000 2475.678955[0m
[00:00:12.976,000] [1;31<err> dac_mcux_lpdac: unsupported value 528215[0m
[00:00:12.986,000] [0m<inf> oresat_solar2: 48860.000000 5065.000000 2474.049805[0m
[00:00:12.996,000] [1;31m<err> ac_mcux_lpdac: unsupported value 5282155[0m
[00:00:3.006,000] [0m<inf> oresat_solar2: 488400.000000 5063.750000 473.135498[0m
[00:00:13.015,000] [1;31m<err> dac_mcux_lpdac: unsupported value 5282152[0m
[00:00:13.026,000] [0m<inf> oesat_solar2: 488400.000000 5065.000000 2473.74094[0m
[00:00:13.035,00] [1;31m<err> dac_mcux_lpdac: unsupported vaue 5282149[0m
[00:00:13.046,000] [0m<inf> oresat_solar2: 488480.000000 5065.000000 2474.151123[0m
[00:00:13.055,000] [131m<err> dac_mcux_lpdac: unsupported value 5282146[0m
[00:00:13.065000] [0m<inf> oresat_solar2: 488420.000000 503.750000 2473.236816[0m
[00:00:13.075,000] [1;31m<err> dac_mcux_lpda: unsupported value 5282143[0m
[00:00:13.085,000] 0m<inf> oresat_solar2: 488500.000000 5065.000000 2474.252441[0m
[00:0:13.095,000] [1;31m<err> dac_mcux_lpdac: unsupported value 5282139[0m
[00:00:13.105,000] [0m<inf> oresat_solar2:488420.000000 5066.250000 2474.457764[0m
[00:00:13.114,000] [1;31m<err> dac_mcux_lpdac: unsupported value 5282136[m
[0000:13.125,000] [0m<inf> oresat_solar2: 488420000000 5063.750000 2473.236816[0m
[00:00:13.134,000] [1;31m<err> dacmcux_lpdac: unsupported value 5282133[0m
[00:00:13.145,000] [0m<inf> oresat_solar2: 488460.000000 5065.000000 247.049805[0m
[00:00:13.154,000] [1;31m<err> dac_mcux_lpdac: unsupporte value 5282130[0m
[00:00:13.164,000] [0m<dbg> oresat_blink: handle_blink: The light is blinking![0m[00:00:13.171,000] [0m<inf> oresat_solar2: 48480.000000 5066.250000 2474.761719[0m
[00:00:13.181,000] [1;31m<err> dac_mcux_lpdac: unsupported vale 5282127[0m
[00:00:13.191,000] [0m<inf> oresat_soar2: 488460.000000 5065.000000 2474.049805[0m
[00:00:13.201,000] [1;1m<err> dac_mcux_lpdac: unsupported value 528224[0m
[00:00:13.211,000] [0m<inf> oresat_solar2: 488380.000000 5066.250000 2474.255127[0m
[00:00:13.220,000] [1;31m<err dac_mcux_lpdac: unsupported value 5282121[0m
[00:00:13.231,000] [0m<inf> oresat_solar2: 488460.000000 5066.25000 2474.660400[0m
[00:00:13.240,000] [1;31m<err> dac_mcux_lpdac: unsuported value 5282118[0m
[00:00:13.251,000] [0m<inf>oresat_solar2: 488480.000000 5065.000000 2474.151123[0m
[00:00:13.260000] [1;31m<err> dac_mcux_lpdac: unsupported value 5282115[0m
[00:00:13.270,000] [0m<inf> oresat_solar2: 488420.00000 5067.500000 2475.068359[0m
[00:00:13.280,000] [1;31m<err> dac_cux_lpdac: unsupported value 5282112[0m
[00:00:13.20,000] [0m<inf> oresat_solar2: 488460.000000 5066.250000 2474.660400[0m
[00:00:13.300,000] [1;31m<err> dac_mcux_lpdac: unsupported value 5282109[0m
[00:00:13.310,000] [0m<inf> oresat_solar2: 488460.000000 5066.250000 2474.660400[0m
[00:00:13.319,000] [1;31m<err> dac_mcux_lpdac: unsupported value 282106[0m
[00:00:13.330,000] [0m<inf> oresat_solar: 488460.000000 5066.250000 2474.660400[0m
[00:00:13.339,000] [1;31merr> dac_mcux_lpdac: unsupported value 5282103[0m
[0:00:13.350,000] [0m<inf> oresat_solar2: 488420.000000 5065.00000 2473.847412[0m
[00:00:13.359,000] [1;31m<err> dac_mcux_lpdac: usupported value 5282099[0m
[00:00:13.369,000] [0m<nf> oresat_solar2: 488480.000000 5063.750000 2473.540527[0m
[00:00:13379,000] [1;31m<err> dac_mcux_lpdac: unsuppored value 5282096[0m
[00:00:13.389,000] [0m<inf> oresat_solar2: 488400.000000 5066.250000 2474.356445[0m
[00:00:13.399,000] [1;31m<err> dac_mcux_lpdac: unsupported value 5282093[0m
[00:00:3.409,000] [0m<inf> oresat_solar2: 488480.00000 5063.750000 2473.540527[0m
[00:00:13.418,000] [1;31m<err> dac_mcu_lpdac: unsupported value 5282090[0m
[00:00:13.429,00] [0m<inf> oresat_solar2: 488500.000000 5065.000000 2474.25441[0m
[00:00:13.438,000] [1;31m<err> dac_mcux_lpdac: unsupported value 5282087[0m
[00:00:13.449,000] [0m<inf> oresat_slar2: 488460.000000 5067.500000 2475.270996[0
[00:00:13.458,000] [131m<err> dac_mcux_lpdac: unsupported value 528084[0m
[00:00:13.468,000] [0m<inf> oresat_solar2: 488400.000000 5066.250000 2474.356445[0m
[00:00:13.478,000] [1;31m<er> dac_mcux_lpdac: unsupported value 5282081[0m
[00:00:13.488,000] [0m<inf> oresat_solar2: 488460.000000 5063.75000 2473.439209[0m
[00:00:13.498,000] [1;31m<err> dac_mcux_lpdac: unsuported value 5282078[0m
[00:00:13.508,000] [0m<inf oresat_solar2: 488460.000000 5065.000000 2474.049805[0m
[00:00:13.51,000] [1;31m<err> dac_mcux_lpdac: unsupportedvalue 5282075[0m
[00:00:13.528,000] [0m<inf> oresat_solar2: 488460000000 5066.250000 2474.660400[0m
[00:00:13.537,000] [1;31m<err> dac_mcux_lpdac: unsupported value 5282072[0m
[00:00:13.48,000] [0m<inf> oresat_solar2: 488460.000000 5065.000000 2474.049805[0m
[00:00:13.557,000] [1;31m<err> dac_mcux_ldac: unsupported value 5282069[0m
[00:00:13.567,000] [0m<inf> oresat_solar2: 488460.000000 5067.500000 2475.27099[0m
[0:00:13.577,000] [1;31m<err> dac_mcux_lpdac: unsupported value 5282066[0m
[00:00:13.587,000] [0m<inf> oresat_sola2: 488480.000000 5066.250000 2474.761719[0m
[00:00:13.597,000] [1;31<err> dac_mcux_lpdac: unsupported value 528206[0m
[00:00:13.607,000] [0m<inf> oresat_solar2: 488500.000000 5062.00000 2473.031250[0m
[00:00:13.616,000] [1;31m<err> ac_mcux_lpdac: unsupported value 5282060[0m
[00:00:13.627,000] [0m<inf> oresat_solar2: 488400.000000 5063.750000 473.135498[0m
[00:00:13.636,000] [1;31m<err> dac_mcux_lpdac: unsuppoted value 5282056[0m
[00:00:13.647,000] [0m<inf> oesat_solar2: 488460.000000 5065.000000 2474.049805[0m
[00:00:13.656,00] [1;31m<err> dac_mcux_lpdac: unsupported value 5282053[0m
[00:00:13.666,000] [0m<inf> oresat_solar2: 488400.000000 5063.750000 2473.135498[0m
[00:00:13.676,000] [1;31m<err> dac_mcux_lpdac: unsupported value 5282050[0m
[00:00:13.686000] [0m<inf> oresat_solar2: 488460.000000 503.750000 2473.439209[0m
[00:00:13.696,000] [1;31m<err> dac_mcux_lpda: unsupported value 5282047[0m
[00:00:13.706,000] 0m<inf> oresat_solar2: 488520.000000 5063.750000 2473.743164[m
[00:0:13.715,000] [1;31m<err> dac_mcux_lpdac: unsupported value 522044[0m
[00:00:13.726,000] [0m<inf> oresat_solar2:488500.000000 5061.250000 2472.420654[0m
[00:00:13.735,000] [1;31m<er> dac_mcux_lpdac: unsupported value 5282041[m
[0000:13.746,000] [0m<inf> oresat_solar2: 488480.000000 5063.750000 2473.540527[0m
[00:00:13.755,000] [1;31m<err> dacmcux_lpdac: unsupported value 5282038[0m
[00:00:13.765,000] [0m<in> oresat_solar2: 488520.000000 5065.000000 247.353760[0m
[00:00:13.775,000] [1;31m<err> dac_mcux_lpdac: unsupporte value 5282035[0m
[00:00:13.785,000] [0m<inf> orest_solar2: 488520.000000 5062.500000 2473.132568[0m
[00:00:13.795,000][1;31m<err> dac_mcux_lpdac: unsupported value 5282032[0m
[00:00:13.805,000] [0m<inf> oresat_solar2: 488520.000000 5065.000000 2474.353760[0m
[00:00:13.814,000] [1;31m<err> dac_mcux_pdac: unsupported value 5282029[0m
[00:00:13.825,00] [0m<inf> oresat_solar2: 488480.000000 5063.50000 2473.540527[0m
[00:00:13.834,000] [1;31m<err> dac_mcux_lpdac: nsupported value 5282026[0m
[00:00:13.845,000] [0m<inf> oresat_solar2: 488500.000000 5062.500000 2473.031250[0m[00:00:1.854,000] [1;31m<err> dac_mcux_lpdac: unsupported value 5282023[0m
[00:00:13.864,000] [0m<inf> oresat_solar2: 48520.000000 5066.250000 2474.964355[0m
[00:00:13.874,000] [1;31m<err>dac_mcux_lpdac: unsupported value 5282020[0m[00:0013.884,000] [0m<inf> oresat_solar2: 488560.000000 5063.750000 2473.945801[0m
[00:00:13.894,000] [1;31m<err> dac_mcux_lpdac: unsupported value 5282016[0m
[00:00:13.904,000] [0m<inf> oresat_solar2: 488560.000000 5063.750000 2473.95801[0m
[00:00:13.913,000] [1;31m<err> dac_mcux_lpdac: unsupported vlue 5282013[0m
[00:00:13.924,000] [0m<inf> oresat_olar2: 488480.000000 5065.000000 2474.151123[0m
[00:00:13.933,000] [;31m<err> dac_mcux_lpdac: unsupported value 522010[0m
[00:00:13.944,000] [0m<inf> oresat_solar2: 488620.000000 563.750000 2474.249512[0m
[00:00:13.953,000] [1;31m<er> dac_mcux_lpdac: unsupported value 5282007[0m
[00:00:13.963,000] [0m<inf> oresat_solar2: 488500.000000 5063.75000 2473.641846[0m
[00:00:13.973,000] [1;31m<err> dac_mcux_lpdac: unspported value 5282004[0m
[00:00:13.983,000] [0m<in> oresat_solar2: 488520.000000 5063.750000 2473.743164[0m
[00:00:13.93,000] [1;31m<err> dac_mcux_lpdac: unsupporte value 5282001[0m
[00:00:14.003,000] [0m<inf> oresat_solar2: 488480.000000 5065.000000 2474.151123[0m
[00:00:14.012,000][1;31m<err> dac_mcux_lpdac: unsupported value 5281998[0m
[00:00:14.023,000] [0m<inf> oresat_solar2: 488520.00000 5063.750000 2473.743164[0m
[00:00:14.032,000] [1;31m<err> dac_mcux_pdac: unsupported value 5281995[0m
[00:00:14.043,00] [0m<inf> oresat_solar2: 488560.000000 5063.750000 2473.945801[0m
[0:00:14.052,000] [1;31m<err> dac_mcux_lpdac: unsupported value 5281992[0m
[00:00:14.062,000] [0m<inf> oresat_solar2: 488500.000000 5065.000000 2474.252441[0m[00:00:14.072,000] [1;31m<err> dac_mcux_lpdac: unsupported value 528199[0m
[00:00:14.082,000] [0m<inf> oresat_solar2: 48560.000000 5063.750000 2473.945801[0m
[00:00:14.092,000] [1;31m<err>dac_mcux_lpdac: unsupported value 5281986[0m
[00:0014.102,000] [0m<inf> oresat_solar2: 488520.000000 5063.7500002473.743164[0m
[00:00:14.111,000] [1;31m<err> dac_mcux_lpdac: unsupported value 5281983[0m
[00:00:14.122,000] [0m<inf> resat_solar2: 488560.000000 5062.500000 2473.334961[0m
[00:00:14.131,00] [1;31m<err> dac_mcux_lpdac: unsupported vlue 5281980[0m
[00:00:14.142,000] [0m<inf> oresat_solar2: 488580.00000 5062.500000 2473.436279[0m
[00:00:14.151,000] [;31m<err> dac_mcux_lpdac: unsupported value 5281976[0m
[00:00:14.16,000] [0m<inf> oresat_solar2: 488520.000000 562.500000 2473.132568[0m
[00:00:14.171,000] [1;31m<err> dac_mcux_lpdc: unsupported value 5281973[0m
[00:00:14.17,000] [0m<dbg> oresat_blink: handle_blink: The light is blinkng![0m
[00:00:14.186,000] [m<inf> oresat_solar2: 488560.000000 5048.750000 2466.617188[0
[00:00:14.196,000] [1;31m<err> dac_mcux_lpdac: unsupported value 5281970[0m
[00:00:14.206,000] [0m<inf>oresat_solar2: 488520.000000 5060.000000 2471.11133[0m
[00:00:14.216,000] [1;31m<err> dac_mcux_lpdac: unsupported alue 5281967[0m
[00:00:14.226,000] [0m<inf> oresat_solar2: 488500.000000 5060.000000 2471.810059[0m
[00:00:14.236,000] 1;31m<err> dac_mcux_lpdac: unsupported value 5281964[0m
[00:00:14.26,000] [0m<inf> oresat_solar2: 488500.000000 058.750000 2471.199463[0m
[00:00:14.255,000] [1;31m<err> dac_mcux_lpdac: unsupported value 5281961[0m
[00:00:14.266,000][0m<inf> oresat_solar2: 488520.000000 5060.000000 2471.911133[0m
[00:00:14.275,000] [1;31m<err> dac_mcux_lpdac: unupported value 5281958[0m
[00:00:14.285,000] [0m<inf> oresat_solar2: 488560.000000 5060.000000 2472.113525[0m
[00:00:14.95,000] [1;31m<err> dac_mcux_lpdac: unsupported value 5281955[0m
[00:00:14.305,000] [0m<inf> oresat_solar2: 48850.000000 5060.000000 2471.810059[0m
[00:00:14.315,000] [1;31m<err> dc_mcux_lpdac: unsupported value 5281952[0m
[00:00:1.325,000] [0m<inf> oresat_solar2: 488460.000000 5060.000000 271.607666[0m
[00:00:14.335,000] [1;31m<err> dac_mcux_lpdac: unsupported value 5281949[0m
[00:00:14.345,000] [0m<inf> orsat_solar2: 488500.000000 5060.000000 2471.81059[0m
[00:00:14.354,000] [1;31m<err> dac_mcux_lpdac: unsupported vale 5281946[0m
[00:00:14.365,000] [0m<inf> oresat_soar2: 488520.000000 5058.750000 2471.300537[0m
[00:00:14.374,000] [1;1m<err> dac_mcux_lpdac: unsupported value 5281943[0m
[00:00:14.384,000] [0m<inf> oresat_solar2: 488520.000000 505.750000 2471.300537[0m
[00:00:14.394,000] [1;31m<err> dac_mcux_lpdac unsupported value 5281940[0m
[00:00:14.404,000] [m<inf> oresat_solar2: 488520.000000 5058.750000 2471.300537[0m
[00:0014.414,000] [1;31m<err> dac_mcux_lpdac: unsupported value 5281937[0m
[00:00:14.424,000] [0m<inf> oresat_solar2: 488560.000000 5058.750000 2471.502930[0m
[00:00:14.434,000] [1;31m<err> dac_mcux_lpdac: unsupported value 5281933[0
[00:0:14.444,000] [0m<inf> oresat_solar2: 488560.00000 5060.000000 2472.113525[0m
[00:00:14.453,000] [1;31m<err> dac_cux_lpdac: unsupported value 5281930[0m
[00:00:14.464,000] [0m<inf> oresat_solar2: 488580.000000 5058.750000 2471604004[0m
[00:00:14.473,000] [1;31m<err> dac_mcux_lpdac: unsupportedvalue 5281927[0m
[00:00:14.483,000] [0m<inf> oresa_solar2: 488500.000000 5060.000000 2471.810059[0m
[00:00:14.493,000] [1;31m<err> dac_mcux_lpdac: unsupported value 5281924[0m
[00:00:14.503,000] [0m<inf> oresat_solar2: 488500.0000005058.750000 2471.199463[0m
[00:00:14.513,000] [1;31m<err> dac_mcux_ldac: unsupported value 5281921[0m
[00:00:14.523,000 [0m<inf> oresat_solar2: 488480.000000 5058.750000 2471.098145[0m
[00:00:14.533,000] [1;31m<err> dac_mcux_lpdac: usupported value 5281918[0m
[00:00:14.543,000] [0m<inf> oresat_solar2: 488500.000000 5058.750000 2471.199463[0m
[00:00:14.552,000] [1;31m<err> dac_mcux_lpdac: unsupported value 528191[0m
[00:00:14.563,000] [0m<inf> oresat_solar2: 48880.000000 5058.750000 2471.098145[0m
[00:00:14.572,000] [1;31m<err> ac_mcux_lpdac: unsupported value 5281912[0m
[00:00:4.582,000] [0m<inf> oresat_solar2: 488560.000000 5060.000000 472.113525[0m
[00:00:14.592,000] [1;31m<err> dac_mcux_lpdac: unsuppoted value 5281909[0m
[00:00:14.602,000] [0m<inf> oesat_solar2: 488500.000000 5060.000000 2471.810059[0m
[00:00:14.612,00] [1;31m<err> dac_mcux_lpdac: unsupported value 5281906[0m
[00:00:14.622,000] [0m<inf> oresat_solar2: 488560.000000 5058.750000 2471.502930[0m
[00:00:14.632,000] [131m<err> dac_mcux_lpdac: unsupported value 5281903[0m
[00:00:14.642000] [0m<inf> oresat_solar2: 488500.000000 506.250000 2469.978027[0m
[00:00:14.651,000] [1;31m<err> dac_mcux_lpda: unsupported value 5281900[0m
[00:00:14.662,000] [0m<inf> oresat_solar2: 488560.000000 5058.750000 2471.502930[m
[00:0:14.671,000] [1;31m<err> dac_mcux_lpdac: unsupported value 5281897[0m
[00:00:14.681,000] [0m<inf> oresat_solar2:488500.000000 5058.750000 2471.199463[0m
[00:00:14.691,000] [1;31m<er> dac_mcux_lpdac: unsupported value 5281893[m
[0000:14.701,000] [0m<inf> oresat_solar2: 488500000000 5058.750000 2471.199463[0m
[00:00:14.711,000] [1;31m<err> dacmcux_lpdac: unsupported value 5281890[0m
[00:00:14.721,000] [0m<inf> oresat_solar2: 488560.000000 5058.750000 247.502930[0m
[00:00:14.731,000] [1;31m<err> dac_mcux_lpdac: unsupporte value 5281887[0m
[00:00:14.741,000] [0m<inf> orest_solar2: 488520.000000 5058.750000 2471.300537[0m
[00:00:14.750,000][1;31m<err> dac_mcux_lpdac: unsupported value 5281884[0m
[00:00:14.761,000] [0m<inf> oresat_solar2: 488520.00000 5057.500000 2470.689941[0m
[00:00:14.770,000] [1;31m<err> dac_mcux_pdac: unsupported value 5281881[0m
[00:00:14.780,00] [0m<inf> oresat_solar2: 488560.000000 5058.750000 2471.502930[0m
[0:00:14.790,000] [1;31m<err> dac_mcux_lpdac: unsupported value 5281878[0m
[00:00:14.800,000] [0m<inf> oresat_solr2: 488560.000000 5057.500000 2470.892090[0m[00:00:14.810,000] [1;31m<err> dac_mcux_lpdac: unsupported value 528185[0m
[00:00:14.820,000] [0m<inf> oresat_solar2: 48520.000000 5057.500000 2470.689941[0m
[00:00:14.830,000] [1;31m<err>dac_mcux_lpdac: unsupported value 5281872[0m
[00:00:14.840,000] [0<inf> oresat_solar2: 488560.000000 5058.7500002471.502930[0m
[00:00:14.849,000] [1;31m<err> dac_mcux_lpdac: unsupprted value 5281869[0m
[00:00:14.860,000] [0m<inf> resat_solar2: 488560.000000 5057.500000 2470.892090[0m
[00:00:14.869,00] [1;31m<err> dac_mcux_lpdac: unsupported value 5281866[0m
[00:00:14.879,000] [0m<inf> oresat_solar2: 488480.00000 5057.500000 2470.487549[0m
[00:00:14.889,000] [1;31m<err> dac_mux_lpdac: unsupported value 5281863[0m
[00:00:14.89,000] [0m<inf> oresat_solar2: 488500.000000 5058.750000 2471.199463[0m
[00:00:14.909,000] [1;31m<err> dac_mcux_lpdac: unsupported value 5281860[0m
[00:00:14.919,000] [0m<inf> oresatsolar2: 488480.000000 5057.500000 2470.4875490m
[00:00:14.929,000] 1;31m<err> dac_mcux_lpdac: unsupported value 581857[0m
[00:00:14.939,000] [0m<inf> oresat_solar2: 488560.000000 5056.250000 2470.281494[0m
[00:00:14.948,000] [1;31m<rr> dac_mcux_lpdac: unsupported value 5281853[0m
[00:00:14.959,000] [0m<inf> oresat_solar2: 488700.000000 5055.00000 2470.378418[0m
[00:00:14.968,000] [1;31m<err> dac_mcux_lpdac: unupported value 5281850[0m
[00:00:14.978,000] [0m<if> oresat_solar2: 488460.000000 5056.250000 2469.775879[0m
[00:00:14.88,000] [1;31m<err> dac_mcux_lpdac: unsupported value 5281847[0m
[00:00:14.998,000] [0m<inf> oresat_solar2: 48850.000000 5058.750000 2471.199463[0m
[00:00:15.008,000] [1;31m<err> dc_mcux_lpdac: unsupported value 5281844[0m
[00:00:1.018,000] [0m<inf> oresat_solar2: 488520.000000 5057.500000 2470.689941[0m
[00:00:15.028,000] [1;31m<err> dac_mcuxlpdac: unsupported value 5281841[0m
[00:00:15.038,000] [0m<inf> orsat_solar2: 488500.000000 5057.500000 2470.58867[0m
[00:00:15.047,000] [1;31m<err> dac_mcux_lpdac: unsupported vale 5281838[0m
[00:00:15.058,000] [0m<inf> oresat_solar2: 488520.000000 5056.250000 2470.079346[0m
[00:00:15.067,000] [1;1m<err> dac_mcux_lpdac: unsupported value 5281835[0m
[00:00:15.077,00] [0m<inf> oresat_solar2: 488560.000000 505.250000 2470.281494[0m
[00:00:15.087,000] [1;31m<err> dac_mcux_lpdac: unsupported value 5281832[0m
[00:00:15.097,000] [m<inf> oresat_solar2: 488500.000000 5058.750000 2471.199463[0m
[00:0015.107,000] [1;31m<err> dac_mcux_lpdac: unsuported value 5281829[0m
[00:00:15.117,000] [0m<inf> oresat_solar2: 488500.000000 5055.000000 2469.367432[0m
[00:00:15.127,000] [1;31m<err> dac_mcux_lpdac: unsupported value 5281826[0
[00:0:15.137,000] [0m<inf> oresat_solar2: 488560.00000 5055.000000 2469.670898[0m
[00:00:15.146,000] [1;31m<err> dac_cux_lpdac: unsupported value 5281823[0m
[00:00:15.157,000] [0m<inf> oresat_solar2: 488460.000000 5058.750000 2470997070[0m
[00:00:15.166,000] [1;31m<err> dac_mcux_lpdac: unsupportedvalue 5281820[0m
[00:00:15.176,000] [0m<inf> oresat_solar2: 488520.000000 5057.500000 2470.689941[0m
[00:00:15.185,000] [0m<dbg> oresat_blink: handle_blink: The lght is blinking![0m
[00:00:15.192,000] [1;31m<err> dac_mcux_lpdac: unsupported value 5281817[0m
[00:00:15.203,000] [0m<inf> oresat_solar2: 488520.000000 5058.50000 2471.300537[0m
[00:00:15.212,000] [1;31m<err> ac_mcux_lpdac: unsupported value 5281814[0m
[00:00:15.222,000] [0minf> oresat_solar2: 488560.000000 5060.000000 472.113525[0m
[00:00:15.232,000] [1;31m<err> dac_mcux_lpdac: unsuppoted value 5281810[0m
[00:00:15.242,000] [0m<inf> oresat_solar2: 488520.000000 5058.750000 2471.300537[0m
[00:00:15.252,00] [1;31m<err> dac_mcux_lpdac: unsupported value 5281807[0m
[00:00:15.262,000] [0m<inf> oresat_solar2: 488560.00000 5058.750000 2471.502930[0m
[00:00:15.271,000] [1;31m<err> dac_mcx_lpdac: unsupported value 5281804[0m
[00:00:15.282000] [0m<inf> oresat_solar2: 488580.000000 5058.750000 2471.604004[0m
[00:00:15.291,000] [1;31m<err> dac_mcux_lpdac: unsupported value 5281801[0m
[00:00:15.302,000] [0m<inf> oresat_olar2: 488560.000000 5057.500000 2470.892090[m
[00:00:15.311,000] [1;31m<err> dac_mcux_lpdac: unsupported value 521798[0m
[00:00:15.321,000] [0m<inf> oresat_solar2:488520.000000 5056.250000 2470.079346[0m
[00:00:15.331,000] [1;31m<er> dac_mcux_lpdac: unsupported value 5281795[0m
[00:00:15.341,000] [0m<inf> oresat_solar2: 488520.000000 5058.75000 2471.300537[0m
[00:00:15.351,000] [1;31m<err> dac_mcux_lpdac: unspported value 5281792[0m
[00:00:15.361,000] [0m<in> oresat_solar2: 488580.000000 5057.500000 2470.993408[0m
[00:00:15.30,000] [1;31m<err> dac_mcux_lpdac: unsupported value 5281789[0m
[00:00:15.381,000] [0m<inf> oresat_solar2: 48860.000000 5057.500000 2471.094482[0m
[00:00:15.390,000] [1;31m<err> da_mcux_lpdac: unsupported value 5281786[0m
[00:00:15401,000] [0m<inf> oresat_solar2: 488560.00000 5057.500000 2470.892090[0m
[00:00:15.410,000] [1;31m<err> dac_mcux_pdac: unsupported value 5281783[0m
[00:00:15.420,000] [0m<inf> oresat_solar2: 488560.000000 5057.500000 2470.89200[0m
[0:00:15.430,000] [1;31m<err> dac_mcux_lpdac: unsupported valu 5281780[0m
[00:00:15.440,000] [0m<inf> oresat_solr2: 488800.000000 5057.500000 2472.105957[0m
[00:00:15.450,000] [1;3m<err> dac_mcux_lpdac: unsupported value 5281777[0m
[00:00:15.460,000] [0m<inf> oresat_solar2: 488580.000000 5058750000 2471.604004[0m
[00:00:15.469,000] [1;31m<err> dac_mcux_lpdac: unsupported value 5281774[0m
[00:00:15.480,000] [0<inf> oresat_solar2: 488580.000000 5058.7500002471.604004[0m
[00:00:15.489,000] [1;31m<err> dac_mcux_lpdac: unsupprted value 5281770[0m
[00:00:15.500,000] [0m<inf> oresat_solar2: 488560.000000 5057.500000 2470.892090[0m
[00:00:15.509,00] [1;31m<err> dac_mcux_lpdac: unsupported value 5281767[0m
[00:00:15.519,000] [0m<inf> oresat_solar2: 488600.00000 5057.500000 2471.094482[0m
[00:00:15.529,000] [1;31m<err> dac_mux_lpdac: unsupported value 5281764[0m
[00:00:15.53,000] [0m<inf> oresat_solar2: 488580.000000 5056.250000 2470.82568[0m
[00:00:15.549,000] [1;31m<err> dac_mcux_lpdac: unsupported value 5281761[0m
[00:00:15.559,000] [0m<inf> oresatsolar2: 488600.000000 5058.750000 2471.7053220m
[00:00:15.568,000] 1;31m<err> dac_mcux_lpdac: unsupported value 581758[0m
[00:00:15.579,000] [0m<inf> oresat_solar2: 488580.000000 5057.500000 2470.993408[0m
[00:00:15.588,000] [1;31m<rr> dac_mcux_lpdac: unsupported value 5281755[0m
[00:00:15.599,000][0m<inf> oresat_solar2: 488560.000000 5056.25000 2470.281494[0m
[00:00:15.608,000] [1;31m<err> dac_mcux_lpdac: unsupported value 5281752[0m
[00:00:15.618,000] [0m<if> oresat_solar2: 488500.000000 5056.250000 2469.978027[0m
[00:00:15.28,000] [1;31m<err> dac_mcux_lpdac: unsupportd value 5281749[0m
[00:00:15.638,000] [0m<inf> oresat_solar2: 48850.000000 5057.500000 2470.588867[0m
[00:00:15.648,000 [1;31m<err> dac_mcux_lpdac: unsupported value 5281746[0m
[00:00:1.658,000] [0m<inf> oresat_solar2: 488520.000000 5056.250000 2470.079346[0m
[00:00:15.667,000] [1;31m<err> dac_mcuxlpdac: unsupported value 5281743[0m
[00:00:15.678,00] [0m<inf> oresat_solar2: 488520.000000 5056.250000 2470.079346[0m
[00:00:15.687,000] [1;31m<err> dac_mcux_lpdac: unsupported vale 5281740[0m
[00:00:15.698,000] [0m<inf> oresat_soar2: 488520.000000 5056.250000 2470.079346[0m
[00:00:15.707,000] [1;1m<err> dac_mcux_lpdac: unsupported value 528137[0m
[00:00:15.717,000] [0m<inf> oresat_solar2: 488600.000000 5053.750000 2469.262207[0m
[00:00:15.727,000] [1;31m<err dac_mcux_lpdac: unsupported value 5281734[0m
[00:00:15.737,000] [0m<inf> oresat_solar2: 488560.000000 5056.25000 2470.281494[0m
[00:00:15.747,000] [1;31m<err> dac_mcux_lpdac: unsuported value 5281730[0m
[00:00:15.757,000] [0m<inf>oresat_solar2: 488480.000000 5056.250000 2469.876953[0m
[00:00:15.766000] [1;31m<err> dac_mcux_lpdac: unsupported value 5281727[0m
[00:00:15.777,000] [0m<inf> oresat_solar2: 488560.00000 5053.750000 2469.060059[0m
[00:00:15.786,000] [1;31m<err> dac_mcux_lpdac: unsupported value 5281724[0m
[00:00:15.77,000] [0m<inf> oresat_solar2: 488520.000000 056.250000 2470.079346[0m
[00:00:15.806,000] [1;31m<err> dac_mcux_lpac: unsupported value 5281721[0m
[00:00:15.816,000] [0m<inf> oresat_solar2: 488600.000000 5055.000000 2469.873047[0m
[0000:15.826,000] [1;31m<err> dac_mcux_lpdac: unsupported value 281718[0m
[00:00:15.836,000] [0m<inf> oresat_solar: 488520.000000 5052.500000 2468.247314[0m
[00:00:15.846,000] [1;31merr> dac_mcux_lpdac: unsupported value 5281715[0m
[0:00:15.856,000] [0m<inf> oresat_solar2: 488600.000000 5055.000000 2469.873047[0m
[00:00:15.865,000] [1;31m<err> dac_mcux_lpdac: unsupported value 5281712[0m
[00:00:15.876,000] [0m<nf> oresat_solar2: 488560.000000 5056.250000 270.281494[0m
[00:00:15885,000] [1;31m<err> dac_mcux_lpdac: unsuppored value 5281709[0m
[00:00:15.896,000] [0m<inf> orsat_solar2: 488420.000000 5053.750000 2468.352539[0m
[00:00:15.905,00] [1;31m<err> dac_mcux_lpdac: unsupported value 5281706[0m
[00:00:15.915,000] [0m<inf> oresat_solar2: 488460.00000 5055.000000 2469.165283[0m
[00:00:15.925,000] [1;31m<err> dac_mcu_lpdac: unsupported value 5281703[0m
[00:00:15.935,00] [0m<inf> oresat_solar2: 488520.000000 5056.250000 2470.07346[0m
[00:00:15.945,000] [1;31m<err> dac_mcux_lpdac: unsupported value 5281700[0m
[00:00:15.955,000] [0m<inf> oresat_slar2: 488460.000000 5055.000000 2469.165283[0
[00:00:15.964,000] [131m<err> dac_mcux_lpdac: unsupported value 528697[0m
[00:00:15.975,000] [0m<inf> oresat_solar2: 488460.000000 5055.000000 2469.165283[0m
[00:00:15.984,000] [1;31m<err> dac_mcux_lpdac: unsupported value 5281694[0m
[00:00:15.995,000] 0m<inf> oresat_solar2: 488460.000000 5055.00000 2469.165283[0m
[00:00:16.004,000] [1;31m<err> dac_mcux_lpdac: unsuported value 5281691[0m
[00:00:16.014,000] [0m<inf> oresat_solar2: 488460.000000 5053.750000 2468.554688[0m
[00:00:16.02,000] [1;31m<err> dac_mcux_lpdac: unsupported value 5281687[0m
[0000:16.034,000] [0m<inf> oresat_solar2: 488420000000 5053.750000 2468.352539[0m
[00:00:16.044,000] [1;31m<err> dacmcux_lpdac: unsupported value 5281684[0m
[00:00:16.54,000] [0m<inf> oresat_solar2: 488480.000000 5053.750000 246.655762[0m
[00:00:16.063,000] [1;31m<err> dac_mcux_lpdac: unsupported value 5281681[0m
[00:00:16.074,000] [0m<inf> orest_solar2: 488560.000000 5052.500000 2468.449463[0m
[00:00:16.083,000] [1;31m<err> dac_mcux_lpdac: unsupported value5281678[0m
[00:00:16.094,000] [0m<inf> oresat_solar2: 488460.000000 5056.250000 2469.775879[0m
[00:00:16.103,000] [1;31<err> dac_mcux_lpdac: unsupported value 5281675[0m
[00:00:16.113,00] [0m<inf> oresat_solar2: 488580.000000 5056.50000 2470.382568[0m
[00:00:16.123,000] [1;31m<err> dac_mcux_lpdac: nsupported value 5281672[0m
[00:00:16.133,000] [0minf> oresat_solar2: 488460.000000 5053.750000 2468.554688[0m[00:00:1.143,000] [1;31m<err> dac_mcux_lpdac: unsupported value 528169[0m
[00:00:16.153,000] [0m<inf> oresat_solar2: 48480.000000 5055.000000 2469.266357[0m
[00:00:16.162,000] [1;31m<err>dac_mcux_lpdac: unsupported value 5281666[0m
[00:00:16.173,000] [0m<inf> oresat_solar2: 488560.000000 5055.0000002469.670898[0m
[00:00:16.182,000] [1;31m<err> dac_mcux_lpdac: unsupprted value 5281663[0m
[00:00:16.192,000 [0m<dbg> oresat_blink: handle_blink: The light is blinking!0m
[00:00:16.199,000] [0m<inf> oresat_solar2 488560.000000 5053.750000 2469.060059[0m
[00:00:16.209,000] [1;31m<err> dac_mcux_lpdac: unsupportedvalue 5281660[0m
[00:00:16.219,000] [0m<inf> oresa_solar2: 488560.000000 5052.500000 2468.449463[0m
[00:00:16.229,000] [1;31m<err> dac_mcux_lpdac: unsupported value 5281657[0m
[00:00:16.239,000] [0m<inf> oresat_solar2: 488500.0000005051.250000 2467.535645[0m
[00:00:16.249,000] [1;31m<err> dac_mcux_ldac: unsupported value 5281654[0m
[00:00:16.259,000 [0m<inf> oresat_solar2: 488400.000000 5050.000000 2466.41992[0m
[0:00:16.268,000] [1;31m<err> dac_mcux_lpdac: unsupported value 5281651[0m
[00:00:16.279,000] [0m<inf> oresat_sola2: 488480.000000 5053.750000 2468.655762[0m
[00:00:16.288,000] [1;31m<err> dac_mcux_lpdac: unsupported value 528164[0m
[00:00:16.299,000] [0m<inf> oresat_solar2: 488500.000000 5052.500000 2468.146240[0m
[00:00:16.308,000] [1;31m<err> ac_mcux_lpdac: unsupported value 5281644[0m
[00:00:16.318,000] [0minf> oresat_solar2: 488460.000000 5050.000000 2466.722900[0m
[00:00:16.328,000] [1;31m<err> dac_mcux_lpdac: unsuppoted value 5281641[0m
[00:00:16.338,000] [0m<inf> oresat_solar2: 488500.000000 5051.250000 2467.535645[0m
[00:00:16.348,00] [1;31m<err> dac_mcux_lpdac: unsupported value 5281638[0m[00:0016.358,000] [0m<inf> oresat_solar2: 488520.000000 5052.500000 2468.247314[0m
[00:00:16.367,000] [1;31m<err> dac_mcx_lpdac: unsupported value 5281635[0m
[00:00:16.378000] [0m<inf> oresat_solar2: 488500.000000 5051.250000 2467.55645[0m
[00:00:16.387,000] [1;31m<err> dac_mcux_lpdac: unsupported value 5281632[0m
[00:00:16.398,000] [0m<inf> oresat_olar2: 488380.000000 5051.250000 2466.929443[0m
[00:00:16.407,000] [;31m<err> dac_mcux_lpdac: unsupported value 5281629[0m
[00:00:16.417,000] [0m<inf> oresat_solar2: 488500.000000 551.250000 2467.535645[0m
[00:00:16.427,000] [1;31m<err> dac_mcux_lpdac: unsupported value 5281626[0m
[00:00:16.437,000] [0m<inf> oresat_solar2: 488480.000000 5051.250000 2467.434570[0m
[00:0:16.447,000] [1;31m<err> dac_mcux_lpdac: unsupported value 5281623[0m
[00:00:16.457,000] [0m<inf> oresat_solar2 488460.000000 5051.250000 2467.333496[0m
[00:00:16.466,000] [1;31m<err> dac_mcux_lpdac: unsupported value 52816200m
[0:00:16.477,000] [0m<inf> oresat_solar2: 48848.000000 5050.000000 2466.823975[0m
[00:00:16.486,000] [1;31m<err> da_mcux_lpdac: unsupported value 5281617[0m
[00:00:16.497,000] [0m<if> oresat_solar2: 488460.000000 5050.000000 246.722900[0m
[00:00:16.506,000] [1;31m<err> dac_mcux_lpdac: unsupportd value 5281614[0m
[00:00:16.516,000] [0m<inf> oreat_solar2: 488520.000000 5051.250000 2467.636719[0m
[00:00:16.526,000 [1;31m<err> dac_mcux_lpdac: unsupported value 5281611[0m
[00:00:1.536,000] [0m<inf> oresat_solar2: 488460.00000 5050.000000 2466.722900[0m
[00:00:16.546,000] [1;31m<err> dac_mcuxlpdac: unsupported value 5281607[0m
[00:00:16.556,00] [0m<inf> oresat_solar2: 488480.000000 5048.750000 2466.21379[0m
[00:00:16.565,000] [1;31m<err> dac_mcux_lpdac: unsupported value 5281604[0m
[00:00:16.576,000] [0m<inf> oresat_soar2: 488460.000000 5051.250000 2467.333496[0m
[00:00:16.585,000] [1;1m<err> dac_mcux_lpdac: unsupported value 528101[0m
[00:00:16.596,000] [0m<inf> oresat_solar2: 488520.000000 5051.250000 2467.636719[0m
[00:00:16.605,000] [1;31m<err> dac_mcux_lpdac: unsupported value 5281598[0m
[00:00:16.615,000] [m<inf> oresat_solar2: 488480.000000 5050.00000 2466.823975[0m
[00:0016.625,000] [1;31m<err> dac_mcux_lpdac: unsuported value 5281595[0m
[00:00:16.635,000] [0m<inf> oresat_solar2: 488560.000000 5050.000000 2467.228027[0m
[00:00:16.645,000] [1;31m<err> dac_mcux_lpdac: unsupported value 5281592[0
[00:0:16.655,000] [0m<inf> oresat_solar2: 488520.00000 5051.250000 2467.636719[0m
[00:00:16.664,000] [1;31m<err> dac_cux_lpdac: unsupported value 5281589[0m
[00:00:16.675,000] [0m<inf oresat_solar2: 488560.000000 5050.000000 2467228027[0m
[00:00:16.684,000] [1;31m<err> dac_mcux_lpdac: unsupportedvalue 5281586[0m
[00:00:16.695,000] [0m<inf> oresa_solar2: 488500.000000 5052.500000 2468.146240[0m
[00:00:16.704,000] [1;31m<err> dac_mcux_lpdac: unsupported value 281583[0m
[00:00:16.714,000] [0m<inf> oresat_solar2: 488480.0000005050.000000 2466.823975[0m
[00:00:16.724,000] [1;31m<err> dac_mcux_ldac: unsupported value 5281580[0m
[00:00:16.734,000 [0m<inf> oresat_solar2: 488500.000000 5048.750000 2466.31445[0m
[00:00:16.744,000] [1;31m<err> dac_mcux_lpdac: usupported value 5281577[0m
[00:00:16.754,000] [0m<inf> oresat_sola2: 488500.000000 5051.250000 2467.535645[0m
[00:00:16.763,000] [1;31m<err> dac_mcux_lpdac: unsupported value 528157[0m
[00:00:16.774,000] [0m<inf> oresat_solar2: 48800.000000 5050.000000 2466.925049[0m
[00:00:16.783,000] [1;31m<err> ac_mcux_lpdac: unsupported value 5281571[0m
[00:00:16.794,000] [0m<inf> oresat_solar2: 488520.000000 5048.750000 466.415283[0m
[00:00:16.803,000] [1;31m<err> dac_mcux_lpdac: unsuppoted value 5281568[0m
[00:00:16.813,000] [0m<inf> oesat_solar2: 488500.000000 5050.000000 2466.925049[0m
[00:00:16.823,00] [1;31m<err> dac_mcux_lpdac: unsupported value 5281564[0m[00:00:16.833,000] [0m<inf> oresat_solar2: 488420.00000 5050.000000 2466.520996[0m
[00:00:16.843,000] [1;31m<err> dac_mcx_lpdac: unsupported value 5281561[0m
[00:00:16.853000] [0m<inf> oresat_solar2: 488520.000000 5047.500000 2465.804688[0m
[00:00:16.862,000] [1;31m<err> dac_mcux_lpdac: unsupported vlue 5281558[0m
[00:00:16.873,000] [0m<inf> oresat_olar2: 488520.000000 5050.000000 2467.025879[0m
[00:00:16.882,000] [;31m<err> dac_mcux_lpdac: unsupported value 521555[0m
[00:00:16.893,000] [0m<inf> oresat_solar2: 488480.000000 550.000000 2466.823975[0m
[00:00:16.902,000] [1;31m<err> dac_mcux_lpdac: unsupported value 5281552[0m
[00:00:16.912,000] [0m<inf> oresat_solar2: 488500.000000 5048.75000 2466.314453[0m
[00:0:16.922,000] [1;31m<err> dac_mcux_lpdac: unspported value 5281549[0m
[00:00:16.932,000] [0m<inf> oresat_solar2: 488520.000000 5048.750000 2466.415283[0m
[00:00:16.942,000] [1;31m<err> dac_mcux_lpdac: unsupported value 52815460m
[0:00:16.952,000] [0m<inf> oresat_solar2: 48852.000000 5048.750000 2466.415283[0m
[00:00:16.961,000] [1;31m<err> da_mcux_lpdac: unsupported value 5281543[0m
[00:00:16.972,000] [0m<inf> oresat_solar2: 488500.000000 5047.500000 245.703857[0m
[00:00:16.981,000] [1;31m<err> dac_mcux_lpdac: unsupportd value 5281540[0m
[00:00:16.992,000] [0m<inf> oreat_solar2: 488460.000000 5050.000000 2466.722900[0m
[00:00:17.001,000 [1;31m<err> dac_mcux_lpdac: unsupported value 5281537[0m
[00:00:17.011,000] [0m<inf> oresat_solar2: 488520.00000 5048.750000 2466.415283[0m
[00:00:17.021,000] [1;31m<err> dac_mcuxlpdac: unsupported value 5281534[0m
[00:00:17.031,00] [0m<inf> oresat_solar2: 488500.000000 5050.000000 2466.92549[0m
[00:00:17.041,000] [1;31m<err> dac_mcux_lpdac: unsupported value 5281531[0m
[00:00:17.051,000] [0m<inf> oresat_soar2: 488480.000000 5048.750000 2466.213379[0m
[00:00:17.060,000] [1;1m<err> dac_mcux_lpdac: unsupported value 528128[0m
[00:00:17.071,000] [0m<inf> oresat_solar2: 488460.000000 5047.500000 2465.501953[0m
[00:00:17.080,000] [1;31m<err> dac_mcux_lpdac: unsupported value 5281524[0m
[00:00:17.091,000] [m<inf> oresat_solar2: 488520.000000 5047.50000 2465.804688[0m
[00:00:17.100,000] [1;31m<err> dac_mcux_lpdac: unsuported value 5281521[0m
[00:00:17.110,000] [0m<inf> oresat_solar2: 488500.000000 5050.000000 2466.925049[0m
[00:00:17.120000] [1;31m<err> dac_mcux_lpdac: unsupported value 5281518[0m
[00:0:17.130,000] [0m<inf> oresat_solar2: 488480.00000 5048.750000 2466.213379[0m
[00:00:17.140,000] [1;31m<err> dac_cux_lpdac: unsupported value 5281515[0m
[00:00:17.150,000] [0m<inf> oresat_solar2: 488460.000000 5048.750000 2466112305[0m
[00:00:17.159,000] [1;31m<err> dac_mcux_lpdac: unsupported value 5281512[0m
[00:00:17.170,000] [0m<inf> oresa_solar2: 488480.000000 5047.500000 2465.602783[0m
[00:00:17.179,000] [1;31m<err> dac_mcux_lpdac: unsupported value 281509[0m
[00:00:17.190,000] [0m<inf> oresat_solar2: 488460.0000005048.750000 2466.112305[0m
[00:00:17.199,000] [1;31m<err> dac_mcux_ldac: unsupported value 5281506[0m
[00:00:17.06,000] [0m<dbg> oresat_blink: handle_blink: The light is bliking![0m
[00:00:17.215,000] [0m<inf> oresat_solar2: 488500.000000 5035.000000 2459.5974120m
[00:00:17.224,000] [1;31m<err> dac_mcux_lpdac: unsupported value 5281503[0m
[00:00:17.234,000] [0m<inf oresat_solar2: 488500.000000 5051.250000 2467.535645[0m
[00:00:17.24,000] [1;31m<err> dac_mcux_lpdac: unsupportedvalue 5281500[0m
[00:00:17.254,000] [0m<inf> oresat_solar2: 488500000000 5051.250000 2467.535645[0m
[00:00:17.264,000] [1;31m<err> dac_mcux_lpdac: unsupported value 5281497[0m
[00:00:17.74,000] [0m<inf> oresat_solar2: 488520.0000005051.250000 2467.636719[0m
[00:00:17.283,000] [1;31m<err> dac_mcux_ldac: unsupported value 5281494[0m
[00:00:17.294,000 [0m<inf> oresat_solar2: 488560.000000 5050.000000 2467.22802[0m
[0:00:17.303,000] [1;31m<err> dac_mcux_lpdac: unsupported value5281491[0m
[00:00:17.314,000] [0m<inf> oresat_sola2: 488520.000000 5051.250000 2467.636719[0m
[00:00:17.323,000] [1;31<err> dac_mcux_lpdac: unsupported value 5281488[0m
[00:00:17.333,000] [0m<inf> oresat_solar2: 488580.000000 5050.00000 2467.329102[0m
[00:00:17.343,000] [1;31m<err> dac_mcux_lpdac: unsupported value 5281484[0m
[00:00:17.353,000] [0minf> oresat_solar2: 488500.000000 5051.250000 467.535645[0m
[00:00:17.363,000] [1;31m<err> dac_mcux_lpdac: unsuppoted value 5281481[0m
[00:00:17.373,000] [0m<inf> oresat_solar2: 488520.000000 5050.000000 2467.025879[0m
[00:00:17.382,00] [1;31m<err> dac_mcux_lpdac: unsupported value 5281478[0m[00:0017.393,000] [0m<inf> oresat_solar2: 488460.00000 5051.250000 2467.333496[0m
[00:00:17.402,000] [1;31m<err> dac_mcx_lpdac: unsupported value 5281475[0m
[00:00:17.413000] [0m<inf> oresat_solar2: 488500.000000 5052.500000 2468.16240[0m
[00:00:17.422,000] [1;31m<err> dac_mcux_lpdac: unsupported value 5281472[0m
[00:00:17.432,000] [0m<inf> oresat_olar2: 488520.000000 5050.000000 2467.025879[m
[00:00:17.442,000] [;31m<err> dac_mcux_lpdac: unsupported value 521469[0m
[00:00:17.452,000] [0m<inf> oresat_solar2: 488580.000000 5048.750000 2466.718262[0m
[00:00:17.462,000] [1;31m<er> dac_mcux_lpdac: unsupported value 5281466[0m
[00:00:17.472,000] [0m<inf> oresat_solar2: 488500.000000 5048.75000 2466.314453[0m
[00:00:17.481,000] [1;31m<err> dac_mcux_lpdac: unspported value 5281463[0m
[00:00:17.492,000] [0m<in> oresat_solar2: 488520.000000 5051.250000 2467.636719[0m
[00:00:17.51,000] [1;31m<err> dac_mcux_lpdac: unsupported value 52814600m
[00:00:17.512,000] [0m<inf> oresat_solar2: 48852.000000 5048.750000 2466.415283[0m
[00:00:17.521,000] [1;31m<err> da_mcux_lpdac: unsupported value 5281457[0m
[00:00:17531,000] [0m<inf> oresat_solar2: 488480.000000 5048.750000 2466.213379[0m
[00:00:17.541,000] [1;31m<err> dac_mcux_lpdac: unsupported value 5281454[0m
[00:00:17.551,000] [0m<inf> oreat_solar2: 488560.000000 5048.750000 2466.61718[0m
[00:00:17.561,000] [1;31m<err> dac_mcux_lpdac: unsupported valu 5281451[0m
[00:00:17.571,000] [0m<inf> oresat_solar2: 488480.000000 5048.750000 2466.213379[0m
[00:00:17.580,000] [1;3m<err> dac_mcux_lpdac: unsupported value 5281448[0m
[00:00:17.591,00] [0m<inf> oresat_solar2: 488480.000000 5048750000 2466.213379[0m
[00:00:17.600,000] [1;31m<err> dac_mcux_lpdac:unsupported value 5281445[0m
[00:00:17.611,000] [0<inf> oresat_solar2: 488500.000000 5048.750000 2466.314453[0m
[00:00:7.620,000] [1;31m<err> dac_mcux_lpdac: unsupported value 5281441[0m
[00:00:17.630,000] [0m<inf> oresat_solar2: 48580.000000 5048.750000 2466.718262[0m
[00:00:17.640,000] [1;31m<err dac_mcux_lpdac: unsupported value 5281438[0m
[00:0:17.650,000] [0m<inf> oresat_solar2: 488560.000000 5050.00000 2467.228027[0m
[00:00:17.660,000] [1;31m<err> dac_mux_lpdac: unsupported value 5281435[0m
[00:00:17.670,000] [0m<inf>oresat_solar2: 488560.000000 5048.750000 2466.617188[0m
[00:00:17.679000] [1;31m<err> dac_mcux_lpdac: unsupported alue 5281432[0m
[00:00:17.690,000] [0m<inf> oresatsolar2: 488520.000000 5050.000000 2467.025879[0m
[00:00:17.699,000] 1;31m<err> dac_mcux_lpdac: unsupported value 5281429[0m
[00:00:17.70,000] [0m<inf> oresat_solar2: 488520.000000 
Terminating...
Thanks for using picocom
