picocom v2024-07

port is        : /dev/ttyACM2
flowcontrol    : none
baudrate is    : 115200
parity is      : none
databits are   : 8
stopbits are   : 1
txdelay is     : 0 ns
escape is      : C-a
local echo is  : no
noinit is      : no
noreset is     : no
hangup is      : no
nolock is      : no
send_cmd is    : sz -vv
receive_cmd is : rz -vv -E
imap is        : 
omap is        : 
emap is        : crcrlf,delbs,
logfile is     : none
initstring     : none
exit_after is  : not set
exit is        : no
minimal cmds is: no

Type [C-a] [C-h] to see available commands
Terminal ready
*** Bootingüðü*** Bootin Zephyr OS build v4.2.0 ***

[00:00:00.002,00] [0m<inf> oresat_mcxn947_solar: Oresat MCXN947 Solar Board App
[0m
[00:00:00.002,000] [0m<inf> oresat_bink: Starting blink demo[0m
[00:00:00.002,000] [0m<dbg> oresat_blink: handle_blink: The light is blinking![0m
[00:00:00.002,000] [0m<inf> oresat_solar: Starting Solar Tracking...[0m
[00:00:00.002,000] [1;31m<err> mcux_lpi2c: SCL GPIO device not ready[0m
00:00:00.002,000] [0m<inf> oresat_solar2: Starting INA226 reading[0m
[00:00:00.005,000] [0m<inf> oresat_slar2: 5 5022.500000 -520.000000 -2.611700 1597500[0m
[00:00:00.011,000] [0m<inf> oresat_solar2: 11 5061.25000 -520.000000 -2.631850 1595000[0m
[00:00:0.017,000] [0m<inf> oresat_solar2: 17 5022.500000 -580.000000-2.913050 1592500[0m
[00:00:00.022,000] [0minf> oresat_solar2: 22 5042.500000 -580.000000 -2.924650 1590000[0m
[00:00:00.028,000] [0m<inf> oresat_solr2: 28 5068.750000 -540.000000 -2.737125 1587500[0m
[00:00:00.034,000] [0m<inf> oresat_solar2: 34 5086.25000 -520.000000 -2.644850 1585000[0m
[00:00:0.039,000] [0m<inf> oresat_solar2: 39 5103.750000 -540.000000 2.756025 1582500[0m
[00:00:00.045,000] [0m<nf> oresat_solar2: 45 5120.000000 -580.000000 -2.969600 158000[0m
[00:00:00.051,000] [0m<inf> oresat_sola2: 51 5133.750000 -540.000000 -2.772225 1577500[0m
[00:00:00.057,000] [0m<inf> oresat_solar2: 57 5138.75000 120.000000 0.616650 1575000[0m
[00:00:00.02,000] [0m<inf> oresat_solar2: 62 5152.500000 100.000000 0.51250 1572500[0m
[00:00:00.068,000] [0m<inf> resat_solar2: 68 5160.000000 80.000000 0.412800 1570000[0m
[00:00:00.074,000] [0m<inf> oresat_solar2: 74 570.000000 60.000000 0.310200 1567500[0m
[00:00:00.079,000] [0m<inf> oresat_solar2: 79 5176.250000 80.00000 0.414100 1565000[0m
[00:00:00.085,000] [0minf> oresat_solar2: 85 5183.750000 80.000000 0.414700 15625000m
[00:00:00.091,000] [0m<inf> oresat_solar2 91 5191.250000 80.000000 0.415300 1560000[0m
[00:00:00.096,000] [0m<inf> oresat_solar2: 96 5196.250000 10.000000 0.519625 1557500[0m
[00:00:00.102,000] [0m<inf> oresat_solar2: 102 5202.500000 120.000000 0.6243001555000[0m
[00:00:00.108,000] [0m<inf> orest_solar2: 108 5207.500000 80.000000 0.416600 1552500[0m
[00:00:00.114,000] [0m<inf> oresat_solar2: 114 521.250000 80.000000 0.416900 1550000[0m
[00:00:00.119,000] [0m<inf> oresat_solar2: 119 5216.250000 60.0000000.312975 1547500[0m
[00:00:00.125,000] [0m<inf> oresat_solar2: 125 5220.000000 80.000000 0.417600 15450000m
[00:00:00.131,000] [0m<inf> oresat_solar2 131 5223.750000 60.000000 0.313425 1542500[0m
[00:00:00.136000] [0m<inf> oresat_solar2: 136 5226.250000 0.000000 0.313575 1540000[0m
[00:00:00.142,000] [0m<inf> oresat_solar2: 142 5230.000000 60.000000 0.3138001537500[0m
[00:00:00.148,000] [0m<inf> oresat_solar2: 148 531.250000 80.000000 0.418500 1535000[0m
[00:0:00.153,000] [0m<inf> oresat_solar2: 153 5227.500000 2360.000000 12.336900 1532500[0m
[00:00:00.159,000] [0m<inf> oresat_solar2: 159 5230.000000 960.00000 5.020800 1530000[0m
[00:00:00.165,000] [0m<inf> oresat_olar2: 165 5231.250000 1000.000000 5.231250 157500[0m
[00:00:00.171,000] [0m<inf> oresat_solar2: 171 5233.750000 1080.000000 5.652450 1525000[0m
[00:0:00.176,000] [0m<inf> oresat_solar2: 176 5236.250000 1060.000000 5.550425 1522500[0m
[00:00:00.182,000] [m<inf> oresat_solar2: 182 5237.500000 1100.00000 5.761250 1520000[0m
[00:00:00.188,000] [0m<inf> oresat_slar2: 188 5240.000000 1160.000000 6.078400 151500[0m
[00:00:00.193,000] [0m<inf> oresat_solar2: 193 5241.250000 1160.000000 6.079850 1515000[0m
[00:0000.199,000] [0m<inf> oresat_solar2: 199 5243.750000 1160.000000 6.082750 1512500[0m
[00:00:00.205,000] [0<inf> oresat_solar2: 205 5243.750000 1160.00000 6.082750 1510000[0m
[00:00:00.210,000] [0m<inf> oresat_soar2: 210 5245.000000 1160.000000 6.084200 150700[0m
[00:00:00.216,000] [0m<inf> oresat_solar2: 216 5245.000000 1180.000000 6.189100 1505000[0m
[00:00:0.222,000] [0m<inf> oresat_solar2: 222 5247.500000 1160.000000 6.087100 1502500[0m
[00:00:00.228,000] [0minf> oresat_solar2: 228 5246.250000 1200.00000 6.295500 1500000[0m
[00:00:00.233,000] [0m<inf> oresat_solr2: 233 5251.250000 1200.000000 6.301500 149750[0m
[00:00:00.239,000] [0m<inf> oresat_solar2: 239 5248.75000 1200.000000 6.298500 1495000[0m
[00:00:0.245,000] [0m<inf> oresat_solar2: 245 5253.750000 1200.000000 6.304500 1492500[0m
[00:00:00.250,000] [0m<nf> oresat_solar2: 250 5251.250000 1220.000000 6.406525 1490000[0m
[00:00:00.256,000] [0m<inf> oresat_sola2: 256 5251.250000 1200.000000 6.301500 1487500[0m
[00:00:00.262,000] [0m<inf> oresat_solar2: 262 5253.75000 1260.000000 6.619725 1485000[0m
[00:00:00267,000] [0m<inf> oresat_solar2: 267 5252.500000 1260.000000 .618150 1482500[0m
[00:00:00.273,000] [0m<if> oresat_solar2: 273 5253.750000 1220.000000 6.409575 1480000[0m
[00:00:00.279,000] [0m<inf> oresat_solar: 279 5253.750000 1260.000000 6.619725 1477500[0m
[00:00:00.285,000] [0m<inf> oresat_solar2: 285 5255.00000 1200.000000 6.306000 1475000[0m
[00:00:00.90,000] [0m<inf> oresat_solar2: 290 5255.000000 1260.000000 6621300 1472500[0m
[00:00:00.296,000] [0m<in> oresat_solar2: 296 5256.250000 1180.000000 6.202375 14700000m
[00:00:00.302,000] [0m<inf> oresat_solar2 302 5256.250000 1260.000000 6.622875 1467500[0m
[00:00:00.307,000] [0m<inf> oresat_solar2: 307 5256.25000 1220.000000 6.412625 1465000[0m
[00:00:00.313,000] [0m<inf> oresat_solar2: 313 5255.000000 1260.000000 6.21300 1462500[0m
[00:00:00.319,000] [0m<inf oresat_solar2: 319 5256.250000 1200.000000 6.307500 1460000[m
[00:00:00.324,000] [0m<inf> oresat_solar2:324 5256.250000 1280.000000 6.728000 1457500[0m
[00:00:00.33,000] [0m<inf> oresat_solar2: 330 5256.2500001260.000000 6.622875 1455000[0m
[00:00:00.336,000] [0m<inf> oresat_solar2: 336 5258.750000 1260.000000 6.66025 1452500[0m
[00:00:00.342,000] [0m<inf> oresat_solar2: 342 5257.500000 1260.000000 6.624450 1450000[0
[00:00:00.347,000] [0m<inf> oresat_solar2: 347 5257.500000 1260.000000 6.624450 1447500[0m
[00:00:00.353000] [0m<inf> oresat_solar2: 353 5257.500000 280.000000 6.729600 1445000[0m
[00:00:00.359,000] [0m<inf> resat_solar2: 359 5258.750000 1280.000000 6.73200 1442500[0m
[00:00:00.364,000] [0m<inf> oresat_solar2: 34 5258.750000 1300.000000 6.836375 1440000[0m
[00:00:00.370,000] [0m<inf> oresat_solar2: 370 5257.500000 180.000000 6.729600 1437500[0m
[00:00:00.376,00] [0m<inf> oresat_solar2: 376 5255.000000 1260.000000 6.621300 1435000[0m
[00:00:00.381,000] [0m<inf> oesat_solar2: 381 5258.750000 1220.000000 6.415675 1432500[0m
[00:00:00.387,000] [0m<inf> oresat_solar2: 38 5257.500000 1280.000000 6.729600 1430000[0m[00:00:00.393,000] [0m<inf> oresat_solar2: 393 5257.500000 120.000000 6.624450 1427500[0m
[00:00:00.399,00] [0m<inf> oresat_solar2: 399 5258.750000 1220.000000 6.41565 1425000[0m
[00:00:00.404,000] [0m<inf> orsat_solar2: 404 5258.750000 1260.000000 6.626025 1422500[0m
[00:00:00.410,000] [0m<inf> oresat_solar2: 4105260.000000 1260.000000 6.627600 1420000[0m
[00:00:00.416,000] [0m<inf> oresat_solar2: 416 5257.500000 126.000000 6.624450 1417500[0m
[00:00:00.421,000] [0m<inf> oresat_solar2: 421 5258.750000 1260.000000 6.62602 1415000[0m
[00:00:00.427,000] [0m<inf> oreat_solar2: 427 5257.500000 1260.000000 6.624450 1412500[0m
[0:00:00.433,000] [0m<inf> oresat_solar2: 433 257.500000 1260.000000 6.624450 1410000[0m
[00:00:00.438,000 [0m<inf> oresat_solar2: 438 5260.000000 1260000000 6.627600 1407500[0m
[00:00:00.444,000] [0m<inf> oresat_solar2: 444 5258.750000 1300.000000 6.8363751405000[0m
[00:00:00.450,000] [0m<inf> oresat_solar2: 450 558.750000 1280.000000 6.731200 1402500[0m
[0:00:00.456,000] [0m<inf> oresat_solar2: 456 5258.750000 1260.000000 6.626025 1400000[0m
[00:00:00.461,000][0m<inf> oresat_solar2: 461 5258.750000 1280.00000 6.731200 1397500[0m
[00:00:00.467,000] [0m<inf> oresa_solar2: 467 5258.750000 1280.000000 6.731200 395000[0m
[00:00:00.473,000] [0m<inf> oresat_solar2: 473 528.750000 1260.000000 6.626025 1392500[0m
[0000:00.478,000] [0m<inf> oresat_solar2: 478 5258.750000 1260.000000 6.626025 1390000[0m
[00:00:00.484,000] [0m<inf> oresat_solar2: 484 5258.750000 1220.000000 6.415675 1387500[0m
[00:00:00.490,000] [0m<inf> oresatsolar2: 490 5257.500000 1260.000000 6.624450 1385000[0m
[00:00:00.495,000] [0m<inf> oresat_solar2: 495 525.750000 1280.000000 6.731200 1382500[0m
[00:0:00.501,000] [0m<inf> oresat_solar2: 501 5258.750000 1280.00000 6.731200 1380000[0m
[00:00:00.507,000] 0m<inf> oresat_solar2: 507 5258.750000 1280.000000 6.731200 137500[0m
[00:00:00.513,000] [0m<inf> oresat_olar2: 513 5261.250000 1260.000000 6.629175 1375000[0m
[00:00:00.518,000] [0m<inf> oresat_solar2: 518 5258750000 1280.000000 6.731200 1372500[0m
[00:00:00.524,000] [0m<inf> oresat_solar2: 524 5258.750000 1220.00000 6.415675 1370000[0m
[00:00:00.530,000] [0m<inf> oresat_solar2: 530 5257.500000 1260.000000 6.624450 136500[0m
[00:00:00.535,000] [0m<inf> oresat_slar2: 535 5257.500000 1260.000000 6.624450 1365000[0m
[00:0000.541,000] [0m<inf> oresat_solar2: 541 5258.50000 1300.000000 6.836375 1362500[0m
[00:00:00.547,000] [0<inf> oresat_solar2: 547 5258.750000 1260.00000 6.626025 1360000[0m
[00:00:00.552,000] [0m<inf> oresat_solar2: 552 5258.750000 1260.000000 6.626025 135700[0m
[00:00:00.558,000] [0m<inf> oresat_solar2: 558 5257.500000 1300.000000 6.834750 1355000[0m
[00:00:0.564,000] [0m<inf> oresat_solar2: 564 5260.00000 1260.000000 6.627600 1352500[0m
[00:00:00.570,000] [0minf> oresat_solar2: 570 5257.500000 1280.00000 6.729600 1350000[0m
[00:00:00.575,000] [0m<inf> oresat_solar2: 575 5258.750000 1260.000000 6.626025 134750[0m
[00:00:00.581,000] [0m<inf> oresat_solar2: 581 5258.750000 1280.000000 6.731200 1345000[0m
[00:00:0.587,000] [0m<inf> oresat_solar2: 587 5258.750000 1300.000000 6.836375 1342500[0m
[00:00:00.592,000] [0m<nf> oresat_solar2: 592 5258.750000 1260.0000006.626025 1340000[0m
[00:00:00.598,000] [0m<inf> oresat_sola2: 598 5258.750000 1260.000000 6.626025 133750[0m
[00:00:00.604,000] [0m<inf> oresat_solar2: 604 5257.50000 1260.000000 6.624450 1335000[0m
[00:00:00609,000] [0m<inf> oresat_solar2: 609 5257.500000 1280.000000 6.729600 1332500[0m
[00:00:00.615,000] [0m<if> oresat_solar2: 615 5258.750000 1260.000000 6.626025 1330000[0m
[00:00:00.621,000] [0m<inf> oresat_solar: 621 5258.750000 1280.000000 6.731200 1327500[0m
[00:00:00.627,000] [0m<inf> oresat_solar2: 627 5257.50000 1260.000000 6.624450 1325000[0m
[00:00:00.32,000] [0m<inf> oresat_solar2: 632 5256.250000 1260.000000 6622875 1322500[0m
[00:00:00.638,000] [0m<in> oresat_solar2: 638 5258.750000 1280.000000 6.731200 13200000m
[00:00:00.644,000] [0m<inf> oresat_solar2 644 5258.750000 1280.000000 6.731200 1317500[0m
[00:00:00.649,000] [0m<inf> oresat_solar2: 649 5257.50000 1280.000000 6.729600 1315000[0m
[00:00:00.655,000] [0m<inf> oresat_solar2: 655 5257.500000 1280.000000 6.29600 1312500[0m
[00:00:00.661,000] [0m<inf oresat_solar2: 661 5260.000000 1280.000000 6.732800 1310000[m
[00:00:00.666,000] [0m<inf> oresat_solar2:666 5257.500000 1300.000000 6.834750 1307500[0m
[00:00:00.672,000] [0m<inf> oresat_solar2: 672 5258.7500001280.000000 6.731200 1305000[0m
[00:00:00.678,000] [0m<inf> oresat_solar2: 678 5256.250000 1260.000000 6.62875 1302500[0m
[00:00:00.684,000] [0m<inf> oresat_solar2: 684 5257.500000 1280.000000 6.729600 1300000[0
[00:00:00.689,000] [0m<inf> oresat_solar2: 89 5257.500000 1280.000000 6.729600 1297500[0m
[00:00:00.695000] [0m<inf> oresat_solar2: 695 5256.250000 280.000000 6.728000 1295000[0m
[00:00:00.701,000] [0m<inf> resat_solar2: 701 5258.750000 1260.000000 6.62025 1292500[0m
[00:00:00.706,000] [0m<inf> oresat_solar2: 706 5257.500000 1280.000000 6.729600 1290000[0m
[00:00:00.712,000] [0m<inf> oresat_solar2: 712 5257.500000 1260.000000 6.624450 1287500[0m
[00:00:00.718,00] [0m<inf> oresat_solar2: 718 5258.750000 1300.000000 6.836375 1285000[0m
[00:00:00.723,000] [0m<inf> oesat_solar2: 723 5257.500000 1260.000000 6.62450 1282500[0m
[00:00:00.729,000] [0m<inf> oresat_solar2: 72 5258.750000 1280.000000 6.731200 1280000[0m[00:00:00.735,000] [0m<inf> oresat_solar2: 735 5257.500000 120.000000 6.624450 1277500[0m
[00:00:00.741,00] [0m<inf> oresat_solar2: 741 5257.500000 1280.000000 6.72960 1275000[0m
[00:00:00.746,000] [0m<inf> orsat_solar2: 746 5258.750000 1280.000000 6.731200 1272500[0m
[00:00:00.752,000] [0m<inf> oresat_solar2: 7525257.500000 1280.000000 6.729600 1270000[0m
[00:00:00.758,000] [0m<inf> oresat_solar2: 758 5258.750000 128.000000 6.731200 1267500[0m
[00:00:00.763,00] [0m<inf> oresat_solar2: 763 5258.750000 1260.000000 6.62602 1265000[0m
[00:00:00.769,000] [0m<inf> oreat_solar2: 769 5257.500000 1260.000000 6.624450 1262500[0m
[0:00:00.775,000] [0m<inf> oresat_solar2: 775 258.750000 1260.000000 6.626025 1260000[0m
[00:00:00.780,000] [0m<inf> oresat_solar2: 780 5258.750000 1320000000 6.941550 1257500[0m
[00:00:00.786,000] [0m<inf> oresat_solar2: 786 5256.250000 1280.000000 6.7280001255000[0m
[00:00:00.792,000] [0m<inf> orest_solar2: 792 5258.750000 1260.000000 6.626025 1252500[0m
[0:00:00.798,000] [0m<inf> oresat_solar2: 798 558.750000 1280.000000 6.731200 1250000[0m
[00:00:00.803,000][0m<inf> oresat_solar2: 803 5258.750000 1300.00000 6.836375 1247500[0m
[00:00:00.809,000] [0m<inf> oresat_solar2: 809 5257.500000 1260.000000 6.624450 245000[0m
[00:00:00.815,000] [0m<inf> oresat_solar2: 815 527.500000 1300.000000 6.834750 1242500[0m
[0000:00.820,000] [0m<inf> oresat_solar2: 820 5258.750000 1280.000000 6.731200 1240000[0m
[00:00:00.826,000] [0m<inf> oresat_solar2: 826 5257.500000 1320.00000 6.939900 1237500[0m
[00:00:00.832,000] [0m<inf> oresatsolar2: 832 5256.250000 1300.000000 6.833125 135000[0m
[00:00:00.837,000] [0m<inf> oresat_solar2: 837 5257.500000 1300.000000 6.834750 1232500[0m
[00:0:00.843,000] [0m<inf> oresat_solar2: 843 5257.500000 1280.000000 6.729600 1230000[0m
[00:00:00.849,000] 0m<inf> oresat_solar2: 849 5258.750000 1260.000000 6.626025 1227500[0m
[00:00:00.855,000] [0m<inf> oresat_olar2: 855 5257.500000 1260.000000 6.624450 125000[0m
[00:00:00.860,000] [0m<inf> oresat_solar2: 860 5257500000 1280.000000 6.729600 1222500[0m
[00:0:00.866,000] [0m<inf> oresat_solar2: 866 5258.750000 1280.000000 6.731200 1220000[0m
[00:00:00.872,000] [m<inf> oresat_solar2: 872 5256.250000 1320.000000 6.938250 1217500[0m
[00:00:00.877,000] [0m<inf> oresat_slar2: 877 5257.500000 1280.000000 6.729600 1215000[0m
[00:00:00.883,000] [0m<inf> oresat_solar2: 883 5256.50000 1260.000000 6.622875 1212500[0m
[00:0000.889,000] [0m<inf> oresat_solar2: 889 5256.250000 1280.00000 6.728000 1210000[0m
[00:00:00.894,000] [0<inf> oresat_solar2: 894 5257.500000 1280.000000 6.729600 120700[0m
[00:00:00.900,000] [0m<inf> oresat_soar2: 900 5257.500000 1280.000000 6.729600 1205000[0m
[00:00:00.906,000] [0m<inf> oresat_solar2: 906 5257.50000 1300.000000 6.834750 1202500[0m
[00:00:00.912,000] [0m<inf> oresat_solar2: 912 5258.750000 1300.00000 6.836375 1200000[0m
[00:00:00.917,000] [0minf> oresat_solar2: 917 5255.000000 1300.000000 6.831500 119750[0m
[00:00:00.923,000] [0m<inf> oresat_solr2: 923 5256.250000 1300.000000 6.833125 1195000[0m
[00:00:0.929,000] [0m<inf> oresat_solar2: 929 5256.25000 1260.000000 6.622875 1192500[0m
[00:00:00.934,000] [0m<inf> oresat_solar2: 934 5257.500000 1280.0000006.729600 1190000[0m
[00:00:00.940,000] [0m<inf> oresat_solar2: 940 5257.500000 1280.000000 6.729600 118750[0m
[00:00:00.946,000] [0m<inf> oresat_solar2: 946 5258.750000 1280.000000 6.731200 1185000[0m
[00:00:00951,000] [0m<inf> oresat_solar2: 951 5257.500000 1280.000000 6.729600 1182500[0m
[00:00:00.957,000] [0m<if> oresat_solar2: 957 5257.500000 1280.000000 6.729600 1180000[0m
[00:00:00.963,000] [0m<inf> oresat_solar: 963 5256.250000 1300.000000 6.833125 1177500[0m
[00:00:00.969,000] [0m<inf> oresat_solar2: 969 5256.25000 1280.000000 6.728000 1175000[0m
[00:00:00.74,000] [0m<inf> oresat_solar2: 974 5257.500000 1260.000000 6624450 1172500[0m
[00:00:00.980,000] [0m<in> oresat_solar2: 980 5256.250000 1300.000000 6.833125 1170000[0m
[00:00:00.986,000] [0m<inf> oresat_solar2 986 5256.250000 1300.000000 6.833125 1167500[0m
[00:00:00.991,000] [0m<inf> oresat_solar2: 991 5257.50000 1280.000000 6.729600 1165000[0m
[00:00:00.997,000] [0m<inf> oresat_solar2: 997 5257.500000 1320.000000 6.39900 1162500[0m
[00:00:01.002,000] [0m<dbg oresat_blink: handle_blink: The light is blinking![0m
[00:0:01.003,000] [0m<inf> oresat_solar2: 1003 525.250000 1260.000000 6.622875 1160000[0m
[00:00:01.009,000] 0m<inf> oresat_solar2: 1009 5260.000000 1260.00000 6.627600 1157500[0m
[00:00:01.014,000] [0m<inf> oresatsolar2: 1014 5257.500000 1300.000000 6.834750 155000[0m
[00:00:01.020,000] [0m<inf> oresat_solar2: 1020 5258.750000 1300.000000 6.836375 1152500[0m
[0:00:01.026,000] [0m<inf> oresat_solar2: 1026 5258.750000 1300.000000 6.836375 1150000[0m
[00:00:01.031,000 [0m<inf> oresat_solar2: 1031 5257.500000 128.000000 6.729600 1147500[0m
[00:00:01.037,000] [0m<inf> oreat_solar2: 1037 5258.750000 1300.000000 6.83635 1145000[0m
[00:00:01.043,000] [0m<inf> oresat_solar2: 104 5258.750000 1280.000000 6.731200 1142500[0m[00:00:01.048,000] [0m<inf> oresat_solar2: 1048 5258.750000 160.000000 6.626025 1140000[0m
[00:00:01.054,00] [0m<inf> oresat_solar2: 1054 5260.000000 1280.000000 6.732800 1137500[0m
[00:00:01.060,000] [0m<inf> resat_solar2: 1060 5258.750000 1300.000000 6.836375 1135000[0m
[00:00:01.066,000] [0m<inf> oresat_solar2: 066 5258.750000 1260.000000 6.626025 1132500[0m
[00:00:01.071,000] [0m<inf> oresat_solar2: 1071 5258.75000 1320.000000 6.941550 1130000[0m
[00:00:01.07,000] [0m<inf> oresat_solar2: 1077 5258.750000 1320.000000 6941550 1127500[0m
[00:00:01.083,000] [0m<in> oresat_solar2: 1083 5258.750000 1280.000000 6.731200 1125000[0m
[00:00:01.088,000] [0m<inf> oresat_solar: 1088 5258.750000 1300.000000 6.836375 1122500[0m
[00:00:01094,000] [0m<inf> oresat_solar2: 1094 5257.50000 1320.000000 6.939900 1120000[0m
[00:00:01.100,000] [0m<inf> oresat_solar2: 1100 5258.750000 1280.00000 6.731200 1117500[0m
[00:00:01.105,000] [0m<inf> oresat_solar2: 1105 5258.750000 1280.000000 6.731200 111500[0m
[00:00:01.111,000] [0m<inf> oresat_soar2: 1111 5258.750000 1300.000000 6.836375 1112500[0m
[00:0001.117,000] [0m<inf> oresat_solar2: 1117 5257500000 1300.000000 6.834750 1110000[0m
[00:00:01.123,000] [0m<inf> oresat_solar2: 1123 5258.750000 1320.00000 6.941550 1107500[0m
[00:00:01.128,000] [0m<inf> oresat_solar2: 1128 5260.000000 1280.000000 6.732800 105000[0m
[00:00:01.134,000] [0m<inf> oresat_solar2: 1134 5258.750000 1280.000000 6.731200 1102500[0m
[0000:01.140,000] [0m<inf> oresat_solar2: 1140 557.500000 1280.000000 6.729600 1100000[0m
[00:00:01.145,000][0m<inf> oresat_solar2: 1145 5258.750000 1300000000 6.836375 1097500[0m
[00:00:01.151,000] [0m<inf> orest_solar2: 1151 5257.500000 1300.000000 6.83475 1095000[0m
[00:00:01.157,000] [0m<inf> oresat_solar2: 1157 5258.750000 1300.000000 6.836375 1092500[0m
00:00:01.162,000] [0m<inf> oresat_solar2: 1162 5257.500000 1320.000000 6.939900 1090000[0m
[00:00:01.168,00] [0m<inf> oresat_solar2: 1168 5258.750000 1300.000000 6.836375 1087500[0m
[00:00:01.174,000] [0m<inf> oesat_solar2: 1174 5258.750000 1320.000000 6.94550 1085000[0m
[00:00:01.180,000] [0m<inf> oresat_solar2: 180 5258.750000 1300.000000 6.836375 1082500[0
[00:00:01.185,000] [0m<inf> oresat_solar2: 1185 5257.5000001260.000000 6.624450 1080000[0m
[00:00:01.19,000] [0m<inf> oresat_solar2: 1191 5258.750000 1320.000000 6.941550 1077500[0m
[00:00:01.197,000] [0m<inf oresat_solar2: 1197 5258.750000 1280.000000 6.731200 1075000[0m
[00:00:01.202,000] [0m<inf> oresat_solar2 1202 5258.750000 1320.000000 6.941550 1072500[0m
[00:00:01.208,000] [0m<inf> oresat_solar2: 1208 5258.75000 1280.000000 6.731200 1070000[0m
[00:00:01214,000] [0m<inf> oresat_solar2: 1214 5256.250000 1280.000000 6.728000 1067500[0m
[00:00:01.219,000] [0m<nf> oresat_solar2: 1219 5260.000000 1300.000000 6.838000 1065000[0m
[00:00:01.225,000] [0m<inf> oresat_solr2: 1225 5258.750000 1320.000000 6.941550 1062500[0m
[00:00:01.231,000] [0m<inf> oresat_solar2: 1231 5258.50000 1320.000000 6.941550 1060000[0m
[00:00:01.237,000] [0m<inf> oresat_solar2: 1237 5257.500000 1280.00000 6.729600 1057500[0m
[00:00:01.242,000] [m<inf> oresat_solar2: 1242 5258.750000 1300.000000 6.836375 105000[0m
[00:00:01.248,000] [0m<inf> oresat_olar2: 1248 5256.250000 1320.000000 6.938250 1052500[0m
[00:0:01.254,000] [0m<inf> oresat_solar2: 1254 527.500000 1260.000000 6.624450 1050000[0m
[00:00:01.259,000] [0m<inf> oresat_solar2: 1259 5257.500000 1300.00000 6.834750 1047500[0m
[00:00:01.265,000] [0m<inf> oresat_solar2: 1265 5258.750000 1320.000000 6.9415501045000[0m
[00:00:01.271,000] [0m<inf> oresat_solar2: 1271 5258.750000 1320.000000 6.941550 1042500[0m
[0:00:01.276,000] [0m<inf> oresat_solar2: 12765258.750000 1280.000000 6.731200 1040000[0m
[00:00:01.282,00] [0m<inf> oresat_solar2: 1282 5257.500000 130.000000 6.939900 1037500[0m
[00:00:01.288,000] [0m<inf> orsat_solar2: 1288 5258.750000 1280.000000 6.73100 1035000[0m
[00:00:01.294,000] [0m<inf> oresat_solar2: 1294 5256.250000 1300.000000 6.833125 1032500[0m
[00:00:01.299,000] [0m<inf> oresat_solar2: 1299 5256.250000 1300.000000 6.833125 1030000[0m
[00:00:01.305000] [0m<inf> oresat_solar2: 1305 5257.5000001300.000000 6.834750 1027500[0m
[00:00:01.311,000] [0m<inf>oresat_solar2: 1311 5258.750000 1280.000000 6.31200 1025000[0m
[00:00:01.316,000] [0m<inf> oresat_solar2:1316 5256.250000 1320.000000 6.938250 10225000m
[00:00:01.322,000] [0m<inf> oresat_solar2: 1322 5257.500000 1300.000000 6.834750 1020000[0m
[00:00:01.28,000] [0m<inf> oresat_solar2: 1328 5258.750000 1280.000000 6.731200 1017500[0m
[00:00:01.333,000] [0m<if> oresat_solar2: 1333 5257.500000 1320.0000006.939900 1015000[0m
[00:00:01.339,000] [0m<inf> oresat_sola2: 1339 5257.500000 1300.000000 6.834750 101250[0m
[00:00:01.345,000] [0m<inf> oresat_solar2: 1345 5257.50000 1300.000000 6.834750 1010000[0m
[00:00:1.351,000] [0m<inf> oresat_solar2: 1351 5256.250000 1300.000000 6.833125 1007500[0m
[00:00:01.356,000] [0<inf> oresat_solar2: 1356 5257.500000 1300.000000 6.834750 1005000[0m
[00:00:01.362,000] [0m<inf> oresat_slar2: 1362 5256.250000 1300.000000 6.833125 102500[0m
[00:00:01.368,000] [0m<inf> oresat_solar2: 1368 525.500000 1320.000000 6.939900 1000000[0m
[00:0:01.373,000] [0m<inf> oresat_solar2: 1373 5256.250000 1300.00000 6.833125 997500[0m
[00:00:01.379,000] 0m<inf> oresat_solar2: 1379 5260.000000 1300.000000 6.838000 995000[0m
[00:00:01.385,000] [0m<inf> oresat_olar2: 1385 5258.750000 1300.000000 6.836375 992500[0m
[00:00:01.390,000] [0m<inf> oresat_solar2: 1390 525.500000 1300.000000 6.834750 990000[0m
[00:0:01.396,000] [0m<inf> oresat_solar2: 1396 5258.750000 1260.00000 6.626025 987500[0m
[00:00:01.402,000] [m<inf> oresat_solar2: 1402 5257.500000 1320.000000 6.939900 985000[0m
[00:00:01.408,000] [0m<inf> oresat_slar2: 1408 5257.500000 1280.000000 6.729600 982500[0m
[00:00:01.413,000] [0m<inf> oresat_solar2: 1413 5258750000 1280.000000 6.731200 980000[0m
[00:0001.419,000] [0m<inf> oresat_solar2: 1419 5256.250000 1360.00000 7.148500 977500[0m
[00:00:01.425,000] [0<inf> oresat_solar2: 1425 5258.750000 1300.000000 6.836375 97500[0m
[00:00:01.430,000] [0m<inf> oresat_soar2: 1430 5256.250000 1280.000000 6.728000 972500[0m
[00:00:01.436,000] [0m<inf> oresat_solar2: 1436 5256.50000 1280.000000 6.728000 970000[0m
[00:00:01.442,000] [0m<inf> oresat_solar2: 1442 5258.750000 1280.00000 6.731200 967500[0m
[00:00:01.447,000] [0m<inf> oresat_solar2: 1447 5258.750000 1300.000000 6.836375 96500[0m
[00:00:01.453,000] [0m<inf> oresat_solr2: 1453 5258.750000 1280.000000 6.731200 962500[0m
[00:00:0.459,000] [0m<inf> oresat_solar2: 1459 5256.20000 1320.000000 6.938250 960000[0m
[00:00:01.465,000] [0m<nf> oresat_solar2: 1465 5256.250000 1300.00000 6.833125 957500[0m
[00:00:01.470,000] [0m<inf> oresat_sola2: 1470 5257.500000 1320.000000 6.939900 95500[0m
[00:00:01.476,000] [0m<inf> oresat_solar2: 1476 5257.500000 1300.000000 6.834750 952500[0m
[00:00:01482,000] [0m<inf> oresat_solar2: 1482 5258.750000 1280.000000 6.731200 950000[0m
[00:00:01.487,000] [0m<if> oresat_solar2: 1487 5256.250000 1300.0000006.833125 947500[0m
[00:00:01.493,000] [0m<inf> oresat_solar: 1493 5256.250000 1300.000000 6.833125 945000[0m
[00:00:01.499,000] [0m<inf> oresat_solar2: 1499 5257.500000 1280.000000 6.729600 942500[0m
[00:00:01.04,000] [0m<inf> oresat_solar2: 1504 5257.500000 1280.000000 6.729600 940000[0m
[00:00:01.510,000] [0m<in> oresat_solar2: 1510 5256.250000 1300.000000 6.833125 937500[0m
[00:00:01.516,000] [0m<inf> oresat_solar2 1516 5256.250000 1300.000000 6.833125 935000[0m
[00:00:01.522,000] [0m<inf> oresat_solar2: 1522 5256.25000 1300.000000 6.833125 932500[0m
[00:00:01.57,000] [0m<inf> oresat_solar2: 1527 5256.250000 1320.000000 6938250 930000[0m
[00:00:01.533,000] [0m<inf oresat_solar2: 1533 5257.500000 1280.000000 6.729600 927500[m
[00:00:01.539,000] [0m<inf> oresat_solar2:1539 5257.500000 1360.000000 7.150200 925000[0m
[00:00:01.544,000] [0m<inf> oresat_solar2: 1544 5256.25000 1260.000000 6.622875 922500[0m
[00:00:01.550,000] [0m<inf>oresat_solar2: 1550 5257.500000 1280.000000 6.29600 920000[0m
[00:00:01.556,000] [0m<inf> oresat_solar2: 1556 5256.250000 1280.000000 6.728000 917500[0
[00:00:01.561,000] [0m<inf> oresat_solar2: 1561 5255.000000 1300.000000 6.831500 915000[0m
[00:00:01.567000] [0m<inf> oresat_solar2: 1567 5257.5000001280.000000 6.729600 912500[0m
[00:00:01.573,000] [0m<inf> resat_solar2: 1573 5256.250000 1320.000000 6.98250 910000[0m
[00:00:01.579,000] [0m<inf> oresat_solar2: 1579 5257.500000 1280.000000 6.729600 907500[0m
[00:00:01.584,000] [0m<inf> oresat_solar2: 1584 5256.250000 1300.000000 6.833125 905000[0m
[00:00:01.590,00] [0m<inf> oresat_solar2: 1590 5257.500000 1280.000000 6.729600 902500[0m
[00:00:01.596,000] [0m<inf> oesat_solar2: 1596 5257.500000 1300.000000 6.834750 900000[0m
[00:00:01.601,000] [0m<inf> oresat_solar2: 161 5257.500000 1300.000000 6.834750 897500[0m[00:00:01.607,000] [0m<inf> oresat_solar2: 1607 5256.250000 1300.000000 6.833125 895000[0m
[00:00:01.613,00] [0m<inf> oresat_solar2: 1613 5257.500000 1260.000000 6.624450 892500[0m
[00:00:01.618,000] [0m<inf> orsat_solar2: 1618 5258.750000 1320.000000 6.941550 890000[0m
[00:00:01.624,000] [0m<inf> oresat_solar2: 162 5258.750000 1300.000000 6.836375 887500[0m
[00:00:01.630,000] [0m<inf> oresat_solar2: 1630 5256.250000 120.000000 6.728000 885000[0m
[00:00:01.636,00] [0m<inf> oresat_solar2: 1636 5257.500000 1300.000000 6.83470 882500[0m
[00:00:01.641,000] [0m<inf> oreat_solar2: 1641 5256.250000 1300.000000 6.833125 880000[0m
[0:00:01.647,000] [0m<inf> oresat_solar2: 16475256.250000 1300.000000 6.833125 877500[0m
[00:00:01.653,000] [0m<inf> oresat_solar2: 1653 5258.750000 130.000000 6.836375 875000[0m
[00:00:01.658,000] [0m<inf> orest_solar2: 1658 5257.500000 1360.000000 7.15020 872500[0m
[00:00:01.664,000] [0m<inf> oresat_solar2: 1664 5256.250000 1320.000000 6.938250 870000[0m
[0:00:01.670,000] [0m<inf> oresat_solar2: 1670 256.250000 1280.000000 6.728000 867500[0m
[00:00:01.675,000][0m<inf> oresat_solar2: 1675 5257.500000 1320000000 6.939900 865000[0m
[00:00:01.681,000] [0m<inf> oresa_solar2: 1681 5258.750000 1320.000000 6.941550862500[0m
[00:00:01.687,000] [0m<inf> oresat_solar2: 1687 5257.500000 1320.000000 6.939900 860000[0m
[0000:01.693,000] [0m<inf> oresat_solar2: 1693 5255.000000 1320.000000 6.936600 857500[0m
[00:00:01.698,000] [0m<inf> oresat_solar2: 1698 5260.000000 1360.000000 7.153600 855000[0m
[00:00:01.704,000] [0m<inf> oresatsolar2: 1704 5258.750000 1280.000000 6.731200 52500[0m
[00:00:01.710,000] [0m<inf> oresat_solar2: 1710 526.250000 1280.000000 6.728000 850000[0m
[00:0:01.715,000] [0m<inf> oresat_solar2: 1715 5255.000000 1280.000000 6.726400 847500[0m
[00:00:01.721,000] 0m<inf> oresat_solar2: 1721 5256.250000 1360.000000 7.148500 845000[0m
[00:00:01.727,000] [0m<inf> oresat_olar2: 1727 5257.500000 1300.000000 6.834750 842500[0m
[00:00:01.732,000] [0m<inf> oresat_solar2: 1732 525.250000 1300.000000 6.833125 840000[0m
[00:0:01.738,000] [0m<inf> oresat_solar2: 1738 5258.750000 1300.00000 6.836375 837500[0m
[00:00:01.744,000] [m<inf> oresat_solar2: 1744 5255.000000 1320.000000 6.936600 835000[0m
[00:00:01.750,000] [0m<inf> oresat_slar2: 1750 5256.250000 1280.000000 6.728000 832500[0m
[00:00:01.755,000] [0m<inf> oresat_solar2: 1755 5256250000 1280.000000 6.728000 830000[0m
[00:0001.761,000] [0m<inf> oresat_solar2: 1761 5257.500000 1280.00000 6.729600 827500[0m
[00:00:01.767,000] [0<inf> oresat_solar2: 1767 5256.250000 1300.000000 6.833125 825000[0m
[00:00:01.772,000] [0m<inf> oresat_soar2: 1772 5257.500000 1280.000000 6.729600 822500[0m
[00:00:01.778,000] [0m<inf> oresat_solar2: 1778 5258.50000 1300.000000 6.836375 820000[0m
[00:00:01.784,000] [0m<inf> oresat_solar2: 1784 5255.000000 1280.00000 6.726400 817500[0m
[00:00:01.789,000] [0minf> oresat_solar2: 1789 5257.500000 1320.000000 6.939900 81500[0m
[00:00:01.795,000] [0m<inf> oresat_solr2: 1795 5256.250000 1300.000000 6.833125 812500[0m
[00:00:01.801,000] [0m<inf> oresat_solar2: 1801 5256.20000 1320.000000 6.938250 810000[0m
[00:00:01.807,000] [0m<inf> oresat_solar2: 1807 5257.500000 1300.00000 6.834750 807500[0m
[00:00:01.812,000] [0m<inf> oresat_solar2: 1812 5256.250000 1300.000000 6.833125 80500[0m
[00:00:01.818,000] [0m<inf> oresat_sola2: 1818 5258.750000 1300.000000 6.836375 802500[0m
[00:00:01824,000] [0m<inf> oresat_solar2: 1824 5257.50000 1300.000000 6.834750 800000[0m
[00:00:01.829,000] [0m<if> oresat_solar2: 1829 5256.250000 1300.0000006.833125 797500[0m
[00:00:01.835,000] [0m<inf> oresat_solar: 1835 5255.000000 1300.000000 6.831500 795000[0m
[00:00:01.841,000] [0m<inf> oresat_solar2: 1841 5256.250000 1280.000000 6.728000 792500[0m
[00:00:01.46,000] [0m<inf> oresat_solar2: 1846 5258.75000 1300.000000 6.836375 790000[0m
[00:00:01.852,000] [0m<in> oresat_solar2: 1852 5255.000000 1280.000000 .726400 787500[0m
[00:00:01.858,000] [0m<inf> oresat_solar2 1858 5256.250000 1300.000000 6.833125 7850000m
[00:00:01.864,000] [0m<inf> oresat_solar2: 1864 5256.250000 1300.000000 6.833125 782500[0m
[00:00:01.89,000] [0m<inf> oresat_solar2: 1869 5256.250000 1320.000000 6.938250 780000[0m
[00:00:01.875,000] [0m<inf oresat_solar2: 1875 5255.000000 1320.000000 6936600 777500[0m
[00:00:01.881,000] [0m<inf> oresat_solar2:1881 5257.500000 1300.000000 6.834750 775000[m
[00:00:01.886,000] [0m<inf> oresat_solar2: 1886 5256.25000 1300.000000 6.833125 772500[0m
[00:00:01.89,000] [0m<inf> oresat_solar2: 1892 5256.250000 1320.000000 6.938250 770000[0m
[00:00:01.898,000] [0m<inf>oresat_solar2: 1898 5255.000000 1280.000000 6.726400 767500[0m
[00:00:01.903,000] [0m<inf> oresat_solar2: 903 5256.250000 1280.000000 6.728000 765000[0
[00:00:01.909,000] [0m<inf> oresat_solar2: 1909 5256.2500001320.000000 6.938250 762500[0m
[00:00:01.915000] [0m<inf> oresat_solar2: 1915 5256.250000 1300.000000 6.83125 760000[0m
[00:00:01.921,000] [0m<inf> resat_solar2: 1921 5258.750000 1280.000000 6.731200 757500[0m
[00:00:01.926,000] [0m<inf> oresat_solar2: 126 5256.250000 1320.000000 6.938250 755000[0m
[00:00:01.932,000] [0m<inf> oresat_solar2: 1932 5255.000000 280.000000 6.726400 752500[0m
[00:00:01.938,000] [0m<inf> oresat_solar2: 1938 5256.250000 1260.000000 6.62875 750000[0m
[00:00:01.943,000] [0m<inf> oesat_solar2: 1943 5256.250000 1280.000000 6.728000 747500[0m[00:00:01.949,000] [0m<inf> oresat_solar2: 199 5255.000000 1320.000000 6.936600 745000[0m
[00:00:01.955,000] [0m<inf> oresat_solar2: 1955 5253.750000 120.000000 6.934950 742500[0m
[00:00:01.960,000] [0m<inf> oresat_solar2: 1960 5257.500000 1300.000000 6.83450 740000[0m
[00:00:01.966,000] [0m<inf> oresat_solar2: 1966 5255.000000 1320.000000 6.936600 737500[0m
00:00:01.972,000] [0m<inf> oresat_solar2: 197 5255.000000 1320.000000 6.936600 735000[0m
[00:00:01.978,00] [0m<inf> oresat_solar2: 1978 5255.000000 130.000000 6.936600 732500[0m
[00:00:01.983,000] [0m<inf> oreat_solar2: 1983 5255.000000 1300.000000 6.83150 730000[0m
[00:00:01.989,000] [0m<inf> oresat_solar2: 1989 5256.250000 1320.000000 6.938250 727500[0m
[0:00:01.995,000] [0m<inf> oresat_solar2: 1995 5257.500000 1320.000000 6.939900 725000[0m
[00:00:02.000,000 [0m<inf> oresat_solar2: 2000 5255.000000 1360.000000 7.146800 722500[0m
[00:00:02.002,000] [0m<dbg> orest_blink: handle_blink: The light is blinking!0m
[00:00:02.006,000] [0m<inf> oresat_solar2: 2006 5253.75000 1300.000000 6.829875 720000[0m
[00:00:02.02,000] [0m<inf> oresat_solar2: 2012 5255.000000 1320.000000 6936600 717500[0m
[00:00:02.017,000] [0m<inf oresat_solar2: 2017 5252.500000 1280.000000 6.723200 715000[m
[00:00:02.023,000] [0m<inf> oresat_solar2:2023 5253.750000 1300.000000 6.829875 712500[0m
[00:00:02.029,000] [0m<inf> oresat_solar2: 2029 5253.75000 1320.000000 6.934950 710000[0m
[00:00:02.035,000] [0m<inf> oresat_solar2: 2035 5253.750000 1260.000000 6.19725 707500[0m
[00:00:02.040,000] [0m<inf>oresat_solar2: 2040 5253.750000 1320.000000 6.934950 705000[0
[00:00:02.046,000] [0m<inf> oresat_solar2: 046 5253.750000 1320.000000 6.934950 702500[0m
[00:00:02.052,000] [0m<inf> oresat_solar2: 2052 5253.7500001300.000000 6.829875 700000[0m
[00:00:02.057,000] [0m<inf> oresat_solar2: 2057 5253.750000 1280.000000 6.74800 697500[0m
[00:00:02.063,000] [0m<inf> oresat_solar2: 2063 5253.750000 1280.000000 6.724800 695000[0m
[00:00:02.069,000] [0m<inf> oresat_solar2: 269 5252.500000 1320.000000 6.933300 692500[0m
[00:00:02.074,00] [0m<inf> oresat_solar2: 2074 5253.750000 300.000000 6.829875 690000[0m
[00:00:02.080,000] [0m<inf> oresat_solar2: 2080 5255.000000 1280.000000 6.72400 687500[0m
[00:00:02.086,000] [0m<inf> oresat_solar2: 2086 5252.500000 1300.000000 6.828250 685000[0m[00:00:02.092,000] [0m<inf> oresat_solar2: 2092 5253.750000 1320.000000 6.934950 682500[0m
[00:00:02.097,00] [0m<inf> oresat_solar2: 2097 5252.500000 100.000000 6.828250 680000[0m
[00:00:02.103,000] [0m<inf> orsat_solar2: 2103 5253.750000 1300.000000 6.82975 677500[0m
[00:00:02.109,000] [0m<inf> oresat_solar2: 210 5256.250000 1300.000000 6.833125 675000[0m
00:00:02.114,000] [0m<inf> oresat_solar2: 2114 5253.750000 130.000000 6.829875 672500[0m
[00:00:02.120,00] [0m<inf> oresat_solar2: 2120 5253.750000 1360.000000 7.145100 670000[0m
[00:00:02.126,000] [0m<inf> oreat_solar2: 2126 5253.750000 1300.000000 6.82985 667500[0m
[00:00:02.131,000] [0m<inf> oresat_solar2: 21315253.750000 1320.000000 6.934950 665000[0m
[0:00:02.137,000] [0m<inf> oresat_solar2: 2137 5252.500000 130.000000 6.828250 662500[0m
[00:00:02.143,000 [0m<inf> oresat_solar2: 2143 5252.500000 1300.000000 6.828250 660000[0m
[00:00:02.149,000] [0m<inf> orest_solar2: 2149 5253.750000 1320.000000 6.934950 657500[0m
[00:00:02.154,000] [0m<inf> oresat_solar2: 2154 253.750000 1280.000000 6.724800 655000[0m
[00:00:02.160,000] [0m<inf> oresat_solar2: 2160 5253.750000 1300000000 6.829875 652500[0m
[00:00:02.166,000][0m<inf> oresat_solar2: 2166 5253.750000 1320.000000 6.934950650000[0m
[00:00:02.171,000] [0m<inf> oresa_solar2: 2171 5252.500000 1360.000000 7.143400 647500[0m
[00:00:02.177,000] [0m<inf> oresat_solar2: 2177 551.250000 1260.000000 6.616575 645000[0m
[00:00:02.183,000] [0m<inf> oresat_solar2: 2183 5255.000000 1360.00000 7.146800 642500[0m
[00:00:02.188,000] [0m<inf> oresat_solar2: 2188 5253.750000 1300.000000 6.829875 40000[0m
[00:00:02.194,000] [0m<inf> oresatsolar2: 2194 5253.750000 1320.000000 6.934950 637500[0m
[00:0:02.200,000] [0m<inf> oresat_solar2: 2200 525.000000 1320.000000 6.936600 635000[0m
[00:00:02.206,000] 0m<inf> oresat_solar2: 2206 5252.500000 1280.00000 6.723200 632500[0m
[00:00:02.211,000] [0m<inf> oresat_olar2: 2211 5252.500000 1280.000000 6.723200 60000[0m
[00:00:02.217,000] [0m<inf> oresat_solar2: 2217 5248.750000 2400.000000 12.597000 627500[0m
[00:0:02.223,000] [0m<inf> oresat_solar2: 2223 528.750000 3080.000000 16.166149 625000[0m
[00:00:02.228,000] [0m<inf> oresat_solar2: 2228 5250.000000 3020.00000 15.855000 622500[0m
[00:00:02.234,000] [0m<inf> oresat_solar2: 2234 5248.750000 3080.000000 16.16614 620000[0m
[00:00:02.240,000] [0m<inf> oresat_solar2: 2240 5248.750000 3060.000000 16.061174 617500[0m
[0:00:02.245,000] [0m<inf> oresat_solar2: 22455250.000000 3060.000000 16.065001 615000[0m
[00:00:02.251,00] [0m<inf> oresat_solar2: 2251 5247.500000 300.000000 15.742500 612500[0m
[00:00:02.257,000] [0m<inf> oresat_solar2: 2257 5250.000000 3060.000000 16.06001 610000[0m
[00:00:02.263,000] [0m<inf> oresat_solar2: 2263 5250.000000 3000.000000 15.750000 607500[0m
[00:00:02.268,000] [0m<inf> oresat_solar2: 2268 5250.000000 3000.000000 15.750000 605000[0m
[00:00:02.274000] [0m<inf> oresat_solar2: 2274 5250.0000002980.000000 15.645000 602500[0m
[00:00:02.280,000] [0m<inf>oresat_solar2: 2280 5248.750000 3000.000000 15746250 600000[0m
[00:00:02.285,000] [0m<inf> oresat_solar2: 2285 5251.250000 2980.000000 15.648725 5975000m
[00:00:02.291,000] [0m<inf> oresat_solar2: 2291 5248.750000 3000.000000 15.746250 595000[0m
[00:00:02.97,000] [0m<inf> oresat_solar2: 2297 5248.75000 3000.000000 15.746250 592500[0m
[00:00:02.302,000] [0m<if> oresat_solar2: 2302 5250.000000 3020.00000015.855000 590000[0m
[00:00:02.308,000] [0m<inf> oresat_sola2: 2308 5250.000000 3000.000000 15.750000 58750[0m
[00:00:02.314,000] [0m<inf> oresat_solar2: 2314 5250.000000 2960.000000 15.540000 585000[0m
[00:00:2.320,000] [0m<inf> oresat_solar2: 2320 5250.000000 2960.000000 15.540000 582500[0m
[00:00:02.325,000] [0<inf> oresat_solar2: 2325 5250.000000 2960.00000 15.540000 580000[0m
[00:00:02.331,000] [0m<inf> oresat_slar2: 2331 5250.000000 2960.000000 15.540000 57500[0m
[00:00:02.337,000] [0m<inf> oresat_solar2: 2337 525.000000 2980.000000 15.645000 575000[0m
[00:0:02.342,000] [0m<inf> oresat_solar2: 2342 5250.000000 2920.000000 15.330000 572500[0m
[00:00:02.348,000] [0m<inf> oresat_solar2: 2348 5250.000000 2920.00000 15.330000 570000[0m
[00:00:02.354,000] [0m<inf> oresa_solar2: 2354 5250.000000 2980.000000 15.64500 567500[0m
[00:00:02.359,000] [0m<inf> oresat_solar2: 2359 251.250000 2900.000000 15.228625 565000[0m
[0:00:02.365,000] [0m<inf> oresat_solar2: 2365 5250.000000 2920.000000 15.330000 562500[0m
[00:00:02.371,00] [0m<inf> oresat_solar2: 2371 5250.000000 2880.000000 15.120000 560000[0m
[00:00:02.377,000] [0m<inf> orsat_solar2: 2377 5252.500000 2900.000000 15.232250 557500[0m
[00:00:02.382,000] [0m<inf> oresat_solar2: 232 5250.000000 2960.000000 15.540000 555000[0m
[00:00:02.388,000] [0m<inf> oresat_solar2: 2388 5248.750000 980.000000 15.641275 552500[0m
[00:00:02.394000] [0m<inf> oresat_solar2: 2394 5248.750000 2900.000000 15.221375 550000[0m
[00:00:02.399,000] [0m<inf>oresat_solar2: 2399 5250.000000 2900.000000 15.225000 547500[0m
[00:00:02.405,000] [0m<inf> oresat_solar2:2405 5250.000000 2900.000000 15.225000 545000[0m
[00:00:02.411,000] [0m<inf> oresat_solar2: 2411 5250.00000 2880.000000 15.120000 542500[0m
[00:00:02.16,000] [0m<inf> oresat_solar2: 2416 5248.750000 2920.000000 5.326350 540000[0m
[00:00:02.422,000] [0m<if> oresat_solar2: 2422 5248.750000 2960.000000 15.536300 53750[0m
[00:00:02.428,000] [0m<inf> oresat_sola2: 2428 5250.000000 2900.000000 15.225000 535000[0m
[00:00:0.434,000] [0m<inf> oresat_solar2: 2434 5248.70000 2920.000000 15.326350 532500[0m
[00:00:02.439,000] [0m<inf> oresat_solar2: 2439 5248.750000 2920.00000 15.326350 530000[0m
[00:00:02.445,000] [0m<inf> oresat_solar2: 2445 5251.250000 2900.000000 15.228625 52500[0m
[00:00:02.451,000] [0m<inf> oresat_slar2: 2451 5250.000000 2900.000000 15.225000 525000[0m
[00:0:02.456,000] [0m<inf> oresat_solar2: 2456 524.750000 2960.000000 15.536300 522500[0m
[00:00:02.462,000] [0m<inf> oresat_solar2: 2462 5247.500000 2900.00000 15.217750 520000[0m
[00:00:02.468,000] [0m<inf> oresat_solar2: 2468 5250.000000 2960.000000 15.540000517500[0m
[00:00:02.473,000] [0m<inf> oresat_solar2: 2473 5248.750000 2900.000000 15.221375 515000[0m
[0:00:02.479,000] [0m<inf> oresat_solar2: 2479 5248.750000 2920.000000 15.326350 512500[0m
[00:00:02.485,000 [0m<inf> oresat_solar2: 2485 5248.750000 290.000000 15.221375 510000[0m
[00:00:02.491,000] [0m<inf> oreat_solar2: 2491 5250.000000 2900.000000 15.22500 507500[0m
[00:00:02.496,000] [0m<inf> oresat_solar2: 249 5250.000000 2900.000000 15.225000 505000[0m[00:00:02.502,000] [0m<inf> oresat_solar2: 2502 5250.000000 2900.000000 15.225000 502500[0m
[00:00:02.508,00] [0m<inf> oresat_solar2: 2508 5248.750000 2880.000000 15.116400 500000[0m
[00:00:02.513,000] [0m<inf> resat_solar2: 2513 5248.750000 2980.000000 15.41275 497500[0m
[00:00:02.519,000] [0m<inf> oresat_solar2: 519 5248.750000 2920.000000 15.326350 495000[m
[00:00:02.525,000] [0m<inf> oresat_solar2: 2525 5250.00000 2900.000000 15.225000 492500[0m
[00:00:02.50,000] [0m<inf> oresat_solar2: 2530 5251.250000 2960.000000 15.543700 490000[0m
[00:00:02.536,000] [0m<in> oresat_solar2: 2536 5248.750000 2960.000000 15.536300 487500[0m
[00:00:02.542,000] [0m<inf> oresat_solar: 2542 5247.500000 2900.000000 15.217750 485000[0m
[00:00:02.548,000] [0m<inf> oresat_solar2: 2548 5250.00000 2920.000000 15.330000 482500[0m
[00:00:0.553,000] [0m<inf> oresat_solar2: 2553 5251.250000 2960.00000 15.543700 480000[0m
[00:00:02.559,000] [0minf> oresat_solar2: 2559 5248.750000 2920.000000 15.326350 47700[0m
[00:00:02.565,000] [0m<inf> oresat_soar2: 2565 5247.500000 2900.000000 15.217750 475000[0m
[00:00:02.570,000] [0m<inf> oresat_solar2: 2570 5247500000 2900.000000 15.217750 472500[0m
[00:00:02.576,000] [0m<inf> oresat_solar2: 2576 5250.000000 2920.00000 15.330000 470000[0m
[00:00:02.582,000] [0m<inf> oresat_solar2: 2582 5250.000000 2920.000000 15.330000 67500[0m
[00:00:02.587,000] [0m<inf> oresatsolar2: 2587 5248.750000 2920.000000 15.326350 465000[0m
[0000:02.593,000] [0m<inf> oresat_solar2: 2593 548.750000 2960.000000 15.536300 462500[0m
[00:00:02.599,000] [0m<inf> oresat_solar2: 2599 5248.750000 2920000000 15.326350 460000[0m
[00:00:02.605,000] [0m<inf> orest_solar2: 2605 5251.250000 2880.000000 15.12360 457500[0m
[00:00:02.610,000] [0m<inf> oresat_solar2: 2610 5248.750000 2880.000000 15.116400 455000[0m
00:00:02.616,000] [0m<inf> oresat_solar2: 2616 5248.750000 2900.000000 15.221375 452500[0m
[00:00:02.622,00] [0m<inf> oresat_solar2: 2622 5248.750000 220.000000 15.326350 450000[0m
[00:00:02.627,000] [0m<inf> oesat_solar2: 2627 5248.750000 2900.000000 15.21375 447500[0m
[00:00:02.633,000] [0m<inf> oresat_solar2: 2633 5248.750000 2920.000000 15.326350 445000[0
[00:00:02.639,000] [0m<inf> oresat_solar2: 2639 5248.750000 2920.000000 15.326350 442500[0m
[00:00:02.64,000] [0m<inf> oresat_solar2: 2644 5248.750000 2920.000000 15.326350 440000[0m
[00:00:02.650,000] [0m<inf oresat_solar2: 2650 5248.750000 2920.000000 15.326350 437500[0m
[00:00:02.656,000] [0m<inf> oresat_solar2 2656 5247.500000 2960.000000 15.532600 435000[0m
[00:00:02.662,000] [0m<inf> oresat_solar2: 2662 5248.75000 2900.000000 15.221375 432500[0m
[00:00:02667,000] [0m<inf> oresat_solar2: 2667 5248.750000 2900.00000015.221375 430000[0m
[00:00:02.673,000] [0m<nf> oresat_solar2: 2673 5250.000000 2860.000000 15.015000 42750[0m
[00:00:02.679,000] [0m<inf> oresat_solr2: 2679 5250.000000 2900.000000 15.225000 425000[0m
[00:00:2.684,000] [0m<inf> oresat_solar2: 2684 5248.50000 2900.000000 15.221375 422500[0m
[00:00:02.690,000] [0m<inf> oresat_solar2: 2690 5248.750000 2900.00000 15.221375 420000[0m
[00:00:02.696,000] [0m<inf> oresat_solar2: 2696 5248.750000 2920.000000 15.326350 47500[0m
[00:00:02.701,000] [0m<inf> oresat_olar2: 2701 5251.250000 2920.000000 15.333650 415000[0m
[00:0:02.707,000] [0m<inf> oresat_solar2: 2707 520.000000 2860.000000 15.015000 412500[0m
[00:00:02.713,000] [0m<inf> oresat_solar2: 2713 5248.750000 2900.00000 15.221375 410000[0m
[00:00:02.719,000] [0m<inf> oresa_solar2: 2719 5251.250000 2920.000000 15.33365 407500[0m
[00:00:02.724,000] [0m<inf> oresat_solar2: 2724 5251.250000 2920.000000 15.333650 405000[0m
[0:00:02.730,000] [0m<inf> oresat_solar2: 2730 5248.750000 2900.000000 15.221375 402500[0m
[00:00:02.736,00] [0m<inf> oresat_solar2: 2736 5248.750000 2880.000000 15.116400 400000[0m
[00:00:02.741,000] [0m<inf> orsat_solar2: 2741 5250.000000 2900.000000 15.22000 397500[0m
[00:00:02.747,000] [0m<inf> oresat_solar2: 277 5247.500000 2920.000000 15.322700 395000[0m
[00:00:02.753,000] [0m<inf> oresat_solar2: 2753 5248.750000 900.000000 15.221375 392500[0m
[00:00:02.758000] [0m<inf> oresat_solar2: 2758 5250.000000 2900.000000 15.225000 390000[0m
[00:00:02.764,000] [0m<inf>oresat_solar2: 2764 5248.750000 2900.000000 15.221375 387500[0m
[00:00:02.770,000] [0m<inf> oresat_solar2:2770 5248.750000 2900.000000 15.221375 385000[0m
[00:00:02.776,000] [0m<inf> oresat_solar2: 2776 5248.75000 2920.000000 15.326350 382500[0m
[00:00:02.81,000] [0m<inf> oresat_solar2: 2781 5248.750000 2920.000000 5.326350 380000[0m
[00:00:02.787,000] [0m<if> oresat_solar2: 2787 5246.250000 2960.000000 15.528900 37750[0m
[00:00:02.793,000] [0m<inf> oresat_sola2: 2793 5248.750000 2880.000000 15.116400 375000[0m
[00:00:0.798,000] [0m<inf> oresat_solar2: 2798 5248.70000 2920.000000 15.326350 372500[0m
[00:00:02.804,000] [0m<inf> oresat_solar2: 2804 5248.750000 2960.00000 15.536300 370000[0m
[00:00:02.810,000] [0m<inf> oresat_solar2: 2810 5247.500000 2960.000000 15.532600 36500[0m
[00:00:02.815,000] [0m<inf> oresat_solar2: 2815 5247.500000 2960.000000 15.532600 365000[0m
[00:0:02.821,000] [0m<inf> oresat_solar2: 2821 524.750000 2960.000000 15.536300 362500[0m
[00:00:02.827,000] 0m<inf> oresat_solar2: 2827 5248.750000 2900.00000 15.221375 360000[0m
[00:00:02.833,000] [0m<inf> oresatsolar2: 2833 5248.750000 2880.000000 15.116400357500[0m
[00:00:02.838,000] [0m<inf> oresat_solar2: 2838 5247.500000 2900.000000 15.217750 355000[0m
[0:00:02.844,000] [0m<inf> oresat_solar2: 2844 5248.750000 2920.000000 15.326350 352500[0m
[00:00:02.850,000 [0m<inf> oresat_solar2: 2850 5248.750000 2920.000000 15.326350 350000[0m
[00:00:02.855,000] [0m<inf> oreat_solar2: 2855 5247.500000 2920.000000 15.32200 347500[0m
[00:00:02.861,000] [0m<inf> oresat_solar2: 286 5248.750000 2960.000000 15.536300 345000[0m[00:00:02.867,000] [0m<inf> oresat_solar2: 2867 5247.500000 200.000000 15.217750 342500[0m
[00:00:02.872,00] [0m<inf> oresat_solar2: 2872 5250.000000 2920.000000 15.30000 340000[0m
[00:00:02.878,000] [0m<inf> resat_solar2: 2878 5247.500000 2920.000000 15.322700 337500[0m
[00:00:02.884,000] [0m<inf> oresat_solar2: 884 5248.750000 2900.000000 15.221375 335000[0m
[00:00:02.890,000] [0m<inf> oresat_solar2: 2890 5248.75000 2880.000000 15.116400 332500[0m
[00:00:02.895,000] [0m<inf> oresat_solar2: 2895 5248.750000 2900.000000 1.221375 330000[0m
[00:00:02.901,000] [0m<in> oresat_solar2: 2901 5248.750000 2900.000000 15.221375 327500[0m
[00:00:02.907,000] [0m<inf> oresat_solar: 2907 5248.750000 2900.000000 15.221375 325000[0m
[00:00:02.912,000] [0m<inf> oresat_solar2: 2912 5247.50000 2920.000000 15.322700 322500[0m
[00:00:02.918,000] [0m<inf> oresat_solar2: 2918 5247.500000 2880.00000 15.112800 320000[0m
[00:00:02.924,000] [0m<inf> oresat_solar2: 2924 5247.500000 2900.000000 15.217750 31700[0m
[00:00:02.929,000] [0m<inf> oresat_solar2: 2929 5247.500000 2960.000000 15.532600 315000[0m
[00:0002.935,000] [0m<inf> oresat_solar2: 2935 5248.750000 2880.000000 15.116400 312500[0m
[00:00:02.941,000] [m<inf> oresat_solar2: 2941 5248.750000 2880.00000 15.116400 310000[0m
[00:00:02.947,000] [0m<inf> oresat_olar2: 2947 5248.750000 2920.000000 15.326350 07500[0m
[00:00:02.952,000] [0m<inf> oresat_solar2: 2952 528.750000 2920.000000 15.326350 305000[0m
[0000:02.958,000] [0m<inf> oresat_solar2: 2958 5248.750000 2920.00000 15.326350 302500[0m
[00:00:02.964,000][0m<inf> oresat_solar2: 2964 5248.750000 2960.000000 15.536300 300000[0m
[00:00:02.969,000] [0m<inf> orest_solar2: 2969 5250.000000 2920.000000 15.330000 297500[0m
[00:00:02.975,000] [0m<inf> oresat_solar2: 29755250.000000 2920.000000 15.330000 295000[0m
00:00:02.981,000] [0m<inf> oresat_solar2: 2981 5246.250000 290.000000 15.319050 292500[0m
[00:00:02.986,00] [0m<inf> oresat_solar2: 2986 5247.500000 2920.000000 15.322700 290000[0m
[00:00:02.992,000] [0m<inf> oesat_solar2: 2992 5248.750000 2960.000000 15.536300 287500[0m
[00:00:02.998,000] [0m<inf> oresat_solar2: 298 5248.750000 2960.000000 15.536300 285000[0m
[00:00:03.002,000] [0m<dbg> oresat_blink: handle_blink: Thelight is blinking![0m
[00:00:03.004,000] [0m<inf> oresat_solar2: 3004 5248.750000 2920.000000 15.326350 28500[0m
[00:00:03.009,000] [0m<inf> oresat_solar2: 3009 5250.000000 2920.000000 15.330000 280000[0m
[00:0:03.015,000] [0m<inf> oresat_solar2: 3015 525.000000 2900.000000 15.225000 277500[0m
[00:00:03.021,000] 0m<inf> oresat_solar2: 3021 5251.250000 2920.00000 15.333650 275000[0m
[00:00:03.026,000] [0m<inf> oresatsolar2: 3026 5250.000000 2900.000000 15.225000272500[0m
[00:00:03.032,000] [0m<inf> oresat_solar2: 3032 551.250000 2920.000000 15.333650 270000[0m
[0:00:03.038,000] [0m<inf> oresat_solar2: 3038 5251.250000 2920.000000 15.333650 267500[0m
[00:00:03.043,000 [0m<inf> oresat_solar2: 3043 5250.000000 2880.000000 15.120000 265000[0m
[00:00:03.049,000] [0m<inf> oreat_solar2: 3049 5248.750000 2920.000000 15.326350 262500[0m
[00:00:03.055,000] [0m<inf> oresat_solar2: 305 5251.250000 2900.000000 15.228625 260000[0m
[00:00:03.061,000] [0m<inf> oresat_solar2: 3061 5250.000000 280.000000 15.120000 257500[0m
[00:00:03.066,00] [0m<inf> oresat_solar2: 3066 5251.250000 2920.000000 15.33650 255000[0m
[00:00:03.072,000] [0m<inf> resat_solar2: 3072 5250.000000 2920.000000 15.330000 252500[0m
[00:00:03.078,000] [0m<inf> oresat_solar2: 078 5250.000000 2920.000000 15.330000 250000[0m
[1;31m--- 2 messages dropped ---
[0m[00:00:03.095,000] 0m<inf> oresat_solar2: 3095 5250.000000 2960.000000 15.540000 242500[0m
[1;31m--- 3 messages dropped ---
[0m[00:00:03.118,000] [0m<inf> oresat_solar2:3118 5250.000000 2960.000000 15.540000 232500[0m
[1;31m---  messages dropped ---
[0m[00:00:03.140,000] [0m<inf> oresat_solar2: 3140 5251.250000 2960.000000 15.543700222500[0m
[1;31m--- 3 messages dropped ---[0m[00:00:03.163,000] [0m<inf> oresat_solar2: 3163 5250.00000 2900.000000 15.225000 212500[0m
[1;31m---3 messages dropped ---
[0m[00:00:03.186,000] [0m<inf> oresat_solar2: 3186 5250.000000 2900.000000 15.22500 202500[0m
[1;31m--- 3 messages dropped ---
[0m[00:00:03.209,000] [0m<inf> oresat_solar2: 3209 5252.50000 2920.000000 15.337300 192500[0m
[1;31m-- 3 messages dropped ---
[0m[00:00:03.232,000] [0m<inf> orest_solar2: 3232 5248.750000 2960.000000 15.53630 182500[0m
[1;31m--- 3 messages dropped ---
[0m[00:00:03.254,000] [0m<inf> oresat_solar2: 3254 5252.50000 2920.000000 15.337300 172500[0m
[1;31m--- 3 messages dropped ---
[0m[00:00:03.277,000] [0m<inf> oreat_solar2: 3277 5247.500000 2900.000000 15.217750 162500[0m
[1;31m--- 3 messages dropped ---
[0m[00:00:0.300,000] [0m<inf> oresat_solar2: 3300 5251.20000 2900.000000 15.228625 152500[0m
[1;31m--- 3 messages dopped ---
[0m[00:00:03.328,000] [0m<inf> orsat_solar2: 3328 5250.000000 2920.000000 15.330000 140000[0m
[1;31m--- 3 messages dropped ---
[0m[00:00:3.351,000] [0m<inf> oresat_solar2: 3351 5250.000000 2900.000000 15.225000 130000[0m
[1;31m--- 3 messages ropped ---
[0m[00:00:03.374,000] [0m<inf> oresat_solar2: 3374 5248.750000 2880.000000 15.116400 120000[0m
[1;31m--- 3 messages dropped ---
[0m[00:00:03.397,000] [0m<inf> oresat_solar2: 3397 5251.250000 2920.00000 15.333650 110000[0m
[1;31m--- 3 messagesdropped ---
[0m[00:00:03.420,000] [0m<inf> oresat_solar2: 320 5250.000000 2920.000000 15.330000 100000[0
[1;31m--- 3 messages dropped ---
[0m[00:00:03.442,000] [m<inf> oresat_solar2: 3442 5248.750000 2860.00000 15.011425 90000[0m
[1;31m--- 3 messages dropped ---
[0m[00:00:03.465,000] [0m<inf> oresat_solar2: 365 5250.000000 2960.000000 15.540000 80000[0m
[1;31m--- 3 mssages dropped ---
[0m[00:00:03.488,000] [0<inf> oresat_solar2: 3488 5250.000000 2880.000000 15.120000 70000[0m
[1;31m--- 3 messages dropped ---
[0[00:00:03.511,000] [0m<inf> oresat_solar2: 3511 5248.750000 2900.000000 15.221375 60000[0m
[1;31m--- 3 mesages dropped ---
[0m[00:00:03.534,000] [0minf> oresat_solar2: 3534 5248.750000 2920.000000 15.326350 5000[0m
[1;31m--- 3 messages dropped ---
[0m00:00:03.556,000] [0m<inf> oresat_solar2: 3556 5248.750000 2900.000000 15.221375 40000[0m
[1;31m--- 3 mesages dropped ---
[0m[00:00:03.579,000] [0m<inf> oresat_solar2: 3579 5248.750000 2920.000000 15.326350 3000[0m
[1;31m--- 3 messages dropped ---
[0m[00:00:03.602,000] [0m<inf> oresat_solar2: 3602 5251.250000 296.000000 15.543700 20000[0m
[1;31m--- 3 messages dropped ---
[0m[00:00:03.625,000] [0m<inf> oresat_solar: 3625 5250.000000 2920.000000 15.330000 10000[0m
[1;31m--- 3 messages dropped ---
[0m[00:00:03.648,000][0m<inf> oresat_solar2: 3648 5250.000000 2920000000 15.330000 0[0m
[1;31m--- 4 messages dropped ---
[0[00:00:03.665,000] [0m<inf> oresat_solar2: 365 5245.000000 2900.000000 15.210500 -7500[0m
[1;31m--- 4 mesages dropped ---
[0m[00:00:03.678,000] [1;1m<err> dac_mcux_lpdac: unsupported value 5282847[0m
[1;31m-- 4 messages dropped ---
[0m[00:00:03.693,00] [0m<inf> oresat_solar2: 3693 5245.000000 2900.000000 15.210500 -20000[0m
[1;31m--- 4 messages dropped --
[0m[00:00:03.707,000] [1;31m<err> dac_mcux_lpdac: unsupported value 5282831[0m
[1;31m--- 4 messages ropped ---
[0m[00:00:03.718,000] [1;31m<err dac_mcux_lpdac: unsupported value 5282825[0m
[1;31m--- 3 mssages dropped ---
[0m[00:00:03.733,000] [0<inf> oresat_solar2: 3733 5243.750000 2960.000000 15.521500 -37500[0m
[1;31m--- 5 messages dropped ---
[m[00:00:03.747,000] [1;31m<err> dac_mcux_lpdac: unsupported value 5282810[0m
[1;31m--- 2 messages dropped---
[0m[00:00:03.762,000] [0m<inf> oresat_solar2: 3762 5245.000000 2960.000000 15.525200 -50000[0m
[1;3m--- 6 messages dropped ---
[0m[00:00:03.775,000] [1;31m<err> dac_mcux_lpdac: unsupported value 5282794[0
[1;31m--- 2 messages dropped ---
[0m[00:00:03.790,000] [0m<inf> oresat_solar2: 3790 5243.750000 2880.00000 15.102000 -62500[0m
[1;31m--- 4 message dropped ---
[0m[00:00:03.804,000] [1;31m<err> dac_mcux_lpdc: unsupported value 5282779[0m
[1;31m--- 4messages dropped ---
[0m[00:00:03.815,000] [1;31m<err> dac_cux_lpdac: unsupported value 5282773[0m
[1;1m--- 4 messages dropped ---
[0m[00:00:03.830,000] [0m<inf>oresat_solar2: 3830 5245.000000 2920.000000 15315400 -80000[0m
[1;31m--- 4 messages dropped ---
[0m[00:00:03.844,000] [1;31m<err> dac_mcux_lpdac: unspported value 5282758[0m
[1;31m--- 3 messages dropped ---
[0m[00:00:03.855,000] [1;31m<err> dac_mcux_lpac: unsupported value 5282751[0m
[1;31m--- 4 messages dropped ---
[0m[00:00:03.870,000] [0m<inf> oresatsolar2: 3870 5243.750000 2900.000000 15.206875 -97500[0m
[1;31m--- 5 messages dropped ---
[0m[00:00:03.83,000] [1;31m<err> dac_mcux_lpdac: unsupporte value 5282736[0m
[1;31m--- 2 messages dropped ---
[0m[0000:03.898,000] [0m<inf> oresat_solar2: 3898 542.500000 2920.000000 15.308100 -110000[0m
[1;31m--- 4 messges dropped ---
[0m[00:00:03.912,000] [1;31<err> dac_mcux_lpdac: unsupported value 5282721[0m
[1;31m--- 4 messages dropped ---
[0m[00:00:03.923,000 [1;31m<err> dac_mcux_lpdac: unsupported value 5282715[0m
[1;31m--- 4 messages dropped ---
[0m[00:00:03938,000] [0m<inf> oresat_solar2: 3938 5243.750000 2960.000000 15.521500 -127500[0m
[1;31m--- 4 messages dopped ---
[0m[00:00:03.955,000] [0m<inf> oresat_solar2: 3955 5243.750000 2960.000000 15.521500 -135000[0m
[1;31m--- 5 messages dropped ---
[0m[00:0003.969,000] [1;31m<err> dac_mcux_lpdac: unsupported value 528690[0m
[1;31m--- 4 messages dropped ---
[m[00:00:03.980,000] [1;31m<err> dac_mcux_lpdac: unsupported vlue 5282684[0m
[1;31m--- 3 messages dropped---
[0m[00:00:03.995,000] [0m<inf> oresat_solar2: 3995 5243750000 2920.000000 15.311750 -152500[0m
[1;1m--- 5 messages dropped ---
[0m[00:00:04.009,000] [1;31m<err> dac_mcux_lpdac: unsupported value 5282668[m
[1;31m--- 4 messages dropped ---
[0m[00:00:04.024,000] [0m<inf> oresat_solar2: 4024 5238.750000 2920.00000 15.297150 -165000[0m
[1;31m--- 5 messages dropped ---
[0m[00:00:04.037,000] [1;31m<err> dac_mcux_ldac: unsupported value 5282653[0m
[1;31m---2 messages dropped ---
[0m[00:00:04.052,000] [0m<inf> oresa_solar2: 4052 5240.000000 2960.000000 15.51040 -177500[0m
[1;31m--- 4 messages dropped ---
[0m[00:00:04066,000] [1;31m<err> dac_mcux_lpdac: unsuppored value 5282638[0m
[1;31m--- 4 messages dropped ---
[0m[0:00:04.077,000] [1;31m<err> dac_mcux_lpdac: nsupported value 5282631[0m
[1;31m--- 4 messages dropped --
[0m[00:00:04.092,000] [0m<inf> oresat_sola2: 4092 5241.250000 2960.000000 15.514100 -195000[0m
[1;31m--- 4 messages dropped ---
[0m[00:00:04.106,00] [1;31m<err> dac_mcux_lpdac: unsupported value 5282616[0m
[1;31m--- 3 messages dropped ---
[0m[00:00:4.117,000] [1;31m<err> dac_mcux_lpdac: unsupported value 5282610[0m
[1;31m--- 4 messages dropped ---
[0[00:00:04.132,000] [0m<inf> oresat_solar2: 412 5241.250000 2920.000000 15.304450 -212500[0m
[1;31m--- 5 essages dropped ---
[0m[00:00:04.146,000] [;31m<err> dac_mcux_lpdac: unsupported value 5282595[0m
[1;3m--- 2 messages dropped ---
[0m[00:00:04.161000] [0m<inf> oresat_solar2: 4161 5241.250000 2960.000000 15.14100 -225000[0m
[1;31m--- 6 messages droppd ---
[0m[00:00:04.174,000] [1;31m<err> dac_mcux_lpdac: unsupported value 5282579[0m
[1;31m--- 2 messags dropped ---
[0m[00:00:04.189,000] [0m<inf> oresat_solar2: 4189 5240.000000 2920.000000 15.300800 -237500[0m
[1;31m--- 4 messages dropped ---
[0m[0:00:04.203,000] [1;31m<err> dac_mcux_lpdac: unsupported value5282564[0m
[1;31m--- 4 messages dropped ---
[0m[00:00:04.214,000] [1;31m<err> dac_mcux_lpdac: unsupportd value 5282558[0m
[1;31m--- 4 messages droped ---
[0m[00:00:04.229,000] [0m<inf> oresat_solar2: 4229 241.250000 2900.000000 15.199625 -255000[0m
[1;31m--- 4 messages dropped ---
[0m[00:00:04.243,000] [1;31m<err> dac_mcux_lpdac: unsupported value 528252[0m
[1;31m--- 3 messages dropped ---
[0m[00:00:04.254,000] [1;31m<err> dac_mcux_lpdac: unsupported vale 5282536[0m
[1;31m--- 4 messages dropped ---
[0m[00:00:04.269,000] [0m<inf> oresat_solar2: 4269 5241.20000 2920.000000 15.304450 -272500[0m
[1;31--- 5 messages dropped ---
[0m[00:00:04.282,000] [1;31m<err dac_mcux_lpdac: unsupported value 5282521[0m
[1;31m--- 2 messages dropped ---
[0m[00:00:04.297,000] [0<inf> oresat_solar2: 4297 5238.750000 2960.00000 15.506700 -285000[0m
[1;31m--- 4 messages dropped ---
0m[00:00:04.311,000] [1;31m<err> dac_mcux_lpdc: unsupported value 5282505[0m
[1;31m--- 4 messages dropped ---
[0m[00:00:04.326,000] [0m<inf> oresat_olar2: 4326 5240.000000 2960.000000 15.510400 -297500[0m
[1;31m--- 4 messages dropped ---
[0m[00:00:04.39,000] [1;31m<err> dac_mcux_lpdac: unsupporte value 5282490[0m
[1;31m--- 4 messages dropped ---
[0m[0000:04.351,000] [1;31m<err> dac_mcux_lpdac: unupported value 5282484[0m
[1;31m--- 4 messages dropped ---
[0m[00:00:04.366,000] [0m<inf> oresat_solar2 4366 5240.000000 2920.000000 15.300800 -315000[0m
[1;31m--- 4 messages dropped ---
[0m[00:00:04.379,000 [1;31m<err> dac_mcux_lpdac: unsupported value 5282468[0m
[1;31m--- 3 messages dropped ---
[0m[00:00:04391,000] [1;31m<err> dac_mcux_lpdac: unsupported value 5282462[0m
[1;31m--- 4 messages dropped ---
[0m[0:00:04.406,000] [0m<inf> oresat_solar2: 4406 5238.750000 2920.000000 15.297150 -332500[0m
[1;31m--- 5 mesages dropped ---
[0m[00:00:04.419,000] [1;1m<err> dac_mcux_lpdac: unsupported value 5282447[0m
[1;31m-- 2 messages dropped ---
[0m[00:00:04.434,00] [0m<inf> oresat_solar2: 4434 5242.500000 2960.000000 15.51800 -345000[0m
[1;31m--- 4 messages dropped---
[0m[00:00:04.448,000] [1;31m<err> dac_mcux_lpdac: unsuported value 5282432[0m
[1;31m--- 4 messagesdropped ---
[0m[00:00:04.459,000] [1;31m<err> dac_mcux_lpdac: unsupported value 5282425[0m
[1;31m--- 4 essages dropped ---
[0m[00:00:04.474,000] [0m<inf> oresat_solar2: 4474 5240.000000 2920.000000 15.300800 -62500[0m
[1;31m--- 3 messages dropped ---
[0m[00:00:04.486,000] [0m<inf> oresat_solar2: 4486 5240.00000 2920.000000 15.300800 -367500[0m
[1;31m---3 messages dropped ---
[0m[00:00:04.497,000] [0m<inf> oresat_solar2: 4497 5241.250000 2880.000000 15.09480 -372500[0m
[1;31m--- 3 messages dropped ---
[0m[00:00:04.508,000] [0m<inf> oresat_solar2: 4508 5238.75000 2960.000000 15.506700 -377500[0m
[1;31m--- 3 messages dropped ---
[0m[00:00:04.520,000] [0m<inf> orsat_solar2: 4520 5240.000000 2960.000000 15.510400 -382500[0m
[1;31m--- 3 messages dropped ---
[0m[00:0004.533,000] [1;31m<err> dac_mcux_lpdac: unsuported value 5282385[0m
[1;31m--- 3 messages dropped ---
[m[00:00:04.543,000] [0m<inf> oresat_solar2: 443 5241.250000 2920.000000 15.304450 -392500[0m
[1;31m--- 3messages dropped ---
[0m[00:00:04.554,000] 0m<inf> oresat_solar2: 4554 5243.750000 2920.000000 15.311750 -397500[0m
[1;31m--- 3 messages dropped ---[0m[00:00:04.565,000] [0m<inf> oresat_solar2: 4565 5241.250000 3000.000000 15.723750 -402500[0m
[1;31m-- 3 messages dropped ---
[0m[00:00:04.577,000] [0m<inf> oresat_solar2: 4577 5240.000000 2920.000000 15.30080 -407500[0m
[1;31m--- 3 messages dropped ---
[0m[00:00:04.588,000] [0m<inf> oresat_solar2: 4588 5240.00000 2900.000000 15.196000 -412500[0m
[1;31--- 3 messages dropped ---
[0m[00:00:04.602,000] [1;31m<err dac_mcux_lpdac: unsupported value 5282349[0m
[1;31m--- 3 messages dropped ---
[0m[00:00:04.611,000] [0<inf> oresat_solar2: 4611 5241.250000 2920.00000 15.304450 -422500[0m
[1;31m--- 3 messages dropped ---
0m[00:00:04.622,000] [0m<inf> oresat_solar2: 622 5240.000000 2960.000000 15.510400 -427500[0m
[1;31m--- 3 messages dropped ---
[0m[00:00:04.634,000] [0m<inf> oresat_solar2: 4634 5240.000000 2960.000000 15.510400 -432500[0m
[1;31m--- 3 messages dropped ---
[0m[00:00:04.645,000] [0m<inf> oresat_solar2: 4645 5241.250000 2960.000000 15.514100 -437500[0m
[1;31m-- 3 messages dropped ---
[0m[00:00:04.659,000] [1;31m<err> dac_mcux_lpdac: unsupported value 5282318[0m
[1;31m--- 3 messages dropped ---
[0m[00:00:04.668,000] [0m<inf> oresat_solar2: 4668 5238.750000 2920.00000 15.297150 -447500[0m
[1;31m--- 3 messages ropped ---
[0m[00:00:04.679,000] [0m<inf> oresat_solar2: 469 5238.750000 2960.000000 15.506700 -452500[0
[1;31m--- 3 messages dropped ---
[0m[00:00:04.691,000] [m<inf> oresat_solar2: 4691 5240.000000 2920.00000 15.300800 -457500[0m
[1;31m--- 3 messages dropped ---
[0m[00:00:04.702,000] [0m<inf> oresat_solar2:4702 5240.000000 2920.000000 15.300800 -462500[0m
[1;31m--- 3 messages dropped ---
[0m[00:00:04.716,000][1;31m<err> dac_mcux_lpdac: unsupported value 5282287[0m
[1;31m--- 3 messages dropped ---
[0m[00:00:04.25,000] [0m<inf> oresat_solar2: 4725 5243.75000 2960.000000 15.521500 -472500[0m
[1;31m--- 3 messages drpped ---
[0m[00:00:04.736,000] [0m<inf> oreat_solar2: 4736 5238.750000 2900.000000 15.192375 -477500[0m
[1;31m--- 3 messages dropped ---
[0m[00:00:4.748,000] [0m<inf> oresat_solar2: 4748 5240.000000 2920.000000 15.300800 -482500[0m
[1;31m--- 3 messagesdropped ---
[0m[00:00:04.759,000] [0m<inf> oresat_solar2: 4759 5241.250000 2900.000000 15.199625 -487500[m
[1;31m--- 3 messages dropped ---
[0m[00:00:04.773,000] [1;31m<err> dac_mcux_lpdac: unsupported value 582256[0m
[1;31m--- 3 messages dropped ---
[0m[00:00:04.782,000] [0m<inf> oresat_solar2: 4782 5241.25000 2880.000000 15.094800 -497500[0m
[1;31m---3 messages dropped ---
[0m[00:00:04.795,000] [1;31m<err> da_mcux_lpdac: unsupported value 5282244[0m
[;31m--- 3 messages dropped ---
[0m[00:00:04.805,000] [0m<in> oresat_solar2: 4805 5240.000000 2960.000000 5.510400 -507500[0m
[1;31m--- 3 messages dropped ---
[0m[00:00:04.818,000] [1;31m<err> dac_mcux_lpdac: nsupported value 5282232[0m
[1;31m--- 2 messages dropped ---
[0m[00:00:04.824,000] [1;31m<err> dac_mcuxlpdac: unsupported value 5282229[0m
[1;31m--- 3 messages dropped ---
[0m[00:00:04.835,000] [1;31m<err> ac_mcux_lpdac: unsupported value 5282222[0m
[1;31m--- 3 messages dropped ---
[0m[00:00:04.847,000] [1;3m<err> dac_mcux_lpdac: unsupported value 528226[0m
[1;31m--- 3 messages dropped ---
[0m[00:00:04.856,00] [0m<inf> oresat_solar2: 4856 5240.000000 290.000000 15.300800 -530000[0m
[1;31m--- 3 messages dropped --
[0m[00:00:04.870,000] [1;31m<err> dac_mcx_lpdac: unsupported value 5282204[0m
[1;31m--- 3 messages dropped ---
[0m[00:00:04.879,000] [0m<inf> oesat_solar2: 4879 5242.500000 2920.000000 15.308100 -540000[0m
[1;31m--- 3 messages dropped ---
[0m[00:0:04.892,000] [1;31m<err> dac_mcux_lpdac: unsupported value 5282192[0m
[1;31m--- 2 messages dropped ---
0m[00:00:04.898,000] [1;31m<err> dac_mcux_lpdac: unsupported value 5282189[0m
[1;31m--- 3 messages droppe ---
[0m[00:00:04.909,000] [1;31m<err> dac_cux_lpdac: unsupported value 5282183[0m
[1;31m--- 2 message dropped ---
[0m[00:00:04.921,000] [1;31m<er> dac_mcux_lpdac: unsupported value 5282176[0m
[1;31m--- 3messages dropped ---
[0m[00:00:04.930,000] 0m<inf> oresat_solar2: 4930 5241.250000 2900.000000 15.199625 -562500[0m
[1;31m--- 3 messages dropped ---[0m[00:00:04.942,000] [0m<inf> oresat_solar2: 4942 5241.25000 2880.000000 15.094800 -567500[0m
[1;31m-- 3 messages dropped ---
[0m[00:00:04.955,000] [1;31m<err> dac_mcux_lpdac: unsupported value 5282158[0m
1;31m--- 3 messages dropped ---
[0m[00:00:04.964,000] [0m<inf> oresat_solar2: 4964 5238.750000 2960.00000015.506700 -577500[0m
[1;31m--- 3 messages dopped ---
[0m[00:00:04.978,000] [1;31m<err> dac_mcux_lpdac:unsupported value 5282146[0m
[1;31m--- 2 mesages dropped ---
[0m[00:00:04.989,000] [1;31m<err> dac_mcu_lpdac: unsupported value 5282139[0m
[1;31m-- 3 messages dropped ---
[0m[00:00:04.995,000] [1;31m<err>dac_mcux_lpdac: unsupported value 5282136[0m[1;31m--- 4 messages dropped ---
[0m[00:00:05.006,000] [1;31m<err> dac_mcux_lpdac: unsupported value 528230[0m
[1;31m--- 1 messages dropped ---
[0m[00:00:05.018,000] [1;31m<err> dac_mcux_lpdac: unsupported vaue 5282124[0m
[1;31m--- 3 messages dropped ---
[0m[00:00:05.027,000] [0m<inf> oresat_solar2: 5027 5242.00000 2920.000000 15.308100 -605000[0m
[1;3m--- 3 messages dropped ---
[0m[00:00:05.038,000] [0m<inf> resat_solar2: 5038 5242.500000 2920.000000 15.08100 -610000[0m
[1;31m--- 3 messages dropped ---
[0m[00:0:05.050,000] [0m<inf> oresat_solar2: 5050 521.250000 2960.000000 15.514100 -615000[0m
[1;31m--- 3 messaes dropped ---
[0m[00:00:05.061,000] [0m<in> oresat_solar2: 5061 5240.000000 2900.000000 15.196000 -620000[0m
[1;31m--- 4 messages dropped ---
[0m[0:00:05.075,000] [1;31m<err> dac_mcux_lpdac: unsupported value 5282093[0m
[1;31m--- 3 messages dropped --
[0m[00:00:05.084,000] [0m<inf> oresat_sola2: 5084 5242.500000 2920.000000 15.308100 -630000[0m
[1;31m-- 3 messages dropped ---
[0m[00:00:05.098,00] [1;31m<err> dac_mcux_lpdac: unsupported value 5282081[0m[1;31m--- 2 messages dropped ---
[0m[00:00:5.109,000] [1;31m<err> dac_mcux_lpdac: unsupported value 528275[0m
[1;31m--- 3 messages dropped ---
[0[00:00:05.115,000] [1;31m<err> dac_mcux_lpdac: unsupported value 5282072[0m
[1;31m--- 3 messages dropped --
[0m[00:00:05.126,000] [1;31m<err> dac_mcux_lpdac: unsupported value 5282066[0m
[1;31m--- 2 messages ropped ---
[0m[00:00:05.137,000] [1;31m<err> dac_mcux_lpdac: unsupported value 5282060[0m
[1;31m--- 3 mssages dropped ---
[0m[00:00:05.147,000] [0<inf> oresat_solar2: 5147 5241.250000 2920.000000 15.304450 -67500[0m
[1;31m--- 3 messages dropped ---
0m[00:00:05.160,000] [1;31m<err> dac_mcux_lpdac: unsupported alue 5282047[0m
[1;31m--- 3 messages droppe ---
[0m[00:00:05.170,000] [0m<inf> oresat_solar2: 5170 5242.500000 2920.000000 15.308100 -667500[0m
[131m--- 3 messages dropped ---
[0m[00:00:05.183,000] [1;31m<err> dac_mcux_lpdac: unsupported value 52820350m
[1;31m--- 2 messages dropped ---
[0m[00:00:05.192,000] [0m<inf> oresat_solar2: 5192 5241.250000 2900.00000 15.199625 -677500[0m
[1;31m--- 3 messges dropped ---
[0m[00:00:05.204,000] [0m<inf> oresat_solar: 5204 5240.000000 2900.000000 15.196000 -68250[0m
[1;31m--- 5 messages dropped ---
[0m[00:00:05.217,00] [1;31m<err> dac_mcux_lpdac: unsupported vale 5282016[0m
[1;31m--- 2 messages dropped ---
[0m[00:00:05.229,000] [1;31m<err> dac_mcux_lpdac: unsuppoted value 5282010[0m
[1;31m--- 2 messages dropped ---
[0m[00:00:05.240,000] [1;31m<err> dac_mcux_lpdac:unsupported value 5282004[0m
[1;31m--- 3 messages dropped ---
[0m[00:00:05.251,000] [1;31m<err> dac_mcu_lpdac: unsupported value 5281998[0m
[1;31m-- 3 messages dropped ---
[0m[00:00:05.261,000] [0m<inf> orsat_solar2: 5261 5241.250000 2920.000000 15.30450 -707500[0m
[1;31m--- 3 messages dropped ---
[0m[00:0005.274,000] [1;31m<err> dac_mcux_lpdac: unsuported value 5281986[0m
[1;31m--- 3 messages dropped ---
[0m[00:00:05.284,000] [0m<inf> oresat_solar2: 584 5241.250000 2920.000000 15.304450 -717500[0m
[1;31m--- 3 messages dropped ---
[0m[00:00:05.297,000] 1;31m<err> dac_mcux_lpdac: unsupported value 5281973[0m
[1;31m--- 2 messages dropped ---
[0m[00:00:05.30,000] [1;31m<err> dac_mcux_lpdac: unsupported value 5281970[0m
[1;31m--- 4 messages dropped ---
[0m[00:0:05.314,000] [1;31m<err> dac_mcux_lpdac: unspported value 5281964[0m
[1;31m--- 1 messages dropped ---
[0m[00:00:05.326,000] [1;31m<err> dac_mcux_lpac: unsupported value 5281958[0m
[1;31m--- 3 messages droppd ---
[0m[00:00:05.335,000] [0m<inf> oresatsolar2: 5335 5241.250000 2920.000000 15.304450 -740000[0m
[;31m--- 3 messages dropped ---
[0m[00:00:05.48,000] [1;31m<err> dac_mcux_lpdac: unsupported value 5281946[0m
[1;31m--- 3 messages dropped ---
[0m[0:00:05.358,000] [0m<inf> oresat_solar2: 5358 5241.250000 2920.000000 15.304450 -750000[0m
[1;31m--- 3 mesages dropped ---
[0m[00:00:05.369,000] [0m<inf> oresat_solar2: 5369 5240.000000 2920.000000 15.300800 -75500[0m
[1;31m--- 3 messages dropped ---
[0m[00:00:05.383,000] [1;31m<err> dac_mcux_lpdac: unsupported vaue 5281927[0m
[1;31m--- 2 messages dropped --
[0m[00:00:05.388,000] [1;31m<err> dac_mcux_lpdac: unsupprted value 5281924[0m
[1;31m--- 4 messages ropped ---
[0m[00:00:05.400,000] [1;31m<err> dac_mcux_lpdac unsupported value 5281918[0m
[1;31m--- 1 mssages dropped ---
[0m[00:00:05.411,000] [1;31m<err> dac_mcux_lpdac: unsupported value 5281912[0m
[1;31--- 3 messages dropped ---
[0m[00:00:05.420,000] [0m<inf> oresat_solar2: 5420 5241.250000 2900.000000 15.19625 -777500[0m
[1;31m--- 3 messages dropped ---
[0m[00:00:05.434,000] [1;31m<err> dac_mcux_lpdac: unsuported value 5281900[0m
[1;31m--- 3 messages dropped ---
[0m[00:00:05.443,000] [0m<inf> oresat_solar2: 443 5238.750000 2920.000000 15.297150 -7875000m
[1;31m--- 3 messages dropped ---
[0m[00:00:05.455,000] [0m<inf> oresat_solar2: 5455 5241.250000 2920.00000 15.304450 -792500[0m
[1;31m--- 3 messages dropped ---
[0m[00:00:05.466,000] [0m<inf> oresat_solar: 5466 5242.500000 2920.000000 15.308100 -797500[0m
[1;31m-- 4 messages dropped ---
[0m[00:00:05.477,00] [0m<inf> oresat_solar2: 5477 5243.750000 2900.000000 15.206875 -802500[0m
[1;31m--- 2 messages dropped --
[0m[00:00:05.491,000] [1;31m<err> dac_mcux_lpdac: unsupported value 5281869[0m
[1;31m--- 3 messages ropped ---
[0m[00:00:05.500,000] [0m<inf> oresat_solar2: 5500 5241.250000 2960.000000 15.514100 -812500[0
[1;31m--- 3 messages dropped ---
[0m[00:0:05.512,000] [0m<inf> oresat_solar2: 5512 5241.250000 2960.00000 15.514100 -817500[0m
[1;31m--- 3 messags dropped ---
[0m[00:00:05.523,000] [0m<inf> oresat_solar2: 5523 5243.750000 2960.000000 15.521500 -822500[0m
[1;31m--- 3 messages dropped ---
[0m[00:00:05.534,000] [0m<inf> oresat_solar2: 5534 5241.250000 2920000000 15.304450 -827500[0m
[1;31m--- 4 messages dropped ---
[0m[00:00:05.546,000] [0m<inf> oresat_sola2: 5546 5241.250000 2960.000000 15.514100 -832500[0m
[1;31m--- 2 messages dropped ---
[0m[00:00:05.559,00] [1;31m<err> dac_mcux_lpdac: unsupported value 5281832[0m
[1;31m--- 3 messages dropped ---
[0m[00:00:5.569,000] [0m<inf> oresat_solar2: 5569 5241.50000 2960.000000 15.514100 -842500[0m
[1;31m--- 3 messagesdropped ---
[0m[00:00:05.580,000] [0m<inf> resat_solar2: 5580 5241.250000 2920.000000 15.304450 -847500[m
[1;31m--- 3 messages dropped ---
[0m[00:0:05.591,000] [0m<inf> oresat_solar2: 5591 5241.250000 2960.00000 15.514100 -852500[0m
[1;31m--- 4 messaes dropped ---
[0m[00:00:05.603,000] [0m<inf> oresat_solar2: 5603 5240.000000 2900.000000 15.196000 -85750[0m
[1;31m--- 2 messages dropped ---
[0m[00:00:05.616,000] [1;31m<err> dac_mcux_lpdac: unsupported valu 5281801[0m
[1;31m--- 3 messages dropped ---
[0m[00:00:05.626,000] [0m<inf> oresat_solar2: 5626 5241.25000 2920.000000 15.304450 -867500[0m
[1;31m-- 3 messages dropped ---
[0m[00:00:05.637,000] [0m<inf> orsat_solar2: 5637 5241.250000 2960.000000 15.51100 -872500[0m
[1;31m--- 3 messages dropped ---
[0m[00:0005.648,000] [0m<inf> oresat_solar2: 5648 5240000000 2960.000000 15.510400 -877500[0m
[1;31m--- 4 message dropped ---
[0m[00:00:05.660,000] [0m<inf>oresat_solar2: 5660 5240.000000 2960.000000 15.510400 -882500[0m
[1;31m--- 2 messages dropped ---
[0m[0000:05.673,000] [1;31m<err> dac_mcux_lpdac: unsupported value 5281770[0m
[1;31m--- 3 messages dropped ---[0m[00:00:05.683,000] [0m<inf> oresat_solar2: 5683 5241.25000 2920.000000 15.304450 -892500[0m
[1;31m-- 3 messages dropped ---
[0m[00:00:05.694,000] [0m<inf> oresat_solar2: 5694 5240.000000 2960.000000 15.51040 -897500[0m
[1;31m--- 3 messages dropped ---
[0m[00:00:05.705,000] [0m<inf> oresat_solar2: 5705 5241.20000 2920.000000 15.304450 -902500[0m
[1;31--- 4 messages dropped ---
[0m[00:00:05.717,000] [0m<inf> oesat_solar2: 5717 5240.000000 2900.000000 15.16000 -907500[0m
[1;31m--- 2 messages dropped ---
[0m[00:0:05.730,000] [1;31m<err> dac_mcux_lpdac: unsuported value 5281740[0m
[1;31m--- 4 messages dropped ---
0m[00:00:05.742,000] [1;31m<err> dac_mcux_lpdc: unsupported value 5281734[0m
[1;31m--- 2 messages dropped ---
[0m[00:00:05.747,000] [1;31m<err> dac_cux_lpdac: unsupported value 5281730[0m
[1;31m--- 3 message dropped ---
[0m[00:00:05.762,000] [0m<inf>oresat_solar2: 5762 5238.750000 2900.000000 15.192375 -9275000m
[1;31m--- 3 messages dropped ---
[0m[0000:05.774,000] [0m<inf> oresat_solar2: 5774 5240.000000 2960.000000 15.510400 -932500[0m
[1;31m--- 3 messges dropped ---
[0m[00:00:05.785,000] [0m<inf> oresat_solar2: 5785 5241.250000 2900.000000 15.199625 -93750[0m
[1;31m--- 4 messages dropped ---
[0m[00:00:05.799,00] [1;31m<err> dac_mcux_lpdac: unsupported vale 5281703[0m
[1;31m--- 2 messages dropped ---
[0m[00:00:05.808,000] [0m<inf> oresat_solar2: 5808 5242.50000 2900.000000 15.203250 -947500[0m
[1;31m--- 4 messages dropped ---
[0m[00:00:05.821,000] [1;31m<err dac_mcux_lpdac: unsupported value 5281691[0m
[1;31m--- 1 messages dropped ---
[0m[00:00:05.827,000] [131m<err> dac_mcux_lpdac: unsupported value 528687[0m
[1;31m--- 3 messages dropped ---
[0m[00:00:05.839,00] [1;31m<err> dac_mcux_lpdac: unsupported vlue 5281681[0m
[1;31m--- 2 messages dropped ---
[0m[00:0005.850,000] [1;31m<err> dac_mcux_lpdac: unsuported value 5281675[0m
[1;31m--- 2 messages dropped ---
[m[00:00:05.856,000] [1;31m<err> dac_mcux_lpda: unsupported value 5281672[0m
[1;31m--- 4 messages dropped---
[0m[00:00:05.867,000] [1;31m<err> dac_mux_lpdac: unsupported value 5281666[0m
[1;31m--- 1 messagesdropped ---
[0m[00:00:05.878,000] [1;31m<er> dac_mcux_lpdac: unsupported value 5281660[0m
[1;31m--- 3 messages dropped ---
[0m[00:00:05.888,000] [m<inf> oresat_solar2: 5888 5238.750000 2960.000000 15.506700 -982500[0m
[1;31m--- 4 messages dropped ---
[0m[00:00:05.901,000] [1;31m<err> dac_mcux_lpdac: unsupported value 5281647[0m
[1;31m--- 2 messages droppd ---
[0m[00:00:05.911,000] [0m<inf> oresat_solar2: 5911 5240.000000 2900.000000 15.196000 -992500[0m
[;31m--- 4 messages dropped ---
[0m[00:00:05.24,000] [1;31m<err> dac_mcux_lpdac: unsupported value 5281635[0m
[1;31m--- 3 messages dropped ---
[0m[0:00:05.933,000] [0m<inf> oresat_solar2: 5933 5240.000000 2900000000 15.196000 -1002500[0m
[1;31m--- 3 mesages dropped ---
[0m[00:00:05.947,000] [1;31m<err> dac_mcux_lpdac: unsupported value 5281623[0m
[1;31m-- 2 messages dropped ---
[0m[00:00:05.956,000] [0m<inf> oresat_solar2: 5956 5241.250000 2900.000000 15.19625 -1012500[0m
[1;31m--- 4 messages dropped ---
[0m[00:00:05.970,000] [1;31m<err> dac_mcux_lpdac: unsuported value 5281611[0m
[1;31m--- 2 messages dropped ---
[0m[00:00:05.979,000] [0m<inf> oresat_solar2: 979 5238.750000 2920.000000 15.297150 -1022500[0m
[1;31m--- 3 messages dropped ---
[0m[00:00:05.990,000][0m<inf> oresat_solar2: 5990 5241.250000 2880000000 15.094800 -1027500[0m
[1;31m--- 3 messages dropped --
[0m[00:00:06.002,000] [0m<inf> oresat_solr2: 6002 5241.250000 2960.000000 15.514100 -1032500[0m
[1;3m--- 4 messages dropped ---
[0m[00:00:06.010000] [1;31m<err> dac_mcux_lpdac: unsupported value 5281589[0
[1;31m--- 3 messages dropped ---
[0m[00:0:06.021,000] [1;31m<err> dac_mcux_lpdac: unsupported value 5281583[0m
[1;31m--- 1 messages dropped ---
0m[00:00:06.032,000] [1;31m<err> dac_mcux_lpdac: unsupported alue 5281577[0m
[1;31m--- 4 messages droppe ---
[0m[00:00:06.044,000] [1;31m<err> dac_mcux_lpdac: unsupported value 5281571[0m
[1;31m--- 3 message dropped ---
[0m[00:00:06.055,000] [1;31m<err> dac_mcux_lpdac: unsupported value 5281564[0m
[1;31m--- 1messages dropped ---
[0m[00:00:06.061,000] [1;31m<err> dac_mcux_lpdac: unsupported value 5281561[0m
[1;1m--- 4 messages dropped ---
[0m[00:00:06.076,000] [0m<inf> oresat_solar2: 6076 5238.750000 2960.000000 15506700 -1065000[0m
[1;31m--- 3 messages droped ---
[0m[00:00:06.087,000] [0m<inf> oresat_solar2: 6087 236.250000 2960.000000 15.499300 -1070000[0m[1;31m--- 3 messages dropped ---
[0m[00:00:06.099,000] [0m<inf> oresat_solar2: 6099 5238.750000 2920.00000 15.297150 -1075000[0m
[1;31m--- 4 messages dropped ---
0m[00:00:06.112,000] [1;31m<err> dac_mcux_lpdc: unsupported value 5281534[0m
[1;31m--- 2 messages droppe ---
[0m[00:00:06.121,000] [0m<inf> oresat_olar2: 6121 5238.750000 2980.000000 15.611475 -1085000[0m
[1;31m--- 4 messages dropped ---
[0m[00:00:06.35,000] [1;31m<err> dac_mcux_lpdac: unsupported value 5281521[0m
[1;31m--- 1 messages dropped ---
[0m[0:00:06.141,000] [1;31m<err> dac_mcux_lpdac: unsupported value 5281518[0m
[1;31m--- 1 messages dropped ---
[0m[00:00:06.146,000] [1;31m<err> dac_mcux_lpdac: unsupported value 5281515[0m
[1;31m--- 3 messages droped ---
[0m[00:00:06.158,000] [1;31m<err> dc_mcux_lpdac: unsupported value 5281509[0m
[1;31m--- 2 messges dropped ---
[0m[00:00:06.167,000] [0m<if> oresat_solar2: 6167 5238.750000 2960.000000 15.506700 -110500[0m
[1;31m--- 3 messages dropped ---
[0[00:00:06.178,000] [0m<inf> oresat_solar2: 6178 5237.500000 220.000000 15.293500 -1110000[0m
[1;31m--- 4messages dropped ---
[0m[00:00:06.192,000] [1;31m<err> dac_cux_lpdac: unsupported value 5281491[0m
[1;1m--- 2 messages dropped ---
[0m[00:00:06.198,000] [1;31m<err> dac_mcux_lpdac: unsupported value 5281488[m
[1;31m--- 2 messages dropped ---
[0m[00:00:06.213,000] [0m<inf> oresat_solar2: 6213 5238.750000 2980.00000 15.611475 -1125000[0m
[1;31m--- 4 messages dropped ---
[0m[00:00:06.224,000] [0m<inf> oresat_solar: 6224 5236.250000 2920.000000 15.289850 -1130000[0m
[1;31m--- 4 messages dropped ---
[0m[00:00:06.238,00] [1;31m<err> dac_mcux_lpdac: unsupported value 5281466[0m
[1;31m--- 2 messages dropped ---
[0m[00:00:6.249,000] [1;31m<err> dac_mcux_lpdac: unsupprted value 5281460[0m
[1;31m--- 3 messages dropped ---
[0[00:00:06.260,000] [1;31m<err> dac_mcux_lpdac unsupported value 5281454[0m
[1;31m--- 3 messages dropped --
[0m[00:00:06.272,000] [1;31m<err> dac_mcx_lpdac: unsupported value 5281448[0m
[1;31m--- 2 messages ropped ---
[0m[00:00:06.275,000] [0m<inf> oesat_solar2: 6275 5238.750000 2960.000000 15.506700 -1152500[0m
[1;31m--- 3 messages dropped ---
[0m[00:0:06.289,000] [1;31m<err> dac_mcux_lpdac: unsupported value 5281438[0m
[1;31m--- 3 messages dropped ---
[0m[00:00:06.300,000] [1;31m<err> dac_mcux_lpdac: unsupported value 5281432[0m
[1;31m--- 2 messages droppd ---
[0m[00:00:06.312,000] [1;31m<err> dac_mcux_lpdac: unsupported value 5281426[0m
[1;31m--- 4 messags dropped ---
[0m[00:00:06.323,000] [1;31m<err> dac_mcux_lpdac: unsupported value 5281420[0m
[1;31m---  messages dropped ---
[0m[00:00:06.332,000] [0m<inf> oresat_solar2: 6332 5237.500000 2860.000000 14.979250-1177500[0m
[1;31m--- 3 messages dropped --
[0m[00:00:06.346,000] [1;31m<err> dac_mcux_lpdac: unsuppored value 5281408[0m
[1;31m--- 3 messages drpped ---
[0m[00:00:06.352,000] [1;31m<err> dac_mcux_lpdac: nsupported value 5281405[0m
[1;31m--- 2 mesages dropped ---
[0m[00:00:06.363,000] [1;31m<err> dac_mcuxlpdac: unsupported value 5281398[0m
[1;31m-- 3 messages dropped ---
[0m[00:00:06.374,000] [1;31m<err> dac_mcux_lpdac: unsupported value 5281392[0m
[1;31m--- 2 messages dropped ---
[0m[00:00:06.384,000] [0m<inf> oresat_solar2: 6384 5238.750000 2920.00000 15.297150 -1200000[0m
[1;31m--- 3 messages dropped ---
[0m[00:00:06.397,000] [1;31m<err> dac_mcux_lpda: unsupported value 5281380[0m
[1;31m--- 3 essages dropped ---
[0m[00:00:06.406,000] [0m<inf> oresat_slar2: 6406 5237.500000 2960.000000 15.503000 -210000[0m
[1;31m--- 3 messages dropped ---
[0m[00:00:06.48,000] [0m<inf> oresat_solar2: 6418 5237.50000 2960.000000 15.503000 -1215000[0m
[1;31m--- 4 messages dropped ---
[0m[00:00:06.429,000] [0m<inf> oreat_solar2: 6429 5235.000000 2900.000000 15.181500 -1220000[0m
[1;31m--- 2 messages dropped ---
[0m[00:0006.443,000] [1;31m<err> dac_mcux_lpdac: unsupported value 5281355[0m
[1;31m--- 3 messages dropped ---
[m[00:00:06.452,000] [0m<inf> oresat_solar2: 6452 5238.750000 2960.000000 15.506700 -1230000[0m
[1;31m---  messages dropped ---
[0m[00:00:06.463,000] [0m<inf> oresat_solar2: 6463 5237.500000 2960.000000 15.503000-1235000[0m
[1;31m--- 3 messages dropped --
[0m[00:00:06.475,000] [0m<inf> oresat_solar2: 6475 5237.50000 2960.000000 15.503000 -1240000[0m
[1;31--- 3 messages dropped ---
[0m[00:00:06.488,000] [1;31m<err dac_mcux_lpdac: unsupported value 5281331[0m
[1;31m--- 4 messages dropped ---
[0m[00:00:06.498,000] [0<inf> oresat_solar2: 6498 5236.250000 2960.00000 15.499300 -1250000[0m
[1;31m--- 2 messages dropped ---
[0m[00:00:06.509,000] [0m<inf> oresat_solar2:6509 5236.250000 2920.000000 15.289850 -1255000[0m
[1;31m--- 3 messages dropped ---
[0m[00:00:06.520,000 [0m<inf> oresat_solar2: 6520 5237.500000 2920.000000 15.293500 -1260000[0m
[1;31m--- 3 messages dropped --
[0m[00:00:06.534,000] [1;31m<err> dac_mcx_lpdac: unsupported value 5281306[0m
[1;31m--- 3 messages ropped ---
[0m[00:00:06.543,000] [0m<inf> oesat_solar2: 6543 5236.250000 2920.000000 15.289850 -1270000[m
[1;31m--- 4 messages dropped ---
[0m[00:0:06.555,000] [0m<inf> oresat_solar2: 6555 5237.500000 2980.00000 15.607750 -1275000[0m
[1;31m--- 2 messges dropped ---
[0m[00:00:06.566,000] [0m<inf> oresat_solar: 6566 5236.250000 2900.000000 15.185125 -128000[0m
[1;31m--- 3 messages dropped ---
[0m[00:00:06.577,000] [0m<inf> oresat_solar2: 6577 5236.250000 200.000000 15.185125 -1285000[0m
[1;31m--- 3 messages dropped ---
[0m[00:00:06.591,000] [1;31m<err> dac_cux_lpdac: unsupported value 5281275[0m
[1;31m--- 3 messages dropped ---
[0m[00:00:06.600,000] [0m<inf>oresat_solar2: 6600 5237.500000 2980.000000 15607750 -1295000[0m
[1;31m--- 4 messages dropped ---
[0m[0:00:06.612,000] [0m<inf> oresat_solar2: 6612 236.250000 2920.000000 15.289850 -1300000[0m
[1;31m--- 2 mesages dropped ---
[0m[00:00:06.623,000] [0minf> oresat_solar2: 6623 5236.250000 2960.000000 15.499300 -135000[0m
[1;31m--- 3 messages dropped ---
0m[00:00:06.637,000] [1;31m<err> dac_mcux_lpdac: unsupported value 5281251[0m
[1;31m--- 3 messages droppe ---
[0m[00:00:06.646,000] [0m<inf> oresat_solar2: 6646 5237.500000 2980.000000 15.607750 -1315000[0m
[;31m--- 3 messages dropped ---
[0m[00:00:06.657,000] [0m<inf> oresat_solar2: 6657 5236.250000 2980.000000 5.604025 -1320000[0m
[1;31m--- 4 messages dropped ---
[0m[00:00:06.669,000] [0m<inf> oresat_solar2: 666 5237.500000 2960.000000 15.503000 -1325000[0
[1;31m--- 3 messages dropped ---
[0m[00:00:06.682,000] [;31m<err> dac_mcux_lpdac: unsupported value 521226[0m
[1;31m--- 2 messages dropped ---
[0m[00:00:06.691000] [0m<inf> oresat_solar2: 6691 5238.7500002900.000000 15.192375 -1335000[0m
[1;31m--- 2 messages dropped ---
[0m[00:00:06.699,000] [1;31m<err> da_mcux_lpdac: unsupported value 5281217[0m
[1;31m--- 3 messages dropped ---
[0m[00:00:06.711,000] [1;31merr> dac_mcux_lpdac: unsupported value 5281211[0m
[1;31m--- 2 messages dropped ---
[0m[00:00:06.720,000][0m<inf> oresat_solar2: 6720 5237.500000 2920000000 15.293500 -1347500[0m
[1;31m--- 3 messages dropped --
[0m[00:00:06.731,000] [0m<inf> oresat_solr2: 6731 5235.000000 2960.000000 15.495600 -1352500[0m
[1;3m--- 4 messages dropped ---
[0m[00:00:06.743000] [0m<inf> oresat_solar2: 6743 5237.500000 2960.000000 15.03000 -1357500[0m
[1;31m--- 4 messages droped ---
[0m[00:00:06.762,000] [1;31m<err> dac_mcux_lpdac: unsupported value 5281183[0m
[1;31m--- 3 messaes dropped ---
[0m[00:00:06.768,000] [1;31m<err> dac_mcux_lpdac: unsupported value 5281180[0m
[1;31m---3 messages dropped ---
[0m[00:00:06.779,000] [1;31m<err> dac_mcux_lpdac: unsupported value 5281174[0m
[;31m--- 2 messages dropped ---
[0m[00:00:06.90,000] [1;31m<err> dac_mcux_lpdac: unsupported value 5281168[0m
[1;31m--- 2 messages dropped ---
[0m[0:00:06.800,000] [0m<inf> oresat_solar2: 6800 5237.500000 2960.000000 15.503000 -1382500[0m
[1;31m--- 3 mesages dropped ---
[0m[00:00:06.813,000] [1;31m<err> dac_mcux_lpdac: unsupported value 5281155[0m
[1;31m-- 3 messages dropped ---
[0m[00:00:06.823,000] [0m<inf> oresat_solar2: 6823 5236.250000 2960.000000 15.49300 -1392500[0m
[1;31m--- 3 messages dropped ---
[0m[00:00:06.834,000] [0m<inf> oresat_solar2: 6834 523.000000 2960.000000 15.495600 -1397500[0m
[1;31m--- 3 messages dropped ---
[0m[00:00:06.847,000] [1;31merr> dac_mcux_lpdac: unsupported value 5281137[0m
[1;31m--- 3 messages dropped ---
[0m[00:00:06.853,000][1;31m<err> dac_mcux_lpdac: unsupported value5281134[0m
[1;31m--- 3 messages dropped ---
[0m[00:00:06.65,000] [1;31m<err> dac_mcux_lpdac: unsupportd value 5281128[0m
[00:00:06.868,000] [0m<inf> oresat_solar: 6868 5235.000000 2960.000000 15.495600 -141200[0m
[1;31m--- 4 messages d
Terminating...
Thanks for using picocom
picocom v2024-07

port is        : /dev/ttyACM2
flowcontrol    : none
baudrate is    : 115200
parity is      : none
databits are   : 8
stopbits are   : 1
txdelay is     : 0 ns
escape is      : C-a
local echo is  : no
noinit is      : no
noreset is     : no
hangup is      : no
nolock is      : no
send_cmd is    : sz -vv
receive_cmd is : rz -vv -E
imap is        : 
omap is        : 
emap is        : crcrlf,delbs,
logfile is     : none
initstring     : none
exit_after is  : not set
exit is        : no
minimal cmds is: no

Type [C-a] [C-h] to see available commands
Terminal ready
*** Booting Zephyr OS build v4.2.0 ***

[00:00:00.002,000] [m<inf> oresat_mcxn947_solar: Oresat MCXN947 Solar Board App
[0m
[00:00:00.002,000] [0m<inf> oresat_blink: tarting blink demo[0m
[00:00:00.002,000] [0<dbg> oresat_blink: handle_blink: The light is blinking![0m
00:00:00.002,000] [0m<inf> oresat_solar2: Stating Solar Tracking...[0m
[00:00:00.002,000] [1;31m<err> mcux_lpi2c: SCL GPIO device not ready[0m
[00:0000.002,000] [0m<inf> oresat_solar2: Starting INA226 reading[0m
[00:00:00.005,000] [0m<inf> oresat_solar2:5 5057.500000 -540.000000 -2.731050 1597500[0m
[00:00:00.011,000] [0m<inf> oresat_solar2: 11 5077.500000 8.000000 0.406200 1595000[0m
[00:00:00.017,00] [0m<inf> oresat_solar2: 17 5043.750000 80.000000 0.403500 192500[0m
[00:00:00.022,000] [0m<inf> oresatsolar2: 22 5061.250000 60.000000 0.303675 1590000[0m
[00:00:0.028,000] [0m<inf> oresat_solar2: 28 5083.75000 100.000000 0.508375 1587500[0m
[00:00:00.034,000] [0m<inf> oresat_solar2: 34 5100.000000 80.000000 0.48000 1585000[0m
[00:00:00.039,000] [0m<inf> oresat_solar2: 39 5115.000000 80.000000 0.409200 1582500[0m
00:00:00.045,000] [0m<inf> oresat_solar2: 45 131.250000 60.000000 0.307875 1580000[0m
[00:00:00.051,000] [0m<inf> oresat_solar2: 51 5141.250000 60.00000 0.308475 1577500[0m
[00:00:00.057,000] [0m<inf> oresat_soar2: 57 5150.000000 60.000000 0.309000 1575000[0m
[00:00:00.062,000] [0m<inf> oresat_solar2: 62 5161.25000 60.000000 0.309675 1572500[0m
[00:00:00.068000] [0m<inf> oresat_solar2: 68 5168.750000 60.000000 0.310125 1570000[0m
[00:00:00.074,000] [0m<inf> oreat_solar2: 74 5177.500000 100.000000 0.517750 1567500[0m
[00:00:00.079,000] [0m<inf> oresat_solar2: 79 518.000000 20.000000 0.103700 1565000[0m
[00:0000.085,000] [0m<inf> oresat_solar2: 85 5188.750000 80.000000 .415100 1562500[0m
[00:00:00.091,000] [0m<if> oresat_solar2: 91 5197.500000 20.000000 0.103950 1560000[0m
[00:00:00.096,000] [0m<inf> oresat_solar2: 6 5202.500000 60.000000 0.312150 1557500[0m
[00:00:00.102,000] [0m<inf> oresat_solar2: 102 5207.500000 20.00000 0.104150 1555000[0m
[00:00:00.108,000][0m<inf> oresat_solar2: 108 5212.500000 60.000000 0.312750 152500[0m
[00:00:00.114,000] [0m<inf> oresat_olar2: 114 5215.000000 60.000000 0.312900 1550000[0m
[00:00:0.119,000] [0m<inf> oresat_solar2: 119 5220.00000 80.000000 0.417600 1547500[0m
[00:00:00.125,000] [0m<inf> oresat_solar2: 125 5223.750000 80.000000 0.17900 1545000[0m
[00:00:00.131,000] [0m<inf> oresat_solar2: 131 5227.500000 120.000000 0.627300 1542500[0
[00:00:00.136,000] [0m<inf> oresat_solar2: 36 5228.750000 60.000000 0.313725 1540000[0m
[00:00:00.142,00] [0m<inf> oresat_solar2: 142 5232.500000 80000000 0.418600 1537500[0m
[00:00:00.148,000] [0m<inf> orest_solar2: 148 5235.000000 20.000000 0.104700 135000[0m
[00:00:00.153,000] [0m<inf> oresat_solar2: 153 5227.500000 2320.000000 12.127800 1532500[0m
[0000:00.159,000] [0m<inf> oresat_solar2: 159 5226.250000 3380.000000 17.664724 1530000[0m
[00:00:00.165,000][0m<inf> oresat_solar2: 165 5230.000000 3460.00000 18.095800 1527500[0m
[00:00:00.171,000] [0m<inf> orest_solar2: 171 5230.000000 2680.000000 14.01640 1525000[0m
[00:00:00.176,000] [0m<inf> oresat_solar2: 176 233.750000 2720.000000 14.235800 1522500[0m
00:00:00.182,000] [0m<inf> oresat_solar2: 182 5237.500000 2860.000000 14.979250 1520000[0m
[00:00:00.188,00] [0m<inf> oresat_solar2: 188 5237.500000 2800.000000 14.665000 1517500[0m
[00:00:00.193,000] [0m<inf> oesat_solar2: 193 5240.000000 2800.000000 14.67000 1515000[0m
[00:00:00.199,000] [0m<inf> oresat_solar2: 19 5238.750000 2860.000000 14.982825 1512500[0
[00:00:00.205,000] [0m<inf> oresat_solar2: 205 5242.500000 2860.000000 14.993550 1510000[0m
[00:00:00.21,000] [0m<inf> oresat_solar2: 210 5241.250000 2780.000000 14.570675 1507500[0m
[00:00:00.216,000] [0m<inf oresat_solar2: 216 5242.500000 2860.000000 14993550 1505000[0m
[00:00:00.222,000] [0m<inf> oresat_solar2: 222 5246.250000 2860.000000 15.004275 1502500[0m
[00:00:00.228,000] [0m<inf> oresat_solar2: 228 5245.000000 2800.000000 14.686000 1500000[0m
[00:00:00233,000] [0m<inf> oresat_solar2: 233 5247.500000 2800.000000 14.693000 1497500[0m
[00:00:00.239,000] [0m<nf> oresat_solar2: 239 5248.750000 2800.00000014.696500 1495000[0m
[00:00:00.245,000] [0m<inf> oresat_solr2: 245 5247.500000 2880.000000 15.112800 149200[0m
[00:00:00.250,000] [0m<inf> oresat_solar2: 250 5248.70000 2860.000000 15.011425 1490000[0m
[00:0000.256,000] [0m<inf> oresat_solar2: 256 5248.750000 2860.00000 15.011425 1487500[0m
[00:00:00.262,000] [m<inf> oresat_solar2: 262 5251.250000 2820.000000 14.808525 1485000[0m
[00:00:00.267,000] [0m<inf> oresat_olar2: 267 5251.250000 2880.000000 15.123600 182500[0m
[00:00:00.273,000] [0m<inf> oresat_solar2: 273 525.250000 2800.000000 14.703500 1480000[0m
[0000:00.279,000] [0m<inf> oresat_solar2: 279 5250.000000 2860.000000 15.015000 1477500[0m
[00:00:00.285,000][0m<inf> oresat_solar2: 285 5251.250000 2880.000000 15.123600 1475000[0m
[00:00:00.290,000] [0m<inf> orest_solar2: 290 5251.250000 2880.000000 15.12360 1472500[0m
[00:00:00.296,000] [0m<inf> oresat_solar2: 296 252.500000 2880.000000 15.127200 1470000[0m
00:00:00.302,000] [0m<inf> oresat_solar2: 302 5252.500000 2860.000000 15.022150 1467500[0m
[00:00:00.307,00] [0m<inf> oresat_solar2: 307 5252.500000 2880.000000 15.127200 1465000[0m
[00:00:00.313,000] [0m<inf> oesat_solar2: 313 5253.750000 2880.000000 15.13800 1462500[0m
[00:00:00.319,000] [0m<inf> oresat_solar2: 39 5255.000000 2820.000000 14.819100 1460000[0
[00:00:00.324,000] [0m<inf> oresat_solar2: 324 5253.750000 860.000000 15.025725 1457500[0m
[00:00:00.33,000] [0m<inf> oresat_solar2: 330 5255.000000 2820.000000 14.819100 1455000[0m
[00:00:00.336,000] [0m<inf oresat_solar2: 336 5253.750000 2860.000000 15.025725 1452500[0m
[00:00:00.342,000] [0m<inf> oresat_solar2 342 5256.250000 2880.000000 15.138000 1450000[0m
[00:00:00.347,000] [0m<inf> oresat_solar2: 347 5255.00000 2900.000000 15.239500 1447500[0m
[00:00:00353,000] [0m<inf> oresat_solar2: 353 5255.000000 2880.000000 15.134400 1445000[0m
[00:00:00.359,000] [0m<nf> oresat_solar2: 359 5256.250000 2900.000000 15.243125 1442500[0m
[00:00:00.364,000] [0m<inf> oresat_solr2: 364 5255.000000 2860.000000 15.029300 144000[0m
[00:00:00.370,000] [0m<inf> oresat_solar2: 370 5256.20000 2900.000000 15.243125 1437500[0m
[00:0000.376,000] [0m<inf> oresat_solar2: 376 5256.250000 2820.00000 14.822625 1435000[0m
[00:00:00.381,000] [m<inf> oresat_solar2: 381 5253.750000 2900.000000 15.235875 142500[0m
[00:00:00.387,000] [0m<inf> oresat_olar2: 387 5253.750000 2900.000000 15.235875 1430000[0m
[00:00:00.393,000] [0m<inf> oresat_solar2: 393 525.000000 2880.000000 15.134400 1427500[0m
[0000:00.399,000] [0m<inf> oresat_solar2: 399 5256.250000 2880.00000 15.138000 1425000[0m
[00:00:00.404,000][0m<inf> oresat_solar2: 404 5256.250000 2860.000000 15.032875 1422500[0m
[00:00:00.410,000] [0m<inf> orest_solar2: 410 5256.250000 2880.000000 15.138000 1420000[0m
[00:00:00.416,000] [0m<inf> oresat_solar2: 416 256.250000 2880.000000 15.138000 1417500[0m
00:00:00.421,000] [0m<inf> oresat_solar2: 421 5256.250000 290.000000 15.243125 1415000[0m
[00:00:00.427,00] [0m<inf> oresat_solar2: 427 5256.250000 2920.000000 15.348250 1412500[0m
[00:00:00.433,000] [0m<inf> oesat_solar2: 433 5255.000000 2920.000000 15.344600 1410000[0m
[00:00:00.438,000] [0m<inf> oresat_solar2: 48 5255.000000 2880.000000 15.134400 1407500[0m
[00:00:00.444,000] [0m<inf> oresat_solar2: 444 5253.750000 880.000000 15.130800 1405000[0m
[00:00:00.45,000] [0m<inf> oresat_solar2: 450 5255.000000 2880.000000 15.34400 1402500[0m
[00:00:00.456,000] [0m<inf oresat_solar2: 456 5256.250000 2880.000000 15.138000 1400000[0m
[00:00:00.461,000] [0m<inf> oresat_solar2 461 5255.000000 2860.000000 15.029300 1397500[0m
[00:00:00.467,000] [0m<inf> oresat_solar2: 467 5255.00000 2880.000000 15.134400 1395000[0m
[00:00:00473,000] [0m<inf> oresat_solar2: 473 5255.000000 2880.000000 5.134400 1392500[0m
[00:00:00.478,000] [0m<nf> oresat_solar2: 478 5257.500000 2920.000000 15.351900 139000[0m
[00:00:00.484,000] [0m<inf> oresat_solr2: 484 5255.000000 2920.000000 15.344600 1387500[0m
[00:00:00.490,000] [0m<inf> oresat_solar2: 490 5256.20000 2860.000000 15.032875 1385000[0m
[00:0000.495,000] [0m<inf> oresat_solar2: 495 5255.000000 2900.00000 15.239500 1382500[0m
[00:00:00.501,000] [m<inf> oresat_solar2: 501 5253.750000 2900.000000 15.235875 1380000[0m
[00:00:00.507,000] [0m<inf> oresat_olar2: 507 5256.250000 2900.000000 15.243125 1377500[0m
[00:00:00.513,000] [0m<inf> oresat_solar2: 513 525.250000 2860.000000 15.032875 1375000[0m
[0000:00.518,000] [0m<inf> oresat_solar2: 518 5255.000000 2880.00000 15.134400 1372500[0m
[00:00:00.524,000][0m<inf> oresat_solar2: 524 5256.250000 2900.000000 15.243125 1370000[0m
[00:00:00.530,000] [0m<inf> orest_solar2: 530 5256.250000 2900.000000 15.243125 1367500[0m
[00:00:00.535,000] [0m<inf> oresat_solar2: 535 256.250000 2880.000000 15.138000 1365000[0m
[00:00:00.541,000] [0m<inf> oresat_solar2: 541 5255.000000 286.000000 15.029300 1362500[0m
[00:00:00.547,00] [0m<inf> oresat_solar2: 547 5256.250000 2880.000000 15.13800 1360000[0m
[00:00:00.552,000] [0m<inf> oesat_solar2: 552 5256.250000 2900.000000 15.243125 1357500[0m
[00:00:00.558,000] [0m<inf> oresat_solar2: 58 5256.250000 2920.000000 15.348250 1355000[0m
[00:00:00.564,000] [0m<inf> oresat_solar2: 564 5256.250000 900.000000 15.243125 1352500[0m
[00:00:00.570,000] [0m<inf> oresat_solar2: 570 5255.000000 2900.000000 15.39500 1350000[0m
[00:00:00.575,000] [0m<inf oresat_solar2: 575 5255.000000 2900.000000 15.239500 13475000m
[00:00:00.581,000] [0m<inf> oresat_solar2 581 5256.250000 2880.000000 15.138000 1345000[0m
[00:00:00.587,000] [0m<inf> oresat_solar2: 587 5255.00000 2880.000000 15.134400 1342500[0m
[00:00:00.592,000] [0m<inf> oresat_solar2: 592 5255.000000 2920.000000 5.344600 1340000[0m
[00:00:00.598,000] [0m<inf> oresat_solar2: 598 5257.500000 2920.000000 15.351900 133750[0m
[00:00:00.604,000] [0m<inf> oresat_solr2: 604 5256.250000 2860.000000 15.032875 1335000[0m
[00:00:00.609,000] [0m<inf> oresat_solar2: 609 5253.70000 2900.000000 15.235875 1332500[0m
[00:00:00.615,000] [0m<inf> oresat_solar2: 615 5255.000000 2880.00000 15.134400 1330000[0m
[00:00:00.621,000] [0m<inf> oresat_solar2: 621 5255.000000 2880.000000 15.134400 137500[0m
[00:00:00.627,000] [0m<inf> oresat_olar2: 627 5255.000000 2900.000000 15.239500 1325000[0m
[00:0:00.632,000] [0m<inf> oresat_solar2: 632 525.250000 2880.000000 15.138000 1322500[0m
[00:00:00.638,000] [0m<inf> oresat_solar2: 638 5253.750000 2880.00000 15.130800 1320000[0m
[00:00:00.644,000] [0m<inf> oresat_solar2: 644 5255.000000 2900.000000 15.2395001317500[0m
[00:00:00.649,000] [0m<inf> oresat_solar2: 649 5256.250000 2880.000000 15.138000 1315000[0m
[0:00:00.655,000] [0m<inf> oresat_solar2: 655 255.000000 2920.000000 15.344600 1312500[0m
[00:00:00.661,00] [0m<inf> oresat_solar2: 661 5253.750000 290.000000 15.235875 1310000[0m
[00:00:00.666,000] [0m<inf> orsat_solar2: 666 5255.000000 2880.000000 15.13400 1307500[0m
[00:00:00.672,000] [0m<inf> oresat_solar2: 67 5257.500000 2860.000000 15.036450 1305000[0m
[00:00:00.678,000] [0m<inf> oresat_solar2: 678 5255.000000 2880.000000 15.134400 1302500[0m
[00:00:00.684000] [0m<inf> oresat_solar2: 684 5257.500000 880.000000 15.141600 1300000[0m
[00:00:00.689,000] [0m<inf>oresat_solar2: 689 5255.000000 2900.000000 15.39500 1297500[0m
[00:00:00.695,000] [0m<inf> oresat_solar2:695 5255.000000 2920.000000 15.344600 12950000m
[00:00:00.701,000] [0m<inf> oresat_solar2: 701 5255.000000 2900.000000 15.239500 1292500[0m
[00:00:00.06,000] [0m<inf> oresat_solar2: 706 5255.000000 2860.000000 15.029300 1290000[0m
[00:00:00.712,000] [0m<if> oresat_solar2: 712 5256.250000 2900.000000 5.243125 1287500[0m
[00:00:00.718,000] [0m<inf> oresat_solar2: 718 5253.750000 2880.000000 15.130800 128500[0m
[00:00:00.723,000] [0m<inf> oresat_solar2: 723 5256.250000 2920.000000 15.348250 1282500[0m
[00:00:0.729,000] [0m<inf> oresat_solar2: 729 5253.750000 2900.000000 15.235875 1280000[0m
[00:00:00.735,000] [0<inf> oresat_solar2: 735 5253.750000 2860.00000 15.025725 1277500[0m
[00:00:00.741,000] [0m<inf> oresat_slar2: 741 5255.000000 2860.000000 15.029300 125000[0m
[00:00:00.746,000] [0m<inf> oresat_solar2: 746 5255.000000 2860.000000 15.029300 1272500[0m
[00:0:00.752,000] [0m<inf> oresat_solar2: 752 5255.000000 2920.000000 15.344600 1270000[0m
[00:00:00.758,000] [0m<inf> oresat_solar2: 758 5253.750000 2880.00000 15.130800 1267500[0m
[00:00:00.763,000] [0m<inf> oresa_solar2: 763 5253.750000 2920.000000 15.3409501265000[0m
[00:00:00.769,000] [0m<inf> oresat_solar2: 769 5253.750000 2920.000000 15.340950 1262500[0m
[0:00:00.775,000] [0m<inf> oresat_solar2: 775 5255.000000 2900.000000 15.239500 1260000[0m
[00:00:00.780,00] [0m<inf> oresat_solar2: 780 5255.000000 286.000000 15.029300 1257500[0m
[00:00:00.786,000] [0m<inf> orsat_solar2: 786 5253.750000 2860.000000 15.02525 1255000[0m
[00:00:00.792,000] [0m<inf> oresat_solar2: 79 5255.000000 2860.000000 15.029300 1252500[0m
[00:00:00.798,000] [0m<inf> oresat_solar2: 798 5255.000000 200.000000 15.239500 1250000[0m
[00:00:00.803000] [0m<inf> oresat_solar2: 803 5253.750000 860.000000 15.025725 1247500[0m
[00:00:00.809,000] [0m<inf>oresat_solar2: 809 5255.000000 2860.000000 15.29300 1245000[0m
[00:00:00.815,000] [0m<inf> oresat_solar2: 815 5253.750000 2920.000000 15.340950 12425000m
[00:00:00.820,000] [0m<inf> oresat_solar2: 820 5255.000000 2900.000000 15.239500 1240000[0m
[00:00:00.26,000] [0m<inf> oresat_solar2: 826 5252.500000 2900.000000 15.232250 1237500[0m
[00:00:00.832,000] [0m<if> oresat_solar2: 832 5255.000000 2880.000000 5.134400 1235000[0m
[00:00:00.837,000] [0m<inf> oresat_sola2: 837 5255.000000 2900.000000 15.239500 123250[0m
[00:00:00.843,000] [0m<inf> oresat_solar2: 843 5253.750000 2900.000000 15.235875 1230000[0m
[00:00:0.849,000] [0m<inf> oresat_solar2: 849 5255.000000 2880.000000 15.134400 1227500[0m
[00:00:00.855,000] [0<inf> oresat_solar2: 855 5253.750000 2880.00000 15.130800 1225000[0m
[00:00:00.860,000] [0m<inf> oresat_slar2: 860 5255.000000 2920.000000 15.344600 122500[0m
[00:00:00.866,000] [0m<inf> oresat_solar2: 866 5255.000000 2900.000000 15.239500 1220000[0m
[00:0:00.872,000] [0m<inf> oresat_solar2: 872 5252.500000 2920.000000 15.337300 1217500[0m
[00:00:00.877,000] [0m<inf> oresat_solar2: 877 5255.000000 2900.00000 15.239500 1215000[0m
[00:00:00.883,000] [0m<inf> oresa_solar2: 883 5255.000000 2900.000000 15.2395001212500[0m
[00:00:00.889,000] [0m<inf> oresat_solar2: 889 5253.750000 2860.000000 15.025725 1210000[0m
[0:00:00.894,000] [0m<inf> oresat_solar2: 894 5253.750000 2920.000000 15.340950 1207500[0m
[00:00:00.900,00] [0m<inf> oresat_solar2: 900 5255.000000 2880.000000 15.134400 1205000[0m
[00:00:00.906,000] [0m<inf> orsat_solar2: 906 5252.500000 2920.000000 15.33700 1202500[0m
[00:00:00.912,000] [0m<inf> oresat_solar2: 91 5255.000000 2900.000000 15.239500 1200000[0m
[00:00:00.917,000] [0m<inf> oresat_solar2: 917 5255.000000 2920.000000 15.344600 1197500[0m
[00:00:00.923000] [0m<inf> oresat_solar2: 923 5253.750000 2900.000000 15.235875 1195000[0m
[00:00:00.929,000] [0m<inf>oresat_solar2: 929 5253.750000 2880.000000 15.130800 1192500[0m
[00:00:00.934,000] [0m<inf> oresat_solar2:934 5255.000000 2880.000000 15.134400 11900000m
[00:00:00.940,000] [0m<inf> oresat_solar2: 940 5253.750000 2860.000000 15.025725 1187500[0m
[00:00:00.46,000] [0m<inf> oresat_solar2: 946 5253.750000 2860.000000 15.025725 1185000[0m
[00:00:00.951,000] [0m<if> oresat_solar2: 951 5255.000000 2900.000000 15.239500 1182500[0m
[00:00:00.957,000] [0m<inf> oresat_sola2: 957 5253.750000 2880.000000 15.130800 118000[0m
[00:00:00.963,000] [0m<inf> oresat_solar2: 963 5252.50000 2880.000000 15.127200 1177500[0m
[00:00:0.969,000] [0m<inf> oresat_solar2: 969 5256.250000 2900.00000 15.243125 1175000[0m
[00:00:00.974,000] [0<inf> oresat_solar2: 974 5252.500000 2920.000000 15.337300 1172500[0m
[00:00:00.980,000] [0m<inf> oresat_slar2: 980 5253.750000 2920.000000 15.340950 1170000[0m
[00:00:00.986,000] [0m<inf> oresat_solar2: 986 5253750000 2920.000000 15.340950 1167500[0m
[00:0:00.991,000] [0m<inf> oresat_solar2: 991 5252.500000 2900.00000 15.232250 1165000[0m
[00:00:00.997,000] [0m<inf> oresat_solar2: 997 5253.750000 2900.000000 15.235875 1162500[0m
[00:00:01.002,000] [0m<dbg> oresa_blink: handle_blink: The light is blinking![0m
[00:00:01.003,000] [0m<inf> oresat_solar2: 1003 5253.75000 2920.000000 15.340950 1160000[0m
[00:00:01.009,000] [0m<inf> oresat_solar2: 1009 5255.000000 2900.000000 5.239500 1157500[0m
[00:00:01.014,000] [0m<nf> oresat_solar2: 1014 5255.000000 2920.000000 15.344600 1155000[0m
[00:00:01.020,000] [0m<inf> oresat_soar2: 1020 5255.000000 2920.000000 15.344600 1152500[0m
[00:00:01.026,000] [0m<inf> oresat_solar2: 1026 525.250000 2880.000000 15.138000 1150000[0m
[00:00:01.031,000] [0m<inf> oresat_solar2: 1031 5255.000000 2860.00000 15.029300 1147500[0m
[00:00:01.037,000 [0m<inf> oresat_solar2: 1037 5256.250000 2900.000000 15.24315 1145000[0m
[00:00:01.043,000] [0m<inf> orsat_solar2: 1043 5256.250000 2920.000000 15.348250 1142500[0m
[00:00:01.048,000] [0m<inf> oresat_solar2: 148 5255.000000 2880.000000 15.134400 1140000[0m
[00:00:01.054,000] [0m<inf> oresat_solar2: 1054 5256.25000 2920.000000 15.348250 1137500[0m
[00:00:01.060,000] [0m<inf> oresat_solar2: 1060 5256.250000 2880.000000 5.138000 1135000[0m
[00:00:01.066,000] [0m<nf> oresat_solar2: 1066 5257.500000 2960.000000 15.562200 113200[0m
[00:00:01.071,000] [0m<inf> oresat_soar2: 1071 5256.250000 2920.000000 15.348250 1130000[0m
[00:00:01.077,000] [0m<inf> oresat_solar2: 1077 525.750000 2900.000000 15.235875 1127500[0m
[00:00:01.083,000] [0m<inf> oresat_solar2: 1083 5256.250000 2920.00000 15.348250 1125000[0m
[00:00:01.088,000 [0m<inf> oresat_solar2: 1088 5255.000000 2880.000000 15.13440 1122500[0m
[00:00:01.094,000] [0m<inf> orsat_solar2: 1094 5256.250000 2920.000000 15.348250 1120000[0m
[00:00:01.100,000] [0m<inf> oresat_solar2: 100 5256.250000 2900.000000 15.243125 1117500[0m
[00:00:01.105,000] [0m<inf> oresat_solar2: 1105 5255.00000 2960.000000 15.554800 1115000[0m
[00:00:01.111,000] [0m<inf> oresat_solar2: 1111 5256.250000 2920.000000 5.348250 1112500[0m
[00:00:01.117,000] [0m<inf> oresat_solar2: 1117 5255.000000 2900.000000 15.239500 111000[0m
[00:00:01.123,000] [0m<inf> oresat_soar2: 1123 5253.750000 2960.000000 15.551100 1107500[0m
[00:00:01.128,000] [0m<inf> oresat_solar2: 1128 525.000000 2920.000000 15.344600 1105000[0m
[00:00:01.134,000] [0m<inf> oresat_solar2: 1134 5253.750000 2920.00000 15.340950 1102500[0m
[00:00:01.140,000] [0m<inf> oresat_solar2: 1140 5255.000000 2920.000000 15.34460 1100000[0m
[00:00:01.145,000] [0m<inf> orsat_solar2: 1145 5256.250000 2900.000000 15.243125 1097500[0m
[00:00:01.151,000] [0m<inf> oresat_solar2: 151 5255.000000 2900.000000 15.239500 1095000[0m
[00:00:01.157,000] [0m<inf> oresat_solar2: 1157 5256.25000 2880.000000 15.138000 1092500[0m
[00:00:01.162,000] [0m<inf> oresat_solar2: 1162 5255.000000 2920.000000 5.344600 1090000[0m
[00:00:01.168,000] [0m<nf> oresat_solar2: 1168 5256.250000 2880.000000 15.138000 108700[0m
[00:00:01.174,000] [0m<inf> oresat_soar2: 1174 5255.000000 2900.000000 15.239500 1085000[0m
[00:0:01.180,000] [0m<inf> oresat_solar2: 1180 525.000000 2880.000000 15.134400 1082500[0m
[00:00:01.185,000] [0m<inf> oresat_solar2: 1185 5255.000000 2880.00000 15.134400 1080000[0m
[00:00:01.191,000] [0m<inf> oresat_solar2: 1191 5255.000000 2920.000000 15.34460 1077500[0m
[00:00:01.197,000] [0m<inf> orsat_solar2: 1197 5253.750000 2900.000000 15.235875 1075000[0m
[00:00:01.202,000] [0m<inf> oresat_solar2: 102 5256.250000 2860.000000 15.032875 1072500[0m
[00:00:01.20,000] [0m<inf> oresat_solar2: 1208 5256.25000 2900.000000 15.243125 1070000[0m
[00:00:01.214,000] [0m<inf> oresat_solar2: 1214 5255.000000 2880.000000 5.134400 1067500[0m
[00:00:01.219,000] [0m<nf> oresat_solar2: 1219 5253.750000 2900.000000 15.235875 1065000[0m
[00:00:01.225,000] [0m<inf> oresat_soar2: 1225 5255.000000 2920.000000 15.344600 1062500[0m
[00:00:01.231,000] [0m<inf> oresat_solar2: 1231 525.000000 2880.000000 15.134400 1060000[0m
[00:00:01.237,000] [0m<inf> oresat_solar2: 1237 5255.000000 2920.00000 15.344600 1057500[0m
[00:00:01.242,000 [0m<inf> oresat_solar2: 1242 5253.750000 2920.000000 15.34090 1055000[0m
[00:00:01.248,000] [0m<inf> orsat_solar2: 1248 5255.000000 2880.000000 15.134400 1052500[0m
[00:00:01.254,000] [0m<inf> oresat_solar2: 154 5253.750000 2920.000000 15.340950 1050000[0m
[00:00:01.259,000] [0m<inf> oresat_solar2: 1259 5255.00000 2880.000000 15.134400 1047500[0m
[00:00:01.65,000] [0m<inf> oresat_solar2: 1265 5256.250000 2880.000000 5.138000 1045000[0m
[00:00:01.271,000] [0m<nf> oresat_solar2: 1271 5255.000000 2880.000000 15.134400 1042500[0m
[00:00:01.276,000] [0m<inf> oresat_soar2: 1276 5253.750000 2960.000000 15.551100 1040000[0m
[00:00:01.282,000] [0m<inf> oresat_solar2: 1282 525.750000 2920.000000 15.340950 1037500[0m
[0000:01.288,000] [0m<inf> oresat_solar2: 1288 5252.500000 2920.00000 15.337300 1035000[0m
[00:00:01.294,000 [0m<inf> oresat_solar2: 1294 5253.750000 2960.000000 15.55110 1032500[0m
[00:00:01.299,000] [0m<inf> orsat_solar2: 1299 5256.250000 2880.000000 15.138000 1030000[0m
[00:00:01.305,000] [0m<inf> oresat_solar2: 105 5256.250000 2880.000000 15.138000 1027500[0m
[00:00:01.311,000] [0m<inf> oresat_solar2: 1311 5256.25000 2900.000000 15.243125 1025000[0m
[00:00:01.16,000] [0m<inf> oresat_solar2: 1316 5256.250000 2900.000000 5.243125 1022500[0m
[00:00:01.322,000] [0m<nf> oresat_solar2: 1322 5255.000000 2880.000000 15.134400 1020000[0m
[00:00:01.328,000] [0m<inf> oresat_soar2: 1328 5253.750000 2920.000000 15.340950 1017500[0m
[00:00:01.333,000] [0m<inf> oresat_solar2: 1333 525.750000 2900.000000 15.235875 1015000[0m
[00:00:01.339,000] [0m<inf> oresat_solar2: 1339 5256.250000 2900.00000 15.243125 1012500[0m
[00:00:01.345,000 [0m<inf> oresat_solar2: 1345 5255.000000 2880.000000 15.134400 1010000[0m
[00:00:01.351,000] [0m<inf> orsat_solar2: 1351 5255.000000 2920.000000 15.344600 1007500[0m
[00:00:01.356,000] [0m<inf> oresat_solar2: 156 5256.250000 2920.000000 15.348250 1005000[0m
[00:00:01.362,000] [0m<inf> oresat_solar2: 1362 5255.00000 2920.000000 15.344600 1002500[0m
[00:00:01.68,000] [0m<inf> oresat_solar2: 1368 5253.750000 2920.000000 5.340950 1000000[0m
[00:00:01.373,000] [0m<nf> oresat_solar2: 1373 5256.250000 2900.000000 15.243125 99750[0m
[00:00:01.379,000] [0m<inf> oresat_solr2: 1379 5253.750000 2960.000000 15.551100 995000[0m
[00:00:01.385,000] [0m<inf> oresat_solar2: 1385 5256.50000 2900.000000 15.243125 992500[0m
[00:00:01.390,000] [0m<inf> oresat_solar2: 1390 5255.000000 2880.00000 15.134400 990000[0m
[00:00:01.396,000] [m<inf> oresat_solar2: 1396 5255.000000 2960.000000 15.554800 97500[0m
[00:00:01.402,000] [0m<inf> oresat_olar2: 1402 5252.500000 2920.000000 15.337300 985000[0m
[00:0:01.408,000] [0m<inf> oresat_solar2: 1408 525.000000 2880.000000 15.134400 982500[0m
[00:00:01.413,000] [0m<inf> oresat_solar2: 1413 5255.000000 2900.00000 15.239500 980000[0m
[00:00:01.419,000] [0m<inf> oresat_solar2: 1419 5253.750000 2900.000000 15.23587 977500[0m
[00:00:01.425,000] [0m<inf> oresat_solar2: 1425 5256.250000 2920.000000 15.348250 975000[0m
[0:00:01.430,000] [0m<inf> oresat_solar2: 14305253.750000 2880.000000 15.130800 972500[0m
[00:00:01.436,00] [0m<inf> oresat_solar2: 1436 5253.750000 290.000000 15.235875 970000[0m
[00:00:01.442,000] [0m<inf> oresat_solar2: 1442 5253.750000 2900.000000 15.23875 967500[0m
[00:00:01.447,000] [0m<inf> oresat_solar2: 1447 5256.250000 2880.000000 15.138000 965000[0m
[00:00:01.453,000] [0m<inf> oresat_solar2: 153 5255.000000 2920.000000 15.344600 962500[0m
[00:00:01.459000] [0m<inf> oresat_solar2: 1459 5252.5000002900.000000 15.232250 960000[0m
[00:00:01.465,000] [0m<inf>oresat_solar2: 1465 5253.750000 2860.000000 15025725 957500[0m
[00:00:01.470,000] [0m<inf> oresat_solar2:1470 5253.750000 2880.000000 15.130800 9550000m
[00:00:01.476,000] [0m<inf> oresat_solar2: 1476 5253.750000 2900.000000 15.235875 952500[0m
[00:00:01.82,000] [0m<inf> oresat_solar2: 1482 5255.000000 2960.000000 15.554800 950000[0m
[00:00:01.487,000] [0m<if> oresat_solar2: 1487 5253.750000 2920.00000015.340950 947500[0m
[00:00:01.493,000] [0m<inf> oresat_sola2: 1493 5255.000000 2920.000000 15.344600 94500[0m
[00:00:01.499,000] [0m<inf> oresat_solar2: 1499 5253.70000 2980.000000 15.656175 942500[0m
[00:00:1.504,000] [0m<inf> oresat_solar2: 1504 5253.750000 2900.00000 15.235875 940000[0m
[00:00:01.510,000] [0<inf> oresat_solar2: 1510 5253.750000 2880.000000 15.130800 937500[0m
[00:00:01.516,000] [0m<inf> oresat_slar2: 1516 5253.750000 2900.000000 15.235875 935000[0m
[00:00:01.522,000] [0m<inf> oresat_solar2: 1522 525.750000 2860.000000 15.025725 932500[0m
[00:00:01.527,000] [0m<inf> oresat_solar2: 1527 5255.000000 2900.00000 15.239500 930000[0m
[00:00:01.533,000] [0m<inf> oresat_solar2: 1533 5253.750000 2900.000000 15.235875 927500[0m
[00:00:01.539,000] [0m<inf> oresa_solar2: 1539 5253.750000 2900.000000 15.235875 925000[0m
[00:00:01.544,000] [0m<inf> oresat_solar2: 1544 255.000000 2880.000000 15.134400 922500[0m
[00:00:01.550,000] [0m<inf> oresat_solar2: 1550 5253.750000 288.000000 15.130800 920000[0m
[00:00:01.556,00] [0m<inf> oresat_solar2: 1556 5253.750000 2920.000000 15.34050 917500[0m
[00:00:01.561,000] [0m<inf> orsat_solar2: 1561 5253.750000 2900.000000 15.235875 915000[0m[00:00:01.567,000] [0m<inf> oresat_solar2: 157 5253.750000 2880.000000 15.130800 912500[0m
[00:00:01.573,000] [0m<inf> oresat_solar2: 1573 5253.750000 920.000000 15.340950 910000[0m
[00:00:01.579,000] [0m<inf> oresat_solar2: 1579 5253.750000 2900.000000 15.35875 907500[0m
[00:00:01.584,000] [0m<inf> oresat_solar2: 1584 5253.750000 2900.000000 15.235875 905000[m
[00:00:01.590,000] [0m<inf> oresat_solar2:1590 5252.500000 2900.000000 15.232250 902500[0m
[00:00:01.56,000] [0m<inf> oresat_solar2: 1596 5253.75000 2920.000000 15.340950 900000[0m
[00:00:01.601,000] [0m<in> oresat_solar2: 1601 5253.750000 2900.000000 5.235875 897500[0m
[00:00:01.607,000] [0m<inf> oresat_solar2: 1607 5253.750000 2880.000000 15.130800 89500[0m
[00:00:01.613,000] [0m<inf> oresat_solar2: 1613 5253.750000 2860.000000 15.025725 892500[0m
[00:00:0.618,000] [0m<inf> oresat_solar2: 1618 5253.70000 2900.000000 15.235875 890000[0m
[00:00:01.624,000] [0minf> oresat_solar2: 1624 5253.750000 2960.00000 15.551100 887500[0m
[00:00:01.630,000] [0m<inf> oresat_solar2: 1630 5253.750000 2920.000000 15.340950 88000[0m
[00:00:01.636,000] [0m<inf> oresat_solar2: 1636 5253.750000 2900.000000 15.235875 882500[0m
[00:0:01.641,000] [0m<inf> oresat_solar2: 1641 5253.750000 2900.000000 15.235875 880000[0m
[00:00:01.647,000] 0m<inf> oresat_solar2: 1647 5253.750000 2920.00000 15.340950 877500[0m
[00:00:01.653,000] [0m<inf> oresatsolar2: 1653 5253.750000 2880.000000 15.130800875000[0m
[00:00:01.658,000] [0m<inf> oresat_solar2: 1658 555.000000 2920.000000 15.344600 872500[0m
[0:00:01.664,000] [0m<inf> oresat_solar2: 1664 5255.000000 2900.000000 15.239500 870000[0m
[00:00:01.670,000 [0m<inf> oresat_solar2: 1670 5253.750000 2860.000000 15.025725 867500[0m
[00:00:01.675,000] [0m<inf> oreat_solar2: 1675 5252.500000 2920.000000 15.337300 865000[0m
[00:00:01.681,000] [0m<inf> oresat_solar2: 168 5253.750000 2920.000000 15.340950 862500[0m[00:00:01.687,000] [0m<inf> oresat_solar2: 1687 5253.750000 220.000000 15.340950 860000[0m
[00:00:01.693,00] [0m<inf> oresat_solar2: 1693 5255.000000 2920.000000 15.34600 857500[0m
[00:00:01.698,000] [0m<inf> resat_solar2: 1698 5253.750000 2960.000000 15.551100 855000[0m
[00:00:01.704,000] [0m<inf> oresat_solar2: 704 5256.250000 2920.000000 15.348250 852500[0m
[00:00:01.710,000] [0m<inf> oresat_solar2: 1710 5253.75000 2920.000000 15.340950 850000[0m
[00:00:01.75,000] [0m<inf> oresat_solar2: 1715 5252.500000 2920.000000 1.337300 847500[0m
[00:00:01.721,000] [0m<in> oresat_solar2: 1721 5251.250000 2920.000000 15.333650 845000[0m
[00:00:01.727,000] [0m<inf> oresat_solar: 1727 5252.500000 2860.000000 15.022150 842500[0m
[00:00:01.732,000] [0m<inf> oresat_solar2: 1732 5253.75000 2880.000000 15.130800 840000[0m
[00:00:01.738,000] [0m<inf> oresat_solar2: 1738 5253.750000 2900.00000 15.235875 837500[0m
[00:00:01.744,000] [0m<inf> oresat_solar2: 1744 5253.750000 2880.000000 15.130800 83500[0m
[00:00:01.750,000] [0m<inf> oresat_soar2: 1750 5252.500000 2860.000000 15.022150 832500[0m
[00:0001.755,000] [0m<inf> oresat_solar2: 1755 5252500000 2920.000000 15.337300 830000[0m
[00:00:01.761,000] [m<inf> oresat_solar2: 1761 5253.750000 2880.00000 15.130800 827500[0m
[00:00:01.767,000] [0m<inf> oresat_solar2: 1767 5251.250000 2900.000000 15.228625 25000[0m
[00:00:01.772,000] [0m<inf> oresat_solar2: 1772 5252.500000 2920.000000 15.337300 822500[0m
[0000:01.778,000] [0m<inf> oresat_solar2: 1778 553.750000 2880.000000 15.130800 820000[0m
[00:00:01.784,000][0m<inf> oresat_solar2: 1784 5253.750000 2900000000 15.235875 817500[0m
[00:00:01.789,000] [0m<inf> orest_solar2: 1789 5255.000000 2900.000000 15.23950 815000[0m
[00:00:01.795,000] [0m<inf> oresat_solar2: 1795 5252.500000 2920.000000 15.337300 812500[0m
00:00:01.801,000] [0m<inf> oresat_solar2: 1801 5253.750000 2920.000000 15.340950 810000[0m
[00:00:01.807,00] [0m<inf> oresat_solar2: 1807 5252.500000 2920.000000 15.337300 807500[0m
[00:00:01.812,000] [0m<inf> oesat_solar2: 1812 5252.500000 2920.000000 15.37300 805000[0m
[00:00:01.818,000] [0m<inf> oresat_solar2: 1818 5253.750000 2880.000000 15.130800 802500[0
[00:00:01.824,000] [0m<inf> oresat_solar2: 1824 5255.000000 2960.000000 15.554800 800000[0m
[00:00:01.82,000] [0m<inf> oresat_solar2: 1829 5251.250000 2920.000000 15.333650 797500[0m
[00:00:01.835,000] [0m<inf oresat_solar2: 1835 5253.750000 2920.000000 1.340950 795000[0m
[00:00:01.841,000] [0m<inf> oresat_solar2 1841 5253.750000 2920.000000 15.340950 792500[0m
[00:00:01.846,000] [0m<inf> oresat_solar2: 1846 5252.50000 2960.000000 15.547400 790000[0m
[00:00:01852,000] [0m<inf> oresat_solar2: 1852 5252.500000 2900.000000 15.232250 787500[0m
[00:00:01.858,000] [0m<nf> oresat_solar2: 1858 5255.000000 2920.000000 15.344600 785000[0m
[00:00:01.864,000] [0m<inf> oresat_solr2: 1864 5252.500000 2900.000000 15.232250 78200[0m
[00:00:01.869,000] [0m<inf> oresat_solar2: 1869 5252.00000 2900.000000 15.232250 780000[0m
[00:0001.875,000] [0m<inf> oresat_solar2: 1875 5253.750000 2960.00000 15.551100 777500[0m
[00:00:01.881,000] [m<inf> oresat_solar2: 1881 5253.750000 2920.000000 15.340950 75000[0m
[00:00:01.886,000] [0m<inf> oresat_olar2: 1886 5251.250000 2920.000000 15.333650 772500[0m
[00:00:01.892,000] [0m<inf> oresat_solar2: 1892 523.750000 2880.000000 15.130800 770000[0m
[0000:01.898,000] [0m<inf> oresat_solar2: 1898 5253.750000 2920.00000 15.340950 767500[0m
[00:00:01.903,000][0m<inf> oresat_solar2: 1903 5253.750000 2960.000000 15.551100 765000[0m
[00:00:01.909,000] [0m<inf> orest_solar2: 1909 5253.750000 2900.000000 15.235875 762500[0m
[00:00:01.915,000] [0m<inf> oresat_solar2: 19155255.000000 2920.000000 15.344600 760000[0m
[00:00:01.921,000] [0m<inf> oresat_solar2: 1921 5251.250000 290.000000 15.543700 757500[0m
[00:00:01.926,00] [0m<inf> oresat_solar2: 1926 5253.750000 2900.000000 15.23875 755000[0m
[00:00:01.932,000] [0m<inf> oesat_solar2: 1932 5252.500000 2920.000000 15.337300 752500[0m
[00:00:01.938,000] [0m<inf> oresat_solar2: 138 5252.500000 2900.000000 15.232250 750000[0m
[00:00:01.943,000] [0m<inf> oresat_solar2: 1943 5253.7500002920.000000 15.340950 747500[0m
[00:00:01.949,000] [0m<inf> oresat_solar2: 1949 5252.500000 2900.000000 15232250 745000[0m
[00:00:01.955,000] [0m<inf oresat_solar2: 1955 5252.500000 2920.000000 15.337300 7425000m
[00:00:01.960,000] [0m<inf> oresat_solar2 1960 5251.250000 2900.000000 15.228625 740000[0m
[00:00:01.66,000] [0m<inf> oresat_solar2: 1966 5252.50000 2900.000000 15.232250 737500[0m
[00:00:01.972,000] [0m<inf> oresat_solar2: 1972 5253.750000 2900.00000015.235875 735000[0m
[00:00:01.978,000] [0m<inf> oresat_solar2: 1978 5253.750000 2900.000000 15.235875 73250[0m
[00:00:01.983,000] [0m<inf> oresat_solar2: 1983 5252.500000 2880.000000 15.127200 730000[0m
[00:00:1.989,000] [0m<inf> oresat_solar2: 1989 5253.50000 2900.000000 15.235875 727500[0m
[00:00:01.995,000] [0m<inf> oresat_solar2: 1995 5255.000000 2900.00000 15.239500 725000[0m
[00:00:02.000,000] [0m<inf> oresat_solar2: 2000 5253.750000 2900.000000 15.235875 72500[0m
[00:00:02.002,000] [0m<dbg> oresat_blink: handle_blink: The light is blinking![0m
[00:00:02.006,00] [0m<inf> oresat_solar2: 2006 5251.250000 2900.000000 15.228625 720000[0m
[00:00:02.012,000] [0m<inf> resat_solar2: 2012 5251.250000 2880.000000 15.23600 717500[0m
[00:00:02.017,000] [0m<inf> oresat_solar2: 017 5252.500000 2920.000000 15.337300 715000[m
[00:00:02.023,000] [0m<inf> oresat_solar2: 2023 5251.25000 2920.000000 15.333650 712500[0m
[00:00:02.09,000] [0m<inf> oresat_solar2: 2029 5250.000000 2900.000000 15.225000 710000[0m
[00:00:02.035,000] [0m<in> oresat_solar2: 2035 5252.500000 2900.000000 15.232250 707500[0m
[00:00:02.040,000] [0m<inf> oresat_solar: 2040 5251.250000 2900.000000 15.228625 70500[0m
[00:00:02.046,000] [0m<inf> oresat_solar2: 2046 5250.00000 2900.000000 15.225000 702500[0m
[00:00:0.052,000] [0m<inf> oresat_solar2: 2052 5253.750000 2900.00000 15.235875 700000[0m
[00:00:02.057,000] [0minf> oresat_solar2: 2057 5251.250000 2900.000000 15.228625 697500[0m
[00:00:02.063,000] [0m<inf> oresat_soar2: 2063 5250.000000 2920.000000 15.330000 695000[0m
[00:00:02.069,000] [0m<inf> oresat_solar2: 2069 5248750000 2900.000000 15.221375 692500[0m
[00:0:02.074,000] [0m<inf> oresat_solar2: 2074 5251.250000 2880.00000 15.123600 690000[0m
[00:00:02.080,000] 0m<inf> oresat_solar2: 2080 5250.000000 2900.000000 15.225000 687500[0m
[00:00:02.086,000] [0m<inf> oresatsolar2: 2086 5251.250000 2880.000000 15.123600 685000[0m
[00:00:02.092,000] [0m<inf> oresat_solar2: 2092 551.250000 2880.000000 15.123600 682500[0m
[00:00:02.097,000] [0m<inf> oresat_solar2: 2097 5251.250000 2900000000 15.228625 680000[0m
[00:00:02.103,000 [0m<inf> oresat_solar2: 2103 5251.250000 2920.000000 15.33360 677500[0m
[00:00:02.109,000] [0m<inf> oreat_solar2: 2109 5250.000000 2920.000000 15.330000 675000[0m
[00:00:02.114,000] [0m<inf> oresat_solar2: 211 5250.000000 2880.000000 15.120000 672500[0m
[00:00:02.120,000] [0m<inf> oresat_solar2: 2120 5250.000000 220.000000 15.330000 670000[0m
[00:00:02.126,000] [0m<inf> oresat_solar2: 2126 5250.000000 2920.000000 15.30000 667500[0m
[00:00:02.131,000] [0m<inf> oresat_solar2: 2131 5252.500000 2960.000000 15.547400 665000[0
[00:00:02.137,000] [0m<inf> oresat_solar2: 137 5250.000000 2900.000000 15.225000 662500[0m
[00:00:02.14,000] [0m<inf> oresat_solar2: 2143 5252.50000 2920.000000 15.337300 660000[0m
[00:00:02.149,000] [0m<inf oresat_solar2: 2149 5250.000000 2900.000000 1.225000 657500[0m
[00:00:02.154,000] [0m<inf> oresat_solar2: 2154 5251.250000 2880.000000 15.123600 655000[0m
[00:00:02.160,000] [0m<inf> oresat_solar2: 2160 5251.250000 2920.000000 15.333650 652500[0m
[00:00:02166,000] [0m<inf> oresat_solar2: 2166 5250.00000 2920.000000 15.330000 650000[0m
[00:00:02.171,000] [0m<nf> oresat_solar2: 2171 5252.500000 2860.00000 15.022150 647500[0m
[00:00:02.177,000] [0m<inf> oresat_solar2: 2177 5251.250000 2920.000000 15.333650 64500[0m
[00:00:02.183,000] [0m<inf> oresat_solar2: 2183 5250.000000 2920.000000 15.330000 642500[0m
[00:0002.188,000] [0m<inf> oresat_solar2: 2188 5252.500000 2900.000000 15.232250 640000[0m
[00:00:02.194,000] [m<inf> oresat_solar2: 2194 5250.000000 2880.000000 15.120000 637500[0m
[00:00:02.200,000] [0m<inf> oresat_olar2: 2200 5251.250000 2900.000000 15.228625 35000[0m
[00:00:02.206,000] [0m<inf> oresat_solar2: 2206 5248.750000 2900.000000 15.221375 632500[0m
[0000:02.211,000] [0m<inf> oresat_solar2: 2211 5251.250000 2920.000000 15.333650 630000[0m
[00:00:02.217,000][0m<inf> oresat_solar2: 2217 5248.750000 2960.000000 15.536300 627500[0m
[00:00:02.223,000] [0m<inf> orest_solar2: 2223 5247.500000 2920.000000 15.322700 625000[0m
[00:00:02.228,000] [0m<inf> oresat_solar2: 22285250.000000 2900.000000 15.225000 622500[0m
00:00:02.234,000] [0m<inf> oresat_solar2: 2234 5251.250000 290.000000 15.228625 620000[0m
[00:00:02.240,00] [0m<inf> oresat_solar2: 2240 5250.000000 2920.000000 15.33000 617500[0m
[00:00:02.245,000] [0m<inf> oesat_solar2: 2245 5250.000000 2920.000000 15.330000 615000[0m
[00:00:02.251,000] [0m<inf> oresat_solar2: 251 5251.250000 2920.000000 15.333650 612500[0m
[00:00:02.257,000] [0m<inf> oresat_solar2: 2257 5251.2500002900.000000 15.228625 610000[0m
[00:00:02.26,000] [0m<inf> oresat_solar2: 2263 5248.750000 2920.000000 15326350 607500[0m
[00:00:02.268,000] [0m<inf oresat_solar2: 2268 5248.750000 2920.000000 15.326350 605000[0m
[00:00:02.274,000] [0m<inf> oresat_solar2 2274 5250.000000 2920.000000 15.330000 602500[0m
[00:00:02.280,000] [0m<inf> oresat_solar2: 2280 5250.00000 2920.000000 15.330000 600000[0m
[00:00:02.285,000] [0m<inf> oresat_solar2: 2285 5251.250000 2900.00000015.228625 597500[0m
[00:00:02.291,000] [0m<inf> oresat_solar2: 2291 5251.250000 2920.000000 15.333650 59500[0m
[00:00:02.297,000] [0m<inf> oresat_solr2: 2297 5250.000000 2920.000000 15.330000 592500[0m
[00:00:2.302,000] [0m<inf> oresat_solar2: 2302 5250.00000 2920.000000 15.330000 590000[0m
[00:00:02.308,000] [0<inf> oresat_solar2: 2308 5248.750000 2980.00000 15.641275 587500[0m
[00:00:02.314,000] [0m<inf> oresat_solar2: 2314 5250.000000 2860.000000 15.015000 55000[0m
[00:00:02.320,000] [0m<inf> oresat_solar2: 2320 5251.250000 2900.000000 15.228625 582500[0m
[00:0:02.325,000] [0m<inf> oresat_solar2: 2325 5251.250000 2920.000000 15.333650 580000[0m
[00:00:02.331,000] [0m<inf> oresat_solar2: 2331 5251.250000 2920.000000 15.333650 577500[0m
[00:00:02.337,000] [0m<inf> oresa_solar2: 2337 5251.250000 2900.000000 15.22862 575000[0m
[00:00:02.342,000] [0m<inf> oresat_solar2: 2342 250.000000 2920.000000 15.330000 572500[0m
[0:00:02.348,000] [0m<inf> oresat_solar2: 2348 5251.250000 290.000000 15.228625 570000[0m
[00:00:02.354,00] [0m<inf> oresat_solar2: 2354 5251.250000 2900.000000 15.22825 567500[0m
[00:00:02.359,000] [0m<inf> orsat_solar2: 2359 5250.000000 2920.000000 15.330000 565000[0m
[00:00:02.365,000] [0m<inf> oresat_solar2: 235 5250.000000 2900.000000 15.225000 562500[0m
[00:00:02.371,000] [0m<inf> oresat_solar2: 2371 5250.000000 900.000000 15.225000 560000[0m
[00:00:02.377,000] [0m<inf> oresat_solar2: 2377 5248.750000 2900.000000 15.21375 557500[0m
[00:00:02.382,000] [0m<inf>oresat_solar2: 2382 5250.000000 2900.000000 15.225000 555000[m
[00:00:02.388,000] [0m<inf> oresat_solar2:2388 5250.000000 2900.000000 15.225000 552500[0m
[00:00:02.34,000] [0m<inf> oresat_solar2: 2394 5251.25000 2920.000000 15.333650 550000[0m
[00:00:02.399,000] [0m<inf> oresat_solar2: 2399 5250.000000 2880.000000 5.120000 547500[0m
[00:00:02.405,000] [0m<inf> oresat_solar2: 2405 5251.250000 2920.000000 15.333650 54500[0m
[00:00:02.411,000] [0m<inf> oresat_solar2: 2411 5251.250000 2900.000000 15.228625 542500[0m
[00:00:0.416,000] [0m<inf> oresat_solar2: 2416 5248.70000 2960.000000 15.536300 540000[0m
[00:00:02.422,000] [0minf> oresat_solar2: 2422 5248.750000 2900.00000 15.221375 537500[0m
[00:00:02.428,000] [0m<inf> oresat_soar2: 2428 5250.000000 2900.000000 15.225000 53000[0m
[00:00:02.434,000] [0m<inf> oresat_solar2: 2434 5250000000 2920.000000 15.330000 532500[0m
[00:0:02.439,000] [0m<inf> oresat_solar2: 2439 5251.250000 2900.000000 15.228625 530000[0m
[00:00:02.445,000] 0m<inf> oresat_solar2: 2445 5250.000000 2900.000000 15.225000 527500[0m
[00:00:02.451,000] [0m<inf> oresatsolar2: 2451 5250.000000 2900.000000 15.225000 525000[0m
[00:00:02.456,000] [0m<inf> oresat_solar2: 2456 550.000000 2960.000000 15.540000 522500[0m
[0:00:02.462,000] [0m<inf> oresat_solar2: 2462 5251.250000 2920000000 15.333650 520000[0m
[00:00:02.468,000 [0m<inf> oresat_solar2: 2468 5248.750000 2900.000000 15.221375 517500[0m
[00:00:02.473,000] [0m<inf> oreat_solar2: 2473 5250.000000 2880.000000 15.120000 515000[0m
00:00:02.479,000] [0m<inf> oresat_solar2: 247 5250.000000 2900.000000 15.225000 512500[0m
[00:00:02.485,000] [0m<inf> oresat_solar2: 2485 5248.750000 200.000000 15.221375 510000[0m
[00:00:02.491,000] [0m<inf> oresat_solar2: 2491 5248.750000 2900.000000 15.21375 507500[0m
[00:00:02.496,000] [0m<inf> oresat_solar2: 2496 5248.750000 2880.000000 15.116400 505000[0
[00:00:02.502,000] [0m<inf> oresat_solar2: 2502 5250.000000 2920.000000 15.330000 502500[0m
[00:00:02.50,000] [0m<inf> oresat_solar2: 2508 5248.75000 2920.000000 15.326350 500000[0m
[00:00:02.513,000] [0m<inf oresat_solar2: 2513 5248.750000 2920.000000 1.326350 497500[0m
[00:00:02.519,000] [0m<inf> oresat_solar2 2519 5248.750000 2900.000000 15.221375 495000[0m
[00:00:02.525,000] [0m<inf> oresat_solar2: 2525 5250.000000 2920.000000 15.330000 492500[0m
[00:00:02530,000] [0m<inf> oresat_solar2: 2530 5248.750000 2900.000000 15.221375 490000[0m
[00:00:02.536,000] [0m<nf> oresat_solar2: 2536 5248.750000 2960.000000 15.536300 487500[0m
[00:00:02.542,000] [0m<inf> oresat_solr2: 2542 5248.750000 2920.000000 15.326350 485000[0m
[00:00:02.548,000] [0m<inf> oresat_solar2: 2548 5248.50000 2920.000000 15.326350 482500[0m
[00:0002.553,000] [0m<inf> oresat_solar2: 2553 5250.000000 2960.00000 15.540000 480000[0m
[00:00:02.559,000] [m<inf> oresat_solar2: 2559 5248.750000 2920.000000 15.326350 47500[0m
[00:00:02.565,000] [0m<inf> oresat_olar2: 2565 5250.000000 2920.000000 15.330000 475000[0m
[00:0:02.570,000] [0m<inf> oresat_solar2: 2570 520.000000 2880.000000 15.120000 472500[0m
[00:00:02.576,000] [0m<inf> oresat_solar2: 2576 5250.000000 2880.00000 15.120000 470000[0m
[00:00:02.582,000] [0m<inf> oresat_solar2: 2582 5250.000000 2920.000000 15.33000 467500[0m
[00:00:02.587,000] [0m<inf> oresat_solar2: 2587 5250.000000 2900.000000 15.225000 465000[0m
[0:00:02.593,000] [0m<inf> oresat_solar2: 25935250.000000 2920.000000 15.330000 462500[0m
[00:00:02.599,00] [0m<inf> oresat_solar2: 2599 5248.750000 290.000000 15.221375 460000[0m
[00:00:02.605,000] [0m<inf> orsat_solar2: 2605 5248.750000 2900.000000 15.22375 457500[0m
[00:00:02.610,000] [0m<inf> oresat_solar2: 2610 5250.000000 2900.000000 15.225000 455000[0m
[00:00:02.616,000] [0m<inf> oresat_solar2: 2616 5248.750000 2920.000000 15.326350 452500[0m
[00:00:02.622000] [0m<inf> oresat_solar2: 2622 5250.000000 2960.000000 15.540000 450000[0m
[00:00:02.627,000] [0m<inf>oresat_solar2: 2627 5250.000000 2960.000000 15540000 447500[0m
[00:00:02.633,000] [0m<inf> oresat_solar2:2633 5248.750000 2900.000000 15.221375 4450000m
[00:00:02.639,000] [0m<inf> oresat_solar2: 2639 5246.250000 2960.000000 15.528900 442500[0m
[00:00:02.44,000] [0m<inf> oresat_solar2: 2644 5248.750000 2920.000000 15.326350 440000[0m
[00:00:02.650,000] [0m<if> oresat_solar2: 2650 5247.500000 2980.000000 15.637550 437500[0m
[00:00:02.656,000] [0m<inf> oresat_sola2: 2656 5250.000000 2900.000000 15.225000 435000[0m
[00:00:02.662,000] [0m<inf> oresat_solar2: 2662 5250.00000 2960.000000 15.540000 432500[0m
[00:00:2.667,000] [0m<inf> oresat_solar2: 2667 5248.750000 2860.00000 15.011425 430000[0m
[00:00:02.673,000] [0<inf> oresat_solar2: 2673 5248.750000 2880.000000 15.116400 42500[0m
[00:00:02.679,000] [0m<inf> oresat_slar2: 2679 5250.000000 2880.000000 15.120000 425000[0m
[00:0:02.684,000] [0m<inf> oresat_solar2: 2684 525.000000 2900.000000 15.225000 422500[0m
[00:00:02.690,000] 0m<inf> oresat_solar2: 2690 5248.750000 2900.00000 15.221375 420000[0m
[00:00:02.696,000] [0m<inf> oresat_solar2: 2696 5248.750000 2960.000000 15.536300417500[0m
[00:00:02.701,000] [0m<inf> oresa_solar2: 2701 5248.750000 2920.000000 15.326350 415000[0m
[0:00:02.707,000] [0m<inf> oresat_solar2: 2707 248.750000 2900.000000 15.221375 412500[0m
[00:00:02.713,000 [0m<inf> oresat_solar2: 2713 5248.750000 292.000000 15.326350 410000[0m
[00:00:02.719,000] [0m<inf> oresat_solar2: 2719 5250.000000 2920.000000 15.33000 407500[0m
[00:00:02.724,000] [0m<inf> oresat_solar2: 2724 5250.000000 2960.000000 15.540000 405000[0m[00:00:02.730,000] [0m<inf> oresat_solar2: 2730 5250.000000 2900.000000 15.225000 402500[0m
[00:00:02.736,00] [0m<inf> oresat_solar2: 2736 5250.000000 900.000000 15.225000 400000[0m
[00:00:02.741,000] [0m<inf> resat_solar2: 2741 5250.000000 2920.000000 15.30000 397500[0m
[00:00:02.747,000] [0m<inf> oresat_solar2: 747 5250.000000 2900.000000 15.225000 395000[m
[00:00:02.753,000] [0m<inf> oresat_solar2: 2753 5248.750000 2960.000000 15.536300 392500[0m
[00:00:02.78,000] [0m<inf> oresat_solar2: 2758 5250.000000 2900.000000 15.225000 390000[0m
[00:00:02.764,000] [0m<in> oresat_solar2: 2764 5248.750000 2900.000000 15.221375 387500[0m
[00:00:02.770,000] [0m<inf> oresat_solar: 2770 5251.250000 2960.000000 15.543700 38500[0m
[00:00:02.776,000] [0m<inf> oresat_solar2: 2776 5248.75000 2960.000000 15.536300 382500[0m
[00:00:0.781,000] [0m<inf> oresat_solar2: 2781 5248.750000 2920.00000 15.326350 380000[0m
[00:00:02.787,000] [0minf> oresat_solar2: 2787 5248.750000 2900.000000 15.221375 377500[0m
[00:00:02.793,000] [0m<inf> oresat_soar2: 2793 5248.750000 2900.000000 15.221375 375000[0m
[00:00:02.798,000] [0m<inf> oresat_solar2: 2798 5250000000 2900.000000 15.225000 372500[0m
[00:0:02.804,000] [0m<inf> oresat_solar2: 2804 5248.750000 2900.00000 15.221375 370000[0m
[00:00:02.810,000] 0m<inf> oresat_solar2: 2810 5250.000000 2900.000000 15.225000 367500[0m
[00:00:02.815,000] [0m<inf> oresatsolar2: 2815 5248.750000 2900.000000 15.221375 365000[0m
[00:00:02.821,000] [0m<inf> oresat_solar2: 2821 547.500000 2920.000000 15.322700 362500[0m
[00:00:02.827,000] [0m<inf> oresat_solar2: 2827 5248.750000 2920000000 15.326350 360000[0m
[00:00:02.833,000 [0m<inf> oresat_solar2: 2833 5250.000000 2880.000000 15.12000 357500[0m
[00:00:02.838,000] [0m<inf> oreat_solar2: 2838 5248.750000 2920.000000 15.326350 355000[0m
[00:00:02.844,000] [0m<inf> oresat_solar2: 284 5248.750000 2900.000000 15.221375 352500[0m
[00:00:02.850,000] [0m<inf> oresat_solar2: 2850 5248.750000 260.000000 15.536300 350000[0m
[00:00:02.855,00] [0m<inf> oresat_solar2: 2855 5250.000000 2920.000000 15.30000 347500[0m
[00:00:02.861,000] [0m<inf> resat_solar2: 2861 5248.750000 2900.000000 15.221375 345000[0
[00:00:02.867,000] [0m<inf> oresat_solar2: 867 5247.500000 2960.000000 15.532600 342500[0m
[00:00:02.872,000] [0m<inf> oresat_solar2: 2872 5248.75000 2900.000000 15.221375 340000[0m
[00:00:02.878,000] [0m<inf> oresat_solar2: 2878 5248.750000 2920.000000 1.326350 337500[0m
[00:00:02.884,000] [0m<inf> oresat_solar2: 2884 5250.000000 2900.000000 15.225000 335000[0m
[00:00:02.890,000] [0m<inf> oresat_solar: 2890 5248.750000 2900.000000 15.221375 332500[0m
[00:00:02.895,000] [0m<inf> oresat_solar2: 2895 5248.75000 2900.000000 15.221375 330000[0m
[00:00:02.901,000] [0m<inf> oresat_solar2: 2901 5248.750000 2960.00000 15.536300 327500[0m
[00:00:02.907,000] [0m<inf> oresat_solar2: 2907 5248.750000 2980.000000 15.641275 32500[0m
[00:00:02.912,000] [0m<inf> oresat_solar2: 2912 5248.750000 2880.000000 15.116400 322500[0m
[00:0002.918,000] [0m<inf> oresat_solar2: 2918 5248750000 2920.000000 15.326350 320000[0m
[00:00:02.924,000] [m<inf> oresat_solar2: 2924 5248.750000 2900.00000 15.221375 317500[0m
[00:00:02.929,000] [0m<inf> oresat_olar2: 2929 5248.750000 2900.000000 15.221375 15000[0m
[00:00:02.935,000] [0m<inf> oresat_solar2: 2935 5248.750000 2920.000000 15.326350 312500[0m
[0000:02.941,000] [0m<inf> oresat_solar2: 2941 5247.500000 2960.000000 15.532600 310000[0m
[00:00:02.947,000][0m<inf> oresat_solar2: 2947 5248.750000 2920000000 15.326350 307500[0m
[00:00:02.952,000] [0m<inf> orest_solar2: 2952 5247.500000 2900.000000 15.21770 305000[0m
[00:00:02.958,000] [0m<inf> oresat_solar2: 29585247.500000 2900.000000 15.217750 302500[0m
00:00:02.964,000] [0m<inf> oresat_solar2: 2964 5248.750000 2920.000000 15.326350 300000[0m
[00:00:02.969,00] [0m<inf> oresat_solar2: 2969 5251.250000 2900.000000 15.228625 297500[0m
[00:00:02.975,000] [0m<inf> oesat_solar2: 2975 5250.000000 2920.000000 15.30000 295000[0m
[00:00:02.981,000] [0m<inf> oresat_solar2: 281 5248.750000 2920.000000 15.326350 292500[0
[00:00:02.986,000] [0m<inf> oresat_solar2: 2986 5248.750000 2960.000000 15.536300 290000[0m
[00:00:02.99,000] [0m<inf> oresat_solar2: 2992 5247.500000 2900.000000 15.217750 287500[0m
[00:00:02.998,000] [0m<inf oresat_solar2: 2998 5246.250000 2920.000000 15.319050 285000[0m
[00:00:03.002,000] [0m<dbg> oresat_blink:handle_blink: The light is blinking![0m
[00:0:03.004,000] [0m<inf> oresat_solar2: 3004 5248.750000 2920.00000 15.326350 282500[0m
[00:00:03.009,000] [0m<inf> oresat_solar2: 3009 5250.000000 2920.000000 15.330000 280000[0m
[00:00:03.015,000] [0m<inf> oresa_solar2: 3015 5250.000000 2920.000000 15.330000 277500[0m
[00:00:03.021,000] [0m<inf> oresat_solar2: 3021 250.000000 2920.000000 15.330000 275000[0m
[00:00:03.026,000] [0m<inf> oresat_solar2: 3026 5251.250000 296.000000 15.543700 272500[0m
[00:00:03.032,00] [0m<inf> oresat_solar2: 3032 5250.000000 2960.000000 15.54000 270000[0m
[00:00:03.038,000] [0m<inf> orsat_solar2: 3038 5250.000000 2920.000000 15.330000 267500[0m[1;31m--- 1 messages dropped ---
[0m[00:00:3.055,000] [0m<inf> oresat_solar2: 3055 5251.250000 2900.00000 15.228625 260000[0m
[1;31m--- 4 messages ropped ---
[0m[00:00:03.078,000] [0m<inf> oresat_solar2: 3078 5250.000000 2960.000000 15.540000 250000[0m
[1;31m--- 3 messages dropped ---
[0m[00:0003.100,000] [0m<inf> oresat_solar2: 3100 5251.250000 2920.00000 15.333650 240000[0m
[1;31m--- 3 messagesdropped ---
[0m[00:00:03.123,000] [0m<inf> oresat_solar2: 323 5251.250000 2920.000000 15.333650 230000[0
[1;31m--- 3 messages dropped ---
[0m[00:00:03.146,000] [0m<inf> oresat_solar2: 3146 5250.000000 2880.00000 15.120000 220000[0m
[1;31m--- 3 messages dropped ---
[0m[00:00:03.169,000] [0m<inf> oresat_solar2: 169 5250.000000 2920.000000 15.330000 210000[m
[1;31m--- 3 messages dropped ---
[0m[00:00:03.192,000] 0m<inf> oresat_solar2: 3192 5251.250000 2920.00000 15.333650 200000[0m
[1;31m--- 3 messages dropped ---
[0m[00:00:03.214,000] [0m<inf> oresat_solar2:3214 5250.000000 2900.000000 15.225000 190000[0m
[1;31m--- 3 messages dropped ---
[0m[00:00:03.237,000] [0m<inf> oresat_solar2: 3237 5251.250000 2900.000000 15.228625 180000[0m
[1;31m--- 3 messages dropped ---[0m[00:00:03.260,000] [0m<inf> oresat_solar2: 3260 5250.000000 2920.000000 15.330000 170000[0m
[1;31m---3 messages dropped ---
[0m[00:00:03.289,000][0m<inf> oresat_solar2: 3289 5250.000000 2960.000000 15.54000 157500[0m
[1;31m--- 3 messages dropped ---
[0m[00:00:03.311,000] [0m<inf> oresat_solar2: 3311 5250.00000 2920.000000 15.330000 147500[0m
[1;31m-- 3 messages dropped ---
[0m[00:00:03.334,000] [0m<inf> orest_solar2: 3334 5248.750000 2920.000000 15.32630 137500[0m
[1;31m--- 3 messages dropped ---
[0m[00:00:03.357,000] [0m<inf> oresat_solar2: 3357 5251.25000 2960.000000 15.543700 127500[0m
[1;31m-- 3 messages dropped ---
[0m[00:00:03.380,000] [0m<inf> oreat_solar2: 3380 5248.750000 2900.000000 15.22175 117500[0m
[1;31m--- 3 messages dropped ---
[0m[00:00:0.403,000] [0m<inf> oresat_solar2: 3403 5250.00000 2900.000000 15.225000 107500[0m
[1;31m--- 3 messages dropped ---
[0m[00:00:03.425,000] [0m<inf> orsat_solar2: 3425 5248.750000 2960.000000 15.536300 97500[0m
[1;31m--- 3 messages dropped ---
[0m[00:00:0.448,000] [0m<inf> oresat_solar2: 3448 5250.00000 2960.000000 15.540000 87500[0m
[1;31m--- 3 messages drpped ---
[0m[00:00:03.471,000] [0m<inf> oreat_solar2: 3471 5250.000000 2920.000000 15.330000 77500[0m
1;31m--- 3 messages dropped ---
[0m[00:00:03494,000] [0m<inf> oresat_solar2: 3494 5250.000000 2920.000000 15.330000 67500[0m
[1;31m--- 3 messages droped ---
[0m[00:00:03.517,000] [0m<inf> oresat_solar2: 3517 5251.250000 2920.000000 15.333650 57500[0m
[;31m--- 3 messages dropped ---
[0m[00:00:03.39,000] [0m<inf> oresat_solar2: 3539 5250.000000 2900.000000 5.225000 47500[0m
[1;31m--- 3 messages droped ---
[0m[00:00:03.562,000] [0m<inf> oresat_solar2: 3562 548.750000 2900.000000 15.221375 37500[0m
[131m--- 3 messages dropped ---
[0m[00:00:03.591,000] [0m<inf> oresat_solar2: 3591 5250.000000 2920.000000 1.330000 25000[0m
[1;31m--- 4 messages dropped ---
[0m[00:00:03.613,000] [0m<inf> oresat_solar2: 3613 520.000000 2920.000000 15.330000 15000[0m
[1;1m--- 3 messages dropped ---
[0m[00:00:03.636,000] [0m<inf>oresat_solar2: 3636 5250.000000 2900.000000 15225000 5000[0m
[1;31m--- 3 messages dropped ---
[0m[00:0003.655,000] [1;31m<err> dac_mcux_lpdac: unsuported value 5282859[0m
[1;31m--- 3 messages dropped ---
[0m[00:00:03.667,000] [1;31m<err> dac_mcux_lpda: unsupported value 5282853[0m
[1;31m--- 4 messages dropped ---
[0m[00:00:03.682,000] [0m<inf> oresat_slar2: 3682 5245.000000 2960.000000 15.525200 -5000[0m
[1;31m--- 4 messages dropped ---
[0m[00:00:03.695000] [1;31m<err> dac_mcux_lpdac: unsupported alue 5282838[0m
[1;31m--- 3 messages dropped ---
[0m[00:00:03.707,000] [1;31m<err> dac_mcux_lpdac: unsuported value 5282831[0m
[1;31m--- 4 messages dropped ---
[0m[00:00:03.722,000] [0m<inf> oresat_solar2: 722 5245.000000 2960.000000 15.525200 -32500[0m
[1;31m--- 5 messages dropped ---
[0m[00:00:03.735,000] 1;31m<err> dac_mcux_lpdac: unsupported value 5282816[0m
[1;31m--- 2 messages dropped ---
[0m[00:00:03.75,000] [0m<inf> oresat_solar2: 3750 5243.75000 2920.000000 15.311750 -45000[0m
[1;31m--- 4 messages droppd ---
[0m[00:00:03.764,000] [1;31m<err> dacmcux_lpdac: unsupported value 5282801[0m
[1;31m--- 4 messages dropped ---
[0m[00:00:03.775,000] [1;31m<rr> dac_mcux_lpdac: unsupported value 5282794[0m
[1;31m--- 4 messages dropped ---
[0m[00:00:03.790,000] [0m<inf> oresat_solar2: 3790 5242.500000 2920.000000 15.308100 -62500[0m
[1;31m--- 4 messages dropped ---[0m[00:00:03.804,000] [1;31m<err> dac_mcux_ldac: unsupported value 5282779[0m
[1;31m--- 3 messages droped ---
[0m[00:00:03.815,000] [1;31m<err> da_mcux_lpdac: unsupported value 5282773[0m
[1;31m--- 4 messaes dropped ---
[0m[00:00:03.830,000] [0m<in> oresat_solar2: 3830 5243.750000 2960.000000 15.521500 -80000[0m
[1;31m--- 5 messages dropped ---
[0m[0:00:03.844,000] [1;31m<err> dac_mcux_lpdac: usupported value 5282758[0m
[1;31m--- 2 messages dropped ---
[0m[00:00:03.859,000] [0m<inf> oresat_solar: 3859 5243.750000 2960.000000 15.521500 -92500[0m
[1;31m-- 4 messages dropped ---
[0m[00:00:03.872,000 [1;31m<err> dac_mcux_lpdac: unsupported value 5282742[0m
[1;31m--- 4 messages dropped ---
[0m[00:00:03883,000] [1;31m<err> dac_mcux_lpdac: unsupported value 5282736[0m
[1;31m--- 4 messages dropped ---
[0m[0:00:03.898,000] [0m<inf> oresat_solar2: 38985243.750000 2920.000000 15.311750 -110000[0m
[1;31m--- 4 mesages dropped ---
[0m[00:00:03.912,000] [1;1m<err> dac_mcux_lpdac: unsupported value 5282721[0m
[1;31m-- 4 messages dropped ---
[0m[00:00:03.923,00] [1;31m<err> dac_mcux_lpdac: unsupported value 5282715[0m
[1;31m--- 3 messages dropped ---
[0m[00:00:3.938,000] [0m<inf> oresat_solar2: 3938 5243.750000 2920.000000 15.311750 -127500[0m
[1;31m--- 5 messagesdropped ---
[0m[00:00:03.952,000] [1;31m<er> dac_mcux_lpdac: unsupported value 5282699[0m
[1;31m--- 4 essages dropped ---
[0m[00:00:03.969,000] [;31m<err> dac_mcux_lpdac: unsupported value 5282690[0m
[1;3m--- 3 messages dropped ---
[0m[00:00:03.984000] [0m<inf> oresat_solar2: 3984 5243.750000 2920.000000 15.311750 -147500[0m
[1;31m--- 4 messages droppd ---
[0m[00:00:03.997,000] [1;31m<err> dac_mcux_lpdac: unsupported value 5282675[0m
[1;31m--- 4 messags dropped ---
[0m[00:00:04.009,000] [1;31m<rr> dac_mcux_lpdac: unsupported value 5282668[0m
[1;31m---  messages dropped ---
[0m[00:00:04.020,000] [1;31m<err> dac_mcux_lpdac: unsupported value 5282662[0m
[131m--- 3 messages dropped ---
[0m[00:00:04.02,000] [1;31m<err> dac_mcux_lpdac: unsupported value 5282656[0m
[1;31m--- 4 messages dropped ---
[0m[0000:04.047,000] [0m<inf> oresat_solar2: 4047 5242.500000 2960.000000 15.517800 -175000[0m
[1;31m--- 5 messges dropped ---
[0m[00:00:04.060,000] [1;31m<err> dac_mcux_lpdac: unsupported value 5282641[0m
[1;31m-- 2 messages dropped ---
[0m[00:00:04.075,000 [0m<inf> oresat_solar2: 4075 5242.500000 2980.000000 15.622650 -187500[0m
[1;31m--- 4 messages dropped --
[0m[00:00:04.089,000] [1;31m<err> dac_mcux_lpdac: unsupported value 5282625[0m
[1;31m--- 4 messages dopped ---
[0m[00:00:04.100,000] [1;31m<err> dac_mcux_lpdac: unsupported value 5282619[0m
[1;31m--- 4 mesages dropped ---
[0m[00:00:04.115,000] [0m<inf> oresat_solar2: 4115 5240.000000 2880.000000 15.091200 -20000[0m
[1;31m--- 4 messages dropped ---
[m[00:00:04.129,000] [1;31m<err> dac_mcux_lpdac: unsupported vlue 5282604[0m
[1;31m--- 3 messages dropped---
[0m[00:00:04.140,000] [1;31m<err> dac_mcux_lpdac: unsuported value 5282598[0m
[1;31m--- 4 messagesdropped ---
[0m[00:00:04.155,000] [0m<inf> oresat_solar2: 4155 5240.000000 2960.000000 15.510400 -222500[m
[1;31m--- 5 messages dropped ---
[0m[00:00:04.168,000] [1;31m<err> dac_mcux_lpdac: unsupported value 582582[0m
[1;31m--- 2 messages dropped ---
[0m[00:00:04.183,000] [0m<inf> oresat_solar2: 4183 5240.00000 2920.000000 15.300800 -235000[0m
[1;31m---6 messages dropped ---
[0m[00:00:04.197,000] [1;31m<err> da_mcux_lpdac: unsupported value 5282567[0m
[;31m--- 2 messages dropped ---
[0m[00:00:04.212,000] [0m<inf> oresat_solar2: 4212 5241.250000 2920.000000 5.304450 -247500[0m
[1;31m--- 4 messages dropped ---
[0m[00:00:04.225,000] [1;31m<err> dac_mcux_lpdac: nsupported value 5282552[0m
[1;31m--- 4 messages dropped ---
[0m[00:00:04.237,000] [1;31m<err> dac_mcuxlpdac: unsupported value 5282545[0m
[1;31m-- 4 messages dropped ---
[0m[00:00:04.252,000] [0m<inf> oreat_solar2: 4252 5242.500000 2960.000000 15.51700 -265000[0m
[1;31m--- 4 messages dropped ---
[0m[00:00:04.265,000] [1;31m<err> dac_mcux_lpdac: unsupprted value 5282530[0m
[1;31m--- 3 messages dropped ---
[0m[00:00:04.277,000] [1;31m<err> dac_mcux_lpdac unsupported value 5282524[0m
[1;31m--- 4 messages dropped ---
[0m[00:00:04.292,000] [0m<inf> oresat_soar2: 4292 5241.250000 2980.000000 15.618925 -22500[0m
[1;31m--- 5 messages dropped ---
[0m[00:00:04.305000] [1;31m<err> dac_mcux_lpdac: unsupported alue 5282508[0m
[1;31m--- 2 messages dropped ---
[0m[00:0:04.320,000] [0m<inf> oresat_solar2: 4320 524.250000 2920.000000 15.304450 -295000[0m
[1;31m--- 4 messages dropped ---
[0m[00:00:04.334,000] [1;31m<rr> dac_mcux_lpdac: unsupported value 5282493[0m
[1;31m--- 4 messages dropped ---
[0m[00:00:04.349,000] [0m<inf> oresat_solar2: 4349 5240.000000 2960.000000 15.510400 -307500[0m
[1;31m--- 4 messages dropped ---
[0m[00:00:04.362,000] [1;31m<err> dac_mcux_pdac: unsupported value 5282478[0m
[1;31m--- 4 messages droped ---
[0m[00:00:04.374,000] [1;31m<err> dc_mcux_lpdac: unsupported value 5282472[0m
[1;31m--- 4 messages dropped ---
[0m[00:00:04.389,000] [0m<if> oresat_solar2: 4389 5241.250000 2960.000000 15.514100 -325000[0m
[1;31m--- 4 messages dropped ---
[0m00:00:04.402,000] [1;31m<err> dac_mcux_lpdac: unsupported value 5282456[0m
[1;31m--- 3 messages dropped --
[0m[00:00:04.414,000] [1;31m<err> dac_mcu_lpdac: unsupported value 5282450[0m
[1;31m--- 4 messages dopped ---
[0m[00:00:04.429,000] [0m<inf> orsat_solar2: 4429 5240.000000 2900.000000 15.196000 -342500[0m
[1;31m--- 5 messages dropped ---
[0m[00:0004.442,000] [1;31m<err> dac_mcux_lpdac: unsupported value 5282435[0m
[1;31m--- 2 messages dropped ---
[m[00:00:04.457,000] [0m<inf> oresat_solar2: 4457 5241.250000 2920.000000 15.304450 -355000[0m
[1;31m--- 3messages dropped ---
[0m[00:00:04.463,000] [0m<inf> oresat_solar2: 4463 5240.000000 2900.000000 15.196000 357500[0m
[1;31m--- 2 messages dropped ---[0m[00:00:04.474,000] [0m<inf> oresat_solar2: 4474 5240.00000 2920.000000 15.300800 -362500[0m
[1;31m-- 4 messages dropped ---
[0m[00:00:04.486,000] [0m<inf> oresat_solar2: 4486 5241.250000 2920.000000 15.30440 -367500[0m
[1;31m--- 3 messages dropped ---
[0m[00:00:0.497,000] [0m<inf> oresat_solar2: 4497 5241.20000 2960.000000 15.514100 -372500[0m
[1;31m--- 3 messages dropped ---
[0m[00:00:04.508,000] [0m<inf> oesat_solar2: 4508 5241.250000 2980.000000 15.68925 -377500[0m
[1;31m--- 3 messages dropped ---
[0m[00:0:04.520,000] [0m<inf> oresat_solar2: 4520 524.250000 2920.000000 15.304450 -382500[0m
[1;31m--- 3 messags dropped ---
[0m[00:00:04.531,000] [0m<inf oresat_solar2: 4531 5238.750000 2900.000000 15.192375 -387500[0m
[1;31m--- 3 messages dropped ---
[0m[0:00:04.543,000] [0m<inf> oresat_solar2: 4543 5241.250000 2920.000000 15.304450 -392500[0m
[1;31m--- 3 mesages dropped ---
[0m[00:00:04.554,000] [0m<inf> oresat_solar2: 4554 5241.250000 2920.000000 15.304450 -39700[0m
[1;31m--- 3 messages dropped ---
[0[00:00:04.565,000] [0m<inf> oresat_solar2: 4565 5240.000000 200.000000 15.196000 -402500[0m
[1;31m--- 4 essages dropped ---
[0m[00:00:04.579,000] [1;31m<err> dac_mux_lpdac: unsupported value 5282361[0m
[1;3m--- 2 messages dropped ---
[0m[00:00:04.590,000] [1;31m<err> dac_mcux_lpdac: unsupported value 5282355[0
[1;31m--- 2 messages dropped ---
[0m[00:00:04.600,000] [0m<inf> oresat_solar2: 4600 5240.000000 2920.00000 15.300800 -417500[0m
[1;31m--- 3 messages dropped ---
[0m[00:00:04.611,000] [0m<inf> oresat_solar2:4611 5241.250000 2900.000000 15.199625 -422500[0m
[1;31m--- 3 messages dropped ---
[0m[00:00:04.622,000][0m<inf> oresat_solar2: 4622 5241.250000 2960000000 15.514100 -427500[0m
[1;31m--- 3 messages dropped --
[0m[00:00:04.634,000] [0m<inf> oresat_sola2: 4634 5240.000000 2960.000000 15.510400 -432500[0m
[1;31m--- 3 messages dropped ---
[0m[00:00:04.645,00] [0m<inf> oresat_solar2: 4645 5238.750000 2920.000000 15.297150 -437500[0m
[1;31m--- 3 messages dropped---
[0m[00:00:04.657,000] [0m<inf> oresat_slar2: 4657 5238.750000 2920.000000 15.297150 -442500[0m
[1;1m--- 3 messages dropped ---
[0m[00:00:04.66,000] [0m<inf> oresat_solar2: 4668 5242.500000 2960.000000 15.517800 -447500[0m
[1;31m--- 4 messages droped ---
[0m[00:00:04.679,000] [0m<inf> oresat_solar2: 4679 5241.250000 2900.000000 15.199625 -452500[0m
1;31m--- 3 messages dropped ---
[0m[00:00:04.693,000] [1;31m<err> dac_mcux_lpdac: unsupported value 528229[0m
[1;31m--- 2 messages dropped ---
[0m[0:00:04.702,000] [0m<inf> oresat_solar2: 4702 5240.000000 296.000000 15.510400 -462500[0m
[1;31m--- 3 mesages dropped ---
[0m[00:00:04.714,000] [0m<inf> oresat_solr2: 4714 5241.250000 2900.000000 15.199625 -46500[0m
[1;31m--- 3 messages dropped ---
[0m[00:00:04.725,000] [0m<inf> oresat_solar2: 4725 5241.250000 920.000000 15.304450 -472500[0m
[1;31m--- 3 messages dropped ---
[0m[00:00:04.733,000] [1;31m<err> dac_cux_lpdac: unsupported value 5282278[0m
[1;1m--- 2 messages dropped ---
[0m[00:00:04.744,000] [1;31m<er> dac_mcux_lpdac: unsupported value 5282272[m
[1;31m--- 3 messages dropped ---
[0m[00:00:04.756,000] 1;31m<err> dac_mcux_lpdac: unsupported value 582266[0m
[1;31m--- 3 messages dropped ---
[0m[00:00:04.76,000] [1;31m<err> dac_mcux_lpdac: unsupportedvalue 5282259[0m
[1;31m--- 2 messages dropped ---
[0m[00:00:04.778,000] [1;31m<err> dac_mcux_lpdac: unspported value 5282253[0m
[1;31m--- 3 messags dropped ---
[0m[00:00:04.784,000] [1;31m<err> dac_mcux_lpac: unsupported value 5282250[0m
[1;31m---  messages dropped ---
[0m[00:00:04.795,000] [1;31m<err> dac_mcux_lpdac: unsupported value 5282244[0m
[131m--- 2 messages dropped ---
[0m[00:00:04.807,000] [1;31m<err> dac_mcux_lpdac: unsupported value 52822380m
[1;31m--- 3 messages dropped ---
[0m[00:00:04.816,000] [0m<inf> oresat_solar2: 4816 5240.000000 2920.00000 15.300800 -512500[0m
[1;31m--- 3 messges dropped ---
[0m[00:00:04.830,000] [1;31m<err> dac_mcux_pdac: unsupported value 5282226[0m
[1;31m-- 3 messages dropped ---
[0m[00:00:04.839,000] [0m<inf> orest_solar2: 4839 5238.750000 2920.000000 15.29710 -522500[0m
[1;31m--- 3 messages dropped ---
[0m[00:00:04.852,000] [1;31m<err> dac_mcux_lpdac: unsuppoted value 5282213[0m
[1;31m--- 2 messages dropped ---
[0m[00:00:04.858,000] [1;31m<err> dac_mcux_lpdac:unsupported value 5282210[0m
[1;31m--- 3 mesages dropped ---
[0m[00:00:04.870,000] [1;31m<err> dac_mcu_lpdac: unsupported value 5282204[0m
[1;31m-- 2 messages dropped ---
[0m[00:00:04.881,000] [1;31m<err> dac_mcux_lpdac: unsupported value 5282198[0m[1;31m--- 3 messages dropped ---
[0m[00:00:04.890,000] [0m<inf> oresat_solar2: 4890 5241.250000 2960.00000 15.514100 -545000[0m
[1;31m--- 3 messages dropped ---
[0m[00:00:04.904,000] [1;31m<err> dac_mcux_lpda: unsupported value 5282186[0m
[1;31m--- 3 essages dropped ---
[0m[00:00:04.915,000] [1;31m<err> dac_mux_lpdac: unsupported value 5282179[0m
[1;3m--- 3 messages dropped ---
[0m[00:00:04.924,000] [0m<inf> resat_solar2: 4924 5238.750000 2900.000000 15.92375 -560000[0m
[1;31m--- 3 messages dropped ---
[0m[00:00:04.938,000] [1;31m<err> dac_mcux_lpdac: unspported value 5282167[0m
[1;31m--- 2 messages dropped ---
[0m[00:00:04.944,000] [1;31m<err> dac_mcux_lpac: unsupported value 5282164[0m
[1;31m---  messages dropped ---
[0m[00:00:04.955,000] [1;31m<err> dacmcux_lpdac: unsupported value 5282158[0m
[131m--- 2 messages dropped ---
[0m[00:00:04.966,000] [1;31m<err> dac_mcux_lpdac: unsupported value 52821520m
[1;31m--- 3 messages dropped ---
[0m[00:00:04.976,000] [0m<inf> oresat_solar2: 4976 5241.250000 2920.00000 15.304450 -582500[0m
[1;31m--- 3 messges dropped ---
[0m[00:00:04.987,000] [0m<inf> oresat_solar: 4987 5242.500000 2900.000000 15.203250 -58750[0m
[1;31m--- 3 messages dropped ---
[0m[00:00:05.001,00] [1;31m<err> dac_mcux_lpdac: unsupported vale 5282133[0m
[1;31m--- 3 messages dropped ---
[0m[00:00:05.010,000] [0m<inf> oresat_solar2: 5010 5241.20000 2960.000000 15.514100 -597500[0m
[1;31m--- 3 messages dropped ---
[0m[00:00:05.021,000] [0m<inf> oesat_solar2: 5021 5242.500000 2920.000000 15.38100 -602500[0m
[1;31m--- 3 messages dropped ---
[0m[00:0:05.033,000] [0m<inf> oresat_solar2: 5033 524.250000 2900.000000 15.199625 -607500[0m
[1;31m--- 4 messags dropped ---
[0m[00:00:05.046,000] [1;31m<rr> dac_mcux_lpdac: unsupported value 5282109[0m
[1;31m--- 2 messages dropped ---
[0m[00:00:05.058,000] [1;31m<err> dac_mcux_lpdac: unsupported value 282103[0m
[1;31m--- 3 messages dropped ---
[0m[00:00:05.03,000] [1;31m<err> dac_mcux_lpdac: unsupporte value 5282099[0m
[1;31m--- 2 messages dropped ---
[0m[00:00:05.075,000] [1;31m<err> dac_mcux_lpdac: unupported value 5282093[0m
[1;31m--- 3 messages dropped ---
[0m[00:00:05.086,000] [1;31m<err> dac_mcux_ldac: unsupported value 5282087[0m
[1;31m---3 messages dropped ---
[0m[00:00:05.095,000] [0m<inf> oresa_solar2: 5095 5241.250000 2920.000000 15.30445 -635000[0m
[1;31m--- 3 messages dropped ---
[0m[00:00:05.109,000] [1;31m<err> dac_mcux_lpdac: unsuppored value 5282075[0m
[1;31m--- 2 messages dropped ---
[0m[00:00:05.120,000] [1;31m<err> dac_mcux_lpdac: nsupported value 5282069[0m
[1;31m--- 3 messages dropped ---
[0m[00:00:05.126,000] [1;31m<err> dac_mcuxlpdac: unsupported value 5282066[0m
[1;31m-- 3 messages dropped ---
[0m[00:00:05.137,000] [1;31m<err> ac_mcux_lpdac: unsupported value 5282060[0m
[1;31m--- 2 messages dropped ---
[0m[00:00:05.149,000] [1;31m<err> dac_mcux_lpdac: unsupported value 528203[0m
[1;31m--- 3 messages dropped ---
[0m[00:00:05.158,000] [0m<inf> oresat_solar2: 5158 5240.000000 300.000000 15.720000 -662500[0m
[1;31m--- 3 messages dropped ---
[0m[00:00:05.172,000] [1;31m<err> dac_mcx_lpdac: unsupported value 5282041[0m
[1;31--- 3 messages dropped ---
[0m[00:00:05.181,000] [0m<inf> oesat_solar2: 5181 5243.750000 2960.000000 15.51500 -672500[0m
[1;31m--- 3 messages dropped ---
[0m[00:0:05.194,000] [1;31m<err> dac_mcux_lpdac: unsuported value 5282029[0m
[1;31m--- 2 messages dropped ---
0m[00:00:05.204,000] [0m<inf> oresat_solar2: 204 5242.500000 2900.000000 15.203250 -682500[0m
[1;31m--- 3 messages dropped ---
[0m[00:00:05.215,000] [0m<inf> oresat_solar2: 5215 5241.250000 2960.00000 15.514100 -687500[0m
[1;31m--- 5 messages dropped ---
[0m[00:00:05.232,000] [0m<inf> oresat_solar: 5232 5242.500000 2920.000000 15.308100 -695000[0m
[1;31m-- 3 messages dropped ---
[0m[00:00:05.244,00] [0m<inf> oresat_solar2: 5244 5241.250000 2920.000000 15.304450 -700000[0m
[1;31m--- 3 messages dropped --
[0m[00:00:05.255,000] [0m<inf> oresat_solar2: 5255 5241.250000 2920.000000 15.304450 -705000[0m
[1;3m--- 3 messages dropped ---
[0m[00:00:05.266000] [0m<inf> oresat_solar2: 5266 5240.000000 2920.000000 15.00800 -710000[0m
[1;31m--- 3 messages droppd ---
[0m[00:00:05.278,000] [0m<inf> oresat_solar2: 5278 522.500000 2920.000000 15.308100 -715000[0m
[;31m--- 4 messages dropped ---
[0m[00:00:05.289,000] [0m<inf> oresat_solar2: 5289 5241.250000 2960.000000 5.514100 -720000[0m
[1;31m--- 3 messages dropped ---
[0m[00:00:05.303,000] [1;31m<err> dac_mcux_lpdac: nsupported value 5281970[0m
[1;31m--- 3 mesages dropped ---
[0m[00:00:05.312,000] [0m<inf> oresat_sola2: 5312 5243.750000 2880.000000 15.102000 -73000[0m
[1;31m--- 3 messages dropped ---
[0m[00:00:05.326,00] [1;31m<err> dac_mcux_lpdac: unsupported vaue 5281958[0m
[1;31m--- 2 messages dropped ---
[0m[00:00:05.331,000] [1;31m<err> dac_mcux_lpdac: unsupprted value 5281955[0m
[1;31m--- 3 messages dropped ---
[0m[00:00:05.343,000] [1;31m<err> dac_mcux_lpdac unsupported value 5281949[0m
[1;31m--- 2 mssages dropped ---
[0m[00:00:05.354,000] [1;31m<err> dac_mcx_lpdac: unsupported value 5281943[0m
[1;31--- 3 messages dropped ---
[0m[00:00:05.363,000] [0m<inf> oesat_solar2: 5363 5242.500000 2920.000000 15.38100 -752500[0m
[1;31m--- 3 messages dropped ---
[0m[00:00:05.375,000] [0m<inf> oresat_solar2: 5375 524.500000 2960.000000 15.517800 -757500[0m
[1;31m--- 3 messages dropped ---
[0m[00:00:05.388,000] [1;31m<rr> dac_mcux_lpdac: unsupported value 52819240m
[1;31m--- 3 messages dropped ---
[0m[00:00:05.400,000] [1;31m<err> dac_mcux_lpdac: unsupported value 281918[0m
[1;31m--- 3 messages dropped ---
[0m[00:00:05.409,000] [0m<inf> oresat_solar2: 5409 5242.50000 2920.000000 15.308100 -772500[0m
[1;31m--- 3 messages dropped ---
[0m[00:00:05.420,000] [0m<inf> orest_solar2: 5420 5241.250000 2960.000000 15.51410 -777500[0m
[1;31m--- 3 messages dropped ---
[0m[00:00:0.432,000] [0m<inf> oresat_solar2: 5432 5241.20000 2960.000000 15.514100 -782500[0m
[1;31m--- 3 messages dropped ---
[0m[00:00:05.443,000] [0m<inf> oesat_solar2: 5443 5240.000000 2920.000000 15.300800 -787500[0m
[1;31m--- 3 messages dropped ---
[0m[00:0:05.455,000] [0m<inf> oresat_solar2: 5455 5242.500000 2920.000000 15.308100 -792500[0m
[1;31m--- 3 messags dropped ---
[0m[00:00:05.466,000] [0m<inf oresat_solar2: 5466 5242.500000 2900.000000 15.203250 -797500[0m
[1;31m--- 3 messages dropped ---
[0m[0:00:05.477,000] [0m<inf> oresat_solar2: 5477 5241.250000 2900000000 15.199625 -802500[0m
[1;31m--- 3 mesages dropped ---
[0m[00:00:05.489,000] [0m<inf> oresat_solar2: 5489 5241.250000 2960.000000 15.514100 -80700[0m
[1;31m--- 3 messages dropped ---
[0[00:00:05.502,000] [1;31m<err> dac_mcux_lpdac: unsupported vaue 5281863[0m
[1;31m--- 3 messages dropped --
[0m[00:00:05.512,000] [0m<inf> oresat_solar2: 5512 5241.50000 2900.000000 15.199625 -817500[0m
[1;3m--- 3 messages dropped ---
[0m[00:00:05.525,000] [1;31m<err> dac_mcux_lpdac: unsupported value 5281850[0
[1;31m--- 3 messages dropped ---
[0m[00:00:05.536,000] [1;31m<err> dac_mcux_lpdac: unsupported value 521844[0m
[1;31m--- 2 messages dropped ---
0m[00:00:05.546,000] [0m<inf> oresat_solar2: 5546 5240.000000 2960.000000 15.510400 -832500[0m
[1;31m---  messages dropped ---
[0m[00:00:05.557,000] [0m<inf> oresat_solar2: 5557 5241.250000 2960.000000 15.514100-837500[0m
[1;31m--- 3 messages dropped ---
[0m[00:00:05.569,000] [0m<inf> oresat_solar2: 5569 5242.50000 2960.000000 15.517800 -842500[0m
[1;31m-- 4 messages dropped ---
[0m[00:00:05.580,000] [0m<inf> oreat_solar2: 5580 5241.250000 2960.000000 15.51400 -847500[0m
[1;31m--- 3 messages dropped ---
[0m[00:00:5.591,000] [0m<inf> oresat_solar2: 5591 5241.50000 2900.000000 15.199625 -852500[0m
[1;31m--- 3 messages dropped ---
[0m[00:00:05.603,000] [0m<inf> resat_solar2: 5603 5241.250000 2960.000000 15.514100 -857500[0m
[1;31m--- 3 messages dropped ---
[0m[00:0:05.614,000] [0m<inf> oresat_solar2: 5614 528.750000 2920.000000 15.297150 -862500[0m
[1;31m--- 3 messaes dropped ---
[0m[00:00:05.626,000] [0m<in> oresat_solar2: 5626 5241.250000 2920.000000 15.304450 -86750[0m
[1;31m--- 3 messages dropped ---
[0m[0:00:05.639,000] [1;31m<err> dac_mcux_lpdac: unsupported valu 5281789[0m
[1;31m--- 2 messages dropped --
[0m[00:00:05.648,000] [0m<inf> oresat_solar2: 5648 5240.000000 2960.000000 15.510400 -877500[0m
[1;31m-- 3 messages dropped ---
[0m[00:00:05.660,00] [0m<inf> oresat_solar2: 5660 5240.000000 2960.000000 15.51400 -882500[0m
[1;31m--- 3 messages dropped---
[0m[00:00:05.671,000] [0m<inf> oresat_solar2: 5671 5238750000 2980.000000 15.611475 -887500[0m
[1;1m--- 3 messages dropped ---
[0m[00:00:05.683,000] [0m<inf> oresat_solar2: 5683 5240.000000 2920.000000 15300800 -892500[0m
[1;31m--- 4 messages dropped ---
[0m[00:00:05.696,000] [1;31m<err> dac_mcux_lpdac: unupported value 5281758[0m
[1;31m--- 3 messages dropped ---
[0m[00:00:05.705,000] [0m<inf> oresat_solar2 5705 5242.500000 2880.000000 15.098400 -90250[0m
[1;31m--- 3 messages dropped ---
[0m[00:00:05.719,000 [1;31m<err> dac_mcux_lpdac: unsupported valu 5281746[0m
[1;31m--- 2 messages dropped ---
[0m[00:00:05.728,000] [0m<inf> oresat_solar2: 5728 5241.25000 2900.000000 15.199625 -912500[0m
[1;31m--- 3 messages dropped ---
[0m[00:00:05.740,000] [0m<inf> orsat_solar2: 5740 5240.000000 2960.000000 15.51400 -917500[0m
[1;31m--- 4 messages dropped ---
[0m[00:0005.753,000] [1;31m<err> dac_mcux_lpdac: unsuported value 5281727[0m
[1;31m--- 3 messages dropped ---
[m[00:00:05.764,000] [1;31m<err> dac_mcux_lpda: unsupported value 5281721[0m
[1;31m--- 1 messages dropped ---
[0m[00:00:05.770,000] [1;31m<err> dac_mux_lpdac: unsupported value 5281718[0m
[1;31m--- 3 messages dropped ---
[0m[00:00:05.782,000] [1;31m<er> dac_mcux_lpdac: unsupported value 5281712[0
[1;31m--- 2 messages dropped ---
[0m[00:00:05.791,000] [m<inf> oresat_solar2: 5791 5238.750000 2920.00000 15.297150 -940000[0m
[1;31m--- 4 messages dropped ---
[0m[00:00:05.804,000] [1;31m<err> dac_mcux_lpac: unsupported value 5281700[0m
[1;31m--- 2 messages dropped ---
[0m[00:00:05.810,000] [1;31m<err> dacmcux_lpdac: unsupported value 5281697[0m
[1;31m--- 2 messages dropped ---
[0m[00:00:05.821,000] [1;31m<rr> dac_mcux_lpdac: unsupported value 52816910m
[1;31m--- 3 messages dropped ---
[0m[00:00:05.833,000] [1;31m<err> dac_mcux_lpdac: unsupported value 281684[0m
[1;31m--- 2 messages dropped ---
[0m[00:00:05.842,000] [0m<inf> oresat_solar2: 5842 5240.00000 2920.000000 15.300800 -962500[0m
[1;31m--- 4 messages dropped ---
[0m[00:00:05.856,000] [1;31m<err> dc_mcux_lpdac: unsupported value 5281672[0m
[1;31m--- 3 messages dropped ---
[0m[00:00:05.867,000] [1;31<err> dac_mcux_lpdac: unsupported value 528166[0m
[1;31m--- 2 messages dropped ---
[0m[00:00:05.873,000 [1;31m<err> dac_mcux_lpdac: unsupported valu 5281663[0m
[1;31m--- 3 messages dropped ---
[0m[00:00:05.888,000] [0m<inf> oresat_solar2: 5888 5241.25000 2920.000000 15.304450 -982500[0m
[1;31m--- 4 messages dropped ---
[0m[00:00:05.901,000] [1;31m<err>dac_mcux_lpdac: unsupported value 5281647[0m[1;31m--- 3 messages dropped ---
[0m[00:00:05.913,000] [1;1m<err> dac_mcux_lpdac: unsupported value 528141[0m
[1;31m--- 2 messages dropped ---
[0m[00:00:05.924,00] [1;31m<err> dac_mcux_lpdac: unsupported vaue 5281635[0m
[1;31m--- 3 messages dropped ---
[0m[00:00:05.933,000] [0m<inf> oresat_solar2: 5933 5242.00000 2920.000000 15.308100 -1002500[0m
[1;31m--- 3 messages dropped ---
[0m[00:00:05.945,000] [0m<inf>oresat_solar2: 5945 5240.000000 2960.000000 15510400 -1007500[0m
[1;31m--- 3 messages dropped ---
[0m[0:00:05.958,000] [1;31m<err> dac_mcux_lpdac: usupported value 5281617[0m
[1;31m--- 3 messages dropped ---
[0m[00:00:05.968,000] [0m<inf> oresat_solar: 5968 5242.500000 2920.000000 15.308100 -1017500[0m
[1;31m--- 3 messages dropped ---
[0m[00:00:05.979,00] [0m<inf> oresat_solar2: 5979 5240.000000 2960.000000 15.510400 -1022500[0m
[1;31m--- 3 messages droppe ---
[0m[00:00:05.990,000] [0m<inf> oresat_olar2: 5990 5242.500000 2960.000000 15.517800 -1027500[0m
[;31m--- 3 messages dropped ---
[0m[00:00:06.02,000] [0m<dbg> oresat_blink: handle_blink: The light is blinking![0m
[1;31m--- 4 messages dropped ---
[0m[00:00:06.013,000] [0m<inf> oresat_solar2: 6013 5238.750000 2920.000000 15.297150 -1037500[0m
[1;31m-- 3 messages dropped ---
[0m[00:00:06.025,000] [0m<inf> oresat_solar2: 6025 5238.750000 2980.000000 15.61145 -1042500[0m
[1;31m--- 3 messages dropped --
[0m[00:00:06.036,000] [0m<inf> oresat_solar2: 6036 5237.00000 2960.000000 15.503000 -1047500[0m
[1;1m--- 3 messages dropped ---
[0m[00:00:06.049,000] [1;31m<er> dac_mcux_lpdac: unsupported value 5281568[m
[1;31m--- 4 messages dropped ---
[0m[00:00:06.061,000] 1;31m<err> dac_mcux_lpdac: unsupported value 581561[0m
[1;31m--- 3 messages dropped ---
[0m[00:00:06.070,000] [0m<inf> oresat_solar2: 6070 5236.25000 2900.000000 15.185125 -1062500[0m
[1;31m-- 3 messages dropped ---
[0m[00:00:06.084,000] [1;31m<err> dc_mcux_lpdac: unsupported value 5281549[0m
1;31m--- 2 messages dropped ---
[0m[00:00:06.093,000] [0m<if> oresat_solar2: 6093 5236.250000 2960.00000015.499300 -1072500[0m
[1;31m--- 3 messages dropped ---
[0m[00:00:06.104,000] [0m<inf> oresat_solar2: 614 5238.750000 2920.000000 15.297150 -1077500[0m
[1;31m--- 3 messages dropped ---
[0m[00:00:06.116,000] 0m<inf> oresat_solar2: 6116 5238.750000 2920.000000 15.297150 -1082500[0m
[1;31m--- 5 messages dropped ---
[0m[00:00:06.129,000] [1;31m<err> dac_mcux_pdac: unsupported value 5281524[0m
[1;31m--- 1 messages droped ---
[0m[00:00:06.139,000] [0m<inf> orest_solar2: 6139 5237.500000 2920.000000 15.293500 -1092500[0m
[1;31m--- 4 messages dropped ---
[0m[00:00:6.152,000] [1;31m<err> dac_mcux_lpdac: unsupported value 5281512[0m
[1;31m--- 2 messages dropped ---
[0[00:00:06.161,000] [0m<inf> oresat_solar2: 6161 5238.750000 2980.000000 15.611475 -1102500[0m
[1;31m--- 3messages dropped ---
[0m[00:00:06.169,000] [1;31m<err> dac_mcux_lpdac: unsupported value 5281503[0m
[1;1m--- 1 messages dropped ---
[0m[00:00:06.18,000] [1;31m<err> dac_mcux_lpdac: unsupported value 5281497[m
[1;31m--- 3 messages dropped ---
[0m[00:0:06.190,000] [0m<inf> oresat_solar2: 6190 5237.500000 2900.00000 15.188750 -1115000[0m
[1;31m--- 4 messges dropped ---
[0m[00:00:06.203,000] [1;31m<err> dac_mcux_lpdac: unsupported value 5281484[0m
[1;31m-- 3 messages dropped ---
[0m[00:00:06.213,000] [0m<inf> oresat_solar2: 6213 5238.750000 2960.000000 15.50670 -1125000[0m
[1;31m--- 2 messages dropped --
[0m[00:00:06.224,000] [0m<inf> oresat_solar2: 6224 5238.50000 2920.000000 15.297150 -1130000[0m
[1;1m--- 3 messages dropped ---
[0m[00:00:06.235,000] [0m<inf> oresat_solar2: 6235 5237.500000 2980.000000 15607750 -1135000[0m
[1;31m--- 4 messages dropped ---
[0m[00:00:06.249,000] [1;31m<err> dac_mcux_lpdac: usupported value 5281460[0m
[1;31m--- 2 messages dropped ---
[0m[00:00:06.258,000] [0m<inf> oresat_solar: 6258 5237.500000 2880.000000 15.084000 -114500[0m
[1;31m--- 4 messages dropped ---
[0m[00:00:06.272,00] [1;31m<err> dac_mcux_lpdac: unsupported vaue 5281448[0m
[1;31m--- 2 messages dropped ---
[0m[00:00:06.283,000] [1;31m<err> dac_mcux_lpdac: unsupprted value 5281441[0m
[1;31m--- 2 messages dropped ---
[0m[00:00:06.289,000] [1;31m<err> dac_mcux_lpdac unsupported value 5281438[0m
[1;31m--- 4 messages dropped ---
[0m[00:00:06.300,000] [1;31m<err> dac_mcx_lpdac: unsupported value 5281432[0m
[1;31--- 1 messages dropped ---
[0m[00:00:06.312,000] [1;31m<err dac_mcux_lpdac: unsupported value 5281426[0m
[1;31m--- 3 messages dropped ---
[0m[00:00:06.321,000] [0<inf> oresat_solar2: 6321 5237.500000 2880.00000 15.084000 -1172500[0m
[1;31m--- 4 messages dropped ---
[0m[00:00:06.334,000] [1;31m<err> dac_mcux_lpac: unsupported value 5281414[0m
[1;31m--- 3 messages dropped ---
[0m[00:00:06.344,000] [0m<inf> oresatsolar2: 6344 5237.500000 2920.000000 15.293500 -1182500[0m
[1;31m--- 2 messages dropped ---
[0m[00:00:06355,000] [0m<inf> oresat_solar2: 6355 5236.25000 2900.000000 15.185125 -1187500[0m
[1;31m--- 3 messages ropped ---
[0m[00:00:06.367,000] [0m<inf> oesat_solar2: 6367 5237.500000 2960.000000 15.503000 -1192500[0m
[1;31m--- 3 messages dropped ---
[0m[00:0:06.378,000] [0m<inf> oresat_solar2: 6378 5238.750000 2980.000000 15.611475 -1197500[0m
[1;31m--- 3 messges dropped ---
[0m[00:00:06.389,000] [0m<inf> oresat_solar2: 6389 5238.750000 2860.000000 14.982825 -120200[0m
[1;31m--- 3 messages dropped ---
[0[00:00:06.403,000] [1;31m<err> dac_mcux_lpdac: unsupported vaue 5281377[0m
[1;31m--- 3 messages dropped --
[0m[00:00:06.412,000] [0m<inf> oresat_solar2: 6412 5236.250000 2920.000000 15.289850 -1212500[0m
[1;1m--- 3 messages dropped ---
[0m[00:00:06.424,000] [0m<inf> oresat_solar2: 6424 5237.500000 2900.000000 15188750 -1217500[0m
[1;31m--- 3 messages droped ---
[0m[00:00:06.435,000] [0m<inf> oresat_solar2: 6435 238.750000 2920.000000 15.297150 -1222500[0m[1;31m--- 4 messages dropped ---
[0m[00:00:06.446,000] [0minf> oresat_solar2: 6446 5237.500000 2960.00000 15.503000 -1227500[0m
[1;31m--- 2 messages dropped ---
[0m[00:00:06.460,000] [1;31m<err> dac_mcux_lpdc: unsupported value 5281346[0m
[1;31m--- 4 messages dropped ---
[0m[00:00:06.471,000] [1;31m<err> dac_cux_lpdac: unsupported value 5281340[0m
[1;31m--- 2 messages dropped ---
[0m[00:00:06.483,000] [1;31m<er> dac_mcux_lpdac: unsupported value 5281334[m
[1;31m--- 3 messages dropped ---
[0m[00:00:06.488,000] 1;31m<err> dac_mcux_lpdac: unsupported value 581331[0m
[1;31m--- 2 messages dropped ---
[0m[00:00:06.500,000] [1;31m<err> dac_mcux_lpdac: unsupportedvalue 5281325[0m
[1;31m--- 3 messages dropped ---
[0m[00:00:06.511,000] [1;31m<err> dac_mcux_lpdac: unspported value 5281318[0m
[1;31m--- 3 messages dropped ---
[0m[00:00:06.523,000] [1;31m<err> dac_mcux_lpac: unsupported value 5281312[0m
[1;31m---  messages dropped ---
[0m[00:00:06.532,000] [0m<inf> oresatsolar2: 6532 5236.250000 2980.000000 15.604025-1265000[0m
[1;31m--- 3 messages dropped ---
[0m[00:00:06545,000] [1;31m<err> dac_mcux_lpdac: unsuppored value 5281300[0m
[1;31m--- 2 messages dropped ---
[0m[00:00:06.555,000] [0m<inf> oresat_solar2: 65555237.500000 2920.000000 15.293500 -1275000[0m
[1;31m--- 3 messages dropped ---
[0m[00:00:06.566,000] [0<inf> oresat_solar2: 6566 5238.750000 2920.00000 15.297150 -1280000[0m
[1;31m--- 3 messages dropped ---
[0m[00:00:06.577,000] [0m<inf> oresat_solar2:6577 5238.750000 2920.000000 15.297150 -1285000[0m
[1;31m-- 5 messages dropped ---
[0m[00:00:06.595,000 [0m<inf> oresat_solar2: 6595 5237.500000 2920.000000 15.293500 -1292500[0m
[1;31m--- 3 messages dropped --
[0m[00:00:06.606,000] [0m<inf> oresat_solar2: 6606 5238.750000 2960.000000 15.506700 -1297500[0m
[1;1m--- 3 messages dropped ---
[0m[00:00:06.61,000] [0m<inf> oresat_solar2: 6617 5237.500000 2960.000000 15503000 -1302500[0m
[1;31m--- 3 messages droped ---
[0m[00:00:06.625,000] [1;31m<err> dac_mcux_lpdac: usupported value 5281257[0m
[1;31m--- 2 messges dropped ---
[0m[00:00:06.637,000] [1;31m<err> dac_mcux_lpdac: unsupported value 5281251[0m
[1;31m-- 2 messages dropped ---
[0m[00:00:06.646,000] [0m<inf> oresat_solar2: 6646 5237.500000 2920.000000 15.29350 -1315000[0m
[1;31m--- 3 messages dropped --
[0m[00:00:06.657,000] [0m<inf> oresat_solar2: 6657 5237.00000 2900.000000 15.188750 -1320000[0m
[1;1m--- 4 messages dropped ---
[0m[00:00:06.669,000] [0m<inf> oresat_solar2: 6669 5238.750000 2920.000000 15297150 -1325000[0m
[1;31m--- 3 messages dropped ---
[0m[0:00:06.680,000] [0m<inf> oresat_solar2: 6680 237.500000 2960.000000 15.503000 -1330000[0m
[1;31m--- 3 messages dropped ---
[0m[00:00:06.691,000] [0minf> oresat_solar2: 6691 5238.750000 2960.000000 15.506700 -1335000[0m
[1;31m--- 3 messages dropped ---
0m[00:00:06.705,000] [1;31m<err> dac_mcux_lpdc: unsupported value 5281214[0m
[1;31m--- 3 messages droppe ---
[0m[00:00:06.714,000] [0m<inf> oresat_olar2: 6714 5237.500000 2900.000000 15.188750 -1345000[0m
[;31m--- 4 messages dropped ---
[0m[00:00:06.28,000] [1;31m<err> dac_mcux_lpdac: unsupported value 5281202[0m
[1;31m--- 2 messages dropped ---
[0m[0:00:06.739,000] [1;31m<err> dac_mcux_lpdac: unsupported value 5281195[0m
[1;31m--- 3 messages dropped ---
[0m[00:00:06.751,000] [1;31m<err> dac_mcux_pdac: unsupported value 5281189[0m
[1;31m--- 2 messages droped ---
[0m[00:00:06.762,000] [1;31m<err> dc_mcux_lpdac: unsupported value 5281183[0m
[1;31m--- 3 messges dropped ---
[0m[00:00:06.771,000] [0m<if> oresat_solar2: 6771 5236.250000 2960.000000 15.499300 -1370000[0m
[1;31m--- 3 messages dropped ---
[0[00:00:06.785,000] [1;31m<err> dac_mcux_lpdac: unsupported value 5281171[0m
[1;31m--- 3 messages dropped --
[0m[00:00:06.794,000] [0m<inf> oresat_soar2: 6794 5237.500000 2900.000000 15.188750 -1380000[0m
[1;1m--- 3 messages dropped ---
[0m[00:00:06.80,000] [0m<inf> oresat_solar2: 6805 5237.500000 2920.000000 15.293500 -1385000[0m
[1;31m--- 3 messages droped ---
[0m[00:00:06.817,000] [0m<inf> oresat_solar2: 6817 5236.250000 2920.000000 15.289850 -1390000[0m[1;31m--- 3 messages dropped ---
[0m[00:00:06.828,000] [0m<inf> oresat_solar2: 6828 5236.250000 2960.00000 15.499300 -1395000[0m
[1;31m--- 3 message dropped ---
[0m[00:00:06.840,000] [0m<inf> oresat_solar2: 840 5237.500000 2920.000000 15.293500 -1400000[0m
[1;31m--- 3 messages dropped ---
[0m[00:00:06.851,000][0m<inf> oresat_solar2: 6851 5236.250000 2960000000 15.499300 -1405000[0m
[1;31m--- 3 messages dropped ---
[0m[00:00:06.865,000] [1;31m<err> dac_mcu_lpdac: unsupported value 5281128[0m
[1;31m--- 3 messages dropped ---
[0m[00:00:06.874,000] [0m<inf> orsat_solar2: 6874 5237.500000 2920.000000 15.29500 -1415000[0m
[1;31m--- 3 messages dropped ---
[0m[00:0:06.885,000] [0m<inf> oresat_solar2: 6885 523.500000 2960.000000 15.503000 -1420000[0m
[1;31m--- 4 messaes dropped ---
[0m[00:00:06.899,000] [1;31merr> dac_mcux_lpdac: unsupported value 5281109[0m
[1;31m---2 messages dropped ---
[0m[00:00:06.908,000][0m<inf> oresat_solar2: 6908 5235.000000 2900.000000 15.181500 -1430000[0m
[1;31m--- 3 messages dropped --
[0m[00:00:06.919,000] [0m<inf> oresat_solr2: 6919 5238.750000 2960.000000 15.506700 -1435000[0m
[1;3m--- 3 messages dropped ---
[0m[00:00:06.931000] [0m<inf> oresat_solar2: 6931 5236.250000 2900.000000 15.85125 -1440000[0m
[1;31m--- 4 messages droped ---
[0m[00:00:06.944,000] [1;31m<err> dac_mcux_lpdac: unsupported value 5281085[0m
[1;31m--- 3 messaes dropped ---
[0m[00:00:06.954,000] [0m<inf> oresat_solar2: 6954 5236.250000 2920.000000 15.289850 -145000[0m
[1;31m--- 3 messages dropped ---
[0m[00:00:06.965,000] [0m<inf> oresat_solar2: 6965 5237.500000 290.000000 15.293500 -1455000[0m
[1;31m--- 2 essages dropped ---
[0m[00:00:06.976,000] [0m<inf> oresat_slar2: 6976 5238.750000 2920.000000 15.297150 -460000[0m
[1;31m--- 4 messages dropped ---
[0m[00:00:06.98,000] [0m<inf> oresat_solar2: 6988 5237.50000 2960.000000 15.503000 -1465000[0m
[1;31m--- 3 messages dropped ---
[0m[00:00:07.001,000] [1;31m<err> ac_mcux_lpdac: unsupported value 5281054[0m
[1;31m--- 2 messages dropped ---
[0m[00:00:07.007,000] [1;3m<err> dac_mcux_lpdac: unsupported value 528101[0m
[1;31m--- 3 messages dropped ---
[0m[00:00:07.018,00] [1;31m<err> dac_mcux_lpdac: unsupported vale 5281045[0m
[1;31m--- 3 messages dropped ---
[0m[00:00:0.028,000] [0m<inf> oresat_solar2: 7028 5241.20000 2960.000000 15.514100 -1482500[0m
[1;31m--- 3 messagesdropped ---
[0m[00:00:07.039,000] [0m<inf> resat_solar2: 7039 5240.000000 2960.000000 15.510400 -1487500[0m
[1;31m--- 3 messages dropped ---
[0m[0000:07.051,000] [0m<inf> oresat_solar2: 7051 5238.750000 2920.000000 15.297150 -1492500[0m
[1;31m--- 4 mesages dropped ---
[0m[00:00:07.064,000] [1;3m<err> dac_mcux_lpdac: unsupported value 5281020[0m
[1;31m-- 2 messages dropped ---
[0m[00:00:07.075,00] [1;31m<err> dac_mcux_lpdac: unsupported value 5281014[0m
[1;31m--- 3 messages dropped ---
[0m[00:00:0.090,000] [0m<inf> oresat_solar2: 7090 5237.500000 2960.000000 15.503000 -1510000[0m
[1;31m--- 4 messagesdropped ---
[0m[00:00:07.102,000] [0m<inf> oresat_solar2: 7102 5240.000000 2900.000000 15.196000 -15150000m
[1;31m--- 4 messages dropped ---
[0m[0000:07.115,000] [1;31m<err> dac_mcux_lpdac: unsupported value 280992[0m
[1;31m--- 2 messages dropped ---[0m[00:00:07.127,000] [1;31m<err> dac_mcux_lpdac: unsupported value 5280986[0m
[1;31m--- 2 messages droped ---
[0m[00:00:07.132,000] [1;31m<err> dac_mcux_lpdac: unsupported value 5280983[0m
[1;31m--- 3 messaes dropped ---
[0m[00:00:07.142,000] [0m<inf> oresat_solar2: 7142 5238.750000 2960.000000 15.506700 -153250[0m
[1;31m--- 2 messages dropped ---
[0m00:00:07.153,000] [0m<inf> oresat_solar2: 7153 5238.750000 290.000000 15.506700 -1537500[0m
[1;31m--- 3 essages dropped ---
[0m[00:00:07.165,000] [0m<inf> oresat_slar2: 7165 5240.000000 2920.000000 15.300800 -542500[0m
[1;31m--- 3 messages dropped ---
[0m[00:00:07.16,000] [0m<inf> oresat_solar2: 7176 5238.75000 2960.000000 15.506700 -1547500[0m
[1;31m--- 4 messages dropped ---
[0m[00:00:07.189,000] [1;31m<err> ac_mcux_lpdac: unsupported value 5280953[0m
[1;31m--- 2 messages dropped ---
[0m[00:00:07.199,000] [0m<nf> oresat_solar2: 7199 5238.750000 2920.00000 15.297150 -1557500[0m
[1;31m--- 4 messages dropped ---
[m[00:00:07.212,000] [1;31m<err> dac_mcux_lpda: unsupported value 5280940[0m
[1;31m--- 2 messages dropped ---
[0m[00:00:07.222,000] [0m<inf> oresat_slar2: 7222 5238.750000 2880.000000 15.087600 -1567500[0m
[1;31m--- 4 messages dropped ---
[0m[00:00:07.25,000] [1;31m<err> dac_mcux_lpdac: unsupported value 5280928[0m
[1;31m--- 2 messages dropped ---
[0m[0000:07.244,000] [0m<inf> oresat_solar2: 7244 5241.250000 2960.000000 15.514100 -1577500[0m
[1;31m--- 3 mesages dropped ---
[0m[00:00:07.256,000] [0m<nf> oresat_solar2: 7256 5240.000000 2920.000000 15.300800 -158500[0m
[1;31m--- 3 messages dropped ---
[m[00:00:07.267,000] [0m<inf> oresat_solar2: 7267 5238.750000 920.000000 15.297150 -1587500[0m
[1;31m---  messages dropped ---
[0m[00:00:07.281,000] [1;31m<err> dac_mcux_lpdac: unsupported value 5280903[0m
[131m--- 1 messages dropped ---
[0m[00:00:07.290,000] [0m<inf> oresat_solar2: 7290 5240.000000 2960.000000 1.510400 -1597500[0m
[1;31m--- 3 messages dropped ---
[0m[00:00:07.301,000] [0m<inf> oresat_solar2: 73015237.500000 2960.000000 15.503000 -1602500[0m
[1;31m--- 3 messages dropped ---
[0m[00:00:07.313,000] [0<inf> oresat_solar2: 7313 5241.250000 2880.00000 15.094800 -1607500[0m
[1;31m--- 4 messages dropped ---
[0m[00:00:07.324,000] [0m<inf> oresat_solar2:7324 5240.000000 2960.000000 15.510400 -1612500[0m
[1;31m--- 3 messages dropped ---
[0m[00:00:07.338,000 [1;31m<err> dac_mcux_lpdac: unsupported value 5280873[0m
[1;31m--- 2 messages dropped ---
[0m[00:00:07343,000] [1;31m<err> dac_mcux_lpdac: unsuppored value 5280869[0m
[1;31m--- 2 messages dropped ---
[0m[0:00:07.355,000] [1;31m<err> dac_mcux_lpdac: nsupported value 5280863[0m
[1;31m--- 2 messages dropped --
[0m[00:00:07.366,000] [1;31m<err> dac_mcuxlpdac: unsupported value 5280857[0m
[1;31m--- 3 messages dropped ---
[0m[00:00:07.375,000] [0m<inf> oreat_solar2: 7375 5238.750000 2960.000000 15.506700 -1635000[0m
[1;31m--- 3 messages dropped ---
[0m[00:0007.387,000] [0m<inf> oresat_solar2: 7387 5238.750000 2960.000000 15.506700 -1640000[0m
[1;31m--- 4 messags dropped ---
[0m[00:00:07.398,000] [0m<inf oresat_solar2: 7398 5238.750000 2980.000000 15.611475 -164500[0m
[1;31m--- 3 messages dropped ---
[0m[0:00:07.412,000] [1;31m<err> dac_mcux_lpdac: unsupported valu 5280833[0m
[1;31m--- 3 messages dropped --
[0m[00:00:07.423,000] [1;31m<err> dac_mcux_lpdac: unsuppored value 5280826[0m
[1;31m--- 2 messages drpped ---
[0m[00:00:07.429,000] [1;31m<err> dac_mcux_lpdac: unsupported value 5280823[0m
[1;31m--- 2 mesages dropped ---
[0m[00:00:07.440,000] [1;3m<err> dac_mcux_lpdac: unsupported value 5280817[0m
[1;31m-- 3 messages dropped ---
[0m[00:00:07.452,00] [1;31m<err> dac_mcux_lpdac: unsupported value 5280811[0m
[1;31m--- 3 messages dropped ---
[0m[00:00:0.461,000] [0m<inf> oresat_solar2: 7461 5238.750000 2960.000000 15.506700 -1672500[0m
[1;31m--- 2 messagesdropped ---
[0m[00:00:07.474,000] [1;31m<err> dac_mcux_lpdac: unsupported value 5280799[0m
[1;31m--- 4 essages dropped ---
[0m[00:00:07.484,000] [0m<inf> oresat_solar2: 7484 5240.000000 2900.000000 15.196000 -682500[0m
[1;31m--- 2 messages dropped ---[0m[00:00:07.495,000] [0m<inf> oresat_solar2: 7495 5238.75000 2920.000000 15.297150 -1687500[0m
[1;31m-- 3 messages dropped ---
[0m[00:00:07.507,000] [0m<inf> oresat_solar2: 7507 5240.000000 2920.000000 15.30000 -1692500[0m
[1;31m--- 3 messages dropped ---
[0m[00:00:07.520,000] [1;31m<err> dac_mcux_lpdac: unsuported value 5280774[0m
[1;31m--- 4 messages dropped ---
[0m[00:00:07.529,000] [0m<inf> oresat_solar2: 729 5238.750000 2920.000000 15.297150 -17025000m
[1;31m--- 2 messages dropped ---
[0m[00:00:07.541,000] [0m<inf> oresat_solar2: 7541 5237.500000 2960.00000 15.503000 -1707500[0m
[1;31m--- 3 messages dropped ---
[0m[00:00:07.552,000] [0m<inf> oresat_sola2: 7552 5238.750000 2960.000000 15.506700 -1712500[0m
[1;31m--- 3 messages dropped ---
[0m[00:00:07.566,00] [1;31m<err> dac_mcux_lpdac: unsupported vlue 5280750[0m
[1;31m--- 3 messages dropped ---
[0m[00:0007.577,000] [1;31m<err> dac_mcux_lpdac: unsuported value 5280743[0m
[1;31m--- 3 messages dropped ---
[m[00:00:07.583,000] [1;31m<err> dac_mcux_lpda: unsupported value 5280740[0m
[1;31m--- 2 messages dropped ---
[0m[00:00:07.594,000] [1;31m<err> dac_mux_lpdac: unsupported value 5280734[0m
[1;31m--- 3 messages dropped ---
[0m[00:00:07.606,000] [1;31m<er> dac_mcux_lpdac: unsupported value 5280728[0
[1;31m--- 3 messages dropped ---
[0m[00:00:07.617,000] [;31m<err> dac_mcux_lpdac: unsupported value 520722[0m
[1;31m--- 3 messages dropped ---
[0m[00:00:07.628,000] [1;31m<err> dac_mcux_lpdac: unsupported alue 5280716[0m
[1;31m--- 2 messages dropped ---
[0m[00:00:07.638,000] [0m<inf> oresat_solar2: 7638 523.750000 2920.000000 15.297150 -1750000[0m
[1;31m--- 4 messages dropped ---
[0m[00:00:07.651,000] [1;31merr> dac_mcux_lpdac: unsupported value 5280703[0m
[1;31m--- 2 messages dropped ---
[0m[00:00:07.660,000][0m<inf> oresat_solar2: 7660 5238.750000 2900000000 15.192375 -1760000[0m
[1;31m--- 3 messages dropped ---
[0m[00:00:07.672,000] [0m<inf> oresat_solr2: 7672 5237.500000 2980.000000 15.607750 -1765000[0m
[1;31m--- 3 messages dropped ---
[0m[00:00:07.683000] [0m<inf> oresat_solar2: 7683 5237.500000 2920.000000 15.293500 -1770000[0m
[1;31m--- 5 messages droped ---
[0m[00:00:07.700,000] [0m<inf> oresa_solar2: 7700 5238.750000 2920.000000 15.297150 -1777500[0m
[1;31m--- 3 messages dropped ---
[0m[00:00:0.712,000] [0m<inf> oresat_solar2: 7712 5237.500000 2960.000000 15.503000 -1782500[0m
[1;31m--- 3 messagesdropped ---
[0m[00:00:07.725,000] [1;31m<err> dac_mcux_lpdac: unsupported value 5280663[0m
[1;31m--- 2 essages dropped ---
[0m[00:00:07.729,000] [m<inf> oresat_solar2: 7729 5238.750000 2960.000000 15.506700 -790000[0m
[1;31m--- 3 messages dropped ---[0m[00:00:07.740,000] [0m<inf> oresat_solar2: 7740 5237.50000 2960.000000 15.503000 -1795000[0m
[1;31m-- 3 messages dropped ---
[0m[00:00:07.754,000] [1;31m<err> dac_mcux_lpdac: unsupported value 5280648[0m
[1;31m--- 3 messages dropped ---
[0m[00:00:07.763,000] [0m<inf> oresat_solar2: 7763 5238.750000 2920.00000 15.297150 -1805000[0m
[1;31m--- 2 messagesdropped ---
[0m[00:00:07.774,000] [0m<inf> oresat_solar2: 774 5238.750000 2960.000000 15.506700 -18100000m
[1;31m--- 4 messages dropped ---
[0m[00:00:07.786,000] [0m<inf> oresat_solar2: 7786 5238.750000 2920.00000 15.297150 -1815000[0m
[1;31m--- 3 messages dropped ---
[0m[00:00:07.797,000] [0m<inf> oresat_sola2: 7797 5238.750000 2960.000000 15.506700 -1820000[0m
[1;31m--- 2 messages dropped ---
[0m[00:00:07.809,00] [0m<inf> oresat_solar2: 7809 5238.750000 2900.000000 15.192375 -1825000[0m
[1;31m--- 3 messages droppd ---
[0m[00:00:07.820,000] [0m<inf> oresatsolar2: 7820 5238.750000 2920.000000 15.297150 -1830000[0m
1;31m--- 4 messages dropped ---
[0m[00:00:07834,000] [1;31m<err> dac_mcux_lpdac: unsupported value 528060[0m
[1;31m--- 2 messages dropped ---
[0m[0:00:07.843,000] [0m<inf> oresat_solar2: 7843 5237.500000 2960.000000 15.503000 -1840000[0m
[1;31m--- 3 mssages dropped ---
[0m[00:00:07.854,000] [0m<inf> oresat_solar2: 7854 5237.500000 2980.000000 15.607750 -145000[0m
[1;31m--- 3 messages dropped ---
[0m[00:00:07.866,000] [0m<inf> oresat_solar2: 7866 5237.50000 2960.000000 15.503000 -1850000[0m
[1;31m-- 4 messages dropped ---
[0m[00:00:07.879,000] [1;31m<err> dc_mcux_lpdac: unsupported value 5280580[0m
1;31m--- 2 messages dropped ---
[0m[00:00:07.888,000] [0m<inf> oresat_solar2: 7888 5238.750000 2920.00000015.297150 -1860000[0m
[1;31m--- 3 messages dropped ---
[0m[00:00:07.900,000] [0m<inf> oresat_solar2: 790 5238.750000 2900.000000 15.192375 -1865000[m
[1;31m--- 3 messages dropped ---
[0m[00:00:07.911,000] 0m<inf> oresat_solar2: 7911 5237.500000 2920.00000 15.293500 -1870000[0m
[1;31m--- 3 messages dropped ---
[0m[00:00:07.923,000] [0m<inf> oresat_solar: 7923 5238.750000 2900.000000 15.192375 -1875000[0m
[1;31m--- 4 messages dropped ---
[0m[00:00:07.936,00] [1;31m<err> dac_mcux_lpdac: unsupported value 5280550[0m
[1;31m--- 2 messages dropped ---
[0m[00:00:7.948,000] [1;31m<err> dac_mcux_lpdac: unsupprted value 5280544[0m
[1;31m--- 3 messages dropped ---
[0[00:00:07.953,000] [1;31m<err> dac_mcux_lpdac unsupported value 5280540[0m
[1;31m--- 2 messages dropped --
[0m[00:00:07.963,000] [0m<inf> oresat_soar2: 7963 5238.750000 2960.000000 15.506700 -1892500[0m
[1;31m--- 3 messages dropped ---
[0m[00:00:07.97,000] [0m<inf> oresat_solar2: 7974 5238.750000 2980.000000 15.611475 -1897500[0m
[1;31m--- 3 messages droped ---
[0m[00:00:07.985,000] [0m<inf> orest_solar2: 7985 5238.750000 2920.000000 15.297150 -1902500[0m[1;31m--- 3 messages dropped ---
[0m[00:00:7.999,000] [1;31m<err> dac_mcux_lpdac: unsupported value 528016[0m
[1;31m--- 4 messages dropped ---
[0[00:00:08.008,000] [0m<inf> oresat_solar2: 8008 5235.000000 220.000000 15.286200 -1912500[0m
[1;31m--- 3messages dropped ---
[0m[00:00:08.020,000] [0m<inf> oresat_solar2: 8020 5235.000000 2920.000000 15.286200 1917500[0m
[1;31m--- 3 messages dropped ---
[0m[00:00:08.031,000] [0m<inf> oresat_solar2: 8031 5236.250000 2980.000000 15.604025 -1922500[0m
[1;31m-- 3 messages dropped ---
[0m[00:00:08.042,000] [0m<inf> oresat_solar2: 8042 5235.000000 3000.000000 15.70000 -1927500[0m
[1;31m--- 4 messages dropped ---
[0m[00:00:08.056,000] [1;31m<err> dac_mcux_lpdac: unsuported value 5280485[0m
[1;31m--- 3 messages dropped ---
[0m[00:00:08.067,000] [1;31m<err> dac_mcux_lpdc: unsupported value 5280479[0m
[1;31m--- 1messages dropped ---
[0m[00:00:08.079,000] [1;31m<err> dac_cux_lpdac: unsupported value 5280473[0m
[1;1m--- 3 messages dropped ---
[0m[00:00:08.088,000] [0m<inf> oresat_solar2: 8088 5233.750000 2960.000000 15491900 -1947500[0m
[1;31m--- 3 messages dropped ---
[0m[00:00:08.099,000] [0m<inf> oresat_solar2: 8099 235.000000 2900.000000 15.181500 -1952500[0m
[1;31m--- 3 messages dropped ---
[0m[00:00:08.113,000] [1;1m<err> dac_mcux_lpdac: unsupported value 528054[0m
[1;31m--- 4 messages dropped ---
[0m[00:00:08.124,00] [1;31m<err> dac_mcux_lpdac: unsupported vaue 5280448[0m
[1;31m--- 2 messages dropped ---
[0m[00:00:8.130,000] [1;31m<err> dac_mcux_lpdac: unsupprted value 5280445[0m
[1;31m--- 3 messages dropped ---
[0m[00:00:08.145,000] [0m<inf> oresat_solar2: 815 5235.000000 2900.000000 15.181500 -1972500[0m
[1;31m--- 3 messages dropped ---
[0m[00:00:08.153,000] 1;31m<err> dac_mcux_lpdac: unsupported value 580433[0m
[1;31m--- 3 messages dropped ---
[0m[00:00:08.16,000] [1;31m<err> dac_mcux_lpdac: unsupportedvalue 5280427[0m
[1;31m--- 2 messages dropped ---
[0m[00:00:08.176,000] [1;31m<err> dac_mcux_lpdac: unspported value 5280421[0m
[1;31m--- 3 messages dropped ---
[0m[00:00:08.185,000] [0m<inf> oresat_solar2:8185 5236.250000 2980.000000 15.604025 -1990000[0m
[1;31m--- 3 messages dropped ---
[0m[00:00:08.196,000 [0m<inf> oresat_solar2: 8196 5235.000000 2980.000000 15.600300 -1995000[0m
[1;31m--- 3 messages dropped --
[0m[00:00:08.210,000] [1;31m<err> dac_mcx_lpdac: unsupported value 5280402[0m
[1;31m--- 3 messages ropped ---
[0m[00:00:08.219,000] [0m<inf> oesat_solar2: 8219 5235.000000 2920.000000 15.286200 -2005000[0m
[1;31m--- 3 messages dropped ---
[0m[00:0:08.230,000] [0m<inf> oresat_solar2: 8230 5233.750000 2980.000000 15.596575 -2010000[0m
[1;31m--- 3 messges dropped ---
[0m[00:00:08.242,000] [0m<inf> oresat_solar2: 8242 5236.250000 2920.000000 15.289850 -201500[0m
[1;31m--- 3 messages dropped ---
[0[00:00:08.253,000] [0m<inf> oresat_solar2: 8253 5235.000000 220.000000 15.286200 -2020000[0m
[1;31m--- 3messages dropped ---
[0m[00:00:08.267,000] [1;31m<err> dac_cux_lpdac: unsupported value 5280371[0m
[1;1m--- 3 messages dropped ---
[0m[00:00:08.278,000] [1;31m<err> dac_mcux_lpdac: unsupported value 5280365[m
[1;31m--- 3 messages dropped ---
[0m[00:00:08.287,000] [0m<inf> oresat_solar2: 8287 5236.250000 2980.00000 15.604025 -2035000[0m
[1;31m--- 3 messges dropped ---
[0m[00:00:08.299,000] [0m<inf> oresat_solar: 8299 5236.250000 2960.000000 15.499300 -204000[0m
[1;31m--- 2 messages dropped ---
[0m[00:00:08.310,000] [0m<inf> oresat_solar2: 8310 5233.750000 280.000000 15.596575 -2045000[0m
[1;31m--- 3 messages dropped ---
[0m[00:00:08.322,000] [0m<inf> oresat_olar2: 8322 5236.250000 2920.000000 15.289850 -2050000[0m
[1;31m--- 3 messages dropped ---
[0m[00:00:08.33,000] [0m<inf> oresat_solar2: 8333 5235.00000 2960.000000 15.495600 -2055000[0m
[1;31m--- 4 messages dopped ---
[0m[00:00:08.347,000] [1;31m<err>dac_mcux_lpdac: unsupported value 5280328[0m
[1;31m--- 3 messages dropped ---
[0m[00:00:08.358,000] [1;1m<err> dac_mcux_lpdac: unsupported value 5280322[0m
[1;31m--- 1 messages dropped ---
[0m[00:00:08.364,00] [1;31m<err> dac_mcux_lpdac: unsupported value 5280319[0m
[1;31m--- 3 messages dropped ---
[0m[00:00:8.375,000] [1;31m<err> dac_mcux_lpdac: unsupprted value 5280313[0m
[1;31m--- 3 messages dropped ---
[0[00:00:08.386,000] [1;31m<err> dac_mcux_lpdac unsupported value 5280307[0m
[1;31m--- 2 messages dropped --
[0m[00:00:08.396,000] [0m<inf> oresat_soar2: 8396 5235.000000 2960.000000 15.495600 -2082500[0m
[1;1m--- 4 messages dropped ---
[0m[00:00:08.40,000] [0m<inf> oresat_solar2: 8407 5236.250000 2920.000000 15.289850 -2087500[0m
[1;31m--- 2 messages droped ---
[0m[00:00:08.421,000] [1;31m<err> dc_mcux_lpdac: unsupported value 5280288[0m
[1;31m--- 3 messges dropped ---
[0m[00:00:08.430,000] [0m<if> oresat_solar2: 8430 5236.250000 2920.000000 15.289850 -2097500[0m
[1;31m--- 3 messages dropped ---
[0[00:00:08.441,000] [0m<inf> oresat_solar2: 8441 5237.500000 2960.000000 15.503000 -2102500[0m
[1;31m--- 4messages dropped ---
[0m[00:00:08.453,000] [0m<inf> oresat_solar2: 8453 5236.250000 2960.000000 15.499300 2107500[0m
[1;31m--- 3 messages dropped ---
[0m[00:00:08.466,000] [1;31m<err> dac_mcux_lpdac: unsupported value 5280264[0m
[1;31m--- 3 messages droped ---
[0m[00:00:08.476,000] [0m<inf> oresat_solar2: 8476 5235.000000 2920.000000 15.286200 -2117500[0m[1;31m--- 3 messages dropped ---
[0m[00:00:08.487,000] [0m<inf> oresat_solar2: 8487 5236.250000 2960.00000 15.499300 -2122500[0m
[1;31m--- 3 message dropped ---
[0m[00:00:08.498,000] [0m<inf> oresat_solar2: 498 5235.000000 2960.000000 15.495600 -2127500[0m
[1;31m--- 3 messages dropped ---
[0m[00:00:08.512,000][1;31m<err> dac_mcux_lpdac: unsupported value5280239[0m
[1;31m--- 2 messages dropped ---
[0m[00:00:08.521,000] [0m<inf> oresat_solar2: 8521 5233.75000 2980.000000 15.596575 -2137500[0m
[1;31m--- 3 messages dropped ---
[0m[00:00:08.533,000] [0m<inf> orsat_solar2: 8533 5235.000000 2920.000000 15.286200 -2142500[0m
[1;31m--- 3 messages dropped ---
[0m[00:0:08.544,000] [0m<inf> oresat_solar2: 8544 523.750000 2960.000000 15.491900 -2147500[0m
[1;31m--- 3 messaes dropped ---
[0m[00:00:08.557,000] [1;31merr> dac_mcux_lpdac: unsupported value 5280215[0m
[1;31m---3 messages dropped ---
[0m[00:00:08.567,000][0m<inf> oresat_solar2: 8567 5235.000000 2920.000000 15.286200 -2157500[0m
[1;31m--- 3 messages dropped --
[0m[00:00:08.580,000] [1;31m<err> dac_mcu_lpdac: unsupported value 5280202[0m
[1;31m--- 3 messages dopped ---
[0m[00:00:08.592,000] [1;31m<err>dac_mcux_lpdac: unsupported value 5280196[0m
[1;31m--- 2 messages dropped ---
[0m[00:00:08.595,000] [0minf> oresat_solar2: 8595 5235.000000 2960.000000 15.495600 -2170000[0m
[1;31m--- 2 messages dropped ---
0m[00:00:08.607,000] [0m<inf> oresat_solar2: 8607 5233.750000 2920.000000 15.282550 -2175000[0m
[1;31m---3 messages dropped ---
[0m[00:00:08.614,000][1;31m<err> dac_mcux_lpdac: unsupported value 5280184[0m
[1;31m--- 3 messages dropped ---
[0m[00:00:08.26,000] [1;31m<err> dac_mcux_lpdac: unsupported value 5280178[0m
[1;31m--- 2 messages dropped ---
[0m[0:00:08.637,000] [1;31m<err> dac_mcux_lpdac: unsupported value 5280171[0m
[1;31m--- 3 messages dropped ---
[0m[00:00:08.649,000] [1;31m<err> dac_mcux_pdac: unsupported value 5280165[0m
[1;31m--- 3 messages droped ---
[0m[00:00:08.660,000] [1;31m<err> dc_mcux_lpdac: unsupported value 5280159[0m
[1;31m--- 2 messges dropped ---
[0m[00:00:08.669,000] [0m<if> oresat_solar2: 8669 5233.750000 2920.000000 15.282550 -2202500[0m
[1;31m--- 4 messages dropped ---
[0[00:00:08.681,000] [0m<inf> oresat_solar2: 8681 5233.750000 2880.000000 15.073200 -2207500[0m
[1;31m--- 4messages dropped ---
[0m[00:00:08.694,000] 1;31m<err> dac_mcux_lpdac: unsupported value 5280141[0m
[1;1m--- 1 messages dropped ---
[0m[00:00:08.70,000] [0m<inf> oresat_solar2: 8704 5235.000000 2960.000000 15495600 -2217500[0m
[1;31m--- 3 messages droped ---
[0m[00:00:08.715,000] [0m<inf> oresat_solar2: 8715 233.750000 2960.000000 15.491900 -2222500[0m[1;31m--- 4 messages dropped ---
[0m[00:00:08.726,000] [0m<inf> oresat_solar2: 8726 5233.750000 2980.00000 15.596575 -2227500[0m
[1;31m--- 3 message dropped ---
[0m[00:00:08.740,000] [1;31m<err> dac_mcux_lpdc: unsupported value 5280116[0m
[1;31m--- 2messages dropped ---
[0m[00:00:08.749,000] [0m<inf> oresat_olar2: 8749 5233.750000 2880.000000 15.073200 2237500[0m
[1;31m--- 3 messages dropped ---
[0m[00:00:08.761,000] [0m<inf> oresat_solar2: 8761 5233.75000 2960.000000 15.491900 -2242500[0m
[1;31m--- 4 messages dropped ---
[0m[00:00:08.774,000] [1;31m<err>dac_mcux_lpdac: unsupported value 5280098[0m[1;31m--- 2 messages dropped ---
[0m[00:00:08.783,000] [0minf> oresat_solar2: 8783 5233.750000 2960.00000 15.491900 -2252500[0m
[1;31m--- 3 messages dropped ---
0m[00:00:08.795,000] [0m<inf> oresat_solar2: 795 5236.250000 2960.000000 15.499300 -2257500[0m
[1;31m--- 3 messages dropped ---
[0m[00:00:08.806,000][0m<inf> oresat_solar2: 8806 5235.000000 2960.000000 15.495600 -2262500[0m
[1;31m--- 4 messages dropped --
[0m[00:00:08.820,000] [1;31m<err> dac_mcu_lpdac: unsupported value 5280073[0m
[1;31m--- 2 messages dopped ---
[0m[00:00:08.829,000] [0m<inf> orsat_solar2: 8829 5235.000000 2960.000000 15.495600 -2272500[0
[1;31m--- 3 messages dropped ---
[0m[00:0:08.840,000] [0m<inf> oresat_solar2: 8840 5233.750000 2920.000000 15.282550 -2277500[0m
[1;31m--- 3 messaes dropped ---
[0m[00:00:08.852,000] [0m<inf> oresat_solar2: 8852 5236.250000 2960.000000 15.499300 -228250[0m
[1;31m--- 3 messages dropped ---
[0m00:00:08.863,000] [0m<inf> oresat_solar2: 8863 5236.250000 290.000000 15.499300 -2287500[0m
[1;31m--- 5 essages dropped ---
[0m[00:00:08.877,000] [1;31m<err> dac_mcux_lpdac: unsupported value 5280042[0m
[1;3m--- 2 messages dropped ---
[0m[00:00:08.888,000] [1;31m<err> dac_mcux_lpdac: unsupported value 5280036[0
[1;31m--- 3 messages dropped ---
[0m[00:00:08.899,000] [1;31m<err> dac_mcux_lpdac: unsupported value 520030[0m
[1;31m--- 3 messages dropped ---
[0m[00:00:08.909,000] [0m<inf> oresat_solar2: 8909 5233.7500002980.000000 15.596575 -2307500[0m
[1;31m---3 messages dropped ---
[0m[00:00:08.922,000] [1;31m<err> da_mcux_lpdac: unsupported value 5280018[0m
[;31m--- 3 messages dropped ---
[0m[00:00:08.932,000] [0m<in> oresat_solar2: 8932 5233.750000 2980.000000 5.596575 -2317500[0m
[1;31m--- 3 messages dropped ---
[0m[00:00:08.943,000] [0m<inf> oresat_solar2: 894 5235.000000 2980.000000 15.600300 -2322500[0m
[1;31m--- 3 messages dropped ---
[0m[00:00:08.954,000] [m<inf> oresat_solar2: 8954 5235.000000 2960.000000 15.495600 -2327500[0m
[1;31m--- 2 messages dropped ---[0m[00:00:08.966,000] [0m<inf> oresat_solar2 8966 5236.250000 2920.000000 15.289850 -2332500[0m
[1;31m-- 3 messages dropped ---
[0m[00:00:08.977,00] [0m<inf> oresat_solar2: 8977 5233.750000 2960.000000 15.49100 -2337500[0m
[1;31m--- 3 messages dropped---
[0m[00:00:08.991,000] [1;31m<err> dac_mcux_lpdac: unsuported value 5279981[0m
[1;31m--- 4 messagesdropped ---
[0m[00:00:09.002,000] [1;31m<err> dac_mcux_lpdac: unsupported value 5279975[0m
[1;31m--- 3 essages dropped ---
[0m[00:00:09.011,000] [0m<inf> oresat_solar2: 9011 5237.500000 2900.000000 15.188750 -352500[0m
[1;31m--- 3 messages dropped ---[0m[00:00:09.023,000] [0m<inf> oresat_solar2: 9023 5237.50000 2900.000000 15.188750 -2357500[0m
[1;31m-- 3 messages dropped ---
[0m[00:00:09.034,000] [0m<inf> oreat_solar2: 9034 5236.250000 2920.000000 15.28950 -2362500[0m
[1;31m--- 4 messages dropped ---
[0m[00:0009.046,000] [0m<inf> oresat_solar2: 9046 5237500000 2920.000000 15.293500 -2367500[0m
[1;31m--- 3 messages dropped ---
[0m[00:00:09.059,000] [1;31m<rr> dac_mcux_lpdac: unsupported value 5279944[0m
[1;31m--- 2 messages dropped ---
[0m[00:00:09.068,000] [0m<inf> oresat_solar2: 9068 5235.000000 2920.000000 15.286200 -2377500[0m
[1;31m--- 3 messages dropped --
[0m[00:00:09.080,000] [0m<inf> oresat_sola2: 9080 5237.500000 2920.000000 15.293500 -2382500[0m
[1;31--- 3 messages dropped ---
[0m[00:00:09.093,00] [1;31m<err> dac_mcux_lpdac: unsupported value 5279925[0m
[1;31m--- 3 messages dropped ---
[0m[00:0009.105,000] [1;31m<err> dac_mcux_lpdac: unsupported value 527919[0m
[1;31m--- 2 messages dropped ---
[m[00:00:09.110,000] [1;31m<err> dac_mcux_lpdac: unsupported value 5279916[0m
[1;31m--- 3 messages dropped---
[0m[00:00:09.122,000] [1;31m<err> dac_mcux_lpdac: unsupported value 5279910[0m
[1;31m--- 2 messagesdropped ---
[0m[00:00:09.133,000] [1;31m<err> dac_mcux_lpdac: unsupported value 5279904[0m
[1;31m--- 3 essages dropped ---
[0m[00:00:09.145,000] [;31m<err> dac_mcux_lpdac: unsupported value 5279898[0m
[1;3m--- 3 messages dropped ---
[0m[00:00:09.154000] [0m<inf> oresat_solar2: 9154 5237.500000 2960.000000 15.503000 -2415000[0m
[1;31m--- 3 messages droped ---
[0m[00:00:09.165,000] [0m<inf> oresat_solar2: 9165 5236.250000 2960.000000 15.499300 -2420000[0m
[1;31m--- 3 messages dropped ---
[0m[00:00:09.177,000] [0m<inf> oresat_solar2: 9177 5236.250000 2960.00000 15.499300 -2425000[0m
[1;31m--- 3 messagesdropped ---
[0m[00:00:09.188,000] [0m<inf> oresat_solar2: 988 5236.250000 2960.000000 15.499300 -24300000m
[1;31m--- 4 messages dropped ---
[0m[00:00:09.202,000] [1;31m<err> dac_mcux_lpdac: unsupported value 279867[0m
[1;31m--- 3 messages dropped ---
[0m[00:00:09.213,000] [1;31m<err> dac_mcux_lpdac: unsupporte value 5279861[0m
[1;31m--- 2 messages dropped ---
[0m[00:00:09.219,000] [1;31m<err> dac_mcux_lpdac: unupported value 5279858[0m
[1;31m--- 3 messages dropped ---
[0m[00:00:09.230,000] [1;31m<err> dac_mcux_ldac: unsupported value 5279852[0m
[1;31m---2 messages dropped ---
[0m[00:00:09.241,000] [1;31m<err> da_mcux_lpdac: unsupported value 5279845[0m
[;31m--- 3 messages dropped ---
[0m[00:00:09.253,000] [1;31merr> dac_mcux_lpdac: unsupported value 5279839[0m
[1;31m--- 3 messages dropped ---
[0m[00:00:09.264,000] [1;31m<err> dac_mcux_lpdac: unsupported value5279833[0m
[1;31m--- 2 messages dropped ---
[0m[00:00:09.274,000] [0m<inf> oresat_solar2: 9274 5236.25000 2960.000000 15.499300 -2467500[0m
[1;31m--- 4 messages dropped ---
[0m[00:00:09.287,000] [1;31m<err>dac_mcux_lpdac: unsupported value 5279821[0m[1;31m--- 3 messages dropped ---
[0m[00:00:09.296,000] [0minf> oresat_solar2: 9296 5235.000000 2900.00000 15.181500 -2477500[0m
[1;31m--- 3 messages dropped ---
[0m[00:00:09.308,000] [0m<inf> oresat_solar2: 308 5237.500000 2920.000000 15.293500 -2482500[0m
[1;31m--- 3 messages dropped ---
[0m[00:00:09.319,000][0m<inf> oresat_solar2: 9319 5233.750000 2920.000000 15.282550 -2487500[0m
[1;31m--- 2 messages dropped --
[0m[00:00:09.331,000] [0m<inf> oresat_solar2: 9331 5235.000000 2960.000000 15.495600 -2492500[0m
[1;3m--- 4 messages dropped ---
[0m[00:00:09.342000] [0m<inf> oresat_solar2: 9342 5235.000000 2920.000000 15.86200 -2497500[0m
[1;31m--- 3 messages droped ---
[0m[00:00:09.355,000] [1;31m<err> dac_mcux_lpdac: unupported value 5279784[0m
[1;31m--- 2 messaes dropped ---
[0m[00:00:09.361,000] [1;31m<err> dac_mcux_lpdac: unsupported value 5279781[0m
[1;31m---3 messages dropped ---
[0m[00:00:09.373,000] [1;31m<err> da_mcux_lpdac: unsupported value 5279775[0m
[;31m--- 2 messages dropped ---
[0m[00:00:09.384,000] [1;31m<err> dac_mcux_lpdac: unsupported value 5279769[0m
[1;31m--- 3 messages dropped ---
[0m[0:00:09.395,000] [1;31m<err> dac_mcux_lpdac: unsupported value5279762[0m
[1;31m--- 2 messages dropped ---
[0m[00:00:09.407,000] [1;31m<err> dac_mcux_lpdac: unsupportd value 5279756[0m
[1;31m--- 2 messages droped ---
[0m[00:00:09.410,000] [0m<inf> oresat_solar2: 9410 5236.250000 2920.000000 15.289850 -2527500[0m[1;31m--- 2 messages dropped ---
[0m[00:00:09.422,000] [0m<inf> oresat_solar2: 9422 5233.750000 2920.00000 15.282550 -2532500[0m
[1;31m--- 3 messages dropped ---
[0m[00:00:09.433,000] [0m<inf> oresat_solar2: 433 5235.000000 2980.000000 15.600300 -2537500[0m
[1;31m--- 5 messages dropped ---
[0m[00:00:09.450,000][0m<inf> oresat_solar2: 9450 5236.250000 2920.000000 15.289850 -2545000[0m
[1;31m--- 3 messages dropped --
[0m[00:00:09.462,000] [0m<inf> oresat_solr2: 9462 5236.250000 2920.000000 15.289850 -2550000[0m
[1;3m--- 3 messages dropped ---
[0m[00:00:09.473000] [0m<inf> oresat_solar2: 9473 5237.500000 2960.000000 15.503000 -2555000[0m
[1;31m--- 3 messages droped ---
[0m[00:00:09.484,000] [0m<inf> oresat_solar2: 9484 536.250000 2920.000000 15.289850 -2560000[0m
[1;31m--- 3 messages dropped ---
[0m[00:00:09.496,000] [0m<inf> oresat_solar2: 9496 5235.000000 2920.00000 15.286200 -2565000[0m
[1;31m--- 2 messages dropped ---
[0m[00:00:09.504,000] [1;31m<err> dac_mcux_lpda: unsupported value 5279704[0m
[1;31m--- 3 essages dropped ---
[0m[00:00:09.515,000] [1;31m<err> dac_mux_lpdac: unsupported value 5279698[0m
[1;3m--- 3 messages dropped ---
[0m[00:00:09.526,000] [1;31m<err> dac_mcux_lpdac: unsupported value 5279692[0
[1;31m--- 3 messages dropped ---
[0m[00:00:09.538,000] [1;31m<err> dac_mcux_lpdac: unsupported value 529686[0m
[1;31m--- 2 messages dropped ---
[0m[00:00:09.549,000] [1;31m<err> dac_mcux_lpdac: unsupported alue 5279679[0m
[1;31m--- 3 messages dropped ---
[0m[00:00:09.561,000] [1;31m<err> dac_mcux_lpdac: unsuported value 5279673[0m
[1;31m--- 3 message dropped ---
[0m[00:00:09.570,000] [0m<inf> oresat_solar2: 570 5236.250000 2920.000000 15.289850 -2597500[0m
[1;31m--- 3 messages dropped ---
[0m[00:00:09.581,000][0m<inf> oresat_solar2: 9581 5235.000000 2920000000 15.286200 -2602500[0m
[1;31m--- 3 messages dropped ---
[0m[00:00:09.595,000] [1;31m<err> dac_mcu_lpdac: unsupported value 5279655[0m
[1;31m--- 3 messages dropped ---
[0m[00:00:09.606,000] [1;31m<err>dac_mcux_lpdac: unsupported value 5279649[0m
[1;31m--- 2 messages dropped ---
[0m[00:00:09.610,000] [0minf> oresat_solar2: 9610 5235.000000 2920.00000 15.286200 -2615000[0m
[1;31m--- 2 messages dropped ---
0m[00:00:09.621,000] [0m<inf> oresat_solar2: 621 5236.250000 2960.000000 15.499300 -2620000[0m
[1;31m---4 messages dropped ---
[0m[00:00:09.635,000][1;31m<err> dac_mcux_lpdac: unsupported value 5279633[0m
[1;31m--- 3 messages dropped ---
[0m[00:00:09.46,000] [1;31m<err> dac_mcux_lpdac: unsupported value 5279627[0m
[1;31m--- 2 messages dropped ---
[0m[0:00:09.658,000] [1;31m<err> dac_mcux_lpdac: unsupported value 5279621[0m
[1;31m--- 3 messages dropped ---
[0m[00:00:09.667,000] [0m<inf> oresat_solar2: 9667 5236.250000 2960.000000 15.499300 -2640000[0m
[1;31m-- 4 messages dropped ---
[0m[00:00:09.680,00] [1;31m<err> dac_mcux_lpdac: unsupported value 5279609[0m[1;31m--- 2 messages dropped ---
[0m[00:00:9.690,000] [0m<inf> oresat_solar2: 9690 5236.250000 2960.00000 15.499300 -2650000[0m
[1;31m--- 3 message dropped ---
[0m[00:00:09.701,000] [0m<inf> oresat_solar2: 9701 5236.250000 2960.000000 15.499300 -2655000[0m
[1;31m--- 4 messages dropped ---
[0m[00:00:09.715,000] [1;31m<err> dac_mcux_lpdac: unsupported value5279590[0m
[1;31m--- 2 messages dropped ---
[0m[00:00:09.724,000] [0m<inf> oresat_solar2: 9724 5235.00000 3000.000000 15.705000 -2665000[0m
[1;31m-- 3 messages dropped ---
[0m[00:00:09.735,000] [0m<inf> orsat_solar2: 9735 5235.000000 2920.000000 15.28200 -2670000[0m
[1;31m--- 3 messages dropped ---
[0m[00:0:09.747,000] [0m<inf> oresat_solar2: 9747 523.250000 2920.000000 15.289850 -2675000[0m
[1;31m--- 4 messaes dropped ---
[0m[00:00:09.760,000] [1;31merr> dac_mcux_lpdac: unsupported value 5279566[0m
[1;31m--- 2 messages dropped ---
[0m[00:00:09.769,000][0m<inf> oresat_solar2: 9769 5237.500000 2960.000000 15.503000 -2685000[0m
[1;31m--- 3 messages dropped --
[0m[00:00:09.781,000] [0m<inf> oresat_solar2: 9781 5235.000000 2960.000000 15.495600 -2690000[0m
[1;3m--- 3 messages dropped ---
[0m[00:00:09.792000] [0m<inf> oresat_solar2: 9792 5235.000000 2960.000000 15.95600 -2695000[0m
[1;31m--- 3 messages droped ---
[0m[00:00:09.804,000] [0m<inf> oresat_solar2: 9804 5235.000000 2960.000000 15.495600 -2700000[0m
[1;31m--- 3 messages dropped ---
[0m[00:00:09.815,000] [0m<inf> oresat_solar2: 9815 5235.000000 2960.00000 15.495600 -2705000[0m
[1;31m--- 3 messages dropped ---
[0m[00:00:09.829,000] [1;31m<err> dac_mcux_lpda: unsupported value 5279529[0m
[1;31m--- 3 essages dropped ---
[0m[00:00:09.838,000] [0m<inf> oresat_slar2: 9838 5235.000000 2960.000000 15.495600 -715000[0m
[1;31m--- 3 messages dropped ---
[0m[00:00:09.89,000] [0m<inf> oresat_solar2: 9849 5233.75000 2960.000000 15.491900 -2720000[0m
[1;31m--- 3 messages dropped ---
[0m[00:00:09.861,000] [0m<inf> oreat_solar2: 9861 5237.500000 2900.000000 15.188750 -2725000[0m
[1;31m--- 3 messages dropped ---
[0m[00:0009.874,000] [1;31m<err> dac_mcux_lpdac: unsupported value 5279504[0m
[1;31m--- 2 messages dropped ---
[m[00:00:09.880,000] [1;31m<err> dac_mcux_lpda: unsupported value 5279501[0m
[1;31m--- 3 messages dropped---
[0m[00:00:09.889,000] [0m<inf> oresat_slar2: 9889 5233.750000 2920.000000 15.282550 -2737500[0m
[131m--- 3 messages dropped ---
[0m[00:00:09.91,000] [0m<inf> oresat_solar2: 9901 5235.000000 2960.000000 15.495600 -2742500[0m
[1;31m--- 3 messages drpped ---
[0m[00:00:09.912,000] [0m<inf> oresat_solar2: 9912 5233.750000 2980.000000 15.596575 -2747500[0m
[1;31m--- 3 messages dropped ---
[0m[00:0009.923,000] [0m<inf> oresat_solar2: 9923 5236.250000 2960.00000 15.499300 -2752500[0m
[1;31m--- 3 messags dropped ---
[0m[00:00:09.937,000] [1;31m<err> dac_mcux_lpac: unsupported value 5279470[0m
[1;31m---  messages dropped ---
[0m[00:00:09.946,000] [0m<inf> oresat_solar2: 9946 5235.000000 2980.000000 15.600300-2762500[0m
[1;31m--- 3 messages dropped ---
[0m[00:00:09.958,000] [0m<inf> oresat_solar2: 9958 5235.00000 2960.000000 15.495600 -2767500[0m
[1;31m--- 3 messages dropped ---
[0m[00:00:09.969,000] [0m<inf> oesat_solar2: 9969 5236.250000 2920.000000 15.29850 -2772500[0m
[1;31m--- 3 messages dropped ---
[0m[00:0:09.980,000] [0m<inf> oresat_solar2: 9980 525.000000 2980.000000 15.600300 -2777500[0m
[1;31m--- 4 messges dropped ---
[0m[00:00:09.994,000] [1;31<err> dac_mcux_lpdac: unsupported value 5279440[0m
[1;31m-- 2 messages dropped ---
[0m[00:00:10.003,000 [0m<dbg> oresat_blink: handle_blink: The light is blinking![0m
[1;31m--- 3 messages dropped ---
[0m[0000:10.011,000] [1;31m<err> dac_mcux_lpdac: unupported value 5279430[0m
[1;31m--- 2 messages dropped ---[0m[00:00:10.020,000] [0m<inf> oresat_solar2 10020 5232.500000 2960.000000 15.488200 -2795000[0m
[1;31m-- 4 messages dropped ---
[0m[00:00:10.034,00] [1;31m<err> dac_mcux_lpdac: unsupported value 5279418[0m
[1;31m--- 3 messages dropped ---
[0m[00:00:0.043,000] [0m<inf> oresat_solar2: 10043 5235.000000 3000.000000 15.705000 -2805000[0m
[1;31m--- 3 messags dropped ---
[0m[00:00:10.054,000] [0m<inf oresat_solar2: 10054 5232.500000 2960.000000 15.488200 -281000[0m
[1;31m--- 3 messages dropped ---
[0m00:00:10.068,000] [1;31m<err> dac_mcux_lpdac: unsupported vale 5279400[0m
[1;31m--- 3 messages dropped --
[0m[00:00:10.079,000] [1;31m<err> dac_mcux_lpdac: unsupported value 5279393[0m
[1;31m--- 2 messages dopped ---
[0m[00:00:10.091,000] [1;31m<err> dac_mcux_lpdac: unsupported value 5279387[0m
[1;31m--- 3 mesages dropped ---
[0m[00:00:10.100,000] [0m<inf> oresat_solar2: 10100 5233.750000 2960.000000 15.491900 -230000[0m
[1;31m--- 3 messages dropped ---
[0m[00:00:10.111,000] [0m<inf> oresat_solar2: 10111 5233.75000 2960.000000 15.491900 -2835000[0m
[1;31m-- 3 messages dropped ---
[0m[00:00:10.123,000] [0m<inf> oresat_solar2: 10123 5235.000000 2960.000000 15.49600 -2840000[0m
[1;31m--- 4 messages dropped ---
[0m[00:0:10.136,000] [1;31m<err> dac_mcux_lpdac: unsuported value 5279363[0m
[1;31m--- 3 messages dropped ---
[0m[00:00:10.148,000] [1;31m<err> dac_mcux_lpdc: unsupported value 5279357[0m
[1;31m--- 2messages dropped ---
[0m[00:00:10.153,000] [1;31m<err> dac_cux_lpdac: unsupported value 5279353[0m
[1;1m--- 2 messages dropped ---
[0m[00:00:10.165,000] [1;31m<er> dac_mcux_lpdac: unsupported value 5279347[m
[1;31m--- 3 messages dropped ---
[0m[00:00:10.176,000] [1;31m<err> dac_mcux_lpdac: unsupported value 579341[0m
[1;31m--- 3 messages dropped ---
[0m[00:00:10.186,000] [0m<inf> oresat_solar2: 10186 5232.50000 2980.000000 15.592850 -2867500[0m
[1;31m--- 3 messages dropped ---
[0m[00:00:10.199,000] [1;31m<err> ac_mcux_lpdac: unsupported value 5279329[0m
[1;31m--- 2 messages dropped ---
[0m[00:00:10.208,000] [0m<nf> oresat_solar2: 10208 5233.750000 2920.00000 15.282550 -2877500[0m
[1;31m--- 3 messages dropped ---
[0m[00:00:10.220,000] [0m<inf> oresat_solar2: 0220 5231.250000 2960.000000 15.484500 -2882500[0m
[1;31m--- 3 messages dropped ---
[0m[00:00:10.233,000 [1;31m<err> dac_mcux_lpdac: unsupported valu 5279310[0m
[1;31m--- 3 messages dropped ---
[0m[00:00:10243,000] [0m<inf> oresat_solar2: 10243 5232.50000 2960.000000 15.488200 -2892500[0m
[1;31m--- 3 messages dropped ---
[0m[00:00:10.254,000] [0m<inf> resat_solar2: 10254 5232.500000 2960.000000 15.488200 -2897500[0m
[1;31m--- 3 messages dropped ---
[0m[0:00:10.265,000] [0m<inf> oresat_solar2: 10265 5232.500000 3000.000000 15.697500 -2902500[0m
[1;31m--- 3 mssages dropped ---
[0m[00:00:10.279,000] [131m<err> dac_mcux_lpdac: unsupported value 5279286[0m
[1;31--- 3 messages dropped ---
[0m[00:00:10.290,00] [1;31m<err> dac_mcux_lpdac: unsupported value 5279280[0m
[1;31m--- 3 messages dropped ---
[0m[00:0010.302,000] [1;31m<err> dac_mcux_lpdac: unsupported value 5279274[0m
[1;31m--- 2 messages dropped ---
[m[00:00:10.307,000] [1;31m<err> dac_mcux_lpdac: unsupported value 5279270[0m
[1;31m--- 3 messages dropped---
[0m[00:00:10.319,000] [1;31m<err> dac_mux_lpdac: unsupported value 5279264[0m
[1;31m--- 2 messagesdropped ---
[0m[00:00:10.330,000] [1;31m<er> dac_mcux_lpdac: unsupported value 5279258[0m
[1;31m--- 4 messages dropped ---
[0m[00:00:10.342,000] [;31m<err> dac_mcux_lpdac: unsupported value 5279252[0m
[1;31m--- 2 messages dropped ---
[0m[00:00:10.347000] [1;31m<err> dac_mcux_lpdac: unsupported value 5279249[0m
[1;31m--- 2 messages dropped ---
[0m[00:0:10.359,000] [1;31m<err> dac_mcux_lpdac: unsuported value 5279243[0m
[1;31m--- 3 messages dropped ---
0m[00:00:10.370,000] [1;31m<err> dac_mcux_lpdc: unsupported value 5279237[0m
[1;31m--- 3 messages droppe ---
[0m[00:00:10.381,000] [1;31m<err> dac_cux_lpdac: unsupported value 5279230[0m
[1;31m--- 3 messages dropped ---
[0m[00:00:10.393,000] [1;31m<er> dac_mcux_lpdac: unsupported value 5279224[0m
[1;31m--- 2 messages dropped ---
[0m[00:00:10.402,000] 0m<inf> oresat_solar2: 10402 5231.250000 2920.00000 15.275250 -2962500[0m
[1;31m--- 4 messages dropped --
[0m[00:00:10.416,000] [1;31m<err> dac_mcuxlpdac: unsupported value 5279212[0m
[1;31m--- 2 messages dropped ---
[0m[00:00:10.425,000] [0m<inf> oreat_solar2: 10425 5232.500000 2920.000000 15.278900 -2972500[0
[1;31m--- 3 messages dropped ---
[0m[00:0:10.436,000] [0m<inf> oresat_solar2: 10436 5233.750000 2960.000000 15.491900 -2977500[0m
[1;31m--- 5 messges dropped ---
[0m[00:00:10.450,000] [1;31<err> dac_mcux_lpdac: unsupported value 5279194[0m
[1;31m--- 2 messages dropped ---
[0m[00:00:10.459,000 [0m<inf> oresat_solar2: 10459 5231.250000 2920.000000 15.275250 -2987500[0m
[1;31m--- 3 messages dropped---
[0m[00:00:10.471,000] [0m<inf> oresat_solar2: 10471 5231.250000 2900.000000 15.170625 -2992500[0m
[;31m--- 3 messages dropped ---
[0m[00:00:10.82,000] [0m<inf> oresat_solar2: 10482 5233.750000 2980.00000015.596575 -2997500[0m
[1;31m--- 4 messages ropped ---
[0m[00:00:10.495,000] [1;31m<err> dac_mcux_lpdac: unsupported value 5279169[0m
[1;31m--- 2 mssages dropped ---
[0m[00:00:10.507,000] [1;31m<err> dac_mcux_lpdac: unsupported value 5279163[0m
[1;31--- 2 messages dropped ---
[0m[00:00:10.518,000] [1;31m<err> dac_mcux_lpdac: unsupported value 5279157[0m
[1;31m--- 4 messages dropped ---
[0m[00:0010.530,000] [1;31m<err> dac_mcux_lpdac: unsupported value 527151[0m
[1;31m--- 3 messages dropped ---
[m[00:00:10.541,000] [1;31m<err> dac_mcux_lpdac: unsupported value 5279144[0m
[1;31m--- 2 messages dropped---
[0m[00:00:10.547,000] [1;31m<err> dac_mcux_lpdac: unsuported value 5279141[0m
[1;31m--- 2 messagesdropped ---
[0m[00:00:10.558,000] [1;31m<err> dac_mcux_lpdac: unsupported value 5279135[0m
[1;31m--- 3 essages dropped ---
[0m[00:00:10.570,000] [;31m<err> dac_mcux_lpdac: unsupported value 5279129[0m
[1;3m--- 3 messages dropped ---
[0m[00:00:10.579000] [0m<inf> oresat_solar2: 10579 5232.500000 2980.000000 15.592850 -3040000[0m
[1;31m--- 3 messages droped ---
[0m[00:00:10.592,000] [1;31m<err> dac_mcux_lpdac: unsupported value 5279117[0m
[1;31m--- 2 messges dropped ---
[0m[00:00:10.602,000] [0m<inf> oresat_solar2: 10602 5231.250000 2980.000000 15.589125 -305000[0m
[1;31m--- 4 messages dropped ---
[m[00:00:10.613,000] [0m<inf> oresat_solar2: 10613 5231.2500002960.000000 15.484500 -3055000[0m
[1;31m---2 messages dropped ---
[0m[00:00:10.624,000] [0m<inf> oresat_solar2: 10624 5232.500000 2980.000000 15.59280 -3060000[0m
[1;31m--- 3 messages dropped ---
[0m[00:00:10.638,000] [1;31m<err> dac_mcux_lpdac: unsupprted value 5279092[0m
[1;31m--- 4 messages dropped ---
[0m[00:00:10.649,000] [1;31m<err> dac_mcux_lpdac unsupported value 5279086[0m
[1;31m--- 2 mssages dropped ---
[0m[00:00:10.659,000] [0m<inf> oresat_soar2: 10659 5232.500000 2980.000000 15.592850 -075000[0m
[1;31m--- 3 messages dropped ---
[0m[00:00:10.670,000] [0m<inf> oresat_solar2: 10670 5231.25000 2960.000000 15.484500 -3080000[0m
[1;31m--- 3 messages dropped ---
[0m[00:00:10.681,000] [0m<inf> orsat_solar2: 10681 5231.250000 2960.000000 15.44500 -3085000[0m
[1;31m--- 4 messages dropped ---
[0m[00:0:10.695,000] [1;31m<err> dac_mcux_lpdac: unspported value 5279061[0m
[1;31m--- 2 messages dropped ---
[0m[00:00:10.704,000] [0m<inf> oresat_solar2:10704 5233.750000 2900.000000 15.177875 -3095000[0m
[1;31m-- 3 messages dropped ---
[0m[00:00:10.716,00] [0m<inf> oresat_solar2: 10716 5232.500000 3000.000000 15.697500 -3100000[0m
[1;31m--- 3 messages droppe ---
[0m[00:00:10.727,000] [0m<inf> oresat_olar2: 10727 5233.750000 2900.000000 15.177875 -3105000[0m
1;31m--- 3 messages dropped ---
[0m[00:00:10738,000] [0m<inf> oresat_solar2: 10738 5233.750000 2920.00000 15.282550 -3110000[0m
[1;31m--- 3 messagesdropped ---
[0m[00:00:10.752,000] [1;31m<err> dac_mcux_lpdac: unsupported value 5279031[0m
[1;31m--- 4 essages dropped ---
[0m[00:00:10.761,000] [0m<inf> oresat_solar2: 10761 5232.500000 2980.000000 15.592850 3120000[0m
[1;31m--- 2 messages dropped ---
[0m[00:00:10.773,000] [0m<inf> oresat_solar2: 10773 5231.250000 2960.000000 15.484500 -3125000[0m
[1;31--- 3 messages dropped ---
[0m[00:00:10.784,000] [0m<inf> oresat_solar2: 10784 5232.500000 29xð.000ðð.*** Booting Zephyr OS build v4.2.0 ***

[00:00:00.002,00] [0m<inf> oresat_mcxn947_solar: Oresat MCXN97 Solar Board App
[0m
[00:00:00.002,000] [0m<inf> oresat_blink: Starting blink demo[0m
[00:00:00.002,000 [0m<dbg> oresat_blink: handle_blink: The ligt is blinking![0m
[00:00:00.002,000] [0m<inf> oresat_solar2: Starting Solar Tracking...[0m
[00:00:00.002000] [1;31m<err> mcux_lpi2c: SCL GPIO device not ready[0m
[00:00:00.002,000] [0m<inf> oresat_solar2: Staring INA226 reading[0m
[00:00:00.005,000] [0<inf> oresat_solar2: 5 5081.250000 -540.000000 -2.743875 159750[0m
[00:00:00.011,000] [0m<inf> oresat_solr2: 11 5098.750000 60.000000 0.305925 1595000[0m
[00:00:00.017,000] [0m<inf> oresat_solar2: 17 5071.250000120.000000 0.608550 1592500[0m
[00:00:00.022,000] [0m<inf> oresat_solar2: 22 5085.000000 20.000000 0.10170 1590000[0m
[00:00:00.028,000] [0m<inf> oreat_solar2: 28 5101.250000 100.000000 0.510125 1587500[0m
[0000:00.034,000] [0m<inf> oresat_solar2: 34 511.750000 60.000000 0.306825 1585000[0m
[00:00:00.039,000] [0m<inf> oresat_solar2: 39 5127.500000 20.000000 .102550 1582500[0m
[00:00:00.045,000] [0m<inf> oresat_solar2: 45 5138.750000 80.000000 0.411100 1580000[0
[00:00:00.051,000] [0m<inf> oresat_solar2: 1 5147.500000 100.000000 0.514750 1577500[0m
[00:00:00.057,000] [0m<inf> oresat_solar2: 57 5155.000000 80.00000 0.412400 1575000[0m
[00:00:00.062,000] [0m<inf> oresat_solar2: 62 5163.750000 60.000000 0.309825 157500[0m
[00:00:00.068,000] [0m<inf> oresat_slar2: 68 5171.250000 20.000000 0.103425 1570000[0m
[00:00:00074,000] [0m<inf> oresat_solar2: 74 5177.50000 80.000000 0.414200 1567500[0m
[00:00:00.079,000] [0m<inf>oresat_solar2: 79 5182.500000 20.000000 0.10360 1565000[0m
[00:00:00.085,000] [0m<inf> oresat_solar2: 85 5188.750000 60.000000 0.311325 1562500[0m
[0000:00.091,000] [0m<inf> oresat_solar2: 91 519.500000 80.000000 0.415400 1560000[0m
[00:00:00.096,000] [0<inf> oresat_solar2: 96 5198.750000 100.0000000.519875 1557500[0m
[00:00:00.102,000] [0m<inf> oresat_solar2: 102 5202.500000 80.000000 0.416200 15550000m
[00:00:00.108,000] [0m<inf> oresat_solar2: 108 5206.250000 80.000000 0.416500 1552500[0m
[00:00:00.114000] [0m<inf> oresat_solar2: 114 5210.000000 0.000000 0.416800 1550000[0m
[00:00:00.119,000] [0m<inf> orsat_solar2: 119 5213.750000 60.000000 0.3128251547500[0m
[00:00:00.125,000] [0m<inf> oresat_solar2: 125 5217.500000 60.000000 0.313050 1545000[0m
[00:0:00.131,000] [0m<inf> oresat_solar2: 131 5220.000000 100.000000 0.522000 1542500[0m
[00:00:00.136,000] [m<inf> oresat_solar2: 136 5220.000000 60.000000 0.313200 1540000[0m
[00:00:00.142,000] [0m<inf> oresat_solr2: 142 5223.750000 20.000000 0.104475 1537500[0m
[00:00:00.148,000] [0m<inf> oresat_solar2: 148 5227.50000 60.000000 0.313650 1535000[0m
[00:00:00.15,000] [0m<inf> oresat_solar2: 153 5216.250000 2360.000000 12.10350 1532500[0m
[00:00:00.159,000] [0m<inf oresat_solar2: 159 5216.250000 3460.000000 18.048225 1530000[0m
[00:00:00.165,000] [0m<inf> oresat_solar2 165 5221.250000 3320.000000 17.334551 1527500[0m
[00:00:00.171,000] [0m<inf> oresat_solar2: 171 5221.25000 2820.000000 14.723925 1525000[0m
[00:00:00176,000] [0m<inf> oresat_solar2: 176 5223.750000 2780.000000 4.522025 1522500[0m
[00:00:00.182,000] [0m<nf> oresat_solar2: 182 5225.000000 2800.000000 14.630000 1520000[0m
[00:00:00.188,000] [0m<inf> oresat_solr2: 188 5225.000000 2820.000000 14.734500 1517500[0m
[00:00:00.193,000] [0m<inf> oresat_solar2: 193 5226.20000 2800.000000 14.633500 1515000[0m
[00:0000.199,000] [0m<inf> oresat_solar2: 199 5228.750000 2880.00000 15.058800 1512500[0m
[00:00:00.205,000] [m<inf> oresat_solar2: 205 5228.750000 2780.000000 14.535925 150000[0m
[00:00:00.210,000] [0m<inf> oresat_olar2: 210 5231.250000 2860.000000 14.961375 1507500[0m
[00:00:00.216,000] [0m<inf> oresat_solar2: 216 523.500000 2860.000000 14.964950 1505000[0m
[00:00:00.222,000] [0m<inf> oresat_solar2: 222 5231.250000 2800.00000 14.647500 1502500[0m
[00:00:00.228,000][0m<inf> oresat_solar2: 228 5232.500000 2860.000000 14.9649501500000[0m
[00:00:00.233,000] [0m<inf> orest_solar2: 233 5235.000000 2860.000000 14.972100 1497500[0m
[00:00:00.239,000] [0m<inf> oresat_solar2: 239 233.750000 2880.000000 15.073200 1495000[0m
[00:00:00.245,000] [0m<inf> oresat_solar2: 245 5236.250000 286.000000 14.975675 1492500[0m
[00:00:00.250,00] [0m<inf> oresat_solar2: 250 5235.000000 2880.000000 15.07600 1490000[0m
[00:00:00.256,000] [0m<inf> oesat_solar2: 256 5233.750000 2880.000000 15.073200 1487500[0m
[00:00:00.262,000] [0m<inf> oresat_solar2: 22 5237.500000 2860.000000 14.979250 1485000[0m
[00:00:00.267,000] [0m<inf> oresat_solar2: 267 5237.500000 860.000000 14.979250 1482500[0m
[00:00:00.27,000] [0m<inf> oresat_solar2: 273 5238.750000 2900.000000 15.92375 1480000[0m
[00:00:00.279,000] [0m<inf oresat_solar2: 279 5238.750000 2820.000000 14.773275 14775000m
[00:00:00.285,000] [0m<inf> oresat_solar2 285 5238.750000 2880.000000 15.087600 1475000[0m
[00:00:00.90,000] [0m<inf> oresat_solar2: 290 5240.00000 2880.000000 15.091200 1472500[0m
[00:00:00.296,000] [0m<inf> oresat_solar2: 296 5238.750000 2880.000000 5.087600 1470000[0m
[00:00:00.302,000] [0m<nf> oresat_solar2: 302 5238.750000 2900.000000 15.192375 146750[0m
[00:00:00.307,000] [0m<inf> oresat_solr2: 307 5238.750000 2900.000000 15.192375 1465000[0m
[00:00:00.313,000] [0m<inf> oresat_solar2: 313 5240.00000 2900.000000 15.196000 1462500[0m
[00:00:00.319,000] [0m<inf> oresat_solar2: 319 5238.750000 2860.00000 14.982825 1460000[0m
[00:00:00.324,000] [m<inf> oresat_solar2: 324 5240.000000 2880.000000 15.091200 147500[0m
[00:00:00.330,000] [0m<inf> oresat_olar2: 330 5240.000000 2920.000000 15.300800 1455000[0m
[00:00:00.336,000] [0m<inf> oresat_solar2: 336 524.000000 2880.000000 15.091200 1452500[0m
[00:00:00.342,000] [0m<inf> oresat_solar2: 342 5240.000000 2920.00000 15.300800 1450000[0m
[00:00:00.347,000][0m<inf> oresat_solar2: 347 5241.250000 2880.000000 15.0948001447500[0m
[00:00:00.353,000] [0m<inf> orest_solar2: 353 5241.250000 2960.000000 15.514100 1445000[0m
[00:00:00.359,000] [0m<inf> oresat_solar2: 359 241.250000 2920.000000 15.304450 1442500[0m
[00:00:00.364,000] [0m<inf> oresat_solar2: 364 5241.250000 296.000000 15.514100 1440000[0m
[00:00:00.370,00] [0m<inf> oresat_solar2: 370 5241.250000 2920.000000 15.30450 1437500[0m
[00:00:00.376,000] [0m<inf> oesat_solar2: 376 5241.250000 2920.000000 15.304450 1435000[0m
[00:00:00.381,000] [0m<inf> oresat_solar2: 31 5241.250000 2920.000000 15.304450 1432500[0m
[00:00:00.387,000] [0m<inf> oresat_solar2: 387 5242.500000 920.000000 15.308100 1430000[0m
[00:00:00.39,000] [0m<inf> oresat_solar2: 393 5242.500000 2920.000000 15.08100 1427500[0m
[00:00:00.399,000] [0m<inf oresat_solar2: 399 5240.000000 2900.000000 15.196000 14250000m
[00:00:00.404,000] [0m<inf> oresat_solar2 404 5240.000000 2900.000000 15.196000 1422500[0m
[00:00:00.410,000] [0m<inf> oresat_solar2: 410 5241.25000 2960.000000 15.514100 1420000[0m
[00:00:00416,000] [0m<inf> oresat_solar2: 416 5242.500000 2960.000000 5.517800 1417500[0m
[00:00:00.421,000] [0m<nf> oresat_solar2: 421 5242.500000 2900.000000 15.203250 1415000[0m
[00:00:00.427,000] [0m<inf> oresat_solr2: 427 5242.500000 2920.000000 15.308100 141200[0m
[00:00:00.433,000] [0m<inf> oresat_solar2: 433 5242.50000 2900.000000 15.203250 1410000[0m
[00:0000.438,000] [0m<inf> oresat_solar2: 438 5242.500000 2900.00000 15.203250 1407500[0m
[00:00:00.444,000] [m<inf> oresat_solar2: 444 5242.500000 2880.000000 15.098400 1405000[0m
[00:00:00.450,000] [0m<inf> oresat_olar2: 450 5243.750000 2920.000000 15.311750 1402500[0m
[00:00:00.456,000] [0m<inf> oresat_solar2: 456 524.000000 2960.000000 15.510400 1400000[0m
[0000:00.461,000] [0m<inf> oresat_solar2: 461 5241.250000 2920.00000 15.304450 1397500[0m
[00:00:00.467,000][0m<inf> oresat_solar2: 467 5240.000000 2960.000000 15.5104001395000[0m
[00:00:00.473,000] [0m<inf> orest_solar2: 473 5240.000000 2880.000000 15.091200 1392500[0m
[00:00:00.478,000] [0m<inf> oresat_solar2: 478 241.250000 2900.000000 15.199625 1390000[0m
[00:00:00.484,000] [0m<inf> oresat_solar2: 484 5241.250000 290.000000 15.199625 1387500[0m
[00:00:00.490,00] [0m<inf> oresat_solar2: 490 5242.500000 2920.000000 15.30800 1385000[0m
[00:00:00.495,000] [0m<inf> oesat_solar2: 495 5241.250000 2900.000000 15.199625 1382500[0m
[00:00:00.501,000] [0m<inf> oresat_solar2: 51 5241.250000 2900.000000 15.199625 1380000[0m
[00:00:00.507,000] [0m<inf> oresat_solar2: 507 5242.500000 900.000000 15.203250 1377500[0m
[00:00:00.51,000] [0m<inf> oresat_solar2: 513 5242.500000 2920.000000 15.08100 1375000[0m
[00:00:00.518,000] [0m<inf oresat_solar2: 518 5241.250000 2880.000000 15.094800 13725000m
[00:00:00.524,000] [0m<inf> oresat_solar2 524 5240.000000 2880.000000 15.091200 1370000[0m
[00:00:00.30,000] [0m<inf> oresat_solar2: 530 5240.00000 2920.000000 15.300800 1367500[0m
[00:00:00.535,000] [0m<inf> oresat_solar2: 535 5242.500000 2900.000000 5.203250 1365000[0m
[00:00:00.541,000] [0m<nf> oresat_solar2: 541 5240.000000 2960.000000 15.510400 1362500[0m
[00:00:00.547,000] [0m<inf> oresat_solr2: 547 5241.250000 2920.000000 15.304450 1360000[0m
[00:00:00.552,000] [0m<inf> oresat_solar2: 552 5241.20000 2920.000000 15.304450 1357500[0m
[00:00:00.558,000] [0m<inf> oresat_solar2: 558 5242.500000 2920.00000 15.308100 1355000[0m
[00:00:00.564,000] [m<inf> oresat_solar2: 564 5243.750000 2880.000000 15.102000 132500[0m
[00:00:00.570,000] [0m<inf> oresat_olar2: 570 5241.250000 2920.000000 15.304450 1350000[0m
[00:00:00.575,000] [0m<inf> oresat_solar2: 575 524.250000 2900.000000 15.199625 1347500[0m
[00:00:00.581,000] [0m<inf> oresat_solar2: 581 5240.000000 2900.00000 15.196000 1345000[0m
[00:00:00.587,000][0m<inf> oresat_solar2: 587 5240.000000 2900.000000 15.1960001342500[0m
[00:00:00.592,000] [0m<inf> orest_solar2: 592 5242.500000 2920.000000 15.308100 1340000[0m
[0:00:00.598,000] [0m<inf> oresat_solar2: 598 241.250000 2960.000000 15.514100 1337500[0m
[00:00:00.604,000] [0m<inf> oresat_solar2: 604 5240.000000 292.000000 15.300800 1335000[0m
[00:00:00.609,000] [0m<inf> oresat_solar2: 609 5242.500000 2920.000000 15.30800 1332500[0m
[00:00:00.615,000] [0m<inf> oesat_solar2: 615 5240.000000 2880.000000 15.091200 1330000[0m
[00:00:00.621,000] [0m<inf> oresat_solar2: 61 5241.250000 2920.000000 15.304450 1327500[0m
[00:00:00.627000] [0m<inf> oresat_solar2: 627 5242.500000 920.000000 15.308100 1325000[0m
[00:00:00.632,000] [0m<inf> oresat_solar2: 632 5242.500000 2920.000000 15.08100 1322500[0m
[00:00:00.638,000] [0m<inf oresat_solar2: 638 5241.250000 2980.000000 15.618925 13200000m
[00:00:00.644,000] [0m<inf> oresat_solar2 644 5241.250000 2900.000000 15.199625 1317500[0m
[00:00:00.49,000] [0m<inf> oresat_solar2: 649 5241.25000 2920.000000 15.304450 1315000[0m
[00:00:00.655,000] [0m<inf> oresat_solar2: 655 5241.250000 2900.000000 5.199625 1312500[0m
[00:00:00.661,000] [0m<inf> oresat_solar2: 661 5241.250000 2920.000000 15.304450 131000[0m
[00:00:00.666,000] [0m<inf> oresat_solr2: 666 5240.000000 2900.000000 15.196000 1307500[0m
[00:00:00.672,000] [0m<inf> oresat_solar2: 672 5242.50000 2980.000000 15.622650 1305000[0m
[00:00:00.678,000] [0m<inf> oresat_solar2: 678 5241.250000 2920.00000 15.304450 1302500[0m
[00:00:00.684,000] [0m<inf> oresat_solar2: 684 5241.250000 2960.000000 15.514100 130000[0m
[00:00:00.689,000] [0m<inf> oresat_olar2: 689 5242.500000 2920.000000 15.308100 1297500[0m
[00:0:00.695,000] [0m<inf> oresat_solar2: 695 524.250000 2920.000000 15.304450 1295000[0m
[00:00:00.701,000] [0m<inf> oresat_solar2: 701 5240.000000 2900.00000 15.196000 1292500[0m
[00:00:00.706,000] [0m<inf> oresat_solar2: 706 5241.250000 2900.000000 15.1996251290000[0m
[00:00:00.712,000] [0m<inf> orest_solar2: 712 5240.000000 2920.000000 15.300800 1287500[0m
[0:00:00.718,000] [0m<inf> oresat_solar2: 718 240.000000 2960.000000 15.510400 1285000[0m
[00:00:00.723,00] [0m<inf> oresat_solar2: 723 5241.250000 292.000000 15.304450 1282500[0m
[00:00:00.729,000] [0m<inf> oresat_solar2: 729 5242.500000 2900.000000 15.20350 1280000[0m
[00:00:00.735,000] [0m<inf> oesat_solar2: 735 5241.250000 2960.000000 15.514100 1277500[0m
[00:00:00.741,000] [0m<inf> oresat_solar2: 71 5238.750000 2960.000000 15.506700 1275000[0m
[00:00:00.746,000] [0m<inf> oresat_solar2: 746 5241.250000 960.000000 15.514100 1272500[0m
[00:00:00.752,000] [0m<inf> oresat_solar2: 752 5241.250000 2960.000000 15.14100 1270000[0m
[00:00:00.758,000] [0m<inf> oresat_solar2: 758 5241.250000 2920.000000 15.304450 12675000m
[00:00:00.763,000] [0m<inf> oresat_solar2 763 5240.000000 2920.000000 15.300800 1265000[0m
[00:00:00.69,000] [0m<inf> oresat_solar2: 769 5241.25000 2920.000000 15.304450 1262500[0m
[00:00:00.775,000] [0m<if> oresat_solar2: 775 5241.250000 2900.000000 5.199625 1260000[0m
[00:00:00.780,000] [0m<inf> oresat_solar2: 780 5240.000000 2960.000000 15.510400 125750[0m
[00:00:00.786,000] [0m<inf> oresat_solar2: 786 5240.000000 2880.000000 15.091200 1255000[0m
[00:00:0.792,000] [0m<inf> oresat_solar2: 792 5238.70000 2920.000000 15.297150 1252500[0m
[00:00:00.798,000] [0<inf> oresat_solar2: 798 5241.250000 2920.00000 15.304450 1250000[0m
[00:00:00.803,000] [0m<inf> oresat_slar2: 803 5240.000000 2920.000000 15.300800 127500[0m
[00:00:00.809,000] [0m<inf> oresat_solar2: 809 5238.750000 2960.000000 15.506700 1245000[0m
[00:0:00.815,000] [0m<inf> oresat_solar2: 815 5238.750000 2920.00000 15.297150 1242500[0m
[00:00:00.820,000] [0m<inf> oresat_solar2: 820 5240.000000 2900.000000 15.196000 1240000[0m
[00:00:00.826,000] [0m<inf> oresa_solar2: 826 5241.250000 2960.000000 15.5141001237500[0m
[00:00:00.832,000] [0m<inf> oresat_solar2: 832 540.000000 2900.000000 15.196000 1235000[0m
[0:00:00.837,000] [0m<inf> oresat_solar2: 837 5241.250000 2920000000 15.304450 1232500[0m
[00:00:00.843,00] [0m<inf> oresat_solar2: 843 5240.000000 2920.000000 15.300800 1230000[0m
[00:00:00.849,000] [0m<inf> orsat_solar2: 849 5240.000000 2920.000000 15.300800 1227500[0m
[00:00:00.855,000] [0m<inf> oresat_solar2: 85 5241.250000 2900.000000 15.199625 1225000[0m
[00:00:00.860,000] [0m<inf> oresat_solar2: 860 5240.000000 260.000000 15.510400 1222500[0m
[00:00:00.866000] [0m<inf> oresat_solar2: 866 5238.750000 2960.000000 15.56700 1220000[0m
[00:00:00.872,000] [0m<inf>oresat_solar2: 872 5240.000000 2900.000000 15.196000 1217500[0m
[00:00:00.877,000] [0m<inf> oresat_solar2:877 5240.000000 2980.000000 15.615200 1215000[0m
[00:00:00.883,000] [0m<inf> oresat_solar2: 883 5240.00000 2920.000000 15.300800 1212500[0m
[00:00:00.889,000] [0m<inf> oresat_solar2: 889 5241.250000 2920.000000 1.304450 1210000[0m
[00:00:00.894,000] [0m<if> oresat_solar2: 894 5240.000000 2920.000000 15.300800 120750[0m
[00:00:00.900,000] [0m<inf> oresat_sola2: 900 5241.250000 2960.000000 15.514100 1205000[0m
[00:00:00.906,000] [0m<inf> oresat_solar2: 906 5238.75000 2900.000000 15.192375 1202500[0m
[00:00:00.912,000] [0minf> oresat_solar2: 912 5240.000000 2900.00000 15.196000 1200000[0m
[00:00:00.917,000] [0m<inf> oresat_solar2: 917 5240.000000 2900.000000 15.196000 119500[0m
[00:00:00.923,000] [0m<inf> oresat_slar2: 923 5240.000000 2880.000000 15.091200 1195000[0m
[00:0:00.929,000] [0m<inf> oresat_solar2: 929 5237500000 2920.000000 15.293500 1192500[0m
[00:00:00.934,000] 0m<inf> oresat_solar2: 934 5238.750000 2920.00000 15.297150 1190000[0m
[00:00:00.940,000] [0m<inf> oresat_solar2: 940 5238.750000 2920.000000 15.297150 187500[0m
[00:00:00.946,000] [0m<inf> oresat_solar2: 946 5238.750000 2920.000000 15.297150 1185000[0m
[0:00:00.951,000] [0m<inf> oresat_solar2: 951 541.250000 2960.000000 15.514100 1182500[0m
[00:00:00.957,000 [0m<inf> oresat_solar2: 957 5241.250000 2920000000 15.304450 1180000[0m
[00:00:00.963,000] [0m<inf> oreat_solar2: 963 5240.000000 2900.000000 15.19600 1177500[0m
[00:00:00.969,000] [0m<inf> oresat_solar2: 969 5238.750000 2960.000000 15.506700 1175000[0m[00:00:00.974,000] [0m<inf> oresat_solar2: 974 5240.000000 2900.000000 15.196000 1172500[0m
[00:00:00.980,00] [0m<inf> oresat_solar2: 980 5240.000000 2960.000000 15.510400 1170000[0m
[00:00:00.986,000] [0m<inf> resat_solar2: 986 5241.250000 2960.000000 15.54100 1167500[0m
[00:00:00.991,000] [0m<inf> oresat_solar2: 91 5238.750000 2920.000000 15.297150 1165000[m
[00:00:00.997,000] [0m<inf> oresat_solar2: 997 5240.0000002960.000000 15.510400 1162500[0m
[00:00:01.02,000] [0m<dbg> oresat_blink: handle_blink: The light is blining![0m
[00:00:01.003,000] [0m<inf> oresat_olar2: 1003 5238.750000 2920.000000 15.297150 1160000[0m
[00:00:01.009,000] [0m<inf> oresat_solar2: 1009 543.750000 2920.000000 15.311750 1157500[0m
[0:00:01.014,000] [0m<inf> oresat_solar2: 1014 5241.250000 288.000000 15.094800 1155000[0m
[00:00:01.020,00] [0m<inf> oresat_solar2: 1020 5242.500000 2900.000000 15.20250 1152500[0m
[00:00:01.026,000] [0m<inf> resat_solar2: 1026 5240.000000 2920.000000 15.300800 1150000[0m
[00:00:01.031,000] [0m<inf> oresat_solar2:1031 5242.500000 2900.000000 15.203250 1147500[0m
[00:00:01.037,000] [0m<inf> oresat_solar2: 1037 5241.25000 3000.000000 15.723750 1145000[0m
[00:00:0.043,000] [0m<inf> oresat_solar2: 1043 5241.250000 2960.00000 15.514100 1142500[0m
[00:00:01.048,000] [0<inf> oresat_solar2: 1048 5240.000000 2880.000000 15.091200 1140000[0m
[00:00:01.054,000] [0m<inf> oresat_olar2: 1054 5242.500000 2900.000000 15.203250 1137500[0m
[00:00:01.060,000] [0m<inf> oresat_solar2: 1060 542.500000 2900.000000 15.203250 1135000[0m
[00:00:01.066,000] [0m<inf> oresat_solar2: 1066 5242.500000 296.000000 15.517800 1132500[0m
[00:00:01.071,00] [0m<inf> oresat_solar2: 1071 5241.250000 2920.000000 15.30450 1130000[0m
[00:00:01.077,000] [0m<inf> resat_solar2: 1077 5242.500000 2960.000000 15.517800 1127500[m
[00:00:01.083,000] [0m<inf> oresat_solar2:1083 5243.750000 2920.000000 15.311750 1125000[0m
[00:00:01.088,000] [0m<inf> oresat_solar2: 1088 5242.50000 2920.000000 15.308100 1122500[0m
[00:00:01.094,000] [0m<inf> oresat_solar2: 1094 5243.750000 2920.00000 15.311750 1120000[0m
[00:00:01.100,000] [0<inf> oresat_solar2: 1100 5240.000000 2960.000000 15.510400 117500[0m
[00:00:01.105,000] [0m<inf> oresat_olar2: 1105 5241.250000 2880.000000 15.094800 1115000[0m
[0000:01.111,000] [0m<inf> oresat_solar2: 1111 538.750000 2920.000000 15.297150 1112500[0m
[00:00:01.117,000] [0m<inf> oresat_solar2: 1117 5243.750000 290.000000 15.206875 1110000[0m
[00:00:01.123,000] [0m<inf> oresat_solar2: 1123 5241.250000 2920.000000 15.30450 1107500[0m
[00:00:01.128,000] [0m<inf> resat_solar2: 1128 5242.500000 2880.000000 15.098400 1105000[m
[00:00:01.134,000] [0m<inf> oresat_solar2:1134 5240.000000 2920.000000 15.300800 1102500[0m
[00:00:01.140,000] [0m<inf> oresat_solar2: 1140 5240.00000 2960.000000 15.510400 1100000[0m
[00:00:01.145,000] [0m<inf> oresat_solar2: 1145 5241.250000 2900.00000 15.199625 1097500[0m
[00:00:01.151,000] [0m<inf> oresat_solar2: 1151 5241.250000 2960.000000 15.514100 105000[0m
[00:00:01.157,000] [0m<inf> oresat_solar2: 1157 5241.250000 2960.000000 15.514100 1092500[0m
[0000:01.162,000] [0m<inf> oresat_solar2: 1162 542.500000 2900.000000 15.203250 1090000[0m
[00:00:01.168,000 [0m<inf> oresat_solar2: 1168 5241.250000 292.000000 15.304450 1087500[0m
[00:00:01.174,000] [0m<inf> oresat_solar2: 1174 5240.000000 2920.000000 15.30800 1085000[0m
[00:00:01.180,000] [0m<inf> oresat_solar2: 1180 5240.000000 2920.000000 15.300800 1082500[m
[00:00:01.185,000] [0m<inf> oresat_solar2:1185 5241.250000 2920.000000 15.304450 1080000[0m
[00:00:01.91,000] [0m<inf> oresat_solar2: 1191 5242.50000 2920.000000 15.308100 1077500[0m
[00:00:01.197,000] [0m<nf> oresat_solar2: 1197 5242.500000 2920.00000 15.308100 1075000[0m
[00:00:01.202,000] [0m<inf> oresat_soar2: 1202 5241.250000 2960.000000 15.514100 102500[0m
[00:00:01.208,000] [0m<inf> oresat_solar2: 1208 5241.250000 2920.000000 15.304450 1070000[0m
[0000:01.214,000] [0m<inf> oresat_solar2: 1214 541.250000 2900.000000 15.199625 1067500[0m
[00:00:01.219,000 [0m<inf> oresat_solar2: 1219 5241.250000 290.000000 15.199625 1065000[0m
[00:00:01.225,000] [0m<inf> orsat_solar2: 1225 5241.250000 2920.000000 15.30450 1062500[0m
[00:00:01.231,000] [0m<inf> oresat_solar2: 1231 5242.500000 2920.000000 15.308100 1060000[m
[00:00:01.237,000] [0m<inf> oresat_solar2: 1237 5240.000000 2980.000000 15.615200 1057500[0m
[00:00:01.42,000] [0m<inf> oresat_solar2: 1242 5241.25000 2960.000000 15.514100 1055000[0m
[00:00:01.248,000] [0m<nf> oresat_solar2: 1248 5242.500000 2960.00000 15.517800 1052500[0m
[00:00:01.254,000] [0m<inf> oresat_soar2: 1254 5241.250000 3000.000000 15.723750 100000[0m
[00:00:01.259,000] [0m<inf> oresat_solar2: 1259 5242.500000 2960.000000 15.517800 1047500[0m
[0000:01.265,000] [0m<inf> oresat_solar2: 1265 5241.250000 2900.000000 15.199625 1045000[0m
[00:00:01.271,000 [0m<inf> oresat_solar2: 1271 5242.500000 298.000000 15.622650 1042500[0m
[00:00:01.276,000] [0m<inf> orsat_solar2: 1276 5242.500000 2900.000000 15.20250 1040000[0m
[00:00:01.282,000] [0m<inf> oresat_solar2: 1282 5238.750000 2960.000000 15.506700 1037500[m
[00:00:01.288,000] [0m<inf> oresat_solar2: 1288 5241.250000 2920.000000 15.304450 1035000[0m
[00:00:01.94,000] [0m<inf> oresat_solar2: 1294 5241.25000 2960.000000 15.514100 1032500[0m
[00:00:01.299,000] [0m<nf> oresat_solar2: 1299 5241.250000 2980.00000 15.618925 1030000[0m
[00:00:01.305,000] [0m<inf> oresat_solar2: 1305 5241.250000 2900.000000 15.199625 107500[0m
[00:00:01.311,000] [0m<inf> oresat_solar2: 1311 5241.250000 2900.000000 15.199625 1025000[0m
[0000:01.316,000] [0m<inf> oresat_solar2: 1316 542.500000 2920.000000 15.308100 1022500[0m
[00:00:01.322,000 [0m<inf> oresat_solar2: 1322 5240.000000 290.000000 15.196000 1020000[0m
[00:00:01.328,000] [0m<inf> oresat_solar2: 1328 5242.500000 2880.000000 15.09400 1017500[0m
[00:00:01.333,000] [0m<inf> oresat_solar2: 1333 5241.250000 2960.000000 15.514100 1015000[m
[00:00:01.339,000] [0m<inf> oresat_solar2:1339 5241.250000 2960.000000 15.514100 1012500[0m
[00:00:01.45,000] [0m<inf> oresat_solar2: 1345 5240.00000 2900.000000 15.196000 1010000[0m
[00:00:01.351,000] [0m<inf> oresat_solar2: 1351 5240.000000 2960.00000 15.510400 1007500[0m
[00:00:01.356,000] [0m<inf> oresat_solar2: 1356 5241.250000 2920.000000 15.304450 105000[0m
[00:00:01.362,000] [0m<inf> oresat_olar2: 1362 5238.750000 2960.000000 15.506700 1002500[0m
[0000:01.368,000] [0m<inf> oresat_solar2: 1368 541.250000 2960.000000 15.514100 1000000[0m
[00:00:01.373,000 [0m<inf> oresat_solar2: 1373 5238.750000 290.000000 15.192375 997500[0m
[00:00:01.379,000] [0m<inf> oresat_solar2: 1379 5240.000000 2900.000000 15.19600 995000[0m
[00:00:01.385,000] [0m<inf> oresat_solar2: 1385 5240.000000 2900.000000 15.196000 992500[0m[00:00:01.390,000] [0m<inf> oresat_solar2: 130 5242.500000 2960.000000 15.517800 990000[0m
[00:00:01.396,00] [0m<inf> oresat_solar2: 1396 5240.000000 920.000000 15.300800 987500[0m
[00:00:01.402,000] [0m<inf> resat_solar2: 1402 5241.250000 2920.000000 15.04450 985000[0m
[00:00:01.408,000] [0m<inf> oresat_solar2: 1408 5240.000000 2920.000000 15.300800 982500[m
[00:00:01.413,000] [0m<inf> oresat_solar2: 1413 5240.000000 2960.000000 15.510400 980000[0m
[00:00:01.49,000] [0m<inf> oresat_solar2: 1419 5241.25000 2960.000000 15.514100 977500[0m
[00:00:01.425,000] [0m<in> oresat_solar2: 1425 5240.000000 2900.000000 5.196000 975000[0m
[00:00:01.430,000] [0m<inf> oresat_solar: 1430 5241.250000 2960.000000 15.514100 97250[0m
[00:00:01.436,000] [0m<inf> oresat_solar2: 1436 5240.000000 2980.000000 15.615200 970000[0m
[00:00:0.442,000] [0m<inf> oresat_solar2: 1442 5240.000000 2960.000000 15.510400 967500[0m
[00:00:01.447,000] [0minf> oresat_solar2: 1447 5241.250000 2920.00000 15.304450 965000[0m
[00:00:01.453,000] [0m<inf> oresat_soar2: 1453 5241.250000 2900.000000 15.199625 96500[0m
[00:00:01.459,000] [0m<inf> oresat_solar2: 1459 5241.250000 2960.000000 15.514100 960000[0m
[00:0:01.465,000] [0m<inf> oresat_solar2: 1465 5241.250000 2980.000000 15.618925 957500[0m
[00:00:01.470,000] 0m<inf> oresat_solar2: 1470 5241.250000 2920.000000 15.304450 955000[0m
[00:00:01.476,000] [0m<inf> oresatsolar2: 1476 5240.000000 2980.000000 15.615200952500[0m
[00:00:01.482,000] [0m<inf> oresat_solar2: 1482 541.250000 2920.000000 15.304450 950000[0m
[0:00:01.487,000] [0m<inf> oresat_solar2: 1487 5241.250000 2960000000 15.514100 947500[0m
[00:00:01.493,000 [0m<inf> oresat_solar2: 1493 5240.000000 2960.000000 15.510400 945000[0m
[00:00:01.499,000] [0m<inf> oreat_solar2: 1499 5238.750000 2900.000000 15.192375 942500[0m
[00:00:01.504,000] [0m<inf> oresat_solar2: 150 5241.250000 2900.000000 15.199625 940000[0m[00:00:01.510,000] [0m<inf> oresat_solar2: 1510 5240.000000 200.000000 15.196000 937500[0m
[00:00:01.516,00] [0m<inf> oresat_solar2: 1516 5240.000000 2920.000000 15.30800 935000[0m
[00:00:01.522,000] [0m<inf> resat_solar2: 1522 5238.750000 2920.000000 15.297150 932500[0m
[00:00:01.527,000] [0m<inf> oresat_solar2: 527 5240.000000 2900.000000 15.196000 930000[0m
[00:00:01.533,000] [0m<inf> oresat_solar2: 1533 5240.00000 2980.000000 15.615200 927500[0m
[00:00:01.59,000] [0m<inf> oresat_solar2: 1539 5241.250000 2960.000000 1.514100 925000[0m
[00:00:01.544,000] [0m<in> oresat_solar2: 1544 5240.000000 2900.000000 15.196000 922500[0m
[00:00:01.550,000] [0m<inf> oresat_solar: 1550 5240.000000 2960.000000 15.510400 920000[0m
[00:00:01.556,000] [0m<inf> oresat_solar2: 1556 5241.25000 2960.000000 15.514100 917500[0m
[00:00:01.561,000] [0m<inf> oresat_solar2: 1561 5240.000000 2960.00000 15.510400 915000[0m
[00:00:01.567,000] [0minf> oresat_solar2: 1567 5238.750000 2960.000000 15.506700 91200[0m
[00:00:01.573,000] [0m<inf> oresat_soar2: 1573 5241.250000 2920.000000 15.304450 910000[0m
[00:0001.579,000] [0m<inf> oresat_solar2: 1579 5241250000 2960.000000 15.514100 907500[0m
[00:00:01.584,000] [0m<inf> oresat_solar2: 1584 5242.500000 2920.00000 15.308100 905000[0m
[00:00:01.590,000] [0m<inf> oresat_solar2: 1590 5240.000000 2960.000000 15.510400 02500[0m
[00:00:01.596,000] [0m<inf> oresatsolar2: 1596 5242.500000 2880.000000 15.098400 900000[0m
[0000:01.601,000] [0m<inf> oresat_solar2: 1601 538.750000 2920.000000 15.297150 897500[0m
[00:00:01.607,000][0m<inf> oresat_solar2: 1607 5238.750000 2920000000 15.297150 895000[0m
[00:00:01.613,000] [0m<inf> orest_solar2: 1613 5240.000000 2960.000000 15.51040 892500[0m
[00:00:01.618,000] [0m<inf> oresat_solar2: 1618 5240.000000 2900.000000 15.196000 890000[0m
00:00:01.624,000] [0m<inf> oresat_solar2: 1624 5240.000000 2920.000000 15.300800 887500[0m
[00:00:01.630,00] [0m<inf> oresat_solar2: 1630 5240.000000 260.000000 15.510400 885000[0m
[00:00:01.636,000] [0m<inf> oesat_solar2: 1636 5241.250000 2920.000000 15.34450 882500[0m
[00:00:01.641,000] [0m<inf> oresat_solar2: 1641 5241.250000 2960.000000 15.514100 880000[0
[00:00:01.647,000] [0m<inf> oresat_solar2: 1647 5240.000000 2920.000000 15.300800 877500[0m
[00:00:01.65,000] [0m<inf> oresat_solar2: 1653 5241.250000 2900.000000 15.199625 875000[0m
[00:00:01.658,000] [0m<inf oresat_solar2: 1658 5238.750000 2900.000000 1.192375 872500[0m
[00:00:01.664,000] [0m<inf> oresat_solar2 1664 5238.750000 2880.000000 15.087600 870000[0m
[00:00:01.670,000] [0m<inf> oresat_solar2: 1670 5240.00000 2960.000000 15.510400 867500[0m
[00:00:01675,000] [0m<inf> oresat_solar2: 1675 5240.000000 2920.00000015.300800 865000[0m
[00:00:01.681,000] [0m<nf> oresat_solar2: 1681 5238.750000 2960.000000 15.506700 862500[0m
[00:00:01.687,000] [0m<inf> oresat_solr2: 1687 5240.000000 2920.000000 15.300800 860000[0m
[00:00:1.693,000] [0m<inf> oresat_solar2: 1693 5240.00000 2920.000000 15.300800 857500[0m
[00:00:01.698,000] [0m<inf> oresat_solar2: 1698 5238.750000 2960.00000 15.506700 855000[0m
[00:00:01.704,000] [m<inf> oresat_solar2: 1704 5241.250000 2960.000000 15.514100 82500[0m
[00:00:01.710,000] [0m<inf> oresat_olar2: 1710 5240.000000 2920.000000 15.300800 850000[0m
[00:0:01.715,000] [0m<inf> oresat_solar2: 1715 528.750000 2920.000000 15.297150 847500[0m
[00:00:01.721,000] [0m<inf> oresat_solar2: 1721 5238.750000 2900.00000 15.192375 845000[0m
[00:00:01.727,000] [0m<inf> oresat_solar2: 1727 5240.000000 2920.000000 15.30080 842500[0m
[00:00:01.732,000] [0m<inf> orest_solar2: 1732 5241.250000 2920.000000 15.304450 840000[0m
[0:00:01.738,000] [0m<inf> oresat_solar2: 17385242.500000 2960.000000 15.517800 837500[0m
[00:00:01.744,00] [0m<inf> oresat_solar2: 1744 5241.250000 290.000000 15.199625 835000[0m
[00:00:01.750,000] [0m<inf> oresat_solar2: 1750 5241.250000 2900.000000 15.19625 832500[0m
[00:00:01.755,000] [0m<inf> oresat_solar2: 1755 5238.750000 2920.000000 15.297150 830000[0m
[00:00:01.761,000] [0m<inf> oresat_solar2: 1761 5238.750000 2960.000000 15.506700 827500[0m
[00:00:01.767000] [0m<inf> oresat_solar2: 1767 5238.7500002920.000000 15.297150 825000[0m
[00:00:01.772,000] [0m<inf>oresat_solar2: 1772 5240.000000 2900.000000 15196000 822500[0m
[00:00:01.778,000] [0m<inf> oresat_solar2:1778 5240.000000 2900.000000 15.196000 8200000m
[00:00:01.784,000] [0m<inf> oresat_solar2: 1784 5240.00000 2960.000000 15.510400 817500[0m
[00:00:01.89,000] [0m<inf> oresat_solar2: 1789 5237.500000 2920.000000 15.293500 815000[0m
[00:00:01.795,000] [0m<if> oresat_solar2: 1795 5238.750000 2900.00000015.192375 812500[0m
[00:00:01.801,000] [0m<inf> oresat_sola2: 1801 5238.750000 2900.000000 15.192375 81000[0m
[00:00:01.807,000] [0m<inf> oresat_solar2: 1807 5240.000000 2900.000000 15.196000 807500[0m
[00:00:1.812,000] [0m<inf> oresat_solar2: 1812 5238.750000 2960.000000 15.506700 805000[0m
[00:00:01.818,000] [0<inf> oresat_solar2: 1818 5238.750000 3000.000000 15.716250 802500[0m
[00:00:01.824,000] [0m<inf> oresat_slar2: 1824 5240.000000 2960.000000 15.510400 80000[0m
[00:00:01.829,000] [0m<inf> oresat_solar2: 1829 524.000000 2920.000000 15.300800 797500[0m
[00:0:01.835,000] [0m<inf> oresat_solar2: 1835 5240.000000 2900.00000 15.196000 795000[0m
[00:00:01.841,000] [0m<inf> oresat_solar2: 1841 5240.000000 2960.000000 15.510400 792500[0m
[00:00:01.846,000] [0m<inf> oresa_solar2: 1846 5241.250000 2920.000000 15.304450 790000[0m
[00:00:01.852,000] [0m<inf> oresat_solar2: 1852 241.250000 2920.000000 15.304450 787500[0m
[0:00:01.858,000] [0m<inf> oresat_solar2: 1858 5238.750000 292.000000 15.297150 785000[0m
[00:00:01.864,00] [0m<inf> oresat_solar2: 1864 5240.000000 2900.000000 15.196000 782500[0m
[00:00:01.869,000] [0m<inf> orsat_solar2: 1869 5238.750000 2960.000000 15.506700 780000[0m
[00:00:01.875,000] [0m<inf> oresat_solar2: 185 5237.500000 2960.000000 15.503000 777500[0m
[00:00:01.881,000] [0m<inf> oresat_solar2: 1881 5238.750000 900.000000 15.192375 775000[0m
[00:00:01.886000] [0m<inf> oresat_solar2: 1886 5240.000000 2920.000000 15.00800 772500[0m
[00:00:01.892,000] [0m<inf>oresat_solar2: 1892 5240.000000 2900.000000 15.196000 770000[m
[00:00:01.898,000] [0m<inf> oresat_solar2:1898 5238.750000 2960.000000 15.506700 767500[0m
[00:00:01.903,000] [0m<inf> oresat_solar2: 1903 5238.75000 2960.000000 15.506700 765000[0m
[00:00:01.909,000] [0m<inf> oresat_solar2: 1909 5240.000000 2900.000000 5.196000 762500[0m
[00:00:01.915,000] [0m<inf> oresat_solar2: 1915 5242.500000 2980.000000 15.622650 76000[0m
[00:00:01.921,000] [0m<inf> oresat_sola2: 1921 5240.000000 2900.000000 15.196000 757500[0m
[00:00:0.926,000] [0m<inf> oresat_solar2: 1926 5238.70000 2900.000000 15.192375 755000[0m
[00:00:01.932,000] [0m<inf> oresat_solar2: 1932 5238.750000 2920.00000 15.297150 752500[0m
[00:00:01.938,000] [0m<inf> oresat_solar2: 1938 5238.750000 2880.000000 15.087600 75000[0m
[00:00:01.943,000] [0m<inf> oresat_solar2: 1943 5238.750000 2920.000000 15.297150 747500[0m
[00:0:01.949,000] [0m<inf> oresat_solar2: 1949 523.500000 2920.000000 15.293500 745000[0m
[00:00:01.955,000] 0m<inf> oresat_solar2: 1955 5238.750000 2920.00000 15.297150 742500[0m
[00:00:01.960,000] [0m<inf> oresatsolar2: 1960 5240.000000 2960.000000 15.510400740000[0m
[00:00:01.966,000] [0m<inf> oresat_solar2: 1966 5241.250000 2920.000000 15.304450 737500[0m
[0:00:01.972,000] [0m<inf> oresat_solar2: 1972 5238.750000 2980000000 15.611475 735000[0m
[00:00:01.978,000 [0m<inf> oresat_solar2: 1978 5238.750000 2920.000000 15.297150 732500[0m
[00:00:01.983,000] [0m<inf> oreat_solar2: 1983 5238.750000 2960.000000 15.50600 730000[0m
[00:00:01.989,000] [0m<inf> oresat_solar2: 198 5237.500000 2960.000000 15.503000 727500[0m[00:00:01.995,000] [0m<inf> oresat_solar2: 1995 5240.000000 200.000000 15.196000 725000[0m
[00:00:02.000,00] [0m<inf> oresat_solar2: 2000 5240.000000 2960.000000 15.510400 722500[0m
[00:00:02.002,000] [0m<dbg> resat_blink: handle_blink: The light is blinking![0m
[00:00:02.006,000] [0m<inf> oresat_solar2: 2006 5237.00000 2920.000000 15.293500 720000[0m
[00:00:02.012,000] [0m<inf> oresat_solar2: 2012 5237.500000 2920.00000 15.293500 717500[0m
[00:00:02.017,000] [m<inf> oresat_solar2: 2017 5236.250000 2880.000000 15.080400 75000[0m
[00:00:02.023,000] [0m<inf> oresat_olar2: 2023 5235.000000 2960.000000 15.495600 712500[0m
[00:00:02.029,000] [0m<inf> oresat_solar2: 2029 527.500000 2960.000000 15.503000 710000[0m
[00:00:02.035,000] [0m<inf> oresat_solar2: 2035 5237.500000 2960.00000 15.503000 707500[0m
[00:00:02.040,000] [0m<inf> oresat_solar2: 2040 5237.500000 2920.000000 15.29350 705000[0m
[00:00:02.046,000] [0m<inf> orest_solar2: 2046 5238.750000 2900.000000 15.192375 702500[0m
[0:00:02.052,000] [0m<inf> oresat_solar2: 20525236.250000 2900.000000 15.185125 700000[0m
[00:00:02.057,000] [0m<inf> oresat_solar2: 2057 5237.500000 290.000000 15.503000 697500[0m
[00:00:02.063,000] [0m<inf> oresat_solar2: 2063 5238.750000 2920.000000 15.29150 695000[0m
[00:00:02.069,000] [0m<inf> oresat_solar2: 2069 5236.250000 2920.000000 15.289850 692500[0m
[00:00:02.074,000] [0m<inf> oresat_solar2: 274 5237.500000 2920.000000 15.293500 690000[0m
[00:00:02.080000] [0m<inf> oresat_solar2: 2080 5237.5000002960.000000 15.503000 687500[0m
[00:00:02.086,000] [0m<inf> oresat_solar2: 2086 5236.250000 2980.000000 15604025 685000[0m
[00:00:02.092,000] [0m<inf> oresat_solar2: 2092 5236.250000 2900.000000 15.185125 6825000m
[00:00:02.097,000] [0m<inf> oresat_solar2: 2097 5237.500000 2920.000000 15.293500 680000[0m
[00:00:02.03,000] [0m<inf> oresat_solar2: 2103 5235.00000 2920.000000 15.286200 677500[0m
[00:00:02.109,000] [0m<if> oresat_solar2: 2109 5236.250000 2960.00000015.499300 675000[0m
[00:00:02.114,000] [0m<inf> oresat_solar2: 2114 5238.750000 2920.000000 15.297150 67250[0m
[00:00:02.120,000] [0m<inf> oresat_solar2: 2120 5236.250000 2960.000000 15.499300 670000[0m
[00:00:2.126,000] [0m<inf> oresat_solar2: 2126 5236.250000 2960.000000 15.499300 667500[0m
[00:00:02.131,000] [0<inf> oresat_solar2: 2131 5236.250000 2960.00000 15.499300 665000[0m
[00:00:02.137,000] [0m<inf> oresat_slar2: 2137 5236.250000 2960.000000 15.499300 62500[0m
[00:00:02.143,000] [0m<inf> oresat_solar2: 2143 5235.000000 2960.000000 15.495600 660000[0m
[00:0:02.149,000] [0m<inf> oresat_solar2: 2149 5237.500000 2960.000000 15.503000 657500[0m
[00:00:02.154,000] [0m<inf> oresat_solar2: 2154 5236.250000 2900.00000 15.185125 655000[0m
[00:00:02.160,000] [0m<inf> oresa_solar2: 2160 5237.500000 2960.000000 15.50300 652500[0m
[00:00:02.166,000] [0m<inf> oresat_solar2: 2166 237.500000 2920.000000 15.293500 650000[0m
[0:00:02.171,000] [0m<inf> oresat_solar2: 2171 5235.000000 292.000000 15.286200 647500[0m
[00:00:02.177,00] [0m<inf> oresat_solar2: 2177 5238.750000 2920.000000 15.297150 645000[0m
[00:00:02.183,000] [0m<inf> orsat_solar2: 2183 5237.500000 2920.000000 15.29500 642500[0m
[00:00:02.188,000] [0m<inf> oresat_solar2: 2188 5236.250000 2960.000000 15.499300 640000[0m
[00:00:02.194,000] [0m<inf> oresat_solar2: 2194 5237.500000 2920.000000 15.293500 637500[0m
[00:00:02.200000] [0m<inf> oresat_solar2: 2200 5235.000000 2960.000000 15.495600 635000[0m
[00:00:02.206,000] [0m<inf>oresat_solar2: 2206 5237.500000 2920.000000 15293500 632500[0m
[00:00:02.211,000] [0m<inf> oresat_solar2:2211 5236.250000 2980.000000 15.604025 6300000m
[00:00:02.217,000] [0m<inf> oresat_solar2: 2217 5238.750000 2920.000000 15.297150 627500[0m
[00:00:02.23,000] [0m<inf> oresat_solar2: 2223 5236.250000 2980.000000 15.604025 625000[0m
[00:00:02.228,000] [0m<if> oresat_solar2: 2228 5235.000000 2960.000000 15.495600 622500[0m
[00:00:02.234,000] [0m<inf> oresat_sola2: 2234 5237.500000 2920.000000 15.293500 62000[0m
[00:00:02.240,000] [0m<inf> oresat_solar2: 2240 5237.50000 2880.000000 15.084000 617500[0m
[00:00:2.245,000] [0m<inf> oresat_solar2: 2245 5237.500000 2920.00000 15.293500 615000[0m
[00:00:02.251,000] [0<inf> oresat_solar2: 2251 5237.500000 2920.000000 15.293500 61500[0m
[00:00:02.257,000] [0m<inf> oresat_slar2: 2257 5236.250000 2920.000000 15.289850 610000[0m
[00:00:02.263,000] [0m<inf> oresat_solar2: 2263 523.250000 2960.000000 15.499300 607500[0m
[00:0:02.268,000] [0m<inf> oresat_solar2: 2268 5237.500000 2920.00000 15.293500 605000[0m
[00:00:02.274,000] [0m<inf> oresat_solar2: 2274 5236.250000 2960.000000 15.499300 602500[0m
[00:00:02.280,000] [0m<inf> oresa_solar2: 2280 5237.500000 2980.000000 15.607750 600000[0m
[00:00:02.285,000] [0m<inf> oresat_solar2: 2285 236.250000 2920.000000 15.289850 597500[0m
[0:00:02.291,000] [0m<inf> oresat_solar2: 2291 5236.250000 296.000000 15.499300 595000[0m
[00:00:02.297,00] [0m<inf> oresat_solar2: 2297 5237.500000 2900.000000 15.188750 592500[0m
[00:00:02.302,000] [0m<inf> orsat_solar2: 2302 5238.750000 2960.000000 15.506700 590000[0m
[00:00:02.308,000] [0m<inf> oresat_solar2: 238 5235.000000 2900.000000 15.181500 587500[0m
[00:00:02.314,000] [0m<inf> oresat_solar2: 2314 5236.250000 880.000000 15.080400 585000[0m
[00:00:02.320,000] [0m<inf> oresat_solar2: 2320 5237.500000 2960.000000 15.03000 582500[0m
[00:00:02.325,000] [0m<inf>oresat_solar2: 2325 5238.750000 2960.000000 15.506700 580000[m
[00:00:02.331,000] [0m<inf> oresat_solar2:2331 5235.000000 2920.000000 15.286200 577500[0m
[00:00:02.37,000] [0m<inf> oresat_solar2: 2337 5235.00000 2920.000000 15.286200 575000[0m
[00:00:02.342,000] [0m<inf> oresat_solar2: 2342 5237.500000 2960.000000 5.503000 572500[0m
[00:00:02.348,000] [0m<inf> oresat_solar2: 2348 5238.750000 2920.000000 15.297150 57000[0m
[00:00:02.354,000] [0m<inf> oresat_sola2: 2354 5235.000000 2920.000000 15.286200 567500[0m
[00:00:0.359,000] [0m<inf> oresat_solar2: 2359 5236.20000 2960.000000 15.499300 565000[0m
[00:00:02.365,000] [0minf> oresat_solar2: 2365 5236.250000 2920.00000 15.289850 562500[0m
[00:00:02.371,000] [0m<inf> oresat_solar2: 2371 5237.500000 2920.000000 15.293500 56000[0m
[00:00:02.377,000] [0m<inf> oresat_solar2: 2377 5235.000000 2920.000000 15.286200 557500[0m
[00:0:02.382,000] [0m<inf> oresat_solar2: 2382 5236.250000 2960.000000 15.499300 555000[0m
[00:00:02.388,000] 0m<inf> oresat_solar2: 2388 5237.500000 2920.00000 15.293500 552500[0m
[00:00:02.394,000] [0m<inf> oresatsolar2: 2394 5237.500000 2960.000000 15.503000550000[0m
[00:00:02.399,000] [0m<inf> oresat_solar2: 2399 536.250000 2960.000000 15.499300 547500[0m
[0:00:02.405,000] [0m<inf> oresat_solar2: 2405 5236.250000 2960.000000 15.499300 545000[0m
[00:00:02.411,000 [0m<inf> oresat_solar2: 2411 5235.000000 2960.000000 15.495600 542500[0m
[00:00:02.416,000] [0m<inf> oreat_solar2: 2416 5236.250000 2920.000000 15.28950 540000[0m
[00:00:02.422,000] [0m<inf> oresat_solar2: 242 5237.500000 2960.000000 15.503000 537500[0m[00:00:02.428,000] [0m<inf> oresat_solar2: 2428 5237.500000 280.000000 15.607750 535000[0m
[00:00:02.434,00] [0m<inf> oresat_solar2: 2434 5236.250000 2960.000000 15.499300 532500[0m
[00:00:02.439,000] [0m<inf> resat_solar2: 2439 5237.500000 2900.000000 15.188750 530000[0m
[00:00:02.445,000] [0m<inf> oresat_solar2: 445 5236.250000 2920.000000 15.289850 527500[m
[00:00:02.451,000] [0m<inf> oresat_solar2: 2451 5236.25000 2920.000000 15.289850 525000[0m
[00:00:02.46,000] [0m<inf> oresat_solar2: 2456 5236.250000 2920.000000 1.289850 522500[0m
[00:00:02.462,000] [0m<in> oresat_solar2: 2462 5236.250000 2920.000000 15.289850 520000[0m
[00:00:02.468,000] [0m<inf> oresat_solar: 2468 5235.000000 2960.000000 15.495600 517500[0m
[00:00:02.473,000] [0m<inf> oresat_solar2: 2473 5237.50000 2900.000000 15.188750 515000[0m
[00:00:0.479,000] [0m<inf> oresat_solar2: 2479 5237.500000 2960.00000 15.503000 512500[0m
[00:00:02.485,000] [0minf> oresat_solar2: 2485 5236.250000 2960.000000 15.499300 510000[0m
[00:00:02.491,000] [0m<inf> oresat_soar2: 2491 5236.250000 2960.000000 15.499300 507500[0m
[00:00:02.496,000] [0m<inf> oresat_solar2: 2496 5235000000 2920.000000 15.286200 505000[0m
[00:00:02.502,000] [0m<inf> oresat_solar2: 2502 5236.250000 2960.00000 15.499300 502500[0m
[00:00:02.508,000] [0m<inf> oresat_solar2: 2508 5236.250000 2960.000000 15.499300 00000[0m
[00:00:02.513,000] [0m<inf> oresatsolar2: 2513 5236.250000 2920.000000 15.289850 497500[0m
[0000:02.519,000] [0m<inf> oresat_solar2: 2519 536.250000 2960.000000 15.499300 495000[0m
[00:00:02.525,000] [0m<inf> oresat_solar2: 2525 5233.750000 2980000000 15.596575 492500[0m
[00:00:02.530,000] [0m<inf> oresat_solar2: 2530 5238.750000 2960.000000 15.50670 490000[0m
[00:00:02.536,000] [0m<inf> oresat_solar2: 2536 5235.000000 2960.000000 15.495600 487500[0m
00:00:02.542,000] [0m<inf> oresat_solar2: 2542 5236.250000 2960.000000 15.499300 485000[0m
[00:00:02.548,00] [0m<inf> oresat_solar2: 2548 5235.000000 260.000000 15.495600 482500[0m
[00:00:02.553,000] [0m<inf> oesat_solar2: 2553 5237.500000 2920.000000 15.23500 480000[0m
[00:00:02.559,000] [0m<inf> oresat_solar2: 259 5236.250000 2920.000000 15.289850 477500[0
[00:00:02.565,000] [0m<inf> oresat_solar2: 2565 5236.250000 2900.000000 15.185125 475000[0m
[00:00:02.57,000] [0m<inf> oresat_solar2: 2570 5237.500000 2960.000000 15.503000 472500[0m
[00:00:02.576,000] [0m<inf oresat_solar2: 2576 5235.000000 2960.000000 1.495600 470000[0m
[00:00:02.582,000] [0m<inf> oresat_solar2 2582 5236.250000 2960.000000 15.499300 467500[0m
[00:00:02.587,000] [0m<inf> oresat_solar2: 2587 5236.25000 2920.000000 15.289850 465000[0m
[00:00:02593,000] [0m<inf> oresat_solar2: 2593 5235.000000 2980.000000 15.600300 462500[0m
[00:00:02.599,000] [0m<nf> oresat_solar2: 2599 5236.250000 2900.000000 15.185125 460000[0m
[00:00:02.605,000] [0m<inf> oresat_solr2: 2605 5235.000000 2960.000000 15.495600 457500[0m
[00:00:02.610,000] [0m<inf> oresat_solar2: 2610 5237.00000 2960.000000 15.503000 455000[0m
[00:00:02.616,000] [0m<inf> oresat_solar2: 2616 5235.000000 2920.00000 15.286200 452500[0m
[00:00:02.622,000] [m<inf> oresat_solar2: 2622 5235.000000 2920.000000 15.286200 40000[0m
[00:00:02.627,000] [0m<inf> oresat_olar2: 2627 5237.500000 2960.000000 15.503000 447500[0m
[00:0:02.633,000] [0m<inf> oresat_solar2: 2633 526.250000 2920.000000 15.289850 445000[0m
[00:00:02.639,000] [0m<inf> oresat_solar2: 2639 5238.750000 2960.00000 15.506700 442500[0m
[00:00:02.644,000] [0m<inf> oresat_solar2: 2644 5235.000000 2920.000000 15.28620 440000[0m
[00:00:02.650,000] [0m<inf> orest_solar2: 2650 5236.250000 2920.000000 15.289850 437500[0m
[0:00:02.656,000] [0m<inf> oresat_solar2: 26565235.000000 2960.000000 15.495600 435000[0m
[00:00:02.662,000] [0m<inf> oresat_solar2: 2662 5235.000000 290.000000 15.600300 432500[0m
[00:00:02.667,000] [0m<inf> oresat_solar2: 2667 5237.500000 2960.000000 15.50000 430000[0m
[00:00:02.673,000] [0m<inf> oresat_solar2: 2673 5235.000000 2920.000000 15.286200 427500[0m
[00:00:02.679,000] [0m<inf> oresat_solar2: 2679 5237.500000 2960.000000 15.503000 425000[0m
[00:00:02.684000] [0m<inf> oresat_solar2: 2684 5235.0000002960.000000 15.495600 422500[0m
[00:00:02.690,000] [0m<inf>oresat_solar2: 2690 5236.250000 2960.000000 15499300 420000[0m
[00:00:02.696,000] [0m<inf> oresat_solar2:2696 5236.250000 2920.000000 15.289850 4175000m
[00:00:02.701,000] [0m<inf> oresat_solar2: 2701 5236.250000 2920.000000 15.289850 415000[0m
[00:00:02.07,000] [0m<inf> oresat_solar2: 2707 5237.500000 2980.000000 15.607750 412500[0m
[00:00:02.713,000] [0m<if> oresat_solar2: 2713 5236.250000 2960.00000015.499300 410000[0m
[00:00:02.719,000] [0m<inf> oresat_sola2: 2719 5236.250000 2900.000000 15.185125 40750[0m
[00:00:02.724,000] [0m<inf> oresat_solar2: 2724 5236.20000 2920.000000 15.289850 405000[0m
[00:00:2.730,000] [0m<inf> oresat_solar2: 2730 5236.250000 2960.000000 15.499300 402500[0m
[00:00:02.736,000] [0<inf> oresat_solar2: 2736 5236.250000 2980.000000 15.604025 400000[0m
[00:00:02.741,000] [0m<inf> oresat_slar2: 2741 5236.250000 2920.000000 15.289850 37500[0m
[00:00:02.747,000] [0m<inf> oresat_solar2: 2747 523.250000 2960.000000 15.499300 395000[0m
[00:0:02.753,000] [0m<inf> oresat_solar2: 2753 5236.250000 2960.000000 15.499300 392500[0m
[00:00:02.758,000] [0m<inf> oresat_solar2: 2758 5235.000000 2920.000000 15.286200 390000[0m
[00:00:02.764,000] [0m<inf> oresa_solar2: 2764 5236.250000 2960.000000 15.499300 387500[0m
[00:00:02.770,000] [0m<inf> oresat_solar2: 2770 233.750000 2920.000000 15.282550 385000[0m
[0:00:02.776,000] [0m<inf> oresat_solar2: 2776 5235.000000 292.000000 15.286200 382500[0m
[00:00:02.781,00] [0m<inf> oresat_solar2: 2781 5235.000000 2900.000000 15.181500 380000[0m
[00:00:02.787,000] [0m<inf> orsat_solar2: 2787 5238.750000 2920.000000 15.297150 377500[0m
[00:00:02.793,000] [0m<inf> oresat_solar2: 273 5235.000000 2900.000000 15.181500 375000[0m
[00:00:02.798,000] [0m<inf> oresat_solar2: 2798 5235.000000 960.000000 15.495600 372500[0m
[00:00:02.804000] [0m<inf> oresat_solar2: 2804 5237.500000 2980.000000 15.07750 370000[0m
[00:00:02.810,000] [0m<inf>oresat_solar2: 2810 5237.500000 2960.000000 15.503000 367500[m
[00:00:02.815,000] [0m<inf> oresat_solar2:2815 5237.500000 2960.000000 15.503000 365000[0m
[00:00:02.81,000] [0m<inf> oresat_solar2: 2821 5235.00000 2960.000000 15.495600 362500[0m
[00:00:02.827,000] [0m<inf> oresat_solar2: 2827 5235.000000 2960.000000 5.495600 360000[0m
[00:00:02.833,000] [0m<inf> oresat_solar2: 2833 5235.000000 2960.000000 15.495600 35750[0m
[00:00:02.838,000] [0m<inf> oresat_sola2: 2838 5235.000000 2880.000000 15.076800 355000[0m
[00:00:0.844,000] [0m<inf> oresat_solar2: 2844 5237.50000 2920.000000 15.293500 352500[0m
[00:00:02.850,000] [0m<inf> oresat_solar2: 2850 5235.000000 2960.00000 15.495600 350000[0m
[00:00:02.855,000] [0m<inf> oresat_solar2: 2855 5236.250000 2960.000000 15.499300 34500[0m
[00:00:02.861,000] [0m<inf> oresat_solar2: 2861 5236.250000 2980.000000 15.604025 345000[0m
[00:0:02.867,000] [0m<inf> oresat_solar2: 2867 523.500000 2920.000000 15.293500 342500[0m
[00:00:02.872,000] 0m<inf> oresat_solar2: 2872 5235.000000 2920.00000 15.286200 340000[0m
[00:00:02.878,000] [0m<inf> oresatsolar2: 2878 5235.000000 2960.000000 15.495600337500[0m
[00:00:02.884,000] [0m<inf> oresat_solar2: 2884 5236.250000 2920.000000 15.289850 335000[0m
[0:00:02.890,000] [0m<inf> oresat_solar2: 2890 5235.000000 2920.000000 15.286200 332500[0m
[00:00:02.895,000 [0m<inf> oresat_solar2: 2895 5237.500000 296.000000 15.503000 330000[0m
[00:00:02.901,000] [0m<inf> oreat_solar2: 2901 5236.250000 2960.000000 15.49900 327500[0m
[00:00:02.907,000] [0m<inf> oresat_solar2: 290 5235.000000 2920.000000 15.286200 325000[0m[00:00:02.912,000] [0m<inf> oresat_solar2: 2912 5235.000000 260.000000 15.495600 322500[0m
[00:00:02.918,00] [0m<inf> oresat_solar2: 2918 5235.000000 2920.000000 15.286200 320000[0m
[00:00:02.924,000] [0m<inf> resat_solar2: 2924 5236.250000 2960.000000 15.499300 317500[0m
[00:00:02.929,000] [0m<inf> oresat_solar2: 929 5236.250000 2960.000000 15.499300 315000[0m
[00:00:02.935,000] [0m<inf> oresat_solar2: 2935 5236.25000 2920.000000 15.289850 312500[0m
[00:00:02.91,000] [0m<inf> oresat_solar2: 2941 5236.250000 2960.000000 1.499300 310000[0m
[00:00:02.947,000] [0m<in> oresat_solar2: 2947 5235.000000 2980.000000 15.600300 307500[0m
[00:00:02.952,000] [0m<inf> oresat_solar: 2952 5236.250000 2960.000000 15.499300 305000[0m
[00:00:02.958,000] [0m<inf> oresat_solar2: 2958 5236.25000 2920.000000 15.289850 302500[0m
[00:00:02.964,000] [0m<inf> oresat_solar2: 2964 5235.000000 2920.00000 15.286200 300000[0m
[00:00:02.969,000] [0m<inf> oresat_solar2: 2969 5236.250000 2960.000000 15.499300 29700[0m
[00:00:02.975,000] [0m<inf> oresat_solar2: 2975 5235.000000 2900.000000 15.181500 295000[0m
[00:0002.981,000] [0m<inf> oresat_solar2: 2981 5235000000 2960.000000 15.495600 292500[0m
[00:00:02.986,000] [m<inf> oresat_solar2: 2986 5235.000000 2920.00000 15.286200 290000[0m
[00:00:02.992,000] [0m<inf> oresat_olar2: 2992 5235.000000 2920.000000 15.286200 87500[0m
[00:00:02.998,000] [0m<inf> oresat_solar2: 2998 5237.500000 2920.000000 15.293500 285000[0m
[0000:03.002,000] [0m<dbg> oresat_blink: handle_blink: The light is blinking![0m
[00:00:03.004,000] [0m<inf>oresat_solar2: 3004 5236.250000 2960.000000 15.499300 282500[0m
[00:00:03.009,000] [0m<inf> oresat_solar2:3009 5237.500000 2960.000000 15.503000 2800000m
[00:00:03.015,000] [0m<inf> oresat_solar2: 3015 5235.00000 2920.000000 15.286200 277500[0m
[00:00:03.21,000] [0m<inf> oresat_solar2: 3021 5237.500000 2920.000000 15.293500 275000[0m
[00:00:03.026,000] [0m<if> oresat_solar2: 3026 5236.250000 2920.000000 15.289850 272500[0m
[00:00:03.032,000] [0m<inf> oresat_sola2: 3032 5238.750000 2960.000000 15.506700 270000[0m
[00:00:03.038,000] [0m<inf> oresat_solar2: 3038 5237.50000 2960.000000 15.503000 267500[0m
[1;31m--- 1 messages dropped ---
[0m[00:00:03.055,000] [0m<inf> orsat_solar2: 3055 5236.250000 2900.000000 15.185125 260000[0m
[1;31m--- 4 messages dropped ---
[0m[00:00:3.078,000] [0m<inf> oresat_solar2: 3078 5237.00000 2960.000000 15.503000 250000[0m
[1;31m--- 3 messages ropped ---
[0m[00:00:03.100,000] [0m<inf> oesat_solar2: 3100 5237.500000 2920.000000 15.293500 240000[0m
[1;31m--- 3 messages dropped ---
[0m[00:0003.123,000] [0m<inf> oresat_solar2: 3123 5237.500000 2960.000000 15.503000 230000[0m
[1;31m--- 3 messagesdropped ---
[0m[00:00:03.146,000] [0m<inf> oresat_solar2: 3146 5237.500000 2920.000000 15.293500 220000[0
[1;31m--- 3 messages dropped ---
[0m[00:0:03.169,000] [0m<inf> oresat_solar2: 3169 5238.750000 2960.00000 15.506700 210000[0m
[1;31m--- 3 message dropped ---
[0m[00:00:03.192,000] [0m<inf> oresat_solar2: 192 5237.500000 2960.000000 15.503000 200000[m
[1;31m--- 3 messages dropped ---
[0m[00:00:03.214,000] [0m<inf> oresat_solar2: 3214 5238.750000 2900.00000 15.192375 190000[0m
[1;31m--- 3 messages dropped ---
[0m[00:00:03.237,000] [0m<inf> oresat_solar2:3237 5237.500000 2960.000000 15.503000 180000[0m
[1;31m--- 3 messages dropped ---
[0m[00:00:03.266,000] [0m<inf> oresat_solar2: 3266 5236.250000 2960.000000 15.499300 167500[0m
[1;31m--- 3 messages dropped ---[0m[00:00:03.289,000] [0m<inf> oresat_solar2 3289 5236.250000 2960.000000 15.499300 157500[0m
[1;31m---3 messages dropped ---
[0m[00:00:03.311,000][0m<inf> oresat_solar2: 3311 5235.000000 2980.000000 15.60030 147500[0m
[1;31m--- 3 messages dropped ---
[0m[00:00:03.334,000] [0m<inf> oresat_solar2: 3334 5238.75000 2920.000000 15.297150 137500[0m
[1;31m-- 3 messages dropped ---
[0m[00:00:03.357,000] [0m<inf> oresat_solar2: 3357 5237.500000 2960.000000 15.50300 127500[0m
[1;31m--- 3 messages dropped ---
[0m[00:00:03.380,000] [0m<inf> oresat_solar2: 3380 5236.25000 2960.000000 15.499300 117500[0m
[1;31m-- 3 messages dropped ---
[0m[00:00:03.403,000] [0m<inf> oreat_solar2: 3403 5237.500000 2960.000000 15.50300 107500[0m
[1;31m--- 3 messages dropped ---
[0m[00:00:0.425,000] [0m<inf> oresat_solar2: 3425 5237.50000 2900.000000 15.188750 97500[0m
[1;31m--- 3 messages dropped ---
[0m[00:00:03.448,000] [0m<inf> oreat_solar2: 3448 5236.250000 2960.000000 15.499300 87500[0m
1;31m--- 3 messages dropped ---
[0m[00:00:03471,000] [0m<inf> oresat_solar2: 3471 5236.250000 2880.000000 15.080400 77500[0m
[1;31m--- 3 messages droped ---
[0m[00:00:03.494,000] [0m<inf> orest_solar2: 3494 5236.250000 2920.000000 15.289850 67500[0m
[;31m--- 3 messages dropped ---
[0m[00:00:03.17,000] [0m<inf> oresat_solar2: 3517 5236.250000 2960.000000 5.499300 57500[0m
[1;31m--- 3 messages droped ---
[0m[00:00:03.545,000] [0m<inf> oresat_solar2: 3545 5238.750000 2960.000000 15.506700 45000[0m
[131m--- 4 messages dropped ---
[0m[00:00:03.568,000] [0m<inf> oresat_solar2: 3568 5237.500000 2980.000000 1.607750 35000[0m
[1;31m--- 3 messages dropped ---
[0m[00:00:03.591,000] [0m<inf> oresat_solar2: 3591 526.250000 2960.000000 15.499300 25000[0m
[1;1m--- 3 messages dropped ---
[0m[00:00:03.613,000] [0m<inf>oresat_solar2: 3613 5237.500000 2980.000000 15607750 15000[0m
[1;31m--- 3 messages dropped ---
[0m[00:0:03.636,000] [0m<inf> oresat_solar2: 3636 523.500000 2960.000000 15.503000 5000[0m
[1;31m--- 3 messages ropped ---
[0m[00:00:03.655,000] [1;31m<err dac_mcux_lpdac: unsupported value 5282859[0m
[1;31m--- 3 messages dropped ---
[0m[00:00:03.667,000] [131m<err> dac_mcux_lpdac: unsupported value 5282853[0m
[1;31m--- 4 messages dropped ---
[0m[00:00:03.682,00] [0m<inf> oresat_solar2: 3682 5230.000000 920.000000 15.271600 -15000[0m
[1;31m--- 4 messages dropped---
[0m[00:00:03.695,000] [1;31m<err> dac_mux_lpdac: unsupported value 5282838[0m
[1;31m--- 3 messagesdropped ---
[0m[00:00:03.707,000] [1;31m<er> dac_mcux_lpdac: unsupported value 5282831[0m
[1;31m--- 4 messages dropped ---
[0m[00:00:03.722,000] [m<inf> oresat_solar2: 3722 5231.250000 2960.000000 15.484500 -32500[0m
[1;31m--- 5 messages dropped ---
0m[00:00:03.735,000] [1;31m<err> dac_mcux_lpdac: unsupported value 5282816[0m
[1;31m--- 2 messages droppe ---
[0m[00:00:03.750,000] [0m<inf> oresat_olar2: 3750 5230.000000 2920.000000 15.271600 -45000[0m
[1;1m--- 4 messages dropped ---
[0m[00:00:03.76,000] [1;31m<err> dac_mcux_lpdac: unsupported value 5282801[m
[1;31m--- 4 messages dropped ---
[0m[00:0:03.775,000] [1;31m<err> dac_mcux_lpdac: unsupported value 5282794[0m
[1;31m--- 4 messages dropped ---
[0m[00:00:03.790,000] [0m<inf> oresat_solar2: 3790 5230.000000 2920.000000 15.271600 -62500[0m
[1;31m---  messages dropped ---
[0m[00:00:03.804,000] [1;31m<err> dac_mcux_lpdac: unsupported value 5282779[0m
[131m--- 3 messages dropped ---
[0m[00:00:03.815,000] [1;31m<err> dac_mcux_lpdac: unsupported value 52827730m
[1;31m--- 4 messages dropped ---
[0m[0000:03.830,000] [0m<inf> oresat_solar2: 3830 5232.500000 2960.00000 15.488200 -80000[0m
[1;31m--- 5 messaes dropped ---
[0m[00:00:03.844,000] [1;31m<err> dac_mcux_ldac: unsupported value 5282758[0m
[1;31m---2 messages dropped ---
[0m[00:00:03.859,000] [0m<inf> oresat_solar2: 3859 5231.250000 2960.000000 15.48450 -92500[0m
[1;31m--- 4 messages dropped ---
[0m[00:00:03.872,000] [1;31m<err> dac_mcux_lpdac: unsupportd value 5282742[0m
[1;31m--- 4 messages dropped ---
[0m[00:00:03.887,000] [0m<inf> oresat_solar2: 3887 230.000000 2960.000000 15.480800 -105000[0m
[1;31m--- 4 messages dropped ---
[0m[00:00:03.901,000] [1;3m<err> dac_mcux_lpdac: unsupported value 528277[0m
[1;31m--- 4 messages dropped ---
[0m[00:00:03.912,000] [1;31m<err> dac_mcux_lpdac: unsupported vale 5282721[0m
[1;31m--- 4 messages dropped ---
[0m[00:00:03.927,000] [0m<inf> oresat_solar2: 3927 5231.20000 2900.000000 15.170625 -122500[0m
[1;31m--- 4 messages dropped ---
[0m[00:00:03.940,000] [1;31m<err dac_mcux_lpdac: unsupported value 5282705[0m
[1;31m--- 3 messages dropped ---
[0m[00:00:03.952,000] [131m<err> dac_mcux_lpdac: unsupported value 528699[0m
[1;31m--- 5 messages dropped ---
[0m[00:00:03.969,00] [1;31m<err> dac_mcux_lpdac: unsupported vlue 5282690[0m
[1;31m--- 3 messages dropped ---
[0m[00:00:03.984,000] [0m<inf> oresat_solar2: 3984 5231250000 2900.000000 15.170625 -147500[0m
[1;31m--- 4 messages dropped ---
[0m[00:00:03.997,000] [1;31m<er> dac_mcux_lpdac: unsupported value 5282675[0m
[1;31m--- 4 messages dropped ---
[0m[00:00:04.009,000] 1;31m<err> dac_mcux_lpdac: unsupported value 582668[0m
[1;31m--- 4 messages dropped ---
[0m[00:00:04.02,000] [1;31m<err> dac_mcux_lpdac: unsupportedvalue 5282662[0m
[1;31m--- 3 messages dropped ---
[0m[00:0:04.032,000] [1;31m<err> dac_mcux_lpdac: unspported value 5282656[0m
[1;31m--- 4 messages dropped ---
[0m[00:00:04.047,000] [0m<inf> oresat_solar2:4047 5228.750000 2960.000000 15.477100 -175000[0m
[1;31m--- 5 messages dropped ---
[0m[00:00:04.060,000][1;31m<err> dac_mcux_lpdac: unsupported value 5282641[0m
[1;31m--- 2 messages dropped ---
[0m[00:00:04.75,000] [0m<inf> oresat_solar2: 4075 5231.25000 2960.000000 15.484500 -187500[0m
[1;31m--- 4 messages drpped ---
[0m[00:00:04.089,000] [1;31m<err> ac_mcux_lpdac: unsupported value 5282625[0m
[1;31m--- 4 mesages dropped ---
[0m[00:00:04.100,000] [1;3m<err> dac_mcux_lpdac: unsupported value 5282619[0m
[1;31m--- 4 messages dropped ---
[0m[00:00:04.115,00] [0m<inf> oresat_solar2: 4115 5227.500000 3000.000000 15.682500 -205000[0m
[1;31m--- 4 messages dropped --
[0m[00:00:04.129,000] [1;31m<err> dac_mcx_lpdac: unsupported value 5282604[0m
[1;31m--- 4 messages ropped ---
[0m[00:00:04.140,000] [1;31m<err dac_mcux_lpdac: unsupported value 5282598[0m
[1;31m--- 3 mssages dropped ---
[0m[00:00:04.155,000] [0<inf> oresat_solar2: 4155 5228.750000 2960.000000 15.477100 -22500[0m
[1;31m--- 5 messages dropped ---
0m[00:00:04.168,000] [1;31m<err> dac_mcux_lpdac: unsupported value 5282582[0m
[1;31m--- 3 messages droppe ---
[0m[00:00:04.183,000] [0m<inf> oresat_olar2: 4183 5228.750000 2920.000000 15.267950 -235000[0m
[131m--- 5 messages dropped ---
[0m[00:00:04.17,000] [1;31m<err> dac_mcux_lpdac: unsupported value 52825670m
[1;31m--- 2 messages dropped ---
[0m[0000:04.212,000] [0m<inf> oresat_solar2: 4212 5228.750000 2920.000000 15.267950 -247500[0m
[1;31m--- 4 messges dropped ---
[0m[00:00:04.225,000] [1;31m<err> dac_mcux_lpdac: unsupported value 5282552[0m
[1;31m-- 4 messages dropped ---
[0m[00:00:04.237,000] [1;31m<err> dac_mcux_lpdac: unsupported value 5282545[0m
1;31m--- 4 messages dropped ---
[0m[00:00:04.252,000] [0m<inf> oresat_solar2: 4252 5228.750000 2960.00000015.477100 -265000[0m
[1;31m--- 4 messages dopped ---
[0m[00:00:04.265,000] [1;31m<err> dac_mcux_lpdac:unsupported value 5282530[0m
[1;31m--- 3 mesages dropped ---
[0m[00:00:04.277,000] [1;31m<err> dac_mcux_lpdac: unsupported value 5282524[0m
[1;31m-- 4 messages dropped ---
[0m[00:00:04.292,000] [0m<inf> oresat_solar2: 4292 5226.250000 2960.000000 15.46700 -282500[0m
[1;31m--- 5 messages dropped ---
[0m[00:00:04.305,000] [1;31m<err> dac_mcux_lpdac: unsuported value 5282508[0m
[1;31m--- 2 messagesdropped ---
[0m[00:00:04.320,000] [0m<inf> oresat_solar2: 420 5227.500000 2980.000000 15.577950 -295000[m
[1;31m--- 6 messages dropped ---
[0m[00:00:04.334,000] 1;31m<err> dac_mcux_lpdac: unsupported value 582493[0m
[1;31m--- 2 messages dropped ---
[0m[00:00:04.349,000] [0m<inf> oresat_solar2: 4349 5226.25000 2980.000000 15.574225 -307500[0m
[1;31m--- 4 messages dropped ---
[0m[00:00:04.362,000] [1;31m<err> da_mcux_lpdac: unsupported value 5282478[0m
[;31m--- 4 messages dropped ---
[0m[00:00:04.374,000] [1;31merr> dac_mcux_lpdac: unsupported value 5282472[0m
[1;31m--- 4 messages dropped ---
[0m[00:00:04.389,000] [0m<inf> oresat_solar2: 4389 5228.750000 2960000000 15.477100 -325000[0m
[1;31m--- 4 messages dropped ---
[0m[00:00:04.402,000] [1;31m<err> dac_mcuxlpdac: unsupported value 5282456[0m
[1;31m--- 3 messages dropped ---
[0m[00:00:04.414,000] [1;31m<err> ac_mcux_lpdac: unsupported value 5282450[0m
[1;31m--- 4 messages dropped ---
[0m[00:00:04.429,000] [0m<nf> oresat_solar2: 4429 5228.750000 2980.00000 15.581675 -342500[0m
[1;31m--- 5 messages dropped ---
[0[00:00:04.442,000] [1;31m<err> dac_mcux_lpdac unsupported value 5282435[0m
[1;31m--- 2 messages dropped ---
[0m[00:00:04.457,000] [0m<inf> oresat_soar2: 4457 5230.000000 2920.000000 15.271600 -355000[0m
[1;31m--- 3 messages dropped ---
[0m[00:00:04.463000] [0m<inf> oresat_solar2: 4463 5227.5000002920.000000 15.264300 -357500[0m
[1;31m--- 3 messages droppd ---
[0m[00:00:04.474,000] [0m<inf> oresatsolar2: 4474 5228.750000 2960.000000 15.477100 -362500[0m
[;31m--- 3 messages dropped ---
[0m[00:00:04.86,000] [0m<inf> oresat_solar2: 4486 5228.750000 2980.000000 5.581675 -367500[0m
[1;31m--- 3 messages drpped ---
[0m[00:00:04.497,000] [0m<inf> oresat_solar2: 4497 5226.250000 2980.000000 15.574225 -372500[0m[1;31m--- 3 messages dropped ---
[0m[00:00:4.508,000] [0m<inf> oresat_solar2: 4508 5227.500000 2960.00000 15.473400 -377500[0m
[1;31m--- 3 messagesdropped ---
[0m[00:00:04.520,000] [0m<inf> oresat_solar2: 420 5228.750000 2960.000000 15.477100 -382500[m
[1;31m--- 3 messages dropped ---
[0m[00:00:04.531,000] [0m<inf> oresat_solar2: 4531 5228.750000 3000.00000 15.686250 -387500[0m
[1;31m--- 3 messages dropped ---
[0m[00:00:04.543,000] [0m<inf> oresat_solar2 4543 5226.250000 2960.000000 15.469700 -39250[0m
[1;31m--- 3 messages dropped ---
[0m[00:00:04.554,000 [0m<inf> oresat_solar2: 4554 5226.250000 296.000000 15.469700 -397500[0m
[1;31m--- 4 messages dropped --
[0m[00:00:04.567,000] [1;31m<err> dac_mcu_lpdac: unsupported value 5282367[0m
[1;31m--- 2 messages dropped ---
[0m[00:00:04.579,000] [1;31m<err>dac_mcux_lpdac: unsupported value 5282361[0m
[1;31m--- 2 messages dropped ---
[0m[00:00:04.585,000] [1;1m<err> dac_mcux_lpdac: unsupported value 528258[0m
[1;31m--- 1 messages dropped ---
[0m[00:00:04.596,00] [1;31m<err> dac_mcux_lpdac: unsupported vaue 5282352[0m
[1;31m--- 3 messages dropped ---
[0m[00:00:4.605,000] [0m<inf> oresat_solar2: 4605 5228.50000 2980.000000 15.581675 -420000[0m
[1;31m--- 3 messages dropped ---
[0m[00:00:04.617,000] [0m<inf> resat_solar2: 4617 5227.500000 2960.000000 15.473400 -425000[0m
[1;31m--- 3 messages dropped ---
[0m[00:0:04.628,000] [0m<inf> oresat_solar2: 4628 526.250000 2960.000000 15.469700 -430000[0m
[1;31m--- 3 messaes dropped ---
[0m[00:00:04.639,000] [0m<in> oresat_solar2: 4639 5226.250000 2980.000000 15.574225 -43500[0m
[1;31m--- 3 messages dropped ---
[0m[0:00:04.653,000] [1;31m<err> dac_mcux_lpdac: unsupported value 5282321[0m
[1;31m--- 3 messages dropped --
[0m[00:00:04.662,000] [0m<inf> oresat_solar2: 4662 5225.000000 2980.000000 15.570500 -445000[0m
[1;31m-- 3 messages dropped ---
[0m[00:00:04.674,00] [0m<inf> oresat_solar2: 4674 5228.750000 2980.000000 15.58675 -450000[0m
[1;31m--- 3 messages dropped---
[0m[00:00:04.685,000] [0m<inf> oresat_solar2: 4685 5226.250000 2960.000000 15.469700 -455000[0m
[1;1m--- 3 messages dropped ---
[0m[00:00:04.696,000] [0m<inf> oresat_solar2: 4696 5228.750000 2980.000000 15581675 -460000[0m
[1;31m--- 4 messages dropped ---
[0m[00:00:04.708,000] [0m<inf> oresat_solar2: 4708 528.750000 2960.000000 15.477100 -465000[0m
1;31m--- 2 messages dropped ---
[0m[00:00:04.719,000] [0m<if> oresat_solar2: 4719 5228.750000 2980.00000015.581675 -470000[0m
[1;31m--- 3 messages dropped ---
[0m[00:00:04.731,000] [0m<inf> oresat_solar2: 473 5227.500000 2980.000000 15.577950 -475000[0m
[1;31m--- 3 messages dropped ---
[0m[00:00:04.742,000] [0<inf> oresat_solar2: 4742 5227.500000 2920.00000 15.264300 -480000[0m
[1;31m--- 3 messages dropped ---
0m[00:00:04.753,000] [0m<inf> oresat_solar2: 753 5228.750000 2960.000000 15.477100 -485000[0m
[1;31m---  messages dropped ---
[0m[00:00:04.767,000] [1;31m<err> dac_mcux_lpdac: unsupported value 5282259[0m
[1;31m--- 2 messages dropped ---
[0m[00:00:04.78,000] [1;31m<err> dac_mcux_lpdac: unsupported value 5282253[0m
[1;31m--- 3 messages dropped ---
[0m[0000:04.788,000] [0m<inf> oresat_solar2: 4788 528.750000 2920.000000 15.267950 -500000[0m
[1;31m--- 3 messges dropped ---
[0m[00:00:04.801,000] [1;31<err> dac_mcux_lpdac: unsupported value 5282241[0m
[1;31m--- 3 messages dropped ---
[0m[00:00:04.810,000 [0m<inf> oresat_solar2: 4810 5226.250000 2920.000000 15.260650 -510000[0m
[1;31m--- 3 messages dropped --
[0m[00:00:04.822,000] [0m<inf> oresat_solar2: 4822 5228.750000 2960.000000 15.477100 -515000[0m
[1;31--- 3 messages dropped ---
[0m[00:00:04.835,00] [1;31m<err> dac_mcux_lpdac: unsupported value 5282222[0m
[1;31m--- 2 messages dropped ---
[0m[00:0004.841,000] [1;31m<err> dac_mcux_lpdac: unsupported value 5282219[0m
[1;31m--- 4 messages dropped ---
[m[00:00:04.852,000] [1;31m<err> dac_mcux_lpdac: unsupported value 5282213[0m
[1;31m--- 1 messages dropped---
[0m[00:00:04.864,000] [1;31m<err> dac_mcux_lpdac: unsupported value 5282207[0m
[1;31m--- 3 messagesdropped ---
[0m[00:00:04.873,000] [0m<inf> resat_solar2: 4873 5226.250000 2960.000000 15.469700 -537500[m
[1;31m--- 3 messages dropped ---
[0m[00:0:04.887,000] [1;31m<err> dac_mcux_lpdac: unsupported value 5282195[0m
[1;31m--- 3 messages dropped ---
[0m[00:00:04.896,000] [0m<inf> oresat_solar2: 4896 5226.250000 2960.000000 15.469700 -547500[0m
[1;31m---3 messages dropped ---
[0m[00:00:04.907,000] [0m<inf> oresat_solar2: 4907 5228.750000 2920.000000 15.26795 -552500[0m
[1;31m--- 3 messages dropped --
[0m[00:00:04.921,000] [1;31m<err> dac_mcux_lpdac: unsuppored value 5282176[0m
[1;31m--- 3 messages drpped ---
[0m[00:00:04.930,000] [0m<inf> oresat_solar2: 4930 5227.500000 2920.000000 15.264300 -562500[0m[1;31m--- 3 messages dropped ---
[0m[00:00:04.944,000] [1;31m<err> dac_mcux_lpdac: unsupported value 528264[0m
[1;31m--- 2 messages dropped ---
[0[00:00:04.949,000] [1;31m<err> dac_mcux_lpdac: unsupported vaue 5282161[0m
[1;31m--- 4 messages dropped --
[0m[00:00:04.961,000] [1;31m<err> dac_mcux_lpdac: unsupported value 5282155[0m
[1;31m--- 1 messages ropped ---
[0m[00:00:04.972,000] [1;31m<err> dac_mcux_lpdac: unsupported value 5282149[0m
[1;31m--- 3 mssages dropped ---
[0m[00:00:04.981,000] [0m<inf> oresat_solar2: 4981 5226.250000 2980.000000 15.574225 -55000[0m
[1;31m--- 3 messages dropped ---
0m[00:00:04.995,000] [1;31m<err> dac_mcux_lpdac: unsupported alue 5282136[0m
[1;31m--- 3 messages droppe ---
[0m[00:00:05.002,000] [0m<dbg> oresat_blink: handle_blnk: The light is blinking![0m
[1;31m--- 3 mssages dropped ---
[0m[00:00:05.010,000] [0m<inf> oresat_solar2: 5010 5227.500000 2980.000000 15.577950 -57500[0m
[1;31m--- 3 messages dropped ---
[0m[00:00:05.023,000] [1;31m<err> dac_mcux_lpdac: unsupported alue 5282121[0m
[1;31m--- 3 messages dropped ---
[0m[00:00:05.033,000] [0m<inf> oresat_solar2: 5033 522.750000 3000.000000 15.686250 -607500[0m
[131m--- 3 messages dropped ---
[0m[00:00:05.046,000] [1;31m<rr> dac_mcux_lpdac: unsupported value 52821090m
[1;31m--- 4 messages dropped ---
[0m[00:00:05.061,000] [0m<inf> oresat_solar2: 5061 5230.000000 2980.00000 15.585400 -620000[0m
[1;31m--- 3 messages dropped ---
[0m[00:00:05.073,000] [0m<inf> oresat_solar: 5073 5231.250000 2960.000000 15.484500 -625000[0m
[1;31m--- 3 messages dropped ---
[0m[00:00:05.084,00] [0m<inf> oresat_solar2: 5084 5228.750000 290.000000 15.267950 -630000[0m
[1;31m--- 4 messages dropped --
[0m[00:00:05.095,000] [0m<inf> oresat_soar2: 5095 5227.500000 2920.000000 15.264300 -635000[0m
[1;31m--- 3 messages dropped ---
[0m[00:00:05.109000] [1;31m<err> dac_mcux_lpdac: unsupported value 5282075[0m
[1;31m--- 4 messages dropped ---
[0m[00:0:05.120,000] [1;31m<err> dac_mcux_lpdac: unsupported value 5282069[0m
[1;31m--- 1 messages dropped ---
0m[00:00:05.132,000] [1;31m<err> dac_mcux_lpdc: unsupported value 5282063[0m
[1;31m--- 3 messages droppe ---
[0m[00:00:05.143,000] [1;31m<err> dac_cux_lpdac: unsupported value 5282056[0m
[1;31m--- 3 message dropped ---
[0m[00:00:05.152,000] [0m<inf>oresat_solar2: 5152 5231.250000 2960.000000 15.484500 -660000[0m
[1;31m--- 3 messages dropped ---
[0m[0000:05.164,000] [0m<inf> oresat_solar2: 5164 5228.750000 2960.000000 15.477100 -665000[0m
[1;31m--- 3 messges dropped ---
[0m[00:00:05.177,000] [1;31<err> dac_mcux_lpdac: unsupported value 5282038[0m
[1;31m-- 2 messages dropped ---
[0m[00:00:05.183,000 [1;31m<err> dac_mcux_lpdac: unsupported value 5282035[0m
1;31m--- 4 messages dropped ---
[0m[00:00:05194,000] [1;31m<err> dac_mcux_lpdac: unsupported value 528202[0m
[1;31m--- 2 messages dropped ---
[0m[0:00:05.206,000] [1;31m<err> dac_mcux_lpdac: unsupported value 5282023[0m
[1;31m--- 3 messages dropped --
[0m[00:00:05.217,000] [1;31m<err> dac_mcux_lpdac: unsupported value 5282016[0m
[1;31m--- 2 messages drpped ---
[0m[00:00:05.229,000] [1;31m<err> ac_mcux_lpdac: unsupported value 5282010[0m
[1;31m--- 3 mesages dropped ---
[0m[00:00:05.234,000] [1;3m<err> dac_mcux_lpdac: unsupported value 5282007[0m
[1;31m--- 3 messages dropped ---
[0m[00:00:05.246,00] [1;31m<err> dac_mcux_lpdac: unsupported value 5282001[0m
[1;31m--- 2 messages dropped ---
[0m[00:00:0.257,000] [1;31m<err> dac_mcux_lpdac: unsupported value 5281995[0m
[1;31m--- 3 messages dropped ---
[0m00:00:05.266,000] [0m<inf> oresat_solar2: 526 5228.750000 2920.000000 15.267950 -710000[0m
[1;31m--- 3 mssages dropped ---
[0m[00:00:05.280,000] [131m<err> dac_mcux_lpdac: unsupported value 5281983[0m
[1;31--- 3 messages dropped ---
[0m[00:00:05.289,00] [0m<inf> oresat_solar2: 5289 5228.750000 2960.000000 15.477100 -720000[0m
[1;31m--- 3 messages droppe ---
[0m[00:00:05.303,000] [1;31m<err> dac_mcux_lpdac: unsupported value 5281970[0m
[1;31m--- 2 message dropped ---
[0m[00:00:05.312,000] [0m<inf>oresat_solar2: 5312 5228.750000 2960.000000 15.477100 -7300000m
[1;31m--- 4 messages dropped ---
[0m[0000:05.326,000] [1;31m<err> dac_mcux_lpdac: unsupported value 5281958[0m
[1;31m--- 2 messages dropped ---[0m[00:00:05.331,000] [1;31m<err> dac_mcux_lpdac: unsupported value 5281955[0m
[1;31m--- 2 messages droped ---
[0m[00:00:05.343,000] [1;31m<err> da_mcux_lpdac: unsupported value 5281949[0m
[1;31m--- 3 messaes dropped ---
[0m[00:00:05.354,000] [1;31merr> dac_mcux_lpdac: unsupported value 5281943[0m
[1;31m---3 messages dropped ---
[0m[00:00:05.363,000][0m<inf> oresat_solar2: 5363 5228.750000 2900.000000 15.163375 -752500[0m
[1;31m--- 3 messages dropped --
[0m[00:00:05.375,000] [0m<inf> oresat_sola2: 5375 5228.750000 2960.000000 15.477100 -757500[0m
[1;31m-- 3 messages dropped ---
[0m[00:00:05.388,00] [1;31m<err> dac_mcux_lpdac: unsupported value 5281924[0m
[1;31m--- 3 messages dropped ---
[0m[00:00:5.400,000] [1;31m<err> dac_mcux_lpdac: unsupported value 5281918[0m
[1;31m--- 2 messages dropped ---
[0[00:00:05.409,000] [0m<inf> oresat_solar2: 549 5228.750000 2960.000000 15.477100 -772500[0m
[1;31m--- 3 essages dropped ---
[0m[00:00:05.420,000] [m<inf> oresat_solar2: 5420 5228.750000 2960.000000 15.477100 -777500[0m
[1;31m--- 3 messages dropped ---
[0m[00:00:05.432,000] [0m<inf> oresat_solar2: 5432 5228.750000 2960.000000 15.477100 -782500[0m
[1;31m---4 messages dropped ---
[0m[00:00:05.443,000] [0m<inf> oresat_solar2: 5443 5228.750000 2980.000000 15.58167 -787500[0m
[1;31m--- 3 messages dropped --
[0m[00:00:05.455,000] [0m<inf> oresat_solar2: 5455 5228.75000 2920.000000 15.267950 -792500[0m
[1;31m-- 3 messages dropped ---
[0m[00:00:05.466,000] [0m<inf> oresat_solar2: 5466 5228.750000 2960.000000 15.47100 -797500[0m
[1;31m--- 3 messages dropped ---
[0m[00:0005.477,000] [0m<inf> oresat_solar2: 547w 5228[00:00:00000,000] [1ûÿ[00:00:00.000,000] ?
Terminating...
Thanks for using picocom
