picocom v2024-07

port is        : /dev/ttyACM2
flowcontrol    : none
baudrate is    : 115200
parity is      : none
databits are   : 8
stopbits are   : 1
txdelay is     : 0 ns
escape is      : C-a
local echo is  : no
noinit is      : no
noreset is     : no
hangup is      : no
nolock is      : no
send_cmd is    : sz -vv
receive_cmd is : rz -vv -E
imap is        : 
omap is        : 
emap is        : crcrlf,delbs,
logfile is     : none
initstring     : none
exit_after is  : not set
exit is        : no
minimal cmds is: no

Type [C-a] [C-h] to see available commands
Terminal ready
*** Booting Zephyr OS build v4.2.0 ***

[00:00:00.002,000] [0m<inf> oresat_mcxn947_slar: Oresat MCXN947 Solar Board App
[0m
[00:00:00.002,000] 0m<inf> oresat_blink: Starting blink demo[0m[00:00:00.002,000] [0m<dbg> oresat_blink: handle_blink: The light is blinking![0m
[00:00:00.002,000] [0m<nf> oresat_solar2: Starting Solar Tracking...0m
[00:00:00.002,000] [1;31m<err> mcux_lpi2c: SCL GPIO device not ready[0m
[00:00:00.002,000] [0m<inf> oesat_solar2: Starting INA226 reading[0m
[00:00:00.005,000] [0m<inf> oresat_solar2: 5 5022.500000 -540.00000 -2.712150 1597500[0m
[00:00:00.011,000] [0m<inf> oresat_solar2: 11 5056.250000 80.000000 0.404500 159500[0m
[00:00:00.017,000] [0m<inf> oresat_sola2: 17 5028.750000 60.000000 0.301725 1592500[0m
[00:00:00.02,000] [0m<inf> oresat_solar2: 22 5058.750000 0.000000 0.404700 1590000[0m
[00:00:00.028,000] [0m<inf> oresat_solar2: 28 5088.750000 80.000000 0.407100 587500[0m
[00:00:00.034,000] [0m<inf> oresat_solar2: 34 5116.250000 60.000000 0.306975 1585000[0m
[00:0000.039,000] [0m<inf> oresat_solar2: 39 5137.50000 80.000000 0.411000 1582500[0m
[00:00:00.045,000] [0m<if> oresat_solar2: 45 5158.750000 0.000000 0.00000 1580000[0m
[00:00:00.051,000] [0m<inf> oresat_solar2: 51 5176.250000 60.000000 0.310575 1577500[0m
[0:00:00.057,000] [0m<inf> oresat_solar2: 57 5188.750000 60.000000 0.311325 1575000[0m
[00:00:00.062,000] 0m<inf> oresat_solar2: 62 5203.750000 20.00000 0.104075 1572500[0m
[00:00:00.068,000] [0m<inf> oresat_solar2: 68 5216.250000 60.000000 0.312975 15700000m
[00:00:00.074,000] [0m<inf> oresat_solar2: 74 5227.500000 60.000000 0.313650 1567500[0m
[00:00:00.079,00] [0m<inf> oresat_solar2: 79 5238.750000 20000000 0.104775 1565000[0m
[00:00:00.085,000] [0m<inf> orest_solar2: 85 5243.750000 20.000000 0.104875 152500[0m
[00:00:00.091,000] [0m<inf> oresat_solar2: 91 5253.750000 20.000000 0.105075 1560000[0m
[00:00:0.096,000] [0m<inf> oresat_solar2: 96 5262.500000 80.000000 0.421000 1557500[0m
[00:00:00.102,000] [0m<inf oresat_solar2: 102 5268.750000 60.000000 0.31125 1555000[0m
[00:00:00.108,000] [0m<inf> oresat_solar2: 18 5275.000000 80.000000 0.422000 1552500[0m
00:00:00.114,000] [0m<inf> oresat_solar2: 114 5278.750000 60.000000 0.316725 1550000[0m
[00:00:00.119,000][0m<inf> oresat_solar2: 119 5283.750000 60.00000 0.317025 1547500[0m
[00:00:00.125,000] [0m<inf> oresat_olar2: 125 5288.750000 80.000000 0.423100 154500[0m
[00:00:00.131,000] [0m<inf> oresat_solar2: 131 5293.750000 0.000000 0.000000 1542500[0m
[00:00:00.36,000] [0m<inf> oresat_solar2: 136 5297.500000 0.000000 0.000000 1540000[0m
[00:00:00.142,000] [0m<inf> resat_solar2: 142 5301.250000 20.000000 0.10605 1537500[0m
[00:00:00.148,000] [0m<inf> oresat_solar2: 148 5305.000000 60.000000 0.318300 1535000[0m
[0:00:00.153,000] [0m<inf> oresat_solar2: 153 5300.000000 2200.000000 11.660000 1532500[0m
[00:00:00.159,000 [0m<inf> oresat_solar2: 159 5301.250000 3400.000000 18.024250 1530000[0m
[00:00:00.165,000] [0m<inf> oreat_solar2: 165 5305.000000 3260.000000 17.29430 1527500[0m
[00:00:00.171,000] [0m<inf> oresat_solar2: 1715306.250000 2680.000000 14.220750 1525000[0m[00:00:00.176,000] [0m<inf> oresat_solar2: 176 5310.000000 2760.000000 14.655600 1522500[0m
[00:00:00.182,00] [0m<inf> oresat_solar2: 182 5311.250000 2760.000000 14.659050 1520000[0m
[00:00:00.188,000] [0m<inf> resat_solar2: 188 5312.500000 2680.000000 14.27500 1517500[0m
[00:00:00.193,000] [0m<inf> oresat_solar2: 193 5313.750000 2720.000000 14.453400 1515000[m
[00:00:00.199,000] [0m<inf> oresat_solar2: 199 5316.250000 2760.000000 14.672850 1512500[0m
[00:00:00.25,000] [0m<inf> oresat_solar2: 205 5318.75000 2720.000000 14.467000 1510000[0m
[00:00:00.210,000] [0m<in> oresat_solar2: 210 5318.750000 2760.000000 1.679750 1507500[0m
[00:00:00.216,000] [0m<inf> oresat_solar: 216 5320.000000 2780.000000 14.789600 150500[0m
[00:00:00.222,000] [0m<inf> oresat_solar2: 222 5322.500000 2780.000000 14.796550 1502500[0m
[00:00:0.228,000] [0m<inf> oresat_solar2: 228 5320.00000 2780.000000 14.789600 1500000[0m
[00:00:00.233,000] [0minf> oresat_solar2: 233 5322.500000 2720.00000 14.477200 1497500[0m
[00:00:00.239,000] [0m<inf> oresat_solar2: 239 5323.750000 2800.000000 14.906500 149000[0m
[00:00:00.245,000] [0m<inf> oresat_solar2: 245 5325.000000 2780.000000 14.803500 1492500[0m
[00:0:00.250,000] [0m<inf> oresat_solar2: 250 5326250000 2800.000000 14.913500 1490000[0m
[00:00:00.256,000] 0m<inf> oresat_solar2: 256 5325.000000 2780.00000 14.803500 1487500[0m
[00:00:00.262,000] [0m<inf> oresat_solar2: 262 5326.250000 2800.000000 14.913500 485000[0m
[00:00:00.267,000] [0m<inf> oresat_solar2: 267 5327.500000 2780.000000 14.810450 1482500[0m
[0:00:00.273,000] [0m<inf> oresat_solar2: 273 530.000000 2800.000000 14.924000 1480000[0m
[00:00:00.279,000 [0m<inf> oresat_solar2: 279 5326.250000 2780000000 14.806975 1477500[0m
[00:00:00.285,000] [0m<inf> oresat_solar2: 285 5328.750000 2780.000000 14.81395 1475000[0m
[00:00:00.290,000] [0m<inf> oresat_solar2: 290 5327.500000 2800.000000 14.917000 1472500[0m[00:00:00.296,000] [0m<inf> oresat_solar2: 296 5327.500000 2800.000000 14.917000 1470000[0m
[00:00:00.302,00] [0m<inf> oresat_solar2: 302 5327.500000 200.000000 14.917000 1467500[0m
[00:00:00.307,000] [0m<inf> resat_solar2: 307 5330.000000 2820.000000 15.00600 1465000[0m
[00:00:00.313,000] [0m<inf> oresat_solar2: 13 5330.000000 2820.000000 15.030600 1462500[m
[00:00:00.319,000] [0m<inf> oresat_solar2: 319 5328.750000 2860.000000 15.240225 1460000[0m
[00:00:00.34,000] [0m<inf> oresat_solar2: 324 5330.00000 2860.000000 15.243800 1457500[0m
[00:00:00.330,000] [0m<in> oresat_solar2: 330 5330.000000 2860.000000 1.243800 1455000[0m
[00:00:00.336,000] [0m<inf> oresat_solar2: 336 5332.500000 2800.000000 14.931000 145250[0m
[00:00:00.342,000] [0m<inf> oresat_solar2: 342 5332.500000 2820.000000 15.037650 1450000[0m
[00:00:0.347,000] [0m<inf> oresat_solar2: 347 5331.25000 2820.000000 15.034125 1447500[0m
[00:00:00.353,000] [0minf> oresat_solar2: 353 5330.000000 2880.00000 15.350400 1445000[0m
[00:00:00.359,000] [0m<inf> oresat_solar2: 359 5331.250000 2820.000000 15.034125 144500[0m
[00:00:00.364,000] [0m<inf> oresat_solar2: 364 5330.000000 2800.000000 14.924000 1440000[0m
[00:0:00.370,000] [0m<inf> oresat_solar2: 370 5332500000 2820.000000 15.037650 1437500[0m
[00:00:00.376,000] 0m<inf> oresat_solar2: 376 5332.500000 2800.00000 14.931000 1435000[0m
[00:00:00.381,000] [0m<inf> oresat_solar2: 381 5330.000000 2780.000000 14.817400 432500[0m
[00:00:00.387,000] [0m<inf> oresat_solar2: 387 5331.250000 2820.000000 15.034125 1430000[0m
[0:00:00.393,000] [0m<inf> oresat_solar2: 393 530.000000 2820.000000 15.030600 1427500[0m
[00:00:00.399,000 [0m<inf> oresat_solar2: 399 5330.000000 2800000000 14.924000 1425000[0m
[00:00:00.404,000] [0m<inf> oresat_solar2: 404 5330.000000 2860.000000 15.24380 1422500[0m
[00:00:00.410,000] [0m<inf> oresat_solar2: 410 5332.500000 2820.000000 15.037650 1420000[0m[00:00:00.416,000] [0m<inf> oresat_solar2: 416 5332.500000 2820.000000 15.037650 1417500[0m
[00:00:00.421,00] [0m<inf> oresat_solar2: 421 5331.250000 260.000000 15.247375 1415000[0m
[00:00:00.427,000] [0m<inf> resat_solar2: 427 5332.500000 2800.000000 14.91000 1412500[0m
[00:00:00.433,000] [0m<inf> oresat_solar2: 433 5331.250000 2820.000000 15.034125 1410000[m
[00:00:00.438,000] [0m<inf> oresat_solar2: 438 5333.750000 2820.000000 15.041175 1407500[0m
[00:00:00.44,000] [0m<inf> oresat_solar2: 444 5331.25000 2820.000000 15.034125 1405000[0m
[00:00:00.450,000] [0m<in> oresat_solar2: 450 5332.500000 2800.000000 1.931000 1402500[0m
[00:00:00.456,000] [0m<inf> oresat_solar2: 456 5330.000000 2860.000000 15.243800 140000[0m
[00:00:00.461,000] [0m<inf> oresat_solar2: 461 5332.500000 2860.000000 15.250950 1397500[0m
[00:00:0.467,000] [0m<inf> oresat_solar2: 467 5331.25000 2860.000000 15.247375 1395000[0m
[00:00:00.473,000] [0minf> oresat_solar2: 473 5330.000000 2820.00000 15.030600 1392500[0m
[00:00:00.478,000] [0m<inf> oresat_soar2: 478 5331.250000 2860.000000 15.247375 139000[0m
[00:00:00.484,000] [0m<inf> oresat_solar2: 484 5330.000000 2800.000000 14.924000 1387500[0m
[00:0:00.490,000] [0m<inf> oresat_solar2: 490 5331.250000 2820.000000 15.034125 1385000[0m
[00:00:00.495,000] 0m<inf> oresat_solar2: 495 5331.250000 2820.00000 15.034125 1382500[0m
[00:00:00.501,000] [0m<inf> oresatsolar2: 501 5331.250000 2820.000000 15.034125 380000[0m
[00:00:00.507,000] [0m<inf> oresat_solar2: 507 5331.250000 2860.000000 15.247375 1377500[0m
[0:00:00.513,000] [0m<inf> oresat_solar2: 513 5331.250000 2860.000000 15.247375 1375000[0m
[00:00:00.518,000 [0m<inf> oresat_solar2: 518 5332.500000 2860000000 15.250950 1372500[0m
[00:00:00.524,000] [0m<inf> oreat_solar2: 524 5332.500000 2860.000000 15.25090 1370000[0m
[00:00:00.530,000] [0m<inf> oresat_solar2: 530 5330.000000 2820.000000 15.030600 1367500[0m[00:00:00.535,000] [0m<inf> oresat_solar2: 53 5331.250000 2860.000000 15.247375 1365000[0m
[00:00:00.541,00] [0m<inf> oresat_solar2: 541 5331.250000 260.000000 15.247375 1362500[0m
[00:00:00.547,000] [0m<inf> oresat_solar2: 547 5331.250000 2800.000000 14.97500 1360000[0m
[00:00:00.552,000] [0m<inf> oresat_solar2: 52 5331.250000 2860.000000 15.247375 1357500[m
[00:00:00.558,000] [0m<inf> oresat_solar2: 558 5331.250000 2860.000000 15.247375 1355000[0m
[00:00:00.54,000] [0m<inf> oresat_solar2: 564 5332.50000 2820.000000 15.037650 1352500[0m
[00:00:00.570,000] [0m<inf> oresat_solar2: 570 5331.250000 2800.000000 1.927500 1350000[0m
[00:00:00.575,000] [0m<inf> oresat_solar2: 575 5331.250000 2860.000000 15.247375 134750[0m
[00:00:00.581,000] [0m<inf> oresat_solar2: 581 5332.500000 2860.000000 15.250950 1345000[0m
[00:00:0.587,000] [0m<inf> oresat_solar2: 587 5332.50000 2860.000000 15.250950 1342500[0m
[00:00:00.592,000] [0minf> oresat_solar2: 592 5331.250000 2820.00000 15.034125 1340000[0m
[00:00:00.598,000] [0m<inf> oresat_solar2: 598 5331.250000 2820.000000 15.034125 133500[0m
[00:00:00.604,000] [0m<inf> oresat_solar2: 604 5330.000000 2860.000000 15.243800 1335000[0m
[00:0:00.609,000] [0m<inf> oresat_solar2: 609 5330.000000 2820.000000 15.030600 1332500[0m
[00:00:00.615,000] 0m<inf> oresat_solar2: 615 5331.250000 2800.00000 14.927500 1330000[0m
[00:00:00.621,000] [0m<inf> oresatsolar2: 621 5331.250000 2820.000000 15.034125 327500[0m
[00:00:00.627,000] [0m<inf> oresat_solar2: 627 532.500000 2820.000000 15.037650 1325000[0m
[0:00:00.632,000] [0m<inf> oresat_solar2: 632 5331.250000 2820.00000 15.034125 1322500[0m
[00:00:00.638,000 [0m<inf> oresat_solar2: 638 5332.500000 2860.000000 15.250950 1320000[0m
[00:00:00.644,000] [0m<inf> oreat_solar2: 644 5332.500000 2800.000000 14.93100 1317500[0m
[00:00:00.649,000] [0m<inf> oresat_solar2: 6495328.750000 2820.000000 15.027075 1315000[0m[00:00:00.655,000] [0m<inf> oresat_solar2: 655 5331.250000 2800.000000 14.927500 1312500[0m
[00:00:00.661,00] [0m<inf> oresat_solar2: 661 5330.000000 2820.000000 15.030600 1310000[0m
[00:00:00.666,000] [0m<inf> resat_solar2: 666 5330.000000 2860.000000 15.243800 1307500[0m
[00:00:00.672,000] [0m<inf> oresat_solar2: 72 5330.000000 2860.000000 15.243800 1305000[m
[00:00:00.678,000] [0m<inf> oresat_solar2: 678 5331.250000 2860.000000 15.247375 1302500[0m
[00:00:00.64,000] [0m<inf> oresat_solar2: 684 5330.000000 2860.000000 15.243800 1300000[0m
[00:00:00.689,000] [0m<in> oresat_solar2: 689 5331.250000 2880.000000 15.354000 1297500[0m
[00:00:00.695,000] [0m<inf> oresat_solar: 695 5330.000000 2820.000000 15.030600 1295000[0m
[00:00:00.701,000] [0m<inf> oresat_solar2: 701 5330.00000 2860.000000 15.243800 1292500[0m
[00:00:0.706,000] [0m<inf> oresat_solar2: 706 5330.000000 2860.00000015.243800 1290000[0m
[00:00:00.712,000] [0minf> oresat_solar2: 712 5330.000000 2800.000000 14.924000 128700[0m
[00:00:00.718,000] [0m<inf> oresat_soar2: 718 5330.000000 2860.000000 15.243800 1285000[0m
[00:00:00.723,000] [0m<inf> oresat_solar2: 723 5330.00000 2860.000000 15.243800 1282500[0m
[00:00:00.729,000] [0m<inf> oresat_solar2: 729 5331.250000 2820.00000 15.034125 1280000[0m
[00:00:00.735,000] [0m<inf> oresat_solar2: 735 5328.750000 2860.000000 15.240225 177500[0m
[00:00:00.741,000] [0m<inf> oresatsolar2: 741 5330.000000 2860.000000 15.243800 1275000[0m
[0000:00.746,000] [0m<inf> oresat_solar2: 746 530.000000 2820.000000 15.030600 1272500[0m
[00:00:00.752,000][0m<inf> oresat_solar2: 752 5331.250000 2820.00000 15.034125 1270000[0m
[00:00:00.758,000] [0m<inf> oresat_solar2: 758 5332.500000 2860.000000 15.25095 1267500[0m
[00:00:00.763,000] [0m<inf> oresat_solar2: 763 5328.750000 2820.000000 15.027075 1265000[0m
00:00:00.769,000] [0m<inf> oresat_solar2: 7695332.500000 2820.000000 15.037650 1262500[0m
[00:00:00.775,00] [0m<inf> oresat_solar2: 775 5330.000000 280.000000 15.030600 1260000[0m
[00:00:00.780,000] [0m<inf> oesat_solar2: 780 5331.250000 2780.000000 14.82875 1257500[0m
[00:00:00.786,000] [0m<inf> oresat_solar2: 786 5328.750000 2820.000000 15.027075 1255000[0
[00:00:00.792,000] [0m<inf> oresat_solar2: 792 5330.000000 2860.000000 15.243800 1252500[0m
[00:00:00.79,000] [0m<inf> oresat_solar2: 798 5330.000000 2820.000000 15.030600 1250000[0m
[00:00:00.803,000] [0m<inf oresat_solar2: 803 5330.000000 2900.000000 15457000 1247500[0m
[00:00:00.809,000] [0m<inf> oresat_solar2 809 5331.250000 2820.000000 15.034125 1245000[0m
[00:00:00.815,000] [0m<inf> oresat_solar2: 815 5330.000000 2860.000000 15.243800 1242500[0m
[00:00:00820,000] [0m<inf> oresat_solar2: 820 5330.000000 2860.000000 15.243800 1240000[0m
[00:00:00.826,000] [0m<nf> oresat_solar2: 826 5330.000000 2880.00000015.350400 1237500[0m
[00:00:00.832,000] [0m<inf> oresat_solr2: 832 5328.750000 2860.000000 15.240225 123500[0m
[00:00:00.837,000] [0m<inf> oresat_solar2: 837 5330.00000 2820.000000 15.030600 1232500[0m
[00:0000.843,000] [0m<inf> oresat_solar2: 843 5330.000000 2860.000000 15.243800 1230000[0m
[00:00:00.849,000] [m<inf> oresat_solar2: 849 5330.000000 2860.000000 15.243800 1227500[0m
[00:00:00.855,000] [0m<inf> oresat_olar2: 855 5327.500000 2860.000000 15.236650 125000[0m
[00:00:00.860,000] [0m<inf> oresat_solar2: 860 533.000000 2860.000000 15.243800 1222500[0m
[0000:00.866,000] [0m<inf> oresat_solar2: 866 5328.750000 2860.000000 15.240225 1220000[0m
[00:00:00.872,000][0m<inf> oresat_solar2: 872 5330.000000 2860.00000 15.243800 1217500[0m
[00:00:00.877,000] [0m<inf> orest_solar2: 877 5328.750000 2860.000000 15.24022 1215000[0m
[00:00:00.883,000] [0m<inf> oresat_solar2: 883 5330.000000 2820.000000 15.030600 1212500[0m
00:00:00.889,000] [0m<inf> oresat_solar2: 889 5330.000000 2820.000000 15.030600 1210000[0m
[00:00:00.894,00] [0m<inf> oresat_solar2: 894 5330.000000 2820.000000 15.030600 1207500[0m
[00:00:00.900,000] [0m<inf> oesat_solar2: 900 5328.750000 2860.000000 15.24225 1205000[0m
[00:00:00.906,000] [0m<inf> oresat_solar2: 96 5330.000000 2880.000000 15.350400 1202500[0
[00:00:00.912,000] [0m<inf> oresat_solar2: 912 5330.000000 2860.000000 15.243800 1200000[0m
[00:00:00.91,000] [0m<inf> oresat_solar2: 917 5330.000000 2860.000000 15.243800 1197500[0m
[00:00:00.923,000] [0m<inf oresat_solar2: 923 5328.750000 2860.000000 15240225 1195000[0m
[00:00:00.929,000] [0m<inf> oresat_solar2 929 5331.250000 2820.000000 15.034125 1192500[0m
[00:00:00.934,000] [0m<inf> oresat_solar2: 934 5328.75000 2860.000000 15.240225 1190000[0m
[00:00:00940,000] [0m<inf> oresat_solar2: 940 5327.500000 2800.000000 14.917000 1187500[0m
[00:00:00.946,000] [0m<nf> oresat_solar2: 946 5328.750000 2800.00000014.920500 1185000[0m
[00:00:00.951,000] [0m<inf> oresat_solr2: 951 5328.750000 2820.000000 15.027075 118200[0m
[00:00:00.957,000] [0m<inf> oresat_solar2: 957 5328.70000 2880.000000 15.346800 1180000[0m
[00:0000.963,000] [0m<inf> oresat_solar2: 963 5328.750000 2820.000000 15.027075 1177500[0m
[00:00:00.969,000] [m<inf> oresat_solar2: 969 5328.750000 2860.000000 15.240225 1175000[0m
[00:00:00.974,000] [0m<inf> oresat_olar2: 974 5328.750000 2860.000000 15.240225 172500[0m
[00:00:00.980,000] [0m<inf> oresat_solar2: 980 532.750000 2860.000000 15.240225 1170000[0m
[0000:00.986,000] [0m<inf> oresat_solar2: 986 5330.000000 2820.00000 15.030600 1167500[0m
[00:00:00.991,000][0m<inf> oresat_solar2: 991 5327.500000 2860.000000 15.236650 1165000[0m
[00:00:00.997,000] [0m<inf> orest_solar2: 997 5328.750000 2860.000000 15.240225 1162500[0m
[00:00:01.002,000] [0m<dbg> oresat_blink: handl_blink: The light is blinking![0m
[00:00:01.03,000] [0m<inf> oresat_solar2: 1003 5328.750000 2860.000000 5.240225 1160000[0m
[00:00:01.009,000] [0m<nf> oresat_solar2: 1009 5330.000000 2860.000000 15.243800 1157500[0m
[00:00:01.014,000] [0m<inf> oresat_soar2: 1014 5331.250000 2860.000000 15.247375 1155000[0m
[00:00:01.020,000] [0m<inf> oresat_solar2: 1020 533.000000 2860.000000 15.243800 1152500[0m
[0000:01.026,000] [0m<inf> oresat_solar2: 1026 5331.250000 2880.00000 15.354000 1150000[0m
[00:00:01.031,000 [0m<inf> oresat_solar2: 1031 5327.500000 2860.000000 15.23660 1147500[0m
[00:00:01.037,000] [0m<inf> orsat_solar2: 1037 5330.000000 2880.000000 15.350400 1145000[0m
[00:00:01.043,000] [0m<inf> oresat_solar2: 143 5331.250000 2820.000000 15.034125 1142500[0m
[00:00:01.048,000] [0m<inf> oresat_solar2: 1048 5330.00000 2820.000000 15.030600 1140000[0m
[00:00:01.54,000] [0m<inf> oresat_solar2: 1054 5328.750000 2860.000000 5.240225 1137500[0m
[00:00:01.060,000] [0m<nf> oresat_solar2: 1060 5328.750000 2820.000000 15.027075 1135000[0m
[00:00:01.066,000] [0m<inf> oresat_soar2: 1066 5330.000000 2860.000000 15.243800 1132500[0m
[00:00:01.071,000] [0m<inf> oresat_solar2: 1071 532.500000 2860.000000 15.236650 1130000[0m
[00:00:01.077,000] [0m<inf> oresat_solar2: 1077 5331.250000 2880.00000 15.354000 1127500[0m
[00:00:01.083,000 [0m<inf> oresat_solar2: 1083 5328.750000 2860.000000 15.24025 1125000[0m
[00:00:01.088,000] [0m<inf> orsat_solar2: 1088 5331.250000 2880.000000 15.354000 1122500[0m
[00:00:01.094,000] [0m<inf> oresat_solar2: 194 5330.000000 2860.000000 15.243800 1120000[0m
[00:00:01.100,000] [0m<inf> oresat_solar2: 1100 5330.00000 2860.000000 15.243800 1117500[0m
[00:00:01.105,000] [0m<inf> oresat_solar2: 1105 5330.000000 2800.000000 4.924000 1115000[0m
[00:00:01.111,000] [0m<inf> oresat_solar2: 1111 5328.750000 2880.000000 15.346800 111200[0m
[00:00:01.117,000] [0m<inf> oresat_soar2: 1117 5328.750000 2860.000000 15.240225 1110000[0m
[00:0:01.123,000] [0m<inf> oresat_solar2: 1123 532.500000 2860.000000 15.236650 1107500[0m
[00:00:01.128,000] [0m<inf> oresat_solar2: 1128 5330.000000 2820.00000 15.030600 1105000[0m
[00:00:01.134,000] [0m<inf> orest_solar2: 1134 5328.750000 2860.000000 15.24025 1102500[0m
[00:00:01.140,000] [0m<inf> oresat_solar2: 1140 5328.750000 2860.000000 15.240225 1100000[0m
[00:00:01.145,000] [0m<inf> oresat_solar2: 1145 5328.750000 2820.000000 15.027075 1097500[0m
[00:00:01.15,000] [0m<inf> oresat_solar2: 1151 5331.25000 2820.000000 15.034125 1095000[0m
[00:00:01.157,000] [0m<in> oresat_solar2: 1157 5327.500000 2820.000000 5.023550 1092500[0m
[00:00:01.162,000] [0m<inf> oresat_solar2: 1162 5328.750000 2880.000000 15.346800 109000[0m
[00:00:01.168,000] [0m<inf> oresat_solar2: 1168 5328.750000 2820.000000 15.027075 1087500[0m
[00:0:01.174,000] [0m<inf> oresat_solar2: 1174 5328.750000 2820.000000 15.027075 1085000[0m
[00:00:01.180,000] [0m<inf> oresat_solar2: 1180 5327.500000 2860.000000 15.236650 1082500[0m
[00:00:01.185,000] [0m<inf> orest_solar2: 1185 5330.000000 2860.000000 15.24380 1080000[0m
[00:00:01.191,000] [0m<inf> oresat_solar2: 119 5331.250000 2860.000000 15.247375 1077500[0m
[00:00:01.197,000] [0m<inf> oresat_solar2: 1197 5330.000000 2860.000000 15.243800 1075000[0m
[00:00:01.20,000] [0m<inf> oresat_solar2: 1202 5330.000000 2820.000000 15.030600 1072500[0m
[00:00:01.208,000] [0m<in> oresat_solar2: 1208 5330.000000 2820.000000 15.030600 1070000[0m
[00:00:01.214,000] [0m<inf> oresat_sola2: 1214 5331.250000 2820.000000 15.034125 106700[0m
[00:00:01.219,000] [0m<inf> oresat_solar2: 1219 5331.50000 2860.000000 15.247375 1065000[0m
[00:0:01.225,000] [0m<inf> oresat_solar2: 1225 5330.000000 2860.00000 15.243800 1062500[0m
[00:00:01.231,000] [0m<inf> oresat_solar2: 1231 5330.000000 2860.000000 15.243800 1060000[0m
[00:00:01.237,000] [0m<inf> orest_solar2: 1237 5330.000000 2860.000000 15.24380 1057500[0m
[00:00:01.242,000] [0m<inf> oresat_solar2: 124 5331.250000 2820.000000 15.034125 1055000[0m
[00:00:01.248,000] [0m<inf> oresat_solar2: 1248 5328.750000 2860.000000 15.240225 1052500[0m
[00:00:01.25,000] [0m<inf> oresat_solar2: 1254 5328.750000 2860.000000 15.240225 1050000[0m
[00:00:01.259,000] [0m<in> oresat_solar2: 1259 5328.750000 2860.000000 15.240225 1047500[0m
[00:00:01.265,000] [0m<inf> oresat_sola2: 1265 5328.750000 2880.000000 15.346800 104500[0m
[00:00:01.271,000] [0m<inf> oresat_solar2: 1271 5328.50000 2880.000000 15.346800 1042500[0m
[00:0:01.276,000] [0m<inf> oresat_solar2: 1276 5328.750000 2860.00000 15.240225 1040000[0m
[00:00:01.282,000] [0m<inf> oresat_solar2: 1282 5328.750000 2800.000000 14.920500 1037500[0m
[00:00:01.288,000] [0m<inf> orest_solar2: 1288 5330.000000 2820.000000 15.030600 1035000[0m
[00:00:01.294,000] [0m<inf> oresat_solar2: 129 5331.250000 2800.000000 14.927500 1032500[0m
[00:00:01.299,000] [0m<inf> oresat_solar2: 1299 5330.000000 860.000000 15.243800 1030000[0m
[00:00:01.30,000] [0m<inf> oresat_solar2: 1305 5330.000000 2900.000000 15457000 1027500[0m
[00:00:01.311,000] [0m<in> oresat_solar2: 1311 5328.750000 2800.000000 14.920500 1025000[0m
[00:00:01.316,000] [0m<inf> oresat_sola2: 1316 5328.750000 2860.000000 15.240225 1022500[0m
[00:00:01.322,000] [0m<inf> oresat_solar2: 1322 5328.50000 2900.000000 15.453375 1020000[0m
[00:0:01.328,000] [0m<inf> oresat_solar2: 1328 5328.750000 2820.00000 15.027075 1017500[0m
[00:00:01.333,000] [0m<inf> oresat_solar2: 1333 5328.750000 2860.000000 15.2402251015000[0m
[00:00:01.339,000] [0m<inf> orest_solar2: 1339 5328.750000 2860.000000 15.240225 1012500[0m
[00:00:01.345,000] [0m<inf> oresat_solar2: 134 5328.750000 2800.000000 14.920500 1010000[0m
[00:00:01.351,000] [0m<inf> oresat_solar2: 1351 5327.500000 820.000000 15.023550 1007500[0m
[00:00:01.356,000] [0m<inf> oresat_solar2: 1356 5330.000000 2860.000000 15243800 1005000[0m
[00:00:01.362,000] [0m<in> oresat_solar2: 1362 5328.750000 2860.000000 15.240225 100250[0m
[00:00:01.368,000] [0m<inf> oresat_sola2: 1368 5328.750000 2920.000000 15.559950 1000000[0m
[00:00:1.373,000] [0m<inf> oresat_solar2: 1373 5328.50000 2860.000000 15.240225 997500[0m
[00:00:01.379,000] [0m<inf> oresat_solar2: 1379 5328.750000 2880.00000 15.346800 995000[0m
[00:00:01.385,000] [0m<inf> oresat_solar2: 1385 5327.500000 2860.000000 15.236650 92500[0m
[00:00:01.390,000] [0m<inf> oresat_olar2: 1390 5330.000000 2880.000000 15.350400 990000[0m
[00:0:01.396,000] [0m<inf> oresat_solar2: 1396 537.500000 2860.000000 15.236650 987500[0m
[00:00:01.402,000] [0m<inf> oresat_solar2: 1402 5328.750000 2800.00000 14.920500 985000[0m
[00:00:01.408,000] [0m<inf> oresat_solar2: 1408 5328.750000 2880.000000 15.34680 982500[0m
[00:00:01.413,000] [0m<inf> oresat_solar2: 1413 5328.750000 2820.000000 15.027075 980000[0m
[0:00:01.419,000] [0m<inf> oresat_solar2: 1419 5328.750000 2880.000000 15.346800 977500[0m
[00:00:01.425,00] [0m<inf> oresat_solar2: 1425 5330.000000 280.000000 15.350400 975000[0m
[00:00:01.430,000] [0m<inf> orsat_solar2: 1430 5327.500000 2820.000000 15.02550 972500[0m
[00:00:01.436,000] [0m<inf> oresat_solar2: 1436 5328.750000 2860.000000 15.240225 970000[0m
[00:00:01.442,000] [0m<inf> oresat_solar2: 1442 5327.500000 2800.000000 14.917000 967500[0m
[00:00:01.447000] [0m<inf> oresat_solar2: 1447 5328.750000 2860.000000 15.240225 965000[0m
[00:00:01.453,000] [0m<inf>oresat_solar2: 1453 5328.750000 2820.000000 15027075 962500[0m
[00:00:01.459,000] [0m<inf> oresat_solar2:1459 5328.750000 2820.000000 15.027075 9600000m
[00:00:01.465,000] [0m<inf> oresat_solar2: 1465 5328.750000 2880.000000 15.346800 957500[0m
[00:00:01.70,000] [0m<inf> oresat_solar2: 1470 5327.500000 2860.000000 15.236650 955000[0m
[00:00:01.476,000] [0m<if> oresat_solar2: 1476 5328.750000 2860.000000 15.240225 952500[0m
[00:00:01.482,000] [0m<inf> oresat_sola2: 1482 5328.750000 2880.000000 15.346800 950000[0m
[00:00:01.487,000] [0m<inf> oresat_solar2: 1487 5328.70000 2800.000000 14.920500 947500[0m
[00:00:1.493,000] [0m<inf> oresat_solar2: 1493 5327.500000 2820.00000 15.023550 945000[0m
[00:00:01.499,000] [0<inf> oresat_solar2: 1499 5327.500000 2860.000000 15.236650 94500[0m
[00:00:01.504,000] [0m<inf> oresat_slar2: 1504 5327.500000 2860.000000 15.236650 940000[0m
[00:0:01.510,000] [0m<inf> oresat_solar2: 1510 532.750000 2860.000000 15.240225 937500[0m
[00:00:01.516,000] [0m<inf> oresat_solar2: 1516 5327.500000 2860.00000 15.236650 935000[0m
[00:00:01.522,000] [0m<inf> oresat_solar2: 1522 5328.750000 2860.000000 15.240225932500[0m
[00:00:01.527,000] [0m<inf> oresa_solar2: 1527 5327.500000 2860.000000 15.236650 930000[0m
[0:00:01.533,000] [0m<inf> oresat_solar2: 1533 327.500000 2880.000000 15.343200 927500[0m
[00:00:01.539,000] [0m<inf> oresat_solar2: 1539 5328.750000 286.000000 15.240225 925000[0m
[00:00:01.544,000] [0m<inf> oresat_solar2: 1544 5327.500000 2800.000000 14.91700 922500[0m
[00:00:01.550,000] [0m<inf> oresat_solar2: 1550 5327.500000 2880.000000 15.343200 920000[0m[00:00:01.556,000] [0m<inf> oresat_solar2: 1556 5326.250000 2820.000000 15.020025 917500[0m
[00:00:01.561,00] [0m<inf> oresat_solar2: 1561 5327.500000 820.000000 15.023550 915000[0m
[00:00:01.567,000] [0m<inf> resat_solar2: 1567 5328.750000 2800.000000 14.20500 912500[0m
[00:00:01.573,000] [0m<inf> oresat_solar2: 573 5326.250000 2860.000000 15.233075 910000[m
[00:00:01.579,000] [0m<inf> oresat_solar2: 1579 5327.500000 2860.000000 15.236650 907500[0m
[00:00:01.54,000] [0m<inf> oresat_solar2: 1584 5328.750000 2880.000000 1.346800 905000[0m
[00:00:01.590,000] [0m<in> oresat_solar2: 1590 5328.750000 2860.000000 15.240225 902500[0m
[00:00:01.596,000] [0m<inf> oresat_solar: 1596 5327.500000 2860.000000 15.236650 90000[0m
[00:00:01.601,000] [0m<inf> oresat_solar2: 1601 5328.75000 2900.000000 15.453375 897500[0m
[00:00:0.607,000] [0m<inf> oresat_solar2: 1607 5327.500000 2860.00000 15.236650 895000[0m
[00:00:01.613,000] [0minf> oresat_solar2: 1613 5328.750000 2860.000000 15.240225 892500[0m
[00:00:01.618,000] [0m<inf> oresat_soar2: 1618 5325.000000 2880.000000 15.336000 890000[0m
[00:00:01.624,000] [0m<inf> oresat_solar2: 1624 5327500000 2880.000000 15.343200 887500[0m
[00:00:01.630,000] [0m<inf> oresat_solar2: 1630 5327.500000 2880.00000 15.343200 885000[0m
[00:00:01.636,000] 0m<inf> oresat_solar2: 1636 5327.500000 2820.000000 15.023550 82500[0m
[00:00:01.641,000] [0m<inf> oresatsolar2: 1641 5330.000000 2800.000000 14.924000 880000[0m
[0000:01.647,000] [0m<inf> oresat_solar2: 1647 528.750000 2880.000000 15.346800 877500[0m
[00:00:01.653,000][0m<inf> oresat_solar2: 1653 5328.750000 2860000000 15.240225 875000[0m
[00:00:01.658,000] [0m<inf> oresat_solar2: 1658 5326.250000 2860.000000 15.23305 872500[0m
[00:00:01.664,000] [0m<inf> oresat_solar2: 1664 5328.750000 2880.000000 15.346800 870000[0m
00:00:01.670,000] [0m<inf> oresat_solar2: 1670 5328.750000 2880.000000 15.346800 867500[0m
[00:00:01.675,00] [0m<inf> oresat_solar2: 1675 5328.750000 260.000000 15.240225 865000[0m
[00:00:01.681,000] [0m<inf> oesat_solar2: 1681 5328.750000 2860.000000 15.20225 862500[0m
[00:00:01.687,000] [0m<inf> oresat_solar2: 187 5327.500000 2860.000000 15.236650 860000[0
[00:00:01.693,000] [0m<inf> oresat_solar2: 1693 5327.5000002860.000000 15.236650 857500[0m
[00:00:01.69,000] [0m<inf> oresat_solar2: 1698 5327.500000 2860.000000 15.236650 855000[0m
[00:00:01.704,000] [0m<inf oresat_solar2: 1704 5327.500000 2860.000000 15.236650 852500[0m
[00:00:01.710,000] [0m<inf> oresat_solar2 1710 5327.500000 2860.000000 15.236650 850000[0m
[00:00:01.715,000] [0m<inf> oresat_solar2: 1715 5327.50000 2860.000000 15.236650 847500[0m
[00:00:01721,000] [0m<inf> oresat_solar2: 1721 5325.000000 2820.00000015.016500 845000[0m
[00:00:01.727,000] [0m<nf> oresat_solar2: 1727 5327.500000 2860.000000 15.236650 84250[0m
[00:00:01.732,000] [0m<inf> oresat_solr2: 1732 5327.500000 2880.000000 15.343200 840000[0m
[00:00:01.738,000] [0m<inf> oresat_solar2: 1738 5327.00000 2860.000000 15.236650 837500[0m
[00:00:01.744,000] [0m<inf> oresat_solar2: 1744 5328.750000 2800.00000 14.920500 835000[0m
[00:00:01.750,000] [0m<inf> oresat_solar2: 1750 5326.250000 2820.000000 15.020025 82500[0m
[00:00:01.755,000] [0m<inf> oresat_solar2: 1755 5327.500000 2860.000000 15.236650 830000[0m
[00:0:01.761,000] [0m<inf> oresat_solar2: 1761 538.750000 2880.000000 15.346800 827500[0m
[00:00:01.767,000] [0m<inf> oresat_solar2: 1767 5327.500000 2860.00000 15.236650 825000[0m
[00:00:01.772,000] [0m<inf> oresa_solar2: 1772 5327.500000 2860.000000 15.23665 822500[0m
[00:00:01.778,000] [0m<inf> oresat_solar2: 1778 5327.500000 2880.000000 15.343200 820000[0m
[0:00:01.784,000] [0m<inf> oresat_solar2: 1784 5327.500000 2900.000000 15.449750 817500[0m
[00:00:01.789,00] [0m<inf> oresat_solar2: 1789 5330.000000 2820.000000 15.030600 815000[0m
[00:00:01.795,000] [0m<inf> orsat_solar2: 1795 5328.750000 2900.000000 15.45375 812500[0m
[00:00:01.801,000] [0m<inf> oresat_solar2: 181 5330.000000 2860.000000 15.243800 810000[0m
[00:00:01.807,000] [0m<inf> oresat_solar2: 1807 5327.500000 860.000000 15.236650 807500[0m
[00:00:01.812000] [0m<inf> oresat_solar2: 1812 5326.250000 2820.000000 15.020025 805000[0m
[00:00:01.818,000] [0m<inf>oresat_solar2: 1818 5327.500000 2860.000000 15.236650 802500[0m
[00:00:01.824,000] [0m<inf> oresat_solar2:1824 5326.250000 2860.000000 15.233075 800000[0m
[00:00:01.829,000] [0m<inf> oresat_solar2: 1829 5327.50000 2820.000000 15.023550 797500[0m
[00:00:01.35,000] [0m<inf> oresat_solar2: 1835 5327.500000 2820.000000 5.023550 795000[0m
[00:00:01.841,000] [0m<if> oresat_solar2: 1841 5327.500000 2860.000000 15.236650 79250[0m
[00:00:01.846,000] [0m<inf> oresat_sola2: 1846 5326.250000 2860.000000 15.233075 790000[0m
[00:00:0.852,000] [0m<inf> oresat_solar2: 1852 5327.50000 2820.000000 15.023550 787500[0m
[00:00:01.858,000] [0m<inf> oresat_solar2: 1858 5328.750000 2860.00000 15.240225 785000[0m
[00:00:01.864,000] [0m<inf> oresat_solar2: 1864 5327.500000 2800.000000 14.917000 78500[0m
[00:00:01.869,000] [0m<inf> oresat_slar2: 1869 5328.750000 2880.000000 15.346800 780000[0m
[00:0:01.875,000] [0m<inf> oresat_solar2: 1875 532.500000 2880.000000 15.343200 777500[0m
[00:00:01.881,000] 0m<inf> oresat_solar2: 1881 5325.000000 2860.00000 15.229500 775000[0m
[00:00:01.886,000] [0m<inf> oresatsolar2: 1886 5327.500000 2860.000000 15.236650772500[0m
[00:00:01.892,000] [0m<inf> oresat_solar2: 1892 5326.250000 2860.000000 15.233075 770000[0m
[0:00:01.898,000] [0m<inf> oresat_solar2: 1898 5327.500000 2860.000000 15.236650 767500[0m
[00:00:01.903,000 [0m<inf> oresat_solar2: 1903 5326.250000 2820.000000 15.020025 765000[0m
[00:00:01.909,000] [0m<inf> oreat_solar2: 1909 5327.500000 2880.000000 15.34300 762500[0m
[00:00:01.915,000] [0m<inf> oresat_solar2: 191 5327.500000 2880.000000 15.343200 760000[0m[00:00:01.921,000] [0m<inf> oresat_solar2: 1921 5326.250000 2860.000000 15.233075 757500[0m
[00:00:01.926,00] [0m<inf> oresat_solar2: 1926 5326.250000 2860.000000 15.233075 755000[0m
[00:00:01.932,000] [0m<inf> resat_solar2: 1932 5326.250000 2860.000000 15.233075 752500[0m
[00:00:01.938,000] [0m<inf> oresat_solar2: 938 5327.500000 2880.000000 15.343200 750000[m
[00:00:01.943,000] [0m<inf> oresat_solar2: 1943 5327.50000 2820.000000 15.023550 747500[0m
[00:00:01.99,000] [0m<inf> oresat_solar2: 1949 5327.500000 2860.000000 1.236650 745000[0m
[00:00:01.955,000] [0m<in> oresat_solar2: 1955 5326.250000 2860.000000 15.233075 742500[0m
[00:00:01.960,000] [0m<inf> oresat_solar: 1960 5326.250000 2860.000000 15.233075 740000[0m
[00:00:01.966,000] [0m<inf> oresat_solar2: 1966 5326.25000 2860.000000 15.233075 737500[0m
[00:00:0.972,000] [0m<inf> oresat_solar2: 1972 5325.000000 2800.00000 14.910000 735000[0m
[00:00:01.978,000] [0minf> oresat_solar2: 1978 5326.250000 2860.000000 15.233075 73200[0m
[00:00:01.983,000] [0m<inf> oresat_soar2: 1983 5326.250000 2880.000000 15.339600 730000[0m
[00:00:01.989,000] [0m<inf> oresat_solar2: 1989 5326250000 2860.000000 15.233075 727500[0m
[00:00:01.995,000] [0m<inf> oresat_solar2: 1995 5326.250000 2860.00000 15.233075 725000[0m
[00:00:02.000,000] [0m<inf> oresat_solar2: 2000 5327.500000 2880.000000 15.343200 22500[0m
[00:00:02.002,000] [0m<dbg> oresatblink: handle_blink: The light is blinking![0m
[00:00:02.006000] [0m<inf> oresat_solar2: 2006 5326.2500002860.000000 15.233075 720000[0m
[00:00:02.012,000] [0m<inf> oresat_solar2: 2012 5325.000000 2860.000000 15229500 717500[0m
[00:00:02.017,000] [0m<inf> oresat_solar2: 2017 5325.000000 2860.000000 15.229500 7150000m
[00:00:02.023,000] [0m<inf> oresat_solar2: 2023 5326.250000 2860.000000 15.233075 712500[0m
[00:00:02.29,000] [0m<inf> oresat_solar2: 2029 5323.75000 2860.000000 15.225925 710000[0m
[00:00:02.035,000] [0m<if> oresat_solar2: 2035 5323.750000 2880.00000015.332400 707500[0m
[00:00:02.040,000] [0m<inf> oresat_sola2: 2040 5326.250000 2860.000000 15.233075 70500[0m
[00:00:02.046,000] [0m<inf> oresat_solar2: 2046 5325.00000 2860.000000 15.229500 702500[0m
[00:00:2.052,000] [0m<inf> oresat_solar2: 2052 5326.250000 2900.000000 15.446125 700000[0m
[00:00:02.057,000] [0<inf> oresat_solar2: 2057 5325.000000 2880.000000 15.336000 697500[0m
[00:00:02.063,000] [0m<inf> oresat_slar2: 2063 5325.000000 2860.000000 15.229500 65000[0m
[00:00:02.069,000] [0m<inf> oresat_solar2: 2069 532.250000 2860.000000 15.233075 692500[0m
[00:0:02.074,000] [0m<inf> oresat_solar2: 2074 5326.250000 2880.000000 15.339600 690000[0m
[00:00:02.080,000] [0m<inf> oresat_solar2: 2080 5325.000000 2860.000000 15.229500 687500[0m
[00:00:02.086,000] [0m<inf> oresa_solar2: 2086 5325.000000 2860.000000 15.229500 685000[0m
[00:00:02.092,000] [0m<inf> oresat_solar2: 2092 325.000000 2860.000000 15.229500 682500[0m
[0:00:02.097,000] [0m<inf> oresat_solar2: 2097 5326.250000 286.000000 15.233075 680000[0m
[00:00:02.103,00] [0m<inf> oresat_solar2: 2103 5323.750000 2860.000000 15.22525 677500[0m
[00:00:02.109,000] [0m<inf> orsat_solar2: 2109 5325.000000 2880.000000 15.336000 675000[0m
[00:00:02.114,000] [0m<inf> oresat_solar2: 214 5323.750000 2900.000000 15.438875 672500[0m
[00:00:02.120,000] [0m<inf> oresat_solar2: 2120 5327.500000 880.000000 15.343200 670000[0m
[00:00:02.126000] [0m<inf> oresat_solar2: 2126 5327.500000 2860.000000 15.36650 667500[0m
[00:00:02.131,000] [0m<inf>oresat_solar2: 2131 5325.000000 2880.000000 15.336000 665000[m
[00:00:02.137,000] [0m<inf> oresat_solar2:2137 5326.250000 2860.000000 15.233075 662500[0m
[00:00:02.13,000] [0m<inf> oresat_solar2: 2143 5323.75000 2860.000000 15.225925 660000[0m
[00:00:02.149,000] [0m<inf> oresat_solar2: 2149 5325.000000 2860.000000 5.229500 657500[0m
[00:00:02.154,000] [0m<if> oresat_solar2: 2154 5325.000000 2860.000000 15.229500 65500[0m
[00:00:02.160,000] [0m<inf> oresat_sola2: 2160 5325.000000 2880.000000 15.336000 652500[0m
[00:00:0.166,000] [0m<inf> oresat_solar2: 2166 5325.00000 2860.000000 15.229500 650000[0m
[00:00:02.171,000] [0m<inf> oresat_solar2: 2171 5325.000000 2860.00000 15.229500 647500[0m
[00:00:02.177,000] [0m<inf> oresat_solar2: 2177 5325.000000 2860.000000 15.229500 64000[0m
[00:00:02.183,000] [0m<inf> oresat_slar2: 2183 5323.750000 2860.000000 15.225925 642500[0m
[00:0:02.188,000] [0m<inf> oresat_solar2: 2188 532.500000 2860.000000 15.236650 640000[0m
[00:00:02.194,000] 0m<inf> oresat_solar2: 2194 5326.250000 2860.00000 15.233075 637500[0m
[00:00:02.200,000] [0m<inf> oresat_solar2: 2200 5327.500000 2900.000000 15.449750635000[0m
[00:00:02.206,000] [0m<inf> oresat_solar2: 2206 5323.750000 2880.000000 15.332400 632500[0m
[0:00:02.211,000] [0m<inf> oresat_solar2: 2211 326.250000 2880.000000 15.339600 630000[0m
[00:00:02.217,000 [0m<inf> oresat_solar2: 2217 5323.750000 288.000000 15.332400 627500[0m
[00:00:02.223,000] [0m<inf> oreat_solar2: 2223 5326.250000 2820.000000 15.02025 625000[0m
[00:00:02.228,000] [0m<inf> oresat_solar2: 2228 5325.000000 2860.000000 15.229500 622500[0m[00:00:02.234,000] [0m<inf> oresat_solar2: 2234 5325.000000 2860.000000 15.229500 620000[0m
[00:00:02.240,00] [0m<inf> oresat_solar2: 2240 5325.000000 860.000000 15.229500 617500[0m
[00:00:02.245,000] [0m<inf> resat_solar2: 2245 5323.750000 2860.000000 15.25925 615000[0m
[00:00:02.251,000] [0m<inf> oresat_solar2: 2251 5325.000000 2880.000000 15.336000 612500[m
[00:00:02.257,000] [0m<inf> oresat_solar2: 2257 5325.000000 2860.000000 15.229500 610000[0m
[00:00:02.23,000] [0m<inf> oresat_solar2: 2263 5322.500000 2860.000000 15.222350 607500[0m
[00:00:02.268,000] [0m<in> oresat_solar2: 2268 5325.000000 2820.000000 5.016500 605000[0m
[00:00:02.274,000] [0m<inf> oresat_solar: 2274 5325.000000 2820.000000 15.016500 60250[0m
[00:00:02.280,000] [0m<inf> oresat_solar2: 2280 5325.000000 2880.000000 15.336000 600000[0m
[00:00:0.285,000] [0m<inf> oresat_solar2: 2285 5325.000000 2860.000000 15.229500 597500[0m
[00:00:02.291,000] [0minf> oresat_solar2: 2291 5326.250000 2820.000000 15.020025 595000[0m
[00:00:02.297,000] [0m<inf> oresat_soar2: 2297 5325.000000 2820.000000 15.016500 59500[0m
[00:00:02.302,000] [0m<inf> oresat_solar2: 2302 5323750000 2860.000000 15.225925 590000[0m
[00:0:02.308,000] [0m<inf> oresat_solar2: 2308 5323.750000 2880.00000 15.332400 587500[0m
[00:00:02.314,000] 0m<inf> oresat_solar2: 2314 5325.000000 2860.000000 15.229500 85000[0m
[00:00:02.320,000] [0m<inf> oresatsolar2: 2320 5326.250000 2820.000000 15.020025 582500[0m
[00:00:02.325,000] [0m<inf> oresat_solar2: 2325 523.750000 2880.000000 15.332400 580000[0m
[0:00:02.331,000] [0m<inf> oresat_solar2: 2331 5322.500000 2860000000 15.222350 577500[0m
[00:00:02.337,000 [0m<inf> oresat_solar2: 2337 5323.750000 2880.000000 15.33240 575000[0m
[00:00:02.342,000] [0m<inf> oreat_solar2: 2342 5325.000000 2880.000000 15.336000 572500[0m
[00:00:02.348,000] [0m<inf> oresat_solar2: 234 5325.000000 2880.000000 15.336000 570000[0m
[00:00:02.354,000] [0m<inf> oresat_solar2: 2354 5325.000000 260.000000 15.229500 567500[0m
[00:00:02.359,00] [0m<inf> oresat_solar2: 2359 5323.750000 2860.000000 15.225925 565000[0m
[00:00:02.365,000] [0m<inf> resat_solar2: 2365 5323.750000 2860.000000 15.225925 562500[0m
[00:00:02.371,000] [0m<inf> oresat_solar2: 371 5322.500000 2880.000000 15.328800 560000[0m
[00:00:02.377,000] [0m<inf> oresat_solar2: 2377 5323.75000 2880.000000 15.332400 557500[0m
[00:00:02.382,000] [0m<inf> oresat_solar2: 2382 5325.000000 2860.000000 1.229500 555000[0m
[00:00:02.388,000] [0m<in> oresat_solar2: 2388 5325.000000 2860.000000 15.229500 552500[0m
[00:00:02.394,000] [0m<inf> oresat_solar: 2394 5323.750000 2880.000000 15.332400 550000[0m
[00:00:02399,000] [0m<inf> oresat_solar2: 2399 5322.50000 2820.000000 15.009450 547500[0m
[00:00:02.405,000] [0m<inf> oresat_solar2: 2405 5325.000000 2860.00000 15.229500 545000[0m
[00:00:02.411,000] [0m<inf> oresat_solr2: 2411 5325.000000 2880.000000 15.336000 54200[0m
[00:00:02.416,000] [0m<inf> oresat_solar2: 2416 5325.000000 2900.000000 15.442500 540000[0m
[00:0002.422,000] [0m<inf> oresat_solar2: 2422 5323750000 2860.000000 15.225925 537500[0m
[00:00:02.428,000] [m<inf> oresat_solar2: 2428 5325.000000 2860.00000 15.229500 535000[0m
[00:00:02.434,000] [0m<inf> oresat_olar2: 2434 5325.000000 2860.000000 15.229500 32500[0m
[00:00:02.439,000] [0m<inf> oresat_solar2: 2439 5325.000000 2860.000000 15.229500 530000[0m
[0000:02.445,000] [0m<inf> oresat_solar2: 2445 5323.750000 2860.000000 15.225925 527500[0m
[00:00:02.451,000][0m<inf> oresat_solar2: 2451 5323.750000 2880000000 15.332400 525000[0m
[00:00:02.456,000] [0m<inf> orest_solar2: 2456 5325.000000 2860.000000 15.22950 522500[0m
[00:00:02.462,000] [0m<inf> oresat_solar2: 24625323.750000 2860.000000 15.225925 520000[0m
00:00:02.468,000] [0m<inf> oresat_solar2: 2468 5325.000000 2880.000000 15.336000 517500[0m
[00:00:02.473,00] [0m<inf> or}*** Booting ephyr OS build v4.2.0 ***

[00:00:00.002,000] [0m<inf> oresat_mcxn947_solar: Oresat MCXN947 Solar Board Ap
[0m
[00:00:00.002,000] [0m<inf> oresat_blink: Starting blink demo[0m
[00:00:00.002,000] [0m<dbg> oresa_blink: handle_blink: The light is blinking![m
[00:00:00.002,000] [0m<inf> oresat_solar2: Starting Solar racking...[0m
[00:00:00.002,000] [1;31m<err mcux_lpi2c: SCL GPIO device not ready[0m
[00:00:00.002,000][0m<inf> oresat_solar2: Starting INA226 readig[0m
[00:00:00.005,000] [0m<inf> oresat_solar2: 5 5336.250000 -420.000000 -2.241225 1597500[0m
[00:00:00011,000] [0m<inf> oresat_solar2: 11 5337.500000 -440.000000 -2.348500 1595000[0m
[00:00:00.017,000] [0m<if> oresat_solar2: 17 5331.250000 -480.000000 -2.559000 1592500[0m
[00:00:00.022,000] [0m<inf> oresat_solar: 22 5327.500000 -500.000000 -2.663750 1590000[0m
[00:00:00.028,000] [0m<inf> oresat_solar2: 28 5327.50000 -440.000000 -2.344100 1587500[0m
[00:00:00.34,000] [0m<inf> oresat_solar2: 34 5327.500000 -480.000000 -2.557200 1585000[0m
[00:00:00.039,000] [0m<in> oresat_solar2: 39 5328.750000 -440.000000 -2.344650 1582500[0m
[00:00:00.045,000] [0m<inf> oresat_solar2 45 5327.500000 -500.000000 -2.663750 15800000m
[00:00:00.051,000] [0m<inf> oresat_solar2: 51 5327.500000-480.000000 -2.557200 1577500[0m
[00:00:00.07,000] [0m<inf> oresat_solar2: 57 5327.500000 -420.000000 -2.237550 1575000[0m
[00:00:00.062,000] [0m<inf oresat_solar2: 62 5327.500000 -520.000000 -2.770300 1572500[0m
[00:00:00.068,000] [0m<inf> oresat_solar2:68 5326.250000 -480.000000 -2.556600 1570000[0m
[00:00:00.074,000] [0m<inf> oresat_solar2: 74 5327.500000 500.000000 -2.663750 1567500[0m
[00:00:00.07,000] [0m<inf> oresat_solar2: 79 5327.500000 -440.000000 -2.34100 1565000[0m
[00:00:00.085,000] [0m<inf>oresat_solar2: 85 5327.500000 -500.000000 -2.663750 1562500[0m
[00:00:00.091,000] [0m<inf> oresat_solar2: 1 5327.500000 -440.000000 -2.344100 1560000[0m
[00:00:00.096,000] [0m<inf> oresat_solar2: 96 5327.500000 -80.000000 -2.557200 1557500[0m
[00:00:00.102000] [0m<inf> oresat_solar2: 102 5330.000000 -480.000000 -2.58400 1555000[0m
[00:00:00.108,000] [0m<inf>oresat_solar2: 108 5327.500000 -500.000000 -2.663750 1552500[0m
[00:00:00.114,000] [0m<inf> oresat_solar2:114 5328.750000 -480.000000 -2.557800 1550000[0m
[00:00:00.119,000] [0m<inf> oresat_solar2: 119 5326.25000 -480.000000 -2.556600 1547500[0m
[00:00:00.125,000] [0m<inf> oresat_solar2: 125 5327.500000 -480.000000 -.557200 1545000[0m
[00:00:00.131,000] [0m<if> oresat_solar2: 131 5326.250000 -500.000000 -2.663125 154250[0m
[00:00:00.136,000] [0m<inf> oresat_sola2: 136 5327.500000 -500.000000 -2.663750 1540000[0m
[00:00:0.142,000] [0m<inf> oresat_solar2: 142 5327.50000 -520.000000 -2.770300 1537500[0m
[00:00:00.148,000] [0m<inf> oresat_solar2: 148 5326.250000 760.0000004.047950 1535000[0m
[00:00:00.153,000] [0m<inf> oresat_solar2: 153 5322.500000 2200.000000 11.709500 153250[0m
[00:00:00.159,000] [0m<inf> oresat_solar2: 159 5322.500000 920.000000 4.896700 1530000[0m
[00:00:00165,000] [0m<inf> oresat_solar2: 165 5322.50000 1020.000000 5.428950 1527500[0m
[00:00:00.171,000] [0m<if> oresat_solar2: 171 5325.000000 1000.000000 .325000 1525000[0m
[00:00:00.176,000] [0m<inf> oresat_solar: 176 5322.500000 1080.000000 5.748300 1522500[0m
[00:00:00.182,000] [0m<inf> oresat_solar2: 182 5322.500000 1080.000000 5.748300 1520000[0m
[00:00:00.88,000] [0m<inf> oresat_solar2: 188 5321.250000 1080.000000 5.746950 1517500[0m
[00:00:00.193,000] [0m<in> oresat_solar2: 193 5323.750000 1160.000000 6175550 1515000[0m
[00:00:00.199,000] [0m<inf> oresat_solar2 199 5325.000000 1120.000000 5.964000 15125000m
[00:00:00.205,000] [0m<inf> oresat_solar2: 205 5322.50000 1080.000000 5.748300 1510000[0m
[00:00:00.20,000] [0m<inf> oresat_solar2: 210 5323.750000 1160.000000 6.175550 1507500[0m
[00:00:00.216,000] [0m<inf oresat_solar2: 216 5322.500000 1200.000000 6.387000 1505000[m
[00:00:00.222,000] [0m<inf> oresat_solar2:222 5323.750000 1160.000000 6.175550 1502500[0m
[00:00:00.228,000] [0m<inf> oresat_solar2: 228 5322.5000001200.000000 6.387000 1500000[0m
[00:00:00.23,000] [0m<inf> oresat_solar2: 233 5322.500000 1200.000000 6.37000 1497500[0m
[00:00:00.239,000] [0m<inf>oresat_solar2: 239 5322.500000 1180.000000 6.280550 1495000[0
[00:00:00.245,000] [0m<inf> oresat_solar2: 45 5323.750000 1200.000000 6.388500 1492500[0m
[00:00:00.250,000] [0m<inf> oresat_solar2: 250 5322.500000 200.000000 6.387000 1490000[0m
[00:00:00.256,000] [0m<inf> oresat_solar2: 256 5320.000000 1180.000000 6.27600 1487500[0m
[00:00:00.262,000] [0m<inf> resat_solar2: 262 5322.500000 1180.000000 6.280550 1485000[0m
[00:00:00.267,000] [0m<inf> oresat_solar2: 27 5323.750000 1200.000000 6.388500 1482500[0m
[00:00:00.273,00] [0m<inf> oresat_solar2: 273 5322.500000 100.000000 6.387000 1480000[0m
[00:00:00.279,000] [0m<inf> oresat_solar2: 279 5323.750000 1260.000000 6.70725 1477500[0m
[00:00:00.285,000] [0m<inf> oresat_solar2: 285 5322.500000 1180.000000 6.280550 1475000[0m[00:00:00.290,000] [0m<inf> oresat_solar2: 29 5322.500000 1180.000000 6.280550 1472500[0m
[00:00:00.296,00] [0m<inf> oresat_solar2: 296 5322.500000 120.000000 6.493450 1470000[0m
[00:00:00.302,000] [0m<inf> orsat_solar2: 302 5322.500000 1200.000000 6.38700 1467500[0m
[00:00:00.307,000] [0m<inf> oresat_solar2: 307 5323.750000 1200.000000 6.388500 1465000[0m
00:00:00.313,000] [0m<inf> oresat_solar2: 313 5322.500000 1220.000000 6.493450 1462500[0m
[00:00:00.319,00] [0m<inf> oresat_solar2: 319 5322.500000 118.000000 6.280550 1460000[0m
[00:00:00.324,000] [0m<inf> oreat_solar2: 324 5323.750000 1260.000000 6.70792 1457500[0m
[00:00:00.330,000] [0m<inf> oresat_solar2: 330 321.250000 1200.000000 6.385500 1455000[0m
[0:00:00.336,000] [0m<inf> oresat_solar2: 336 5322.500000 1200.000000 6.387000 1452500[0m
[00:00:00.342,000 [0m<inf> oresat_solar2: 342 5321.250000 1200.000000 6.385500 1450000[0m
[00:00:00.347,000] [0m<inf> orest_solar2: 347 5323.750000 1200.000000 6.3885001447500[0m
[00:00:00.353,000] [0m<inf> oresat_solar2: 353 521.250000 1260.000000 6.704775 1445000[0m
[0:00:00.359,000] [0m<inf> oresat_solar2: 359 5325.000000 1200.000000 6.390000 1442500[0m
[00:00:00.364,000][0m<inf> oresat_solar2: 364 5320.000000 1220.000000 6.490400 1440000[0m
[00:00:00.370,000] [0m<inf> oresa_solar2: 370 5322.500000 1200.000000 6.387000 1437500[0m
[00:00:00.376,000] [0m<inf> oresat_solar2: 376 533.750000 1200.000000 6.388500 1435000[0m
[00:00:00.381,000] [0m<inf> oresat_solar2: 381 5322.500000 1180.00000 6.280550 1432500[0m
[00:00:00.387,000] [0m<inf> oresat_solar2: 387 5322.500000 1220.000000 6.493450 130000[0m
[00:00:00.393,000] [0m<inf> oresatsolar2: 393 5321.250000 1200.000000 6.385500 1427500[0m
[00:00:00.399,000] [0m<inf> oresat_solar2: 399 532.500000 1200.000000 6.387000 1425000[0m
[00:00:00.404,000] [0m<inf> oresat_solar2: 404 5322.500000 1180.00000 6.280550 1422500[0m
[00:00:00.410,000] [0m<inf> oresat_solar2: 410 5323.750000 1260.000000 6.707925 140000[0m
[00:00:00.416,000] [0m<inf> oresat_solar2: 416 5323.750000 1180.000000 6.282025 1417500[0m
[00:0:00.421,000] [0m<inf> oresat_solar2: 421 5322500000 1200.000000 6.387000 1415000[0m
[00:00:00.427,000] [m<inf> oresat_solar2: 427 5322.500000 1260.00000 6.706350 1412500[0m
[00:00:00.433,000] [0m<inf> oresat_solar2: 433 5322.500000 1220.000000 6.493450 141000[0m
[00:00:00.438,000] [0m<inf> oresat_solar2: 438 5322.500000 1200.000000 6.387000 1407500[0m
[00:0000.444,000] [0m<inf> oresat_solar2: 444 5320.000000 1220.000000 6.490400 1405000[0m
[00:00:00.450,000] [0<inf> oresat_solar2: 450 5323.750000 1200.00000 6.388500 1402500[0m
[00:00:00.456,000] [0m<inf> oresat_soar2: 456 5322.500000 1260.000000 6.706350 140000[0m
[00:00:00.461,000] [0m<inf> oresat_solar2: 461 5321.20000 1200.000000 6.385500 1397500[0m
[00:00:0.467,000] [0m<inf> oresat_solar2: 467 5322.500000 1220.000000 6.493450 1395000[0m
[00:00:00.473,000] [0minf> oresat_solar2: 473 5323.750000 1180.000000 6.282025 1392500[0m
[00:00:00.478,000] [0m<inf> oresat_solr2: 478 5322.500000 1180.000000 6.280550 1390000[0m
[00:00:00.484,000] [0m<inf> oresat_solar2: 484 5322.50000 1220.000000 6.493450 1387500[0m
[00:00:0.490,000] [0m<inf> oresat_solar2: 490 5321.250000 1180.0000006.279075 1385000[0m
[00:00:00.495,000] [0m<nf> oresat_solar2: 495 5322.500000 1200.000000 6.387000 1382500[0m
[00:00:00.501,000] [0m<inf> oresat_sola2: 501 5321.250000 1220.000000 6.491925 1380000[0m
[00:00:00507,000] [0m<inf> oresat_solar2: 507 5322.50000 1220.000000 6.493450 1377500[0m
[00:00:00.513,000] [0m<inf> oresat_solar2: 513 5323.750000 1180.000000 .282025 1375000[0m
[00:00:00.518,000] [0m<inf> oresat_solar2: 518 5322.500000 1220.000000 6.493450 1372500[0m
[00:00:00.524,000] [0m<inf> oresat_solar: 524 5322.500000 1180.000000 6.280550 1370000[0m
[00:00:00.30,000] [0m<inf> oresat_solar2: 530 5322.50000 1200.000000 6.387000 1367500[0m
[00:00:00.535,000] [0m<inf> oresat_solar2: 535 5322.500000 1220.000000 6493450 1365000[0m
[00:00:00.541,000] [0m<inf> oresat_solar2: 541 5322.500000 1260.000000 6.706350 13625000m
[00:00:00.547,000] [0m<inf> oresat_solar2: 547 5322.500000 1180.000000 6.280550 1360000[0m
[00:00:00.52,000] [0m<inf> oresat_solar2: 552 5322.500000 1220.000000 6.493450 1357500[0m
[00:00:00.558,000] [0m<inf oresat_solar2: 558 5322.500000 1260.000000 6.06350 1355000[0m
[00:00:00.564,000] [0m<inf> oresat_solar2:564 5322.500000 1220.000000 6.493450 1352500[m
[00:00:00.570,000] [0m<inf> oresat_solar2: 570 5322.5000001220.000000 6.493450 1350000[0m
[00:00:00.57,000] [0m<inf> oresat_solar2: 575 5322.500000 1200.000000 6.387000 1347500[0m
[00:00:00.581,000] [0m<inf>oresat_solar2: 581 5322.500000 1220.000000 6.493450 1345000[0m
[00:00:00.587,000] [0m<inf> oresat_solar2: 87 5321.250000 1200.000000 6.385500 1342500[0
[00:00:00.592,000] [0m<inf> oresat_solar2: 592 5322.500000 180.000000 6.280550 1340000[0m
[00:00:00.598000] [0m<inf> oresat_solar2: 598 5322.500000 1200.000000 6.38000 1337500[0m
[00:00:00.604,000] [0m<inf> resat_solar2: 604 5322.500000 1200.000000 6.387000 1335000[0m
[00:00:00.609,000] [0m<inf> oresat_solar2: 69 5323.750000 1200.000000 6.388500 1332500[0m
[00:00:00.615,000] [0m<inf> oresat_solar2: 615 5322.500000 100.000000 6.387000 1330000[0m
[00:00:00.621,000] [0m<inf> oresat_solar2: 621 5322.500000 1220.000000 6.49350 1327500[0m
[00:00:00.627,000] [0m<inf> oesat_solar2: 627 5321.250000 1260.000000 6.704775 1325000[0m
[00:00:00.632,000] [0m<inf> oresat_solar2: 63 5323.750000 1260.000000 6.707925 1322500[0m
[00:00:00.638,000] [0m<inf> oresat_solar2: 638 5322.500000 120.000000 6.706350 1320000[0m
[00:00:00.644,000] [0m<inf> oresat_solar2: 644 5321.250000 1260.000000 6.70475 1317500[0m
[00:00:00.649,000] [0m<inf> orsat_solar2: 649 5322.500000 1260.000000 6.706350 1315000[0m
00:00:00.655,000] [0m<inf> oresat_solar2: 6555323.750000 1260.000000 6.707925 1312500[0m
[00:00:00.661,00] [0m<inf> oresat_solar2: 661 5322.500000 126.000000 6.706350 1310000[0m
[00:00:00.666,000] [0m<inf> oresat_solar2: 666 5321.250000 1260.000000 6.70477 1307500[0m
[00:00:00.672,000] [0m<inf> oresat_solar2: 672 5321.250000 1220.000000 6.491925 1305000[0m
[0:00:00.678,000] [0m<inf> oresat_solar2: 678 322.500000 1200.000000 6.387000 1302500[0m
[00:00:00.684,000 [0m<inf> oresat_solar2: 684 5320.000000 1220000000 6.490400 1300000[0m
[00:00:00.689,000] [0m<inf> orest_solar2: 689 5322.500000 1220.000000 6.4934501297500[0m
[00:00:00.695,000] [0m<inf> oresat_solar2: 695 521.250000 1200.000000 6.385500 1295000[0m
[0:00:00.701,000] [0m<inf> oresat_solar2: 701 5320.000000 1160.000000 6.171200 1292500[0m
[00:00:00.706,000][0m<inf> oresat_solar2: 706 5322.500000 1220.000000 6.493450 1290000[0m
[00:00:00.712,000] [0m<inf> oresa_solar2: 712 5323.750000 1260.000000 6.707925 287500[0m
[00:00:00.718,000] [0m<inf> oresat_solar2: 718 532.500000 1260.000000 6.706350 1285000[0m
[0000:00.723,000] [0m<inf> oresat_solar2: 723 5320.000000 1260.000000 6.703200 1282500[0m
[00:00:00.729,000] [0m<inf> oresat_solar2: 729 5322.500000 1220.000000 6.493450 1280000[0m
[00:00:00.735,000] [0m<inf> oresatsolar2: 735 5322.500000 1220.000000 6.493450 1277500[0m
[00:00:00.741,000] [0m<inf> oresat_solar2: 741 532.250000 1220.000000 6.491925 1275000[0m
[00:0:00.746,000] [0m<inf> oresat_solar2: 746 5323.750000 1220.00000 6.494975 1272500[0m
[00:00:00.752,000] 0m<inf> oresat_solar2: 752 5321.250000 1260.000000 6.704775 120000[0m
[00:00:00.758,000] [0m<inf> oresat_olar2: 758 5322.500000 1260.000000 6.706350 1267500[0m
[00:00:00.763,000] [0m<inf> oresat_solar2: 763 5321250000 1260.000000 6.704775 1265000[0m
[00:00:00.769,000] [0m<inf> oresat_solar2: 769 5321.250000 1200.00000 6.385500 1262500[0m
[00:00:00.775,000] [m<inf> oresat_solar2: 775 5322.500000 1220.000000 6.493450 126000[0m
[00:00:00.780,000] [0m<inf> oresat_slar2: 780 5322.500000 1260.000000 6.706350 1257500[0m
[00:0000.786,000] [0m<inf> oresat_solar2: 786 5322.00000 1260.000000 6.706350 1255000[0m
[00:00:00.792,000] [0<inf> oresat_solar2: 792 5322.500000 1260.00000 6.706350 1252500[0m
[00:00:00.798,000] [0m<inf> oresat_solar2: 798 5322.500000 1260.000000 6.706350 125000[0m
[00:00:00.803,000] [0m<inf> oresat_soar2: 803 5320.000000 1260.000000 6.703200 1247500[0m
[00:00:0.809,000] [0m<inf> oresat_solar2: 809 5322.50000 1200.000000 6.387000 1245000[0m
[00:00:00.815,000] [0minf> oresat_solar2: 815 5322.500000 1280.00000 6.812800 1242500[0m
[00:00:00.820,000] [0m<inf> oresat_solar2: 820 5322.500000 1260.000000 6.706350 124000[0m
[00:00:00.826,000] [0m<inf> oresat_solar2: 826 5321.250000 1260.000000 6.704775 1237500[0m
[00:00:0.832,000] [0m<inf> oresat_solar2: 832 5322.50000 1220.000000 6.493450 1235000[0m
[00:00:00.837,000] [0m<nf> oresat_solar2: 837 5321.250000 1220.0000006.491925 1232500[0m
[00:00:00.843,000] [0m<inf> oresat_sola2: 843 5321.250000 1260.000000 6.704775 123000[0m
[00:00:00.849,000] [0m<inf> oresat_solar2: 849 5321.250000 1220.000000 6.491925 1227500[0m
[00:00:00855,000] [0m<inf> oresat_solar2: 855 5322.500000 1200.000000 6.387000 1225000[0m
[00:00:00.860,000] [0m<if> oresat_solar2: 860 5322.500000 1260.000000 .706350 1222500[0m
[00:00:00.866,000] [0m<inf> oresat_solar: 866 5321.250000 1260.000000 6.704775 1220000[0m
[00:00:00.872,000] [0m<inf> oresat_solar2: 872 5322.50000 1200.000000 6.387000 1217500[0m
[00:00:00.77,000] [0m<inf> oresat_solar2: 877 5321.250000 1260.000000 6.704775 1215000[0m
[00:00:00.883,000] [0m<in> oresat_solar2: 883 5321.250000 1220.000000 6.491925 1212500[0m
[00:00:00.889,000] [0m<inf> oresat_solar2 889 5321.250000 1220.000000 6.491925 12100000m
[00:00:00.894,000] [0m<inf> oresat_solar2: 894 5320.00000 1220.000000 6.490400 1207500[0m
[00:00:00.90,000] [0m<inf> oresat_solar2: 900 5321.250000 1220.000000 6.91925 1205000[0m
[00:00:00.906,000] [0m<inf oresat_solar2: 906 5321.250000 1260.000000 6.704775 1202500[0m
[00:00:00.912,000] [0m<inf> oresat_solar2:912 5321.250000 1220.000000 6.491925 1200000[0m
[00:00:00.917,000] [0m<inf> oresat_solar2: 917 5320.0000001260.000000 6.703200 1197500[0m
[00:00:00.92,000] [0m<inf> oresat_solar2: 923 5322.500000 1260.000000 6.76350 1195000[0m
[00:00:00.929,000] [0m<inf>oresat_solar2: 929 5320.000000 1200.000000 6.384000 1192500[0m
[00:00:00.934,000] [0m<inf> oresat_solar2: 34 5321.250000 1220.000000 6.491925 1190000[0m
[00:00:00.940,000] [0m<inf> oresat_solar2: 940 5322.500000 180.000000 6.280550 1187500[0m
[00:00:00.946000] [0m<inf> oresat_solar2: 946 5323.750000 1220.000000 6.49975 1185000[0m
[00:00:00.951,000] [0m<inf> resat_solar2: 951 5321.250000 1260.000000 6.704775 1182500[0m
[00:00:00.957,000] [0m<inf> oresat_solar2: 97 5321.250000 1220.000000 6.491925 1180000[0m
[00:00:00.963,000] [0m<inf> oresat_solar2: 963 5323.750000 120.000000 6.494975 1177500[0m
[00:00:00.969,00] [0m<inf> oresat_solar2: 969 5321.250000 1180.000000 6.27975 1175000[0m
[00:00:00.974,000] [0m<inf> oesat_solar2: 974 5322.500000 1280.000000 6.812800 1172500[0m[00:00:00.980,000] [0m<inf> oresat_solar2: 98 5321.250000 1220.000000 6.491925 1170000[0m
[00:00:00.986,00] [0m<inf> oresat_solar2: 986 5320.000000 120.000000 6.490400 1167500[0m
[00:00:00.991,000] [0m<inf> oresat_solar2: 991 5320.000000 1260.000000 6.70320 1165000[0m
[00:00:00.997,000] [0m<inf> orsat_solar2: 997 5321.250000 1220.000000 6.491925 1162500[0m
00:00:01.002,000] [0m<dbg> oresat_blink: hande_blink: The light is blinking![0m
[00:00:01.003,000] [0m<inf> oresat_solar2: 1003 5322.500000 1220.0000006.493450 1160000[0m
[00:00:01.008,000] [0m<inf> oresat_solar2: 1008 5323.750000 1220.000000 6.494975 115750[0m
[00:00:01.014,000] [0m<inf> oresat_solr2: 1014 5323.750000 1220.000000 6.494975 1155000[0m
[00:00:1.020,000] [0m<inf> oresat_solar2: 1020 5322.00000 1260.000000 6.706350 1152500[0m
[00:00:01.026,000] [0m<inf> oresat_solar2: 1026 5322.500000 1260.00000 6.706350 1150000[0m
[00:00:01.031,000] [0m<inf> oresat_solar2: 1031 5325.000000 1220.000000 6.496500 117500[0m
[00:00:01.037,000] [0m<inf> oresat_solar2: 1037 5322.500000 1260.000000 6.706350 1145000[0m
[00:0:01.043,000] [0m<inf> oresat_solar2: 1043 532.500000 1280.000000 6.812800 1142500[0m
[00:00:01.048,000] [0m<inf> oresat_solar2: 1048 5322.500000 1280.00000 6.812800 1140000[0m
[00:00:01.054,000] [0m<inf> oresat_solar2: 1054 5322.500000 1200.000000 6.3870001137500[0m
[00:00:01.060,000] [0m<inf> oresat_solar2: 1060 5322.500000 1220.000000 6.493450 1135000[0m
[0:00:01.065,000] [0m<inf> oresat_solar2: 10655323.750000 1260.000000 6.707925 1132500[0m
[00:00:01.071,00] [0m<inf> oresat_solar2: 1071 5322.500000 120.000000 6.706350 1130000[0m
[00:00:01.077,000] [0m<inf> orsat_solar2: 1077 5322.500000 1260.000000 6.70650 1127500[0m
[00:00:01.083,000] [0m<inf> oresat_solar2: 1083 5322.500000 1200.000000 6.387000 1125000[0m
[00:00:01.088,000] [0m<inf> oresat_solar2: 1088 5321.250000 1200.000000 6.385500 1122500[0m
[00:00:01.094000] [0m<inf> oresat_solar2: 1094 5323.7500001280.000000 6.814400 1120000[0m
[00:00:01.100,000] [0m<inf>oresat_solar2: 1100 5322.500000 1220.000000 6.93450 1117500[0m
[00:00:01.105,000] [0m<inf> oresat_solar2:1105 5321.250000 1260.000000 6.704775 11150000m
[00:00:01.111,000] [0m<inf> oresat_solar2: 1111 5322.500000 1220.000000 6.493450 1112500[0m
[00:00:01.17,000] [0m<inf> oresat_solar2: 1117 5322.500000 1200.000000 6.387000 1110000[0m
[00:00:01.122,000] [0m<if> oresat_solar2: 1122 5322.500000 1220.0000006.493450 1107500[0m
[00:00:01.128,000] [0m<inf> oresat_sola2: 1128 5322.500000 1260.000000 6.706350 110500[0m
[00:00:01.134,000] [0m<inf> oresat_solar2: 1134 5322.500000 1220.000000 6.493450 1102500[0m
[00:00:1.140,000] [0m<inf> oresat_solar2: 1140 5322.500000 1260.000000 6.706350 1100000[0m
[00:00:01.145,000] [0<inf> oresat_solar2: 1145 5323.750000 1260.00000 6.707925 1097500[0m
[00:00:01.151,000] [0m<inf> oresat_solar2: 1151 5323.750000 1260.000000 6.707925 105000[0m
[00:00:01.157,000] [0m<inf> oresat_solar2: 1157 5321.250000 1260.000000 6.704775 1092500[0m
[00:0:01.162,000] [0m<inf> oresat_solar2: 1162 5321.250000 1260.000000 6.704775 1090000[0m
[00:00:01.168,000] [0m<inf> oresat_solar2: 1168 5322.500000 1220.00000 6.493450 1087500[0m
[00:00:01.174,000] [0m<inf> oresa_solar2: 1174 5322.500000 1220.000000 6.4934501085000[0m
[00:00:01.179,000] [0m<inf> oresat_solar2: 1179 5322.500000 1260.000000 6.706350 1082500[0m
[0:00:01.185,000] [0m<inf> oresat_solar2: 1185 5322.500000 1260.000000 6.706350 1080000[0m
[00:00:01.191,00] [0m<inf> oresat_solar2: 1191 5323.750000 120.000000 6.814400 1077500[0m
[00:00:01.197,000] [0m<inf> orsat_solar2: 1197 5322.500000 1260.000000 6.70650 1075000[0m
[00:00:01.202,000] [0m<inf> oresat_solar2: 122 5322.500000 1280.000000 6.812800 1072500[0m
[00:00:01.208,000] [0m<inf> oresat_solar2: 1208 5322.500000 1260.000000 6.706350 1070000[0m
[00:00:01.214000] [0m<inf> oresat_solar2: 1214 5322.500000 1220.000000 6.493450 1067500[0m
[00:00:01.219,000] [0m<inf>oresat_solar2: 1219 5322.500000 1200.000000 6.87000 1065000[0m
[00:00:01.225,000] [0m<inf> oresat_solar2:1225 5323.750000 1280.000000 6.814400 10625000m
[00:00:01.231,000] [0m<inf> oresat_solar2: 1231 5323.750000 1260.000000 6.707925 1060000[0m
[00:00:01.36,000] [0m<inf> oresat_solar2: 1236 5322.500000 1260.000000 6.706350 1057500[0m
[00:00:01.242,000] [0m<if> oresat_solar2: 1242 5322.500000 1200.0000006.387000 1055000[0m
[00:00:01.248,000] [0m<inf> oresat_sola2: 1248 5321.250000 1220.000000 6.491925 105250[0m
[00:00:01.254,000] [0m<inf> oresat_solar2: 1254 5321.250000 1260.000000 6.704775 1050000[0m
[00:00:1.259,000] [0m<inf> oresat_solar2: 1259 5322.500000 1260.000000 6.706350 1047500[0m
[00:00:01.265,000] [0<inf> oresat_solar2: 1265 5322.500000 1220.00000 6.493450 1045000[0m
[00:00:01.271,000] [0m<inf> oresat_slar2: 1271 5323.750000 1220.000000 6.494975 102500[0m
[00:00:01.276,000] [0m<inf> oresat_solar2: 1276 5322.500000 1220.000000 6.493450 1040000[0m
[00:0:01.282,000] [0m<inf> oresat_solar2: 1282 5322.500000 1220.000000 6.493450 1037500[0m
[00:00:01.288,000] [0m<inf> oresat_solar2: 1288 5321.250000 1260.00000 6.704775 1035000[0m
[00:00:01.293,000] [0m<inf> oresa_solar2: 1293 5322.500000 1220.000000 6.4934501032500[0m
[00:00:01.299,000] [0m<inf> oresat_solar2: 1299 322.500000 1260.000000 6.706350 1030000[0m
[0:00:01.305,000] [0m<inf> oresat_solar2: 1305 5322.500000 1260.000000 6.706350 1027500[0m
[00:00:01.311,00] [0m<inf> oresat_solar2: 1311 5322.500000 1220.000000 6.493450 1025000[0m
[00:00:01.316,000] [0m<inf> orsat_solar2: 1316 5322.500000 1260.000000 6.70650 1022500[0m
[00:00:01.322,000] [0m<inf> oresat_solar2: 132 5322.500000 1260.000000 6.706350 1020000[0m
[00:00:01.328,000] [0m<inf> oresat_solar2: 1328 5321.250000 1260.000000 6.704775 1017500[0m
[00:00:01.333000] [0m<inf> oresat_solar2: 1333 5322.500000 1180.000000 6.280550 1015000[0m
[00:00:01.339,000] [0m<inf>oresat_solar2: 1339 5322.500000 1260.000000 6.06350 1012500[0m
[00:00:01.345,000] [0m<inf> oresat_solar2: 1345 5322.500000 1220.000000 6.493450 10100000m
[00:00:01.350,000] [0m<inf> oresat_solar2: 1350 5321.250000 1300.000000 6.917625 1007500[0m
[00:00:01.56,000] [0m<inf> oresat_solar2: 1356 5322.500000 1260.000000 6.706350 1005000[0m
[00:00:01.362,000] [0m<if> oresat_solar2: 1362 5321.250000 1260.0000006.704775 1002500[0m
[00:00:01.368,000] [0m<inf> oresat_sola2: 1368 5322.500000 1260.000000 6.706350 100000[0m
[00:00:01.373,000] [0m<inf> oresat_solar2: 1373 5321.20000 1200.000000 6.385500 997500[0m
[00:00:0.379,000] [0m<inf> oresat_solar2: 1379 5322.500000 1280.000000 6.812800 995000[0m
[00:00:01.385,000] [0m<nf> oresat_solar2: 1385 5321.250000 1260.000000 6.704775 992500[0m
[00:00:01.390,000] [0m<inf> oresat_sola2: 1390 5322.500000 1200.000000 6.387000 99000[0m
[00:00:01.396,000] [0m<inf> oresat_solar2: 1396 5322.50000 1260.000000 6.706350 987500[0m
[00:00:01402,000] [0m<inf> oresat_solar2: 1402 5322.500000 1260.000000 6.706350 985000[0m
[00:00:01.407,000] [0m<if> oresat_solar2: 1407 5322.500000 1260.000000 6.706350 982500[0m
[00:00:01.413,000] [0m<inf> oresat_solar: 1413 5325.000000 1260.000000 6.709500 980000[0m
[00:00:01.419,000] [0m<inf> oresat_solar2: 1419 5321.25000 1220.000000 6.491925 977500[0m
[00:00:01.25,000] [0m<inf> oresat_solar2: 1425 5321.250000 1260.000000 .704775 975000[0m
[00:00:01.430,000] [0m<in> oresat_solar2: 1430 5321.250000 1260.000000 6.704775 972500[0m
[00:00:01.436,000] [0m<inf> oresat_solar2 1436 5321.250000 1280.000000 6.811200 9700000m
[00:00:01.442,000] [0m<inf> oresat_solar2: 1442 5322.500000 1260.000000 6.706350 967500[0m
[00:00:01.47,000] [0m<inf> oresat_solar2: 1447 5322.500000 1220.000000 6.493450 965000[0m
[00:00:01.453,000] [0m<inf oresat_solar2: 1453 5322.500000 1220.000000 6493450 962500[0m
[00:00:01.459,000] [0m<inf> oresat_solar2:1459 5322.500000 1260.000000 6.706350 960000[m
[00:00:01.464,000] [0m<inf> oresat_solar2: 1464 5321.25000 1260.000000 6.704775 957500[0m
[00:00:01.47,000] [0m<inf> oresat_solar2: 1470 5322.500000 1260.000000 6.706350 955000[0m
[00:00:01.476,000] [0m<inf>oresat_solar2: 1476 5323.750000 1260.000000 6.07925 952500[0m
[00:00:01.482,000] [0m<inf> oresat_solar2: 482 5322.500000 1220.000000 6.493450 950000[0
[00:00:01.487,000] [0m<inf> oresat_solar2: 1487 5322.500000 1280.000000 6.812800 947500[0m
[00:00:01.493000] [0m<inf> oresat_solar2: 1493 5322.500000 1260.000000 6.706350 945000[0m
[00:00:01.499,000] [0m<inf> resat_solar2: 1499 5322.500000 1280.000000 6.82800 942500[0m
[00:00:01.504,000] [0m<inf> oresat_solar2: 104 5322.500000 1220.000000 6.493450 940000[0m
[00:00:01.510,000] [0m<inf> oresat_solar2: 1510 5321.250000 1280.000000 6.811200 937500[0m
[00:00:01.516,00] [0m<inf> oresat_solar2: 1516 5322.500000 1220.000000 6.493450 935000[0m
[00:00:01.521,000] [0m<inf> oesat_solar2: 1521 5322.500000 1280.000000 6.81800 932500[0m
[00:00:01.527,000] [0m<inf> oresat_solar2: 157 5321.250000 1300.000000 6.917625 930000[0m[00:00:01.533,000] [0m<inf> oresat_solar2: 1533 5322.500000 1280.000000 6.812800 927500[0m
[00:00:01.539,00] [0m<inf> oresat_solar2: 1539 5322.500000 1280.000000 6.812800 925000[0m
[00:00:01.544,000] [0m<inf> orsat_solar2: 1544 5322.500000 1260.000000 6.70650 922500[0m
[00:00:01.550,000] [0m<inf> oresat_solar2: 155 5321.250000 1220.000000 6.491925 920000[0m
00:00:01.556,000] [0m<inf> oresat_solar2: 1556 5322.500000 1220.000000 6.493450 917500[0m
[00:00:01.561,00] [0m<inf> oresat_solar2: 1561 5323.750000 1260.000000 6.707925 915000[0m
[00:00:01.567,000] [0m<inf> oreat_solar2: 1567 5322.500000 1260.000000 6.706350 912500[0m
[00:00:01.573,000] [0m<inf> oresat_solar2: 15735321.250000 1260.000000 6.704775 910000[0m
[0:00:01.578,000] [0m<inf> oresat_solar2: 1578 5323.750000 128.000000 6.814400 907500[0m
[00:00:01.584,000 [0m<inf> oresat_solar2: 1584 5322.500000 1220.000000 6.493450 905000[0m
[00:00:01.590,000] [0m<inf> orest_solar2: 1590 5322.500000 1260.000000 6.706350 902500[0m
[00:00:01.596,000] [0m<inf> oresat_solar2: 1596 321.250000 1260.000000 6.704775 900000[0m
[0:00:01.601,000] [0m<inf> oresat_solar2: 1601 5322.500000 1220000000 6.493450 897500[0m
[00:00:01.607,000][0m<inf> oresat_solar2: 1607 5321.250000 1260.000000 6.704775895000[0m
[00:00:01.613,000] [0m<inf> oresa_solar2: 1613 5321.250000 1280.000000 6.811200 892500[0m
[00:00:01.618,000] [0m<inf> oresat_solar2: 1618 522.500000 1220.000000 6.493450 890000[0m
[00:00:01.624,000] [0m<inf> oresat_solar2: 1624 5322.500000 1280.00000 6.812800 887500[0m
[00:00:01.630,000] [0m<inf> oresat_solar2: 1630 5322.500000 1260.000000 6.706350 85000[0m
[00:00:01.635,000] [0m<inf> oresatsolar2: 1635 5322.500000 1220.000000 6.493450 882500[0m
[00:0:01.641,000] [0m<inf> oresat_solar2: 1641 532.500000 1280.000000 6.812800 880000[0m
[00:00:01.647,000] [0m<inf> oresat_solar2: 1647 5321.250000 1220.00000 6.491925 877500[0m
[00:00:01.653,000] 0m<inf> oresat_solar2: 1653 5321.250000 1280.000000 6.811200 85000[0m
[00:00:01.658,000] [0m<inf> oresat_olar2: 1658 5321.250000 1260.000000 6.704775 872500[0m
[00:0:01.664,000] [0m<inf> oresat_solar2: 1664 532.500000 1260.000000 6.706350 870000[0m
[00:00:01.670,000] [0m<inf> oresat_solar2: 1670 5321.250000 1280.00000 6.811200 867500[0m
[00:00:01.675,000] [0m<inf> oresat_solar2: 1675 5321.250000 1200.000000 6.385500 86000[0m
[00:00:01.681,000] [0m<inf> oresat_slar2: 1681 5322.500000 1260.000000 6.706350 862500[0m
[00:0001.687,000] [0m<inf> oresat_solar2: 1687 5321250000 1300.000000 6.917625 860000[0m
[00:00:01.692,000] [0<inf> oresat_solar2: 1692 5322.500000 1260.00000 6.706350 857500[0m
[00:00:01.698,000] [0m<inf> oresat_solar2: 1698 5321.250000 1260.000000 6.704775 85500[0m
[00:00:01.704,000] [0m<inf> oresat_solar2: 1704 5321.250000 1280.000000 6.811200 852500[0m
[00:00:1.710,000] [0m<inf> oresat_solar2: 1710 5322.00000 1220.000000 6.493450 850000[0m
[00:00:01.715,000] [0minf> oresat_solar2: 1715 5321.250000 1220.00000 6.491925 847500[0m
[00:00:01.721,000] [0m<inf> oresat_solar2: 1721 5322.500000 1260.000000 6.706350 84500[0m
[00:00:01.727,000] [0m<inf> oresat_solar2: 1727 5321.250000 1260.000000 6.704775 842500[0m
[00:00:0.732,000] [0m<inf> oresat_solar2: 1732 5322.500000 1220.000000 6.493450 840000[0m
[00:00:01.738,000] [0m<nf> oresat_solar2: 1738 5321.250000 1260.00000 6.704775 837500[0m
[00:00:01.744,000] [0m<inf> oresat_sola2: 1744 5322.500000 1260.000000 6.706350 83500[0m
[00:00:01.749,000] [0m<inf> oresat_solar2: 1749 5320.00000 1260.000000 6.703200 832500[0m
[00:00:01755,000] [0m<inf> oresat_solar2: 1755 5321.250000 1260.000000 6.704775 830000[0m
[00:00:01.761,000] [0m<if> oresat_solar2: 1761 5322.500000 1260.0000006.706350 827500[0m
[00:00:01.767,000] [0m<inf> oresat_solar2: 1767 5322.500000 1260.000000 6.706350 825000[0m
[00:00:01.772,000] [0m<inf> oresat_solar2: 1772 5322.500000 1280.000000 6.812800 822500[0m
[00:00:01.78,000] [0m<inf> oresat_solar2: 1778 5321.250000 1280.000000 6.811200 820000[0m
[00:00:01.784,000] [0m<in> oresat_solar2: 1784 5321.250000 1220.000000 .491925 817500[0m
[00:00:01.789,000] [0m<inf> oresat_solar2 1789 5323.750000 1260.000000 6.707925 8150000m
[00:00:01.795,000] [0m<inf> oresat_solar2: 1795 5320.000000 1260.000000 6.703200 812500[0m
[00:00:01.81,000] [0m<inf> oresat_solar2: 1801 5322.500000 1260.000000 6.706350 810000[0m
[00:00:01.806,000] [0m<inf oresat_solar2: 1806 5322.500000 1220.000000 6493450 807500[0m
[00:00:01.812,000] [0m<inf> oresat_solar2:1812 5320.000000 1220.000000 6.490400 805000[m
[00:00:01.818,000] [0m<inf> oresat_solar2: 1818 5320.000000 1220.000000 6.490400 802500[0m
[00:00:01.82,000] [0m<inf> oresat_solar2: 1824 5322.500000 1200.000000 6.387000 800000[0m
[00:00:01.829,000] [0m<inf>oresat_solar2: 1829 5321.250000 1200.000000 6.85500 797500[0m
[00:00:01.835,000] [0m<inf> oresat_solar2: 835 5322.500000 1260.000000 6.706350 795000[0
[00:00:01.841,000] [0m<inf> oresat_solar2: 1841 5321.250000 1220.000000 6.491925 792500[0m
[00:00:01.846000] [0m<inf> oresat_solar2: 1846 5322.500000 1200.000000 6.387000 790000[0m
[00:00:01.852,000] [0m<inf> resat_solar2: 1852 5322.500000 1280.000000 6.82800 787500[0m
[00:00:01.858,000] [0m<inf> oresat_solar2: 158 5322.500000 1260.000000 6.706350 785000[0m
[00:00:01.863,000] [0m<inf> oresat_solar2: 1863 5321.250000 220.000000 6.491925 782500[0m
[00:00:01.869,00] [0m<inf> oresat_solar2: 1869 5322.500000 1200.000000 6.387000 780000[0m
[00:00:01.875,000] [0m<inf> oesat_solar2: 1875 5321.250000 1200.000000 6.385500 777500[0m
[00:00:01.881,000] [0m<inf> oresat_solar2: 181 5321.250000 1220.000000 6.491925 775000[0m[00:00:01.886,000] [0m<inf> oresat_solar2: 1886 5322.500000 100.000000 6.387000 772500[0m
[00:00:01.892,00] [0m<inf> oresat_solar2: 1892 5322.500000 1220.000000 6.493450 770000[0m
[00:00:01.898,000] [0m<inf> orsat_solar2: 1898 5322.500000 1260.000000 6.70650 767500[0m
[00:00:01.903,000] [0m<inf> oresat_solar2: 190 5321.250000 1220.000000 6.491925 765000[0m
00:00:01.909,000] [0m<inf> oresat_solar2: 1909 5321.250000 1220.000000 6.491925 762500[0m
[00:00:01.915,00] [0m<inf> oresat_solar2: 1915 5322.500000 1200.000000 6.387000 760000[0m
[00:00:01.920,000] [0m<inf> oreat_solar2: 1920 5323.750000 1260.000000 6.70795 757500[0m
[00:00:01.926,000] [0m<inf> oresat_solar2: 19265320.000000 1280.000000 6.809600 755000[0m
[0:00:01.932,000] [0m<inf> oresat_solar2: 1932 5321.250000 1260.000000 6.704775 752500[0m
[00:00:01.938,000 [0m<inf> oresat_solar2: 1938 5321.250000 1260.000000 6.704775 750000[0m
[00:00:01.943,000] [0m<inf> orest_solar2: 1943 5321.250000 1260.000000 6.70477 747500[0m
[00:00:01.949,000] [0m<inf> oresat_solar2: 1949 321.250000 1260.000000 6.704775 745000[0m
[0:00:01.955,000] [0m<inf> oresat_solar2: 1955 5320.000000 1300.000000 6.916000 742500[0m
[00:00:01.960,000][0m<inf> oresat_solar2: 1960 5320.000000 1220.000000 6.490400 740000[0m
[00:00:01.966,000] [0m<inf> oresa_solar2: 1966 5321.250000 1260.000000 6.704775737500[0m
[00:00:01.972,000] [0m<inf> oresat_solar2: 1972 521.250000 1260.000000 6.704775 735000[0m
[0000:01.977,000] [0m<inf> oresat_solar2: 1977 5322.500000 1260.00000 6.706350 732500[0m
[00:00:01.983,000] [0m<inf> oresat_solar2: 1983 5321.250000 1220.000000 6.491925 730000[0m
[00:00:01.989,000] [0m<inf> oresatsolar2: 1989 5322.500000 1260.000000 6.706350 27500[0m
[00:00:01.995,000] [0m<inf> oresat_solar2: 1995 5320.000000 1260.000000 6.703200 725000[0m
[00:0:02.000,000] [0m<inf> oresat_solar2: 2000 5320.000000 1220.000000 6.490400 722500[0m
[00:00:02.002,000] 0m<dbg> oresat_blink: handle_blink: The light is blinking![0m
[00:00:02.006,000] [0m<inf> oresat_solar2: 206 5320.000000 1260.000000 6.703200 720000[0m
[00:00:02.012,000] [0m<inf> oresat_solar2: 2012 5320.000000 280.000000 6.809600 717500[0m
[00:00:02.017,00] [0m<inf> oresat_solar2: 2017 5320.000000 1280.000000 6.809600 715000[0m
[00:00:02.023,000] [0m<inf> oesat_solar2: 2023 5321.250000 1260.000000 6.704775 712500[0m
[00:00:02.029,000] [0m<inf> oresat_solar2: 209 5321.250000 1280.000000 6.811200 710000[0m[00:00:02.034,000] [0m<inf> oresat_solar2: 2034 5320.000000 180.000000 6.809600 707500[0m
[00:00:02.040,00] [0m<inf> oresat_solar2: 2040 5321.250000 1260.000000 6.70475 705000[0m
[00:00:02.046,000] [0m<inf> orsat_solar2: 2046 5318.750000 1260.000000 6.701625 702500[0m
[00:00:02.052,000] [0m<inf> oresat_solar2: 205 5320.000000 1280.000000 6.809600 700000[0m
00:00:02.057,000] [0m<inf> oresat_solar2: 2057 5321.250000 120.000000 6.704775 697500[0m
[00:00:02.063,00] [0m<inf> oresat_solar2: 2063 5318.750000 1280.000000 6.808000 695000[0m
[00:00:02.069,000] [0m<inf> oreat_solar2: 2069 5320.000000 1220.000000 6.490400 692500[0m
[0:00:02.074,000] [0m<inf> oresat_solar2: 20745318.750000 1260.000000 6.701625 690000[0m
[00:00:02.080,000] [0m<inf> oresat_solar2: 2080 5318.750000 122.000000 6.488875 687500[0m
[00:00:02.086,000 [0m<inf> oresat_solar2: 2086 5318.750000 1260.000000 6.70162 685000[0m
[00:00:02.091,000] [0m<inf> orest_solar2: 2091 5318.750000 1260.000000 6.701625 682500[0m
[00:00:02.097,000] [0m<inf> oresat_solar2: 2097 321.250000 1260.000000 6.704775 680000[0m
[00:00:02.103,000] [0m<inf> oresat_solar2: 2103 5318.750000 1220000000 6.488875 677500[0m
[00:00:02.109,000][0m<inf> oresat_solar2: 2109 5318.750000 1260.000000 6.701625675000[0m
[00:00:02.114,000] [0m<inf> oresa_solar2: 2114 5317.500000 1260.000000 6.700050 672500[0m
[00:00:02.120,000] [0m<inf> oresat_solar2: 2120 518.750000 1280.000000 6.808000 670000[0m
[00:00:02.126,000] [0m<inf> oresat_solar2: 2126 5320.000000 1260.00000 6.703200 667500[0m
[00:00:02.131,000] [0m<inf> oresat_solar2: 2131 5321.250000 1260.000000 6.704775 665000[0m
[00:00:02.137,000] [0m<inf> oresatsolar2: 2137 5317.500000 1260.000000 6.700050 662500[0m
[00:00:02.143,000] [0m<inf> oresat_solar2: 2143 532.500000 1260.000000 6.706350 660000[0m
[00:00:02.148,000] [0m<inf> oresat_solar2: 2148 5318.750000 1280.00000 6.808000 657500[0m
[00:00:02.154,000] [0m<inf> oresat_solar2: 2154 5318.750000 1260.000000 6.701625 65000[0m
[00:00:02.160,000] [0m<inf> oresat_olar2: 2160 5318.750000 1260.000000 6.701625 652500[0m
[00:0:02.166,000] [0m<inf> oresat_solar2: 2166 531.750000 1260.000000 6.701625 650000[0m
[00:00:02.171,000] [m<inf> oresat_solar2: 2171 5318.750000 1280.00000 6.808000 647500[0m
[00:00:02.177,000] [0m<inf> oresat_solar2: 2177 5317.500000 1260.000000 6.700050 64000[0m
[00:00:02.183,000] [0m<inf> oresat_solar2: 2183 5320.000000 1220.000000 6.490400 642500[0m
[00:0002.188,000] [0m<inf> oresat_solar2: 2188 5318750000 1220.000000 6.488875 640000[0m
[00:00:02.194,000] [0<inf> oresat_solar2: 2194 5318.750000 1220.00000 6.488875 637500[0m
[00:00:02.200,000] [0m<inf> oresat_solar2: 2200 5318.750000 1220.000000 6.488875 63500[0m
[00:00:02.205,000] [0m<inf> oresat_solar2: 2205 5318.750000 1280.000000 6.808000 632500[0m
[00:00:2.211,000] [0m<inf> oresat_solar2: 2211 5321.250000 1260.000000 6.704775 630000[0m
[00:00:02.217,000] [0minf> oresat_solar2: 2217 5321.250000 1280.000000 6.811200 627500[0m
[00:00:02.223,000] [0m<inf> oresat_solr2: 2223 5320.000000 1220.000000 6.490400 62500[0m
[00:00:02.228,000] [0m<inf> oresat_solar2: 2228 5318.70000 1220.000000 6.488875 622500[0m
[00:00:0.234,000] [0m<inf> oresat_solar2: 2234 5320.000000 1220.000000 6.490400 620000[0m
[00:00:02.240,000] [0m<nf> oresat_solar2: 2240 5317.500000 1280.000000 6.806400 617500[0m
[00:00:02.245,000] [0m<inf> oresat_sola2: 2245 5320.000000 1260.000000 6.703200 615000[0m
[00:00:02.251,000] [0m<inf> oresat_solar2: 2251 5320.00000 1260.000000 6.703200 612500[0m
[00:00:02257,000] [0m<inf> oresat_solar2: 2257 5318.750000 1260.0000006.701625 610000[0m
[00:00:02.262,000] [0m<if> oresat_solar2: 2262 5320.000000 1280.000000 6.809600 607500[0m
[00:00:02.268,000] [0m<inf> oresat_solar: 2268 5318.750000 1220.000000 6.488875 605000[0m
[00:00:02.274,000] [0m<inf> oresat_solar2: 2274 5320.00000 1280.000000 6.809600 602500[0m
[00:00:02.80,000] [0m<inf> oresat_solar2: 2280 5320.000000 1260.000000 .703200 600000[0m
[00:00:02.285,000] [0m<in> oresat_solar2: 2285 5318.750000 1260.000000 6.701625 5975000m
[00:00:02.291,000] [0m<inf> oresat_solar2 2291 5320.000000 1260.000000 6.703200 595000[0m
[00:00:02.297,000] [0m<inf> oresat_solar2: 2297 5320.00000 1220.000000 6.490400 592500[0m
[00:00:02.302,000] [0m<inf> oresat_solar2: 2302 5317.500000 1280.000000 6806400 590000[0m
[00:00:02.308,000] [0m<inf oresat_solar2: 2308 5317.500000 1300.000000 6.912750 587500[0m
[00:00:02.314,000] [0m<inf> oresat_solar2:2314 5318.750000 1280.000000 6.808000 585000[0m
[00:00:02.31,000] [0m<inf> oresat_solar2: 2319 5318.75000 1280.000000 6.808000 582500[0m
[00:00:02.325,000] [0m<inf> oresat_solar2: 2325 5320.000000 1260.000000 6.03200 580000[0m
[00:00:02.331,000] [0m<inf> oresat_solar2: 2331 5318.750000 1220.000000 6.488875 577500[0
[00:00:02.337,000] [0m<inf> oresat_solar2: 337 5320.000000 1260.000000 6.703200 575000[0m
[00:00:02.342000] [0m<inf> oresat_solar2: 2342 5318.7500001260.000000 6.701625 572500[0m
[00:00:02.348,000] [0m<inf> oresat_solar2: 2348 5318.750000 1300.000000 6.94375 570000[0m
[00:00:02.354,000] [0m<inf> oresat_solar2: 2354 5318.750000 1260.000000 6.701625 567500[0m
[00:00:02.359,000] [0m<inf> oresat_solar2: 259 5318.750000 1280.000000 6.808000 565000[0m
[00:00:02.365,00] [0m<inf> oresat_solar2: 2365 5318.750000 220.000000 6.488875 562500[0m
[00:00:02.371,000] [0m<inf> oresat_solar2: 2371 5318.750000 1220.000000 6.48875 560000[0m
[00:00:02.376,000] [0m<inf> oresat_solar2: 236 5318.750000 1260.000000 6.701625 557500[0m[00:00:02.382,000] [0m<inf> oresat_solar2: 2382 5318.750000 1220.000000 6.488875 555000[0m
[00:00:02.388,00] [0m<inf> oresat_solar2: 2388 5321.250000 120.000000 6.491925 552500[0m
[00:00:02.394,000] [0m<inf> orsat_solar2: 2394 5320.000000 1300.000000 6.91600 550000[0m
[00:00:02.399,000] [0m<inf> oresat_solar2: 2399 5318.750000 1260.000000 6.701625 547500[0m
00:00:02.405,000] [0m<inf> oresat_solar2: 2405 5318.750000 1280.000000 6.808000 545000[0m
[00:00:02.411,00] [0m<inf> oresat_solar2: 2411 5317.500000 120.000000 6.487350 542500[0m
[00:00:02.416,000] [0m<inf> oreat_solar2: 2416 5320.000000 1260.000000 6.70320 540000[0m
[00:00:02.422,000] [0m<inf> oresat_solar2: 2422 5320.000000 1200.000000 6.384000 537500[0m
[0:00:02.428,000] [0m<inf> oresat_solar2: 2428 5317.500000 1260.000000 6.700050 535000[0m
[00:00:02.433,000 [0m<inf> oresat_solar2: 2433 5317.500000 1260.000000 6.700050 532500[0m
[00:00:02.439,000] [0m<inf> orest_solar2: 2439 5318.750000 1260.000000 6.70162 530000[0m
[00:00:02.445,000] [0m<inf> oresat_solar2: 2445 318.750000 1260.000000 6.701625 527500[0m
[0:00:02.451,000] [0m<inf> oresat_solar2: 2451 5321.250000 1280000000 6.811200 525000[0m
[00:00:02.456,000][0m<inf> oresat_solar2: 2456 5320.000000 1300.000000 6.916000 522500[0m
[00:00:02.462,000] [0m<inf> oresa_solar2: 2462 5320.000000 1260.000000 6.703200 520000[0m
[00:00:02.468,000] [0m<inf> oresat_solar2: 2468 520.000000 1260.000000 6.703200 517500[0m
[0000:02.473,000] [0m<inf> oresat_solar2: 2473 5318.750000 1260.00000 6.701625 515000[0m
[00:00:02.479,000] [0m<inf> oresat_solar2: 2479 5317.500000 1260.000000 6.700050 12500[0m
[00:00:02.485,000] [0m<inf> oresatsolar2: 2485 5318.750000 1280.000000 6.808000 510000[0m
[00:0:02.490,000] [0m<inf> oresat_solar2: 2490 538.750000 1260.000000 6.701625 507500[0m
[00:00:02.496,000] [0m<inf> oresat_solar2: 2496 5318.750000 1260.00000 6.701625 505000[0m
[00:00:02.502,000] 0m<inf> oresat_solar2: 2502 5318.750000 1220.000000 6.488875 52500[0m
[00:00:02.508,000] [0m<inf> oresat_olar2: 2508 5317.500000 1260.000000 6.700050 500000[0m
[00:0:02.513,000] [0m<inf> oresat_solar2: 2513 532.000000 1260.000000 6.703200 497500[0m
[00:00:02.519,000] [0m<inf> oresat_solar2: 2519 5317.500000 1280.00000 6.806400 495000[0m
[00:00:02.525,000] [0m<inf> oresat_solar2: 2525 5318.750000 1260.000000 6.701625 49500[0m
[00:00:02.530,000] [0m<inf> oresat_slar2: 2530 5317.500000 1260.000000 6.700050 490000[0m
[00:0002.536,000] [0m<inf> oresat_solar2: 2536 5320000000 1260.000000 6.703200 487500[0m
[00:00:02.542,000] [0<inf> oresat_solar2: 2542 5318.750000 1260.00000 6.701625 485000[0m
[00:00:02.547,000] [0m<inf> oresat_solar2: 2547 5318.750000 1260.000000 6.701625 48200[0m
[00:00:02.553,000] [0m<inf> oresat_solar2: 2553 5317.500000 1260.000000 6.700050 480000[0m
[00:00:2.559,000] [0m<inf> oresat_solar2: 2559 5317.00000 1260.000000 6.700050 477500[0m
[00:00:02.565,000] [0minf> oresat_solar2: 2565 5318.750000 1280.00000 6.808000 475000[0m
[00:00:02.570,000] [0m<inf> oresat_solr2: 2570 5317.500000 1200.000000 6.381000 47250[0m
[00:00:02.576,000] [0m<inf> oresat_solar2: 2576 5318.750000 1280.000000 6.808000 470000[0m
[00:00:0.582,000] [0m<inf> oresat_solar2: 2582 5320.00000 1280.000000 6.809600 467500[0m
[00:00:02.587,000] [0m<nf> oresat_solar2: 2587 5317.500000 1260.00000 6.700050 465000[0m
[00:00:02.593,000] [0m<inf> oresat_sola2: 2593 5316.250000 2320.000000 12.333700 46250[0m
[00:00:02.599,000] [0m<inf> oresat_solar2: 2599 5316.250000 3060.000000 16.267725 460000[0m
[00:00:2.604,000] [0m<inf> oresat_solar2: 2604 5316.250000 3060.000000 16.267725 457500[0m
[00:00:02.610,000] [0<inf> oresat_solar2: 2610 5316.250000 3060.00000 16.267725 455000[0m
[00:00:02.616,000] [0m<inf> oresat_solar2: 2616 5317.500000 3000.000000 15.952500 42500[0m
[00:00:02.622,000] [0m<inf> oresat_solar2: 2622 5318.750000 3020.000000 16.062626 450000[0m
[00:0:02.627,000] [0m<inf> oresat_solar2: 2627 5317.500000 3000.000000 15.952500 447500[0m
[00:00:02.633,000] [0m<inf> oresat_solar2: 2633 5317.500000 3000.00000 15.952500 445000[0m
[00:00:02.639,000] [0m<inf> oresa_solar2: 2639 5316.250000 2980.000000 15.84242 442500[0m
[00:00:02.644,000] [0m<inf> oresat_solar2: 2644 315.000000 2960.000000 15.732400 440000[0m
[0:00:02.650,000] [0m<inf> oresat_solar2: 2650 5316.250000 2920.000000 15.523450 437500[0m
[00:00:02.656,00] [0m<inf> oresat_solar2: 2656 5317.500000 2960.000000 15.739800 435000[0m
[00:00:02.661,000] [0m<inf> orsat_solar2: 2661 5316.250000 2980.000000 15.84425 432500[0m
[00:00:02.667,000] [0m<inf> oresat_solar2: 267 5316.250000 2960.000000 15.736100 430000[0m
[00:00:02.673,000] [0m<inf> oresat_solar2: 2673 5318.750000 2980.000000 15.849875 427500[0m
[00:00:02.679000] [0m<inf> oresat_solar2: 2679 5316.250000 3000.000000 15.48750 425000[0m
[00:00:02.684,000] [0m<inf>oresat_solar2: 2684 5316.250000 2960.000000 15.736100 422500[0m
[00:00:02.690,000] [0m<inf> oresat_solar2:2690 5315.000000 2920.000000 15.519800 4200000m
[00:00:02.696,000] [0m<inf> oresat_solar2: 2696 5316.25000 2920.000000 15.523450 417500[0m
[00:00:02.01,000] [0m<inf> oresat_solar2: 2701 5317.500000 2920.000000 15.527100 415000[0m
[00:00:02.707,000] [0m<if> oresat_solar2: 2707 5316.250000 2920.000000 15.523450 412500[0m
[00:00:02.713,000] [0m<inf> oresat_sola2: 2713 5317.500000 2960.000000 15.739800 41000[0m
[00:00:02.718,000] [0m<inf> oresat_solar2: 2718 5316.20000 2920.000000 15.523450 407500[0m
[00:00:2.724,000] [0m<inf> oresat_solar2: 2724 5318.750000 2880.000000 15.318000 405000[0m
[00:00:02.730,000] [0<inf> oresat_solar2: 2730 5316.250000 2960.000000 15.736100 402500[0m
[00:00:02.736,000] [0m<inf> oresat_slar2: 2736 5317.500000 2900.000000 15.420750 400000[0m
[00:00:02.741,000] [0m<inf> oresat_solar2: 2741 531.500000 2900.000000 15.420750 397500[0m
[00:0:02.747,000] [0m<inf> oresat_solar2: 2747 5316.250000 2900.00000 15.417125 395000[0m
[00:00:02.753,000] [0m<inf> oresat_solar2: 2753 5317.500000 2920.000000 15.527100392500[0m
[00:00:02.758,000] [0m<inf> oresa_solar2: 2758 5317.500000 2920.000000 15.527100 390000[0m
[00:00:02.764,000] [0m<inf> oresat_solar2: 2764 316.250000 2900.000000 15.417125 387500[0m
[00:00:02.770,000] [0m<inf> oresat_solar2: 2770 5317.500000 292.000000 15.527100 385000[0m
[00:00:02.775,00] [0m<inf> oresat_solar2: 2775 5317.500000 2880.000000 15.31400 382500[0m
[00:00:02.781,000] [0m<inf> orsat_solar2: 2781 5317.500000 2880.000000 15.314400 380000[0m[00:00:02.787,000] [0m<inf> oresat_solar2: 277 5316.250000 2900.000000 15.417125 377500[0m
[00:00:02.793,00] [0m<inf> oresat_solar2: 2793 5317.500000 880.000000 15.314400 375000[0m
[00:00:02.798,000] [0m<inf> oresat_solar2: 2798 5317.500000 2900.000000 15.20750 372500[0m
[00:00:02.804,000] [0m<inf>oresat_solar2: 2804 5315.000000 2900.000000 15.413500 370000[m
[00:00:02.810,000] [0m<inf> oresat_solar2:2810 5317.500000 2880.000000 15.314400 367500[0m
[00:00:02.815,000] [0m<inf> oresat_solar2: 2815 5316.25000 2880.000000 15.310800 365000[0m
[00:00:02.821,000] [0m<inf> oresat_solar2: 2821 5317.500000 2920.000000 5.527100 362500[0m
[00:00:02.827,000] [0m<inf> oresat_solar2: 2827 5317.500000 2900.000000 15.420750 36000[0m
[00:00:02.832,000] [0m<inf> oresat_sola2: 2832 5317.500000 2880.000000 15.314400 357500[0m
[00:00:02.838,000] [0m<inf> oresat_solar2: 2838 5316.20000 2880.000000 15.310800 355000[0m
[00:00:02.844,000] [0m<inf> oresat_solar2: 2844 5316.250000 2900.00000 15.417125 352500[0m
[00:00:02.850,000] [0m<inf> oresat_solar2: 2850 5317.500000 2900.000000 15.420750 35000[0m
[00:00:02.855,000] [0m<inf> oresat_slar2: 2855 5317.500000 2900.000000 15.420750 347500[0m
[00:0:02.861,000] [0m<inf> oresat_solar2: 2861 531.000000 2880.000000 15.307200 345000[0m
[00:00:02.867,000] 0m<inf> oresat_solar2: 2867 5316.250000 2880.00000 15.310800 342500[0m
[00:00:02.872,000] [0m<inf> oresatsolar2: 2872 5317.500000 2880.000000 15.314400340000[0m
[00:00:02.878,000] [0m<inf> oresat_solar2: 2878 5316.250000 2820.000000 14.991825 337500[0m
[0:00:02.884,000] [0m<inf> oresat_solar2: 2884 5315.000000 2860.000000 15.200900 335000[0m
[00:00:02.889,000 [0m<inf> oresat_solar2: 2889 5315.000000 290.000000 15.413500 332500[0m
[00:00:02.895,000] [0m<inf> oreat_solar2: 2895 5315.000000 2900.000000 15.41300 330000[0m
[00:00:02.901,000] [0m<inf> oresat_solar2: 2901 5317.500000 2900.000000 15.420750 327500[0m[00:00:02.907,000] [0m<inf> oresat_solar2: 2907 5316.250000 2900.000000 15.417125 325000[0m
[00:00:02.912,00] [0m<inf> oresat_solar2: 2912 5317.500000 2860.000000 15.208050 322500[0m
[00:00:02.918,000] [0m<inf> resat_solar2: 2918 5317.500000 2880.000000 15.14400 320000[0m
[00:00:02.924,000] [0m<inf> oresat_solar2: 924 5317.500000 2880.000000 15.314400 317500[m
[00:00:02.929,000] [0m<inf> oresat_solar2: 2929 5316.250000 2860.000000 15.204475 315000[0m
[00:00:02.95,000] [0m<inf> oresat_solar2: 2935 5315.000000 2880.000000 15.307200 312500[0m
[00:00:02.941,000] [0m<in> oresat_solar2: 2941 5316.250000 2880.000000 15.310800 310000[0m
[00:00:02.946,000] [0m<inf> oresat_solar: 2946 5316.250000 2880.000000 15.310800 307500[0m
[00:00:02.952,000] [0m<inf> oresat_solar2: 2952 5315.00000 2880.000000 15.307200 305000[0m
[00:00:0.958,000] [0m<inf> oresat_solar2: 2958 5316.250000 2880.00000 15.310800 302500[0m
[00:00:02.964,000] [0minf> oresat_solar2: 2964 5317.500000 2900.000000 15.420750 30000[0m
[00:00:02.969,000] [0m<inf> oresat_soar2: 2969 5316.250000 2900.000000 15.417125 297500[0m
[00:00:02.975,000] [0m<inf> oresat_solar2: 2975 5316250000 2820.000000 14.991825 295000[0m
[00:00:02.981,000] [0m<inf> oresat_solar2: 2981 5315.000000 2960.00000 15.732400 292500[0m
[00:00:02.986,000] [0m<inf> oresat_solar2: 2986 5316.250000 2860.000000 15.204475 90000[0m
[00:00:02.992,000] [0m<inf> oresatsolar2: 2992 5316.250000 2900.000000 15.417125 287500[0m
[00:00:02.998,000] [0m<inf> oresat_solar2: 2998 517.500000 2920.000000 15.527100 285000[0m
[00:00:03.002,000] [0m<dbg> oresat_blink: handle_blink: The ligh is blinking![0m
[00:00:03.003,000] [0m<inf> oresat_solar2: 3003 5315.000000 2880.000000 15.307200 2825000m
[00:00:03.009,000] [0m<inf> oresat_solar2: 3009 5320.000000 2820.000000 15.002400 280000[0m
[00:00:03.15,000] [0m<inf> oresat_solar2: 3015 5317.50000 2880.000000 15.314400 277500[0m
[00:00:03.021,000] [0m<if> oresat_solar2: 3021 5317.500000 2880.00000015.314400 275000[0m
[00:00:03.026,000] [0m<inf> oresat_solar2: 3026 5317.500000 2900.000000 15.420750 27250[0m
[00:00:03.032,000] [0m<inf> oresat_solar2: 3032 5318.750000 2860.000000 15.211625 270000[0m
[00:00:3.038,000] [0m<inf> oresat_solar2: 3038 5317.500000 2880.000000 15.314400 267500[0m
[00:00:03.043,000] [0<inf> oresat_solar2: 3043 5315.000000 2880.00000 15.307200 265000[0m
[00:00:03.049,000] [0m<inf> oresat_slar2: 3049 5316.250000 2860.000000 15.204475 22500[0m
[00:00:03.055,000] [0m<inf> oresat_solar2: 3055 531.750000 2880.000000 15.318000 260000[0m
[00:0:03.061,000] [0m<inf> oresat_solar2: 3061 5316.250000 2900.000000 15.417125 257500[0m
[00:00:03.066,000] [0m<inf> oresat_solar2: 3066 5317.500000 2900.00000 15.420750 255000[0m
[00:00:03.072,000] [0m<inf> oresa_solar2: 3072 5317.500000 2880.000000 15.31440 252500[0m
[00:00:03.078,000] [0m<inf> oresat_solar2: 3078 316.250000 2880.000000 15.310800 250000[0m
1;31m--- 1 messages dropped ---
[0m[00:00:03.095,000] [0m<inf> oresat_solar2: 3095 5317.500000 2880.00000015.314400 242500[0m
[1;31m--- 3 messages dropped ---
[0m[00:00:03.118,000] [0m<inf> oresat_solar2: 31185316.250000 2880.000000 15.310800 232500[0m
[1;31m--- 3 messages dropped ---
[0m[00:00:03.140,000] [0m<nf> oresat_solar2: 3140 5316.250000 2880.00000 15.310800 222500[0m
[1;31m--- 3 messages dropped ---
[0m00:00:03.163,000] [0m<inf> oresat_solar2: 316 5316.250000 2900.000000 15.417125 212500[0m
[1;31m--- 3 messages dropped ---
[0m[00:00:03.186,000] [0minf> oresat_solar2: 3186 5317.500000 2920.000000 15.527100 202500[0m
[1;31m--- 3 messages dropped ---
[0[00:00:03.209,000] [0m<inf> oresat_solar2: 3209 5317.500000 2900.000000 15.420750 192500[0m
[1;31m--- 3 mssages dropped ---
[0m[00:00:03.232,000] [0m<inf> oresat_solar2: 3232 5315.000000 2880.000000 15.307200 18500[0m
[1;31m--- 3 messages dropped ---
[m[00:00:03.254,000] [0m<inf> oresat_solar2: 3254 5317.500000 960.000000 15.739800 172500[0m
[1;31m--- 4 essages dropped ---
[0m[00:00:03.277,000] [0m<inf> oresat_slar2: 3277 5315.000000 2880.000000 15.307200 12500[0m
[1;31m--- 3 messages dropped ---
[0m[00:00:03.300,000] [0m<inf> oresat_solar2: 3300 5317.5000002900.000000 15.420750 152500[0m
[1;31m--- 3 messages dropped ---
[0m[00:00:03.323,000] [0m<inf> oresat_olar2: 3323 5317.500000 2880.000000 15.314400 42500[0m
[1;31m--- 3 messages dropped ---
[0m[00:00:03.34,000] [0m<inf> oresat_solar2: 3346 5317.50000 2900.000000 15.420750 132500[0m
[1;31m--- 3 messages dropped ---
[0m[00:00:03.368,000] [0m<inf> oresatsolar2: 3368 5317.500000 2920.000000 15.527100 122500[0m
[1;31m--- 3 messages dropped ---
[0m[00:00:03.31,000] [0m<inf> oresat_solar2: 3391 5316.250000 2900.000000 15.417125 112500[0m
[1;31m--- 3 messages droped ---
[0m[00:00:03.414,000] [0m<inf> oresa_solar2: 3414 5317.500000 2860.000000 15.208050 102500[0m
[;31m--- 3 messages dropped ---
[0m[00:00:03.37,000] [0m<inf> oresat_solar2: 3437 5318.750000 2880.000000 15.318000 92500[0m
[1;31m--- 3 messages droped ---
[0m[00:00:03.460,000] [0m<inf> oresat_solar2: 3460 5317.500000 2920.000000 15.527100 82500[0m
[131m--- 3 messages dropped ---
[0m[00:00:03.482,000] [0m<inf> oresat_solar2: 3482 5316.250000 2920.000000 1.523450 72500[0m
[1;31m--- 3 messages droppd ---
[0m[00:00:03.505,000] [0m<inf> oresat_solar2: 3505 536.250000 2860.000000 15.204475 62500[0m
[1;1m--- 3 messages dropped ---
[0m[00:00:03.528,000] [0m<inf>oresat_solar2: 3528 5317.500000 2880.000000 15314400 52500[0m
[1;31m--- 3 messages dropped ---
[0m[00:0:03.551,000] [0m<inf> oresat_solar2: 3551 531.000000 2900.000000 15.413500 42500[0m
[1;31m--- 3 messages dropped ---
[0m[00:00:03.574,000] [0m<inf> resat_solar2: 3574 5316.250000 2880.000000 15.10800 32500[0m
[1;31m--- 3 messages dropped ---
[0m[00:0003.602,000] [0m<inf> oresat_solar2: 3602 5316250000 2900.000000 15.417125 20000[0m
[1;31m--- 3 messages dropped ---
[0m[00:00:03.625,000] [0m<inf> oesat_solar2: 3625 5316.250000 2880.000000 15.310800 10000[0m
[1;31m--- 3 messages dropped ---
[0m[00:00:3.648,000] [0m<inf> oresat_solar2: 3648 5315.000000 2900.000000 15.413500 0[0m
[1;31m--- 4 messages droppd ---
[0m[00:00:03.665,000] [0m<inf> oresatsolar2: 3665 5313.750000 2880.000000 15.303600 -7500[0m
[1;1m--- 4 messages dropped ---
[0m[00:00:03.67,000] [1;31m<err> dac_mcux_lpdac: unsupported value 5282847[m
[1;31m--- 3 messages dropped ---
[0m[00:0:03.690,000] [1;31m<err> dac_mcux_lpdac: unsupported value 5282841[0m
[1;31m--- 4 messages dropped ---
[0m[00:00:03.705,000] [0m<inf> oresat_solar2: 3705 5313.750000 2880.000000 15.303600 -25000[0m
[1;31m---  messages dropped ---
[0m[00:00:03.718,000] [1;31m<err> dac_mcux_lpdac: unsupported value 5282825[0m
[131m--- 2 messages dropped ---
[0m[00:00:03.73,000] [0m<inf> oresat_solar2: 3733 5312.500000 2900.000000 1.406250 -37500[0m
[1;31m--- 4 messages droped ---
[0m[00:00:03.747,000] [1;31m<err> dac_mcux_lpdac: unsupported value 5282810[0m
[1;31m--- 4 messaes dropped ---
[0m[00:00:03.758,000] [1;31m<err> dac_mcux_ldac: unsupported value 5282804[0m
[1;31m---4 messages dropped ---
[0m[00:00:03.773,000] [0m<inf> oresat_solar2: 3773 5312.500000 2920.000000 15.51250 -55000[0m
[1;31m--- 4 messages dropped ---
[0m[00:00:03.787,000] [1;31m<err> dac_mcux_lpdac: unsupportd value 5282788[0m
[1;31m--- 3 messages droped ---
[0m[00:00:03.798,000] [1;31m<err> dac_mcux_lpdac: usupported value 5282782[0m
[1;31m--- 4 messges dropped ---
[0m[00:00:03.813,000] [0m<inf> oresat_solar2: 3813 5312.500000 2900.000000 15.406250 -7250[0m
[1;31m--- 5 messages dropped ---
[0m[00:00:03.826,000] [1;31m<err> dac_mcux_lpdac: unsupported valu 5282767[0m
[1;31m--- 2 messages dropped ---
[0m[00:00:03.841,000] [0m<inf> oresat_solar2: 3841 5312.50000 2880.000000 15.300000 -85000[0m
[1;31m--- 4 messages dropped ---
[0m[00:00:03.855,000] [1;31m<err> ac_mcux_lpdac: unsupported value 5282751[0m
[1;31m--- 4 messages dropped ---
[0m[00:00:03.866,000] [1;3m<err> dac_mcux_lpdac: unsupported value 528275[0m
[1;31m--- 4 messages dropped ---
[0m[00:00:03.881,00] [0m<inf> oresat_solar2: 3881 5312.500000 290.000000 15.406250 -102500[0m
[1;31m--- 4 messages dropped ---
[0m[00:00:03.895,000] [1;31m<err> dac_mcx_lpdac: unsupported value 5282730[0m
[1;31m--- 4 messages dropped ---
[0m[00:00:03.906,000] [1;31m<err dac_mcux_lpdac: unsupported value 5282724[0m
[1;31m--- 3 messages dropped ---
[0m[00:00:03.921,000] [0<inf> oresat_solar2: 3921 5311.250000 2880.00000 15.296400 -120000[0m
[1;31m--- 5 messages dropped ---
0m[00:00:03.935,000] [1;31m<err> dac_mcux_lpdc: unsupported value 5282708[0m
[1;31m--- 3 messages droppe ---
[0m[00:00:03.950,000] [0m<inf> oresat_olar2: 3950 5312.500000 2900.000000 15.406250 -132500[0m
[131m--- 5 messages dropped ---
[0m[00:00:03.97,000] [0m<inf> oresat_solar2: 3967 5312.500000 2900.000000 15.406250 -140000[0m
[1;31m--- 5 messages droped ---
[0m[00:00:03.980,000] [1;31m<err> dac_mcux_lpdac: unsupported value 5282684[0m
[1;31m--- 2 messges dropped ---
[0m[00:00:03.995,000] [0m<if> oresat_solar2: 3995 5311.250000 2880.000000 15.296400 -15250[0m
[1;31m--- 4 messages dropped ---
[0m00:00:04.009,000] [1;31m<err> dac_mcux_lpdac: unsupported vale 5282668[0m
[1;31m--- 5 messages dropped --
[0m[00:00:04.020,000] [1;31m<err> dac_mcux_lpdac: unsuppoted value 5282662[0m
[1;31m--- 4 messages dopped ---
[0m[00:00:04.035,000] [0m<inf> oresat_solar2: 4035 5311.250000 2860.000000 15.190175 -170000[0m
[1;31m--- 4 messages dropped ---
[0m[00:00:04.049,000] [1;31m<err> dac_mcux_lpdac: unsupported value 528647[0m
[1;31m--- 4 messages dropped ---
[0m[00:00:04.060,000] [1;31m<err> dac_mcux_lpdac: unsupported vlue 5282641[0m
[1;31m--- 3 messages dropped---
[0m[00:00:04.075,000] [0m<inf> oresat_solar2: 4075 5312500000 2860.000000 15.193750 -187500[0m
[1;1m--- 5 messages dropped ---
[0m[00:00:04.089,000] [1;31m<er> dac_mcux_lpdac: unsupported value 5282625[m
[1;31m--- 3 messages dropped ---
[0m[00:00:04.104,000] 0m<inf> oresat_solar2: 4104 5311.250000 2880.00000 15.296400 -200000[0m
[1;31m--- 5 messages dropped ---
[0m[00:00:04.117,000] [1;31m<err> dac_mcux_ldac: unsupported value 5282610[0m
[1;31m--- 2 messages dropped ---
[0m[00:00:04.132,000] [0m<inf> oresa_solar2: 4132 5311.250000 2900.000000 15.402625 -212500[0m
[1;31m--- 4 messages dropped ---
[0m[00:00:04146,000] [1;31m<err> dac_mcux_lpdac: unsupported value 5282595[0m
[1;31m--- 4 messages dropped ---
[0m[0:00:04.157,000] [1;31m<err> dac_mcux_lpdac: nsupported value 5282588[0m
[1;31m--- 4 messages dropped --
[0m[00:00:04.172,000] [0m<inf> oresat_sola2: 4172 5312.500000 2880.000000 15.300000 -230000[0m
[1;31m--- 4 messages dropped ---
[0m[00:00:04.186,00] [1;31m<err> dac_mcux_lpdac: unsupported value 5282573[0m[1;31m--- 3 messages dropped ---
[0m[00:00:4.197,000] [1;31m<err> dac_mcux_lpdac: unsupported value 5282567[0m
[1;31m--- 4 messages dropped ---
[0[00:00:04.212,000] [0m<inf> oresat_solar2: 4212 5311.250000 2920.000000 15.508850 -247500[0m
[1;31m--- 5 essages dropped ---
[0m[00:00:04.225,000] [1;31m<err> dac_mcux_lpdac: unsupported value 5282552[0m
[1;3m--- 2 messages dropped ---
[0m[00:00:04.240000] [0m<inf> oresat_solar2: 4240 5310.000000 2880.000000 15.92800 -260000[0m
[1;31m--- 6 messages droppd ---
[0m[00:00:04.254,000] [1;31m<err> dac_mcux_lpdac: unspported value 5282536[0m
[1;31m--- 2 messags dropped ---
[0m[00:00:04.269,000] [0m<inf> oresat_solar2:4269 5310.000000 2900.000000 15.399000 -272500[0m
[1;31m--- 4 messages dropped ---
[0m[00:00:04.282,000] [1;31m<err> dac_mcux_lpdac: unsupported value5282521[0m
[1;31m--- 4 messages dropped ---
[0m[00:00:04.294,000] [1;31m<err> dac_mcux_lpdac: unsupportd value 5282515[0m
[1;31m--- 4 messages dropped ---
[0m[00:00:04.309,000] [0m<inf> oresat_solar2: 4309 310.000000 2900.000000 15.399000 -290000[0m
[1;31m--- 4 messages dropped ---
[0m[00:00:04.322,000] [1;3m<err> dac_mcux_lpdac: unsupported value 528249[0m
[1;31m--- 3 messages dropped ---
[0m[00:00:04.334,00] [1;31m<err> dac_mcux_lpdac: unsupported vale 5282493[0m
[1;31m--- 4 messages dropped ---
[0m[00:00:0.349,000] [0m<inf> oresat_solar2: 4349 5311.20000 2900.000000 15.402625 -307500[0m
[1;31m--- 5 messages ropped ---
[0m[00:00:04.362,000] [1;31m<err dac_mcux_lpdac: unsupported value 5282478[0m
[1;31m--- 2 mssages dropped ---
[0m[00:00:04.377,000] [0<inf> oresat_solar2: 4377 5311.250000 2880.000000 15.296400 -30000[0m
[1;31m--- 4 messages dropped ---
0m[00:00:04.391,000] [1;31m<err> dac_mcux_lpdac: unsupported value 5282462[0m
[1;31m--- 4 messages droppe ---
[0m[00:00:04.402,000] [1;31m<err> dac_mcux_lpdac: unsupported value 5282456[0m
[1;31m--- 4 message dropped ---
[0m[00:00:04.417,000] [0m<inf> oresat_solar2: 4417 5311.250000 2880.000000 15.296400 -3375000m
[1;31m--- 4 messages dropped ---
[0m[00:00:04.431,000] [1;31m<err> dac_mcux_lpdac: unsupported value 282441[0m
[1;31m--- 4 messages dropped ---[0m[00:00:04.442,000] [1;31m<err> dac_mcux_lpdac: unsupporte value 5282435[0m
[1;31m--- 3 messages droped ---
[0m[00:00:04.457,000] [0m<inf> oresat_solar2: 4457 510.000000 2880.000000 15.292800 -355000[0m
1;31m--- 5 messages dropped ---
[0m[00:00:04.471,000] [1;31<err> dac_mcux_lpdac: unsupported value 528241[0m
[1;31m--- 3 messages dropped ---
[0m[00:00:04.482,000] [1;31m<err> dac_mcux_lpdac: unsupported valu 5282413[0m
[1;31m--- 2 messages dropped ---
[0m[00:00:04.493,000] [1;31m<err> dac_mcux_lpdac: unsuppored value 5282407[0m
[1;31m--- 3 messages dropped ---
[0m[00:00:04.503,000] [0m<inf> oresat_solar2: 45035310.000000 2860.000000 15.186600 -375000[0m
[1;31m--- 3 messages dropped ---
[0m[00:00:04.514,000] [0minf> oresat_solar2: 4514 5311.250000 2880.00000 15.296400 -380000[0m
[1;31m--- 3 messages dropped ---
[m[00:00:04.525,000] [0m<inf> oresat_solar2: 425 5310.000000 2860.000000 15.186600 -385000[0m
[1;31m--- 3messages dropped ---
[0m[00:00:04.537,000] 0m<inf> oresat_solar2: 4537 5310.000000 2860.000000 15.186600 390000[0m
[1;31m--- 3 messages dropped ---[0m[00:00:04.550,000] [1;31m<err> dac_mcux_lpdac: unsupported value 5282376[0m
[1;31m--- 3 messages droped ---
[0m[00:00:04.560,000] [0m<inf> oresat_solar2: 4560 5311.250000 2900.000000 15.402625 -400000[0m
1;31m--- 3 messages dropped ---
[0m[00:00:04.571,000] [0m<inf> oresat_solar2: 4571 5310.000000 2880.00000015.292800 -405000[0m
[1;31m--- 3 messages dropped ---
[0m[00:00:04.582,000] [0m<inf> oresat_solar2: 458 5311.250000 2880.000000 15.296400 -410000[0m
[1;31m--- 3 messages dropped ---
[0m[00:00:04.594,000] [0<inf> oresat_solar2: 4594 5311.250000 2900.00000 15.402625 -415000[0m
[1;31m--- 3 messages dropped ---
0m[00:00:04.607,000] [1;31m<err> dac_mcux_lpdc: unsupported value 5282345[0m
[1;31m--- 3 messages droppe ---
[0m[00:00:04.617,000] [0m<inf> oresat_olar2: 4617 5308.750000 2900.000000 15.395375 -425000[0m
[131m--- 3 messages dropped ---
[0m[00:00:04.68,000] [0m<inf> oresat_solar2: 4628 5311.250000 2880.000000 15.296400 -430000[0m
[1;31m--- 3 messages droped ---
[0m[00:00:04.639,000] [0m<inf> oresat_solar2: 4639 5308.750000 2900.000000 15.395375 -435000[0m
[1;31m--- 3 messages dropped ---
[0m[00:00:04.651,000] [0m<inf> oresat_solar2: 4651 5308.750000 2880.00000 15.289200 -440000[0m
[1;31m--- 3 messages dropped ---
[0m[00:00:04.664,000] [1;31m<err> dac_mcux_lpdac unsupported value 5282315[0m
[1;31m--- 3 mssages dropped ---
[0m[00:00:04.674,000] [0m<inf> oresat_soar2: 4674 5308.750000 2860.000000 15.183025 -40000[0m
[1;31m--- 3 messages dropped ---
[0m[00:00:04.685,000] [0m<inf> oresat_solar2: 4685 5310.0000002880.000000 15.292800 -455000[0m
[1;31m--- 3 messages dropped ---
[0m[00:00:04.696,000] [0m<inf> oresatsolar2: 4696 5310.000000 2880.000000 15.292800 -460000[0m
[1;31m--- 3 messages dropped ---
[0m[00:00:04.08,000] [0m<inf> oresat_solar2: 4708 5308.750000 2900.000000 15.395375 -465000[0m
[1;31m--- 3 messages drpped ---
[0m[00:00:04.721,000] [1;31m<err> ac_mcux_lpdac: unsupported value 5282284[0m
[1;31m--- 3 mesages dropped ---
[0m[00:00:04.731,000] [0m<nf> oresat_solar2: 4731 5310.000000 2900.000000 15.399000 -47500[0m
[1;31m--- 3 messages dropped ---
[0[00:00:04.744,000] [1;31m<err> dac_mcux_lpdac: unsupported vaue 5282272[0m
[1;31m--- 3 messages dropped --
[0m[00:00:04.756,000] [1;31m<err> dac_mcux_lpdac: unsupprted value 5282266[0m
[1;31m--- 2 messages ropped ---
[0m[00:00:04.765,000] [0m<inf> oresat_solar2: 4765 5310.000000 2880.000000 15.292800 -490000[0
[1;31m--- 3 messages dropped ---
[0m[00:00:04.776,000] [0m<inf> oresat_solar2: 4776 5310.000000 2860.00000 15.186600 -495000[0m
[1;31m--- 3 messages dropped ---
[0m[00:00:04.788,000] [0m<inf> oresat_solar2:4788 5310.000000 2920.000000 15.505200 -500000[0m
[1;31m--- 4 messages dropped ---
[0m[00:00:04.799,000][0m<inf> oresat_solar2: 4799 5310.000000 2900000000 15.399000 -505000[0m
[1;31m--- 3 messages dropped --
[0m[00:00:04.810,000] [0m<inf> oresat_sola2: 4810 5311.250000 2920.000000 15.508850 -510000[0m
[1;31m-- 4 messages dropped ---
[0m[00:00:04.828,00] [0m<inf> oresat_solar2: 4828 5310.000000 2860.000000 15.18600 -517500[0m
[1;31m--- 3 messages dropped---
[0m[00:00:04.839,000] [0m<inf> oresat_solar2: 4839 5308.750000 2900.000000 15.395375 -522500[0m
[1;1m--- 3 messages dropped ---
[0m[00:00:04.852,000] [1;31m<err> dac_mcux_lpdac: unsupported value 5282213[m
[1;31m--- 3 messages dropped ---
[0m[00:00:04.862,000] [0m<inf> oresat_solar2: 4862 5310.000000 2880.00000 15.292800 -532500[0m
[1;31m--- 4 messages dropped ---
[0m[00:00:04.873,000] [0m<inf> oresat_solar2 4873 5311.250000 2920.000000 15.508850 -53750[0m
[1;31m--- 3 messages dropped ---
[0m[00:00:04.887,000 [1;31m<err> dac_mcux_lpdac: unsupported valu 5282195[0m
[1;31m--- 2 messages dropped ---
[0m[00:00:04896,000] [0m<inf> oresat_solar2: 4896 5308.75000 2880.000000 15.289200 -547500[0m
[1;31m--- 3 messages dopped ---
[0m[00:00:04.907,000] [0m<inf> orsat_solar2: 4907 5310.000000 2960.000000 15.717600 -552500[0m
[1;31m--- 4 messages dropped ---
[0m[00:0004.919,000] [0m<inf> oresat_solar2: 4919 5308.750000 2880.000000 15.289200 -557500[0m
[1;31m--- 4 message dropped ---
[0m[00:00:04.932,000] [1;31m<err> dac_mcux_lpdac: unsupported value 5282170[0m
[1;31m--- 3messages dropped ---
[0m[00:00:04.944,000] [1;31m<err> dac_mcux_lpdac: unsupported value 5282164[0m
[1;1m--- 1 messages dropped ---
[0m[00:00:04.955,000] [1;31m<err> dac_mcux_lpdac: unsupported value 5282158[m
[1;31m--- 3 messages dropped ---
[0m[00:00:04.966,000] [1;31m<err> dac_mcux_lpdac: unsupported value 582152[0m
[1;31m--- 3 messages dropped ---
[0m[00:00:04.976,000] [0m<inf> oresat_solar2: 4976 5308.75000 2960.000000 15.713900 -582500[0m
[1;31m---3 messages dropped ---
[0m[00:00:04.987,000] [0m<inf> oresa_solar2: 4987 5310.000000 2880.000000 15.29280 -587500[0m
[1;31m--- 3 messages dropped ---
[0m[00:00:05001,000] [1;31m<err> dac_mcux_lpdac: unsuppored value 5282133[0m
[1;31m--- 3 messages dropped ---
[0m[0:00:05.006,000] [1;31m<err> dac_mcux_lpdac: nsupported value 5282130[0m
[1;31m--- 3 messages dropped ---
[0m[00:00:05.016,000] [0m<inf> oresat_sola2: 5016 5310.000000 2880.000000 15.292800 -600000[0m
[1;31m--- 3 messages dropped ---
[0m[00:00:05.029,00] [1;31m<err> dac_mcux_lpdac: unsupported vaue 5282118[0m
[1;31m--- 3 messages dropped ---
[0m[00:00:5.041,000] [1;31m<err> dac_mcux_lpdac: unsupprted value 5282112[0m
[1;31m--- 3 messages dropped ---
[0m[00:00:05.052,000] [1;31m<err> dac_mcux_lpdac unsupported value 5282106[0m
[1;31m--- 2 messages dropped ---
[0m[00:00:05.063,000] [1;31m<err> dac_mcx_lpdac: unsupported value 5282099[0m
[1;31m--- 3 messages dropped ---
[0m[00:00:05.073,000] [0m<inf> oesat_solar2: 5073 5311.250000 2880.000000 15.296400 -625000[0m
[1;31m--- 4 messages dropped ---
[0m[00:0:05.086,000] [1;31m<err> dac_mcux_lpdac: unsuported value 5282087[0m
[1;31m--- 2 messages dropped ---
0m[00:00:05.092,000] [1;31m<err> dac_mcux_lpdc: unsupported value 5282084[0m
[1;31m--- 2 messages droppe ---
[0m[00:00:05.103,000] [1;31m<err> dac_cux_lpdac: unsupported value 5282078[0m
[1;31m--- 3 messages dropped ---
[0m[00:00:05.115,000] [1;31m<er> dac_mcux_lpdac: unsupported value 5282072[0m
[1;31m--- 3 messages dropped ---
[0m[00:00:05.124,000] 0m<inf> oresat_solar2: 5124 5310.000000 2900.00000 15.399000 -647500[0m
[1;31m--- 3 messages dropped ---[0m[00:00:05.137,000] [1;31m<err> dac_mcux_ldac: unsupported value 5282060[0m
[1;31m--- 3 messages droped ---
[0m[00:00:05.147,000] [0m<inf> oresa_solar2: 5147 5311.250000 2900.000000 15.402625 -657500[0m
[1;31m--- 3 messages dropped ---
[0m[00:00:05160,000] [1;31m<err> dac_mcux_lpdac: unsupported value 5282047[0m
[1;31m--- 2 messages dropped ---
[0m[0:00:05.166,000] [1;31m<err> dac_mcux_lpdac: nsupported value 5282044[0m
[1;31m--- 3 messages dropped --
[0m[00:00:05.177,000] [1;31m<err> dac_mcuxlpdac: unsupported value 5282038[0m
[1;31m--- 2 messages dropped ---
[0m[00:00:05.189,000] [1;31m<err> ac_mcux_lpdac: unsupported value 5282032[0m
[1;31m--- 3 messages dropped ---
[0m[00:00:05.198,000] [0m<nf> oresat_solar2: 5198 5312.500000 2960.000000 15.725000 -680000[0m
[1;31m--- 3 messages dropped ---
[0[00:00:05.212,000] [1;31m<err> dac_mcux_lpdac: unsupported value 5282020[0m
[1;31m--- 3 messages dropped --
[0m[00:00:05.223,000] [1;31m<err> dac_mcx_lpdac: unsupported value 5282013[0m
[1;31m--- 3 messages ropped ---
[0m[00:00:05.232,000] [0m<inf> oesat_solar2: 5232 5310.000000 2880.000000 15.292800 -695000[0
[1;31m--- 3 messages dropped ---
[0m[00:0:05.246,000] [1;31m<err> dac_mcux_lpdac: unsupported value 5282001[0m
[1;31m--- 2 messages dropped ---
0m[00:00:05.255,000] [0m<inf> oresat_solar2: 5255 5312.500000 2900.000000 15.406250 -705000[0m
[1;31m---  messages dropped ---
[0m[00:00:05.266,000] [0m<inf> oresat_solar2: 5266 5311.250000 2900.000000 15.402625-710000[0m
[1;31m--- 4 messages dropped ---
[0m[00:00:05.280,000] [1;31m<err> dac_mcux_lpdac: unsupportd value 5281983[0m
[1;31m--- 3 messages droped ---
[0m[00:00:05.291,000] [1;31m<err> dac_mcux_lpdac: usupported value 5281976[0m
[1;31m--- 2 messges dropped ---
[0m[00:00:05.303,000] [1;31m<err> dac_mcux_lpdac: unsupported value 5281970[0m
[1;31m-- 3 messages dropped ---
[0m[00:00:05.312,000] [0m<inf> oresat_solar2: 5312 5312.500000 2920.000000 15.51250 -730000[0m
[1;31m--- 3 messages dropped ---
[0m[00:00:05.323,000] [0m<inf> oresat_solar2: 5323 5311.20000 2880.000000 15.296400 -735000[0m
[1;31--- 3 messages dropped ---
[0m[00:00:05.337,000] [1;31m<err dac_mcux_lpdac: unsupported value 5281952[0m
[1;31m--- 3 messages dropped ---
[0m[00:00:05.346,000] [0m<inf> oresat_solar2: 5346 5310.000000 2900.00000 15.399000 -745000[0m
[1;31m--- 3 messages dropped ---
[0m[00:00:05.360,000] [1;31m<err> dac_mcux_lpdc: unsupported value 5281940[0m
[1;31m--- 4 messages dropped ---
[0m[00:00:05.371,000] [1;31m<err> dac_cux_lpdac: unsupported value 5281933[0m
[1;31m--- 2 messages dropped ---
[0m[00:00:05.380,000] [0m<inf>oresat_solar2: 5380 5311.250000 2880.000000 15296400 -760000[0m
[1;31m--- 4 messages dropped ---
[0m[0000:05.392,000] [0m<inf> oresat_solar2: 5392 510.000000 2880.000000 15.292800 -765000[0m
[1;31m--- 3 messges dropped ---
[0m[00:00:05.403,000] [0m<if> oresat_solar2: 5403 5311.250000 2880.000000 15.296400 -770000[0m
[1;31m--- 4 messages dropped ---
[0m00:00:05.417,000] [1;31m<err> dac_mcux_lpdac: unsupported vale 5281909[0m
[1;31m--- 2 messages dropped --
[0m[00:00:05.428,000] [1;31m<err> dac_mcux_lpdac: unsupported value 5281903[0m
[1;31m--- 3 messages dopped ---
[0m[00:00:05.440,000] [1;31m<err> dac_mcux_lpdac: unsupported value 5281897[0m
[1;31m--- 2 mesages dropped ---
[0m[00:00:05.449,000] [0minf> oresat_solar2: 5449 5308.750000 2860.000000 15.183025 -79000[0m
[1;31m--- 3 messages dropped ---
[m[00:00:05.462,000] [1;31m<err> dac_mcux_lpdac: unsupported value 5281884[0m
[1;31m--- 3 messages dropped---
[0m[00:00:05.472,000] [0m<inf> oresat_solar2: 5472 5310.000000 2880.000000 15.292800 -800000[0m
[1;1m--- 3 messages dropped ---
[0m[00:00:05.483,000] [0m<inf> oresat_solar2: 5483 5310.000000 2900.000000 15399000 -805000[0m
[1;31m--- 4 messages droped ---
[0m[00:00:05.494,000] [0m<inf> oresat_solar2: 5494 508.750000 2900.000000 15.395375 -810000[0m
1;31m--- 2 messages dropped ---
[0m[00:00:05.506,000] [0m<if> oresat_solar2: 5506 5310.000000 2880.00000015.292800 -815000[0m
[1;31m--- 3 messages dropped ---
[0m[00:00:05.519,000] [1;31m<err> dac_mcux_lpdac:unsupported value 5281853[0m
[1;31m--- 3 messages dropped ---
[0m[00:00:05.529,000] [0m<inf> oresat_solr2: 5529 5308.750000 2900.000000 15.395375 -825000[0m
[1;31m--- 3 messages dropped ---
[0m[00:00:05.540,00] [0m<inf> oresat_solar2: 5540 5310.000000 900.000000 15.399000 -830000[0m
[1;31m--- 4 messages droppe ---
[0m[00:00:05.551,000] [0m<inf> oresat_olar2: 5551 5311.250000 2860.000000 15.190175 -835000[0m
[131m--- 2 messages dropped ---
[0m[00:00:05.53,000] [0m<inf> oresat_solar2: 5563 5310.000000 2860.000000 15.186600 -840000[0m
[1;31m--- 3 messages droped ---
[0m[00:00:05.576,000] [1;31m<err> dac_mcux_lpdac: unsupported value 5281823[0m
[1;31m--- 3 messges dropped ---
[0m[00:00:05.586,000] [0m<inf> oresat_solar2: 5586 5311.250000 2860.000000 15.190175 -85000[0m
[1;31m--- 3 messages dropped ---
[0m00:00:05.597,000] [0m<inf> oresat_solar2: 5597 5311.250000 290.000000 15.402625 -855000[0m
[1;31m--- 4 mssages dropped ---
[0m[00:00:05.608,000] [0m<inf> oresat_soar2: 5608 5312.500000 2900.000000 15.406250 -80000[0m
[1;31m--- 2 messages dropped ---
[0m[00:00:05.620,000] [0m<inf> oresat_solar2: 5620 5310.0000002880.000000 15.292800 -865000[0m
[1;31m--- 3 messages dropped ---
[0m[00:00:05.631,000] [0m<inf> oresatsolar2: 5631 5310.000000 2900.000000 15.399000 -870000[0m
[1;31m--- 3 messages dropped ---
[0m[00:00:05.45,000] [1;31m<err> dac_mcux_lpdac: unsupportd value 5281786[0m
[1;31m--- 3 messages dropped ---
[0m[0:00:05.654,000] [0m<inf> oresat_solar2: 5654 308.750000 2900.000000 15.395375 -880000[0m
[1;31m--- 4 mesages dropped ---
[0m[00:00:05.665,000] [0m<nf> oresat_solar2: 5665 5310.000000 2900.000000 15.399000 -88500[0m
[1;31m--- 2 messages dropped ---
[0[00:00:05.677,000] [0m<inf> oresat_solar2: 5677 5308.750000 2880.000000 15.289200 -890000[0m
[1;31m--- 4 essages dropped ---
[0m[00:00:05.688,000] [0m<inf> oresat_solar2: 5688 5311.250000 2880.000000 15.296400 -95000[0m
[1;31m--- 3 messages dropped ---
[0m[00:00:05.702,000] [1;31m<err> dac_mcux_lpdac: unsupportedvalue 5281755[0m
[1;31m--- 2 messages droppd ---
[0m[00:00:05.711,000] [0m<inf> oresat_solar2: 5711 538.750000 2900.000000 15.395375 -905000[0m
[;31m--- 3 messages dropped ---
[0m[00:00:05.722,000] [0m<in> oresat_solar2: 5722 5311.250000 2920.000000 5.508850 -910000[0m
[1;31m--- 3 messages dropped ---
[0m[00:00:05.734,000] [0m<inf> oresat_solar2: 57345310.000000 2920.000000 15.505200 -915000[0m
[1;31m--- 2 messages dropped ---
[0m[00:00:05.742,000] [1;1m<err> dac_mcux_lpdac: unsupported value 5281734[0m
[1;31m--- 3 messages dropped ---
[0m[00:00:05.753,00] [1;31m<err> dac_mcux_lpdac: unsupported value 5281727[0m
[1;31m--- 2 messages dropped ---
[0m[00:00:5.762,000] [0m<inf> oresat_solar2: 5762 5310.000000 2920.000000 15.505200 -927500[0m
[1;31m--- 4 messagesdropped ---
[0m[00:00:05.774,000] [0m<inf> resat_solar2: 5774 5308.750000 2880.000000 15.289200 -932500[m
[1;31m--- 3 messages dropped ---
[0m[00:0:05.787,000] [1;31m<err> dac_mcux_lpdac: unsupported value 581709[0m
[1;31m--- 2 messages dropped ---
[0m[00:00:05.793,000] [1;31m<err> dac_mcux_lpdac: unsupportedvalue 5281706[0m
[1;31m--- 2 messages droppd ---
[0m[00:00:05.804,000] [1;31m<err> dac_mcux_lpdac: unsupported value 5281700[0m
[1;31m--- 2 messags dropped ---
[0m[00:00:05.816,000] [1;31m<err> dac_mcux_lpdac: unsupported value 5281694[0m
[1;31m---  messages dropped ---
[0m[00:00:05.827,000] [1;31m<err> dac_mcux_lpdac: unsupported value 5281687[0m
[131m--- 2 messages dropped ---
[0m[00:00:05.83,000] [1;31m<err> dac_mcux_lpdac: unsupported value 52816840m
[1;31m--- 2 messages dropped ---
[0m[0000:05.842,000] [0m<inf> oresat_solar2: 5842 5308.750000 2900.00000 15.395375 -962500[0m
[1;31m--- 3 messges dropped ---
[0m[00:00:05.854,000] [0m<inf> oresat_solar: 5854 5308.750000 2920.000000 15.501550 -96750[0m
[1;31m--- 3 messages dropped ---
[0m[00:00:05.865,000] [0m<inf> oresat_solar2: 5865 5310.000000 280.000000 15.292800 -972500[0m
[1;31m--- 3 messages dropped ---
[0m[00:00:05.878,000] [1;31m<err> dac_mcx_lpdac: unsupported value 5281660[0m
[1;31m--- 3 messages dropped ---
[0m[00:00:05.890,000] [1;31m<err dac_mcux_lpdac: unsupported value 5281654[0m
[1;31m--- 3 messages dropped ---
[0m[00:00:05.901,000] [131m<err> dac_mcux_lpdac: unsupported value 528647[0m
[1;31m--- 2 messages dropped ---
[0m[00:00:05.911,00] [0m<inf> oresat_solar2: 5911 5310.000000 920.000000 15.505200 -992500[0m
[1;31m--- 3 messages droppe ---
[0m[00:00:05.922,000] [0m<inf> oresat_olar2: 5922 5308.750000 2880.000000 15.289200 -997500[0m
[1;31m--- 4 messages dropped ---
[0m[00:00:05.95,000] [1;31m<err> dac_mcux_lpdac: unsupported value 5281629[0m
[1;31m--- 2 messages dropped ---
[0m[0000:05.947,000] [1;31m<err> dac_mcux_lpdac: unsupported value 5281623[0m
[1;31m--- 2 messages dropped ---[0m[00:00:05.950,000] [0m<inf> oresat_solar2: 5950 5311.250000 2900.000000 15.402625 -1010000[0m
[1;31m-- 3 messages dropped ---
[0m[00:00:05.964,00] [1;31m<err> dac_mcux_lpdac: unsupported value 5281614[0m
[1;31m--- 3 messages dropped ---
[0m[00:00:0.973,000] [0m<inf> oresat_solar2: 5973 5308.750000 2900.00000 15.395375 -1020000[0m
[1;31m--- 3 messagesdropped ---
[0m[00:00:05.985,000] [0m<inf> oresat_solar2: 5985 5308.750000 2900.000000 15.395375 -10250000m
[1;31m--- 4 messages dropped ---
[0m[00:00:05.998,000] [1;31m<err> dac_mcux_lpdac: unsupported value 281595[0m
[1;31m--- 2 messages dropped ---
[0m[00:00:06.007,000] [0m<inf> oresat_solar2: 6007 5307.50000 2900.000000 15.391750 -1035000[0m
[1;31m-- 4 messages dropped ---
[0m[00:00:06.021,000] [1;31m<err> ac_mcux_lpdac: unsupported value 5281583[0m
[1;31m--- 4 messages dropped ---
[0m[00:00:06.032,000] [1;3m<err> dac_mcux_lpdac: unsupported value 528157[0m
[1;31m--- 1 messages dropped ---
[0m[00:00:06.044,00] [1;31m<err> dac_mcux_lpdac: unsupported vale 5281571[0m
[1;31m--- 3 messages dropped ---
[0m[00:00:06.055,000] [1;31m<err> dac_mcux_lpdac: unsuppoted value 5281564[0m
[1;31m--- 3 messages dropped ---
[0m[00:00:06.064,000] [0m<inf> oresat_solar2: 606 5308.750000 2920.000000 15.501550 -1060000[0m
[1;31m--- 3 messages dropped ---
[0m[00:00:06.078,000] [;31m<err> dac_mcux_lpdac: unsupported value 5281552[0m
[1;31m--- 3 messages dropped ---
[0m[00:00:06.087000] [0m<inf> oresat_solar2: 6087 5310.0000002960.000000 15.717600 -1070000[0m
[1;31m--- 4 messages droped ---
[0m[00:00:06.099,000] [0m<inf> oresa_solar2: 6099 5308.750000 2900.000000 15.395375 -1075000[0m
[1;31m--- 3 messages dropped ---
[0m[00:00:0.110,000] [0m<inf> oresat_solar2: 6110 5306.250000 2920.000000 15.494250 -1080000[0m
[1;31m--- 4 messagesdropped ---
[0m[00:00:06.127,000] [0m<inf> oresat_solar2: 6127 5310.000000 2880.000000 15.292800 -10875000m
[1;31m--- 3 messages dropped ---
[0m[00:00:06.139,000] [0m<inf> oresat_solar2: 6139 5308.750000 2920.00000 15.501550 -1092500[0m
[1;31m--- 3 mesages dropped ---
[0m[00:00:06.150,000] [0m<inf> oresat_sola2: 6150 5307.500000 2900.000000 15.391750 -109500[0m
[1;31m--- 3 messages dropped ---
[0m[00:00:06.163,00] [1;31m<err> dac_mcux_lpdac: unsupported vlue 5281506[0m
[1;31m--- 3 messages dropped ---
[0m[00:00:06.173,000] [0m<inf> oresat_solar2: 6173 5308750000 2900.000000 15.395375 -1107500[0m
[1;31m--- 3 messages dropped ---
[0m[00:00:06.186,000] [1;31m<rr> dac_mcux_lpdac: unsupported value 5281494[0m
[1;31m--- 2 messages dropped ---
[0m[00:00:06.190,000] [0m<inf> oresat_solar2: 6190 5307.500000 2880.000000 15.285600 -1115000[0m
[1;31m--- 2 messages dropped --
[0m[00:00:06.198,000] [1;31m<err> dac_mcuxlpdac: unsupported value 5281488[0m
[1;31m--- 2 messages drpped ---
[0m[00:00:06.209,000] [1;31m<err> ac_mcux_lpdac: unsupported value 5281481[0m
[1;31m--- 3 mesages dropped ---
[0m[00:00:06.220,000] [1;3m<err> dac_mcux_lpdac: unsupported value 5281475[0m
[1;31m-- 3 messages dropped ---
[0m[00:00:06.232,00] [1;31m<err> dac_mcux_lpdac: unsupported value 5281469[0m
[1;31m--- 2 messages dropped ---
[0m[00:00:0.241,000] [0m<inf> oresat_solar2: 6241 5307.500000 2900.000000 15.391750 -1137500[0m
[1;31m--- 3 messagesdropped ---
[0m[00:00:06.253,000] [0m<inf> oresat_solar2: 6253 5306.250000 2900.000000 15.388125 -11425000m
[1;31m--- 4 messages dropped ---
[0m[0000:06.266,000] [1;31m<err> dac_mcux_lpdac: unsupported value 281451[0m
[1;31m--- 2 messages dropped ---[0m[00:00:06.275,000] [0m<inf> oresat_solar2: 6275 5305.00000 2880.000000 15.278400 -1152500[0m
[1;31m-- 4 messages dropped ---
[0m[00:00:06.287,000] [0m<inf> oreat_solar2: 6287 5308.750000 2880.000000 15.28900 -1157500[0m
[1;31m--- 3 messages dropped ---
[0m[00:00:06.298,000] [0m<inf> oresat_solar2: 6298 5307500000 2880.000000 15.285600 -1162500[0m
[1;31m--- 2 messages dropped ---
[0m[00:00:06.310,000] [0m<inf oresat_solar2: 6310 5307.500000 2920.000000 15.497900 -1167500[0m
[1;31m--- 2 messages dropped ---
[0m[0:00:06.317,000] [1;31m<err> dac_mcux_lpdac: unsupported value 5281423[0m
[1;31m--- 3 messages dropped --
[0m[00:00:06.329,000] [1;31m<err> dac_mcuxlpdac: unsupported value 5281417[0m
[1;31m--- 2 messages drpped ---
[0m[00:00:06.338,000] [0m<inf> oreat_solar2: 6338 5306.250000 2920.000000 15.494250 -1180000[0m
[1;31m--- 4 messages dropped ---
[0m[00:0006.349,000] [0m<inf> oresat_solar2: 6349 5307.500000 2900.00000 15.391750 -1185000[0m
[1;31m--- 3 messags dropped ---
[0m[00:00:06.361,000] [0m<inf> oresat_solar2: 6361 5307.500000 2880.000000 15.285600 -119000[0m
[1;31m--- 2 messages dropped ---
[0m[00:00:06.372,000] [0m<inf> oresat_solar2: 6372 5307.500000 290.000000 15.391750 -1195000[0m
[1;31m--- 4 messages dropped ---
[0m[00:00:06.384,000] [0m<inf> oresat_soar2: 6384 5305.000000 2880.000000 15.278400 -100000[0m
[1;31m--- 2 messages dropped ---
[0m[00:00:06.39,000] [0m<inf> oresat_solar2: 6395 5307.50000 2880.000000 15.285600 -1205000[0m
[1;31m--- 3 messages droped ---
[0m[00:00:06.406,000] [0m<inf> orest_solar2: 6406 5307.500000 2960.000000 15.710200 -1210000[0m
[1;31m--- 3 messages dropped ---
[0m[00:00:6.418,000] [0m<inf> oresat_solar2: 6418 5306.250000 2880.000000 15.282000 -1215000[0m
[1;31m--- 3 message dropped ---
[0m[00:00:06.431,000] [1;31m<err> dac_mcux_lpdac: unsupported value 5281361[0m
[1;31m--- 4messages dropped ---
[0m[00:00:06.441,000] [0m<inf> oresat_solar2: 6441 5306.250000 2900.000000 15.388125 1225000[0m
[1;31m--- 2 messages dropped ---
[0m[00:00:06.452,000] [0m<inf> oresat_solar2: 6452 5306.25000 2920.000000 15.494250 -1230000[0m
[1;31m--- 3 messages dropped ---
[0m[00:00:06.463,000] [0m<inf> orsat_solar2: 6463 5307.500000 2900.000000 15.39750 -1235000[0m
[1;31m--- 3 messages dropped ---
[0m[00:0:06.477,000] [1;31m<err> dac_mcux_lpdac: unsuported value 5281337[0m
[1;31m--- 3 messages dropped ---
0m[00:00:06.486,000] [0m<inf> oresat_solar2: 486 5308.750000 2900.000000 15.395375 -1245000[0m
[1;31m---4 messages dropped ---
[0m[00:00:06.498,000][0m<inf> oresat_solar2: 6498 5306.250000 2880.000000 15.28200 -1250000[0m
[1;31m--- 2 messages dropped --
[0m[00:00:06.509,000] [0m<inf> oresat_solar2: 6509 5307.500000 2900.000000 15.391750 -1255000[0m
[1;3m--- 3 messages dropped ---
[0m[00:00:06.523,000] [1;31m<err> dac_mcux_lpdac: unsupported value 5281312[0
[1;31m--- 3 messages dropped ---
[0m[00:00:06.532,000] [0m<inf> oresat_solar2: 6532 5308.750000 2880.00000 15.289200 -1265000[0m
[1;31m--- 3 messages dropped ---
[0m[00:00:06.543,000] [0m<inf> oresat_solar2 6543 5307.500000 2860.000000 15.179450 -127000[0m
[1;31m--- 3 messages dropped ---
[0m[00:00:06.555,00] [0m<inf> oresat_solar2: 6555 5307.500000 290.000000 15.497900 -1275000[0m
[1;31m--- 4 messages dropped---
[0m[00:00:06.568,000] [1;31m<err> dac_mux_lpdac: unsupported value 5281288[0m
[1;31m--- 2 messagesdropped ---
[0m[00:00:06.577,000] [0m<inf> resat_solar2: 6577 5307.500000 2880.000000 15.285600 -1285000[0m
[1;31m--- 3 messages dropped ---
[0m[0000:06.589,000] [0m<inf> oresat_solar2: 6589 5307.500000 2900.000000 15.391750 -1290000[0m
[1;31m--- 3 mesages dropped ---
[0m[00:00:06.600,000] [0m<inf> oresat_solar2: 6600 5308.750000 2920.000000 15.501550 -129000[0m
[1;31m--- 3 messages dropped ---
[0m[00:00:06.614,000] [1;31m<err> dac_mcux_lpdac: unsupported vlue 5281263[0m
[1;31m--- 4 messages dropped---
[0m[00:00:06.623,000] [0m<inf> oresat_solar2: 6623 5308750000 2880.000000 15.289200 -1305000[0m
[131m--- 2 messages dropped ---
[0m[00:00:06.634,000] [0m<inf oresat_solar2: 6634 5308.750000 2880.000000 1.289200 -1310000[0m
[1;31m--- 3 messages dropped ---
[0m[0:00:06.646,000] [0m<inf> oresat_solar2: 66465307.500000 2880.000000 15.285600 -1315000[0m
[1;31m--- 3 messages dropped ---
[0m[00:00:06.657,000] [0<inf> oresat_solar2: 6657 5308.750000 2880.000000 15.289200 -1320000[0m
[1;31m--- 3 messages dropped ---
[0m[00:00:06.671,000] [1;31m<err> dac_mcux_lpdac: unsupported value 5281232[0m
[1;31m--- 4 messages droppd ---
[0m[00:00:06.682,000] [1;31m<err> dac_mcux_lpdac: unsupported value 5281226[0m
[1;31m--- 2 messags dropped ---
[0m[00:00:06.691,000] [0m<inf> oresat_solar2: 6691 5307.500000 2900.000000 15.391750 -133500[0m
[1;31m--- 3 messages dropped ---
[0m[00:00:06.703,000] [0m<inf> oresat_solar2: 6703 5308.750000 290.000000 15.395375 -1340000[0m
[1;31m--- 3 messages dropped ---
[0m[00:00:06.716,000] [1;31m<err> dac_mcx_lpdac: unsupported value 5281208[0m
[1;31--- 3 messages dropped ---
[0m[00:00:06.722,000] [1;31m<err dac_mcux_lpdac: unsupported value 5281205[0m
[1;31m--- 2 messages dropped ---
[0m[00:00:06.733,000] [131m<err> dac_mcux_lpdac: unsupported value 528199[0m
[1;31m--- 3 messages dropped ---
[0m[00:00:06.745,00] [1;31m<err> dac_mcux_lpdac: unsupported vlue 5281192[0m
[1;31m--- 3 messages dropped ---
[0m[00:00:06.756,000] [1;31m<err> dac_mcux_lpdac: unsuported value 5281186[0m
[1;31m--- 2 messages dropped ---
[0m[00:00:06.766,000] [0m<inf> oresat_solar2: 666 5305.000000 2900.000000 15.384500 -1367500[0m
[1;31m--- 3 messages dropped ---
[0m[00:00:06.777,000] [0m<inf> oresat_solar2: 6777 5307.500000 2880.000000 15.285600 -1372500[0m
[1;31m--- 3 messages dropped --
[0m[00:00:06.788,000] [0m<inf> oresat_solar2: 6788 5307.500000 2880.000000 15.285600 -1377500[0m
[1;31--- 3 messages dropped ---
[0m[00:00:06.800,000] [0m<inf> oresat_solar2: 6800 5307.500000 2880.000000 15.25600 -1382500[0m
[1;31m--- 3 messages droppd ---
[0m[00:00:06.811,000] [0m<inf> oresat_solar2: 6811 536.250000 2920.000000 15.494250 -1387500[0m
1;31m--- 3 messages dropped ---
[0m[00:00:06.825,000] [1;31<err> dac_mcux_lpdac: unsupported value 528114[0m
[1;31m--- 3 messages dropped ---
[0m[00:00:06.836,000 [1;31m<err> dac_mcux_lpdac: unsupported valu 5281143[0m
[1;31m--- 3 messages dropped ---
[0m[00:00:06.845,000] [0m<inf> oresat_solar2: 6845 5308.75000 2900.000000 15.395375 -1402500[0m
[1;31m--- 3 messages ropped ---
[0m[00:00:06.857,000] [0m<inf> oesat_solar2: 6857 5307.500000 2880.000000 15.285600 -1407500[0m
[1;31m--- 3 messages dropped ---
[0m[00:0:06.870,000] [1;31m<err> dac_mcux_lpdac: unsupported value 5281125[0m
[1;31m--- 3 messages dropped ---
[0m[00:00:06.876,000] [1;31m<err> dac_mcux_lpdac: unsupported value 5281122[0m
[1;31m--- 2 messages droppd ---
[0m[00:00:06.887,000] [1;31m<err> dacmcux_lpdac: unsupported value 5281115[0m
[1;31m--- 2 messags dropped ---
[0m[00:00:06.899,000] [1;31m<rr> dac_mcux_lpdac: unsupported value 5281109[0m
[1;31m---  messages dropped ---
[0m[00:00:06.904,000] [1;31m<err> dac_mcux_lpdac: unsupported value 5281106[0m
[131m--- 3 messages dropped ---
[0m[00:00:06.96,000] [1;31m<err> dac_mcux_lpdac: unsupported value 5281100[0m
[1;31m--- 2 messages dropped ---
[0m[0000:06.925,000] [0m<inf> oresat_solar2: 6925 5308.750000 2900.000000 15.395375 -1437500[0m
[1;31m--- 4 mesages dropped ---
[0m[00:00:06.937,000] [0m<inf> oresat_solar2: 6937 5308.750000 2920.000000 15.501550 -144500[0m
[1;31m--- 3 messages dropped ---
[0m[00:00:06.948,000] [0m<inf> oresat_solar2: 6948 5307.500000 880.000000 15.285600 -1447500[0m
[1;31m--- 3 messages dropped ---
[0m[00:00:06.961,000] [1;31m<err> dacmcux_lpdac: unsupported value 5281076[0m
[131m--- 2 messages dropped ---
[0m[00:00:06.971,000] [0m<inf oresat_solar2: 6971 5307.500000 2900.000000 1.391750 -1457500[0m
[1;31m--- 3 messages dropped ---
[0m[0:00:06.982,000] [0m<inf> oresat_solar2: 69825307.500000 2860.000000 15.179450 -1462500[0m
[1;31m--- 3 mssages dropped ---
[0m[00:00:06.996,000] [131m<err> dac_mcux_lpdac: unsupported value 5281057[0m
[1;31m--- 3 messages dropped ---
[0m[00:00:07.002,00] [0m<dbg> oresat_blink: handle_blink: The light is blinking![0m
[1;31m--- 3 messages dropped ---
[0m00:00:07.011,000] [0m<inf> oresat_solar2: 7011 5308.750000 2920.000000 15.501550 -1475000[0m
[1;31m--- 3 essages dropped ---
[0m[00:00:07.022,000] [0m<inf> oresat_solar2: 7022 5307.500000 2880.000000 15.285600 -480000[0m
[1;31m--- 3 messages dropped ---
[0m[00:00:07.033,000] [0m<inf> oresat_solar2: 7033 5308.75000 2880.000000 15.289200 -1485000[0m
[1;31m--- 4 messages drpped ---
[0m[00:00:07.047,000] [1;31m<err> ac_mcux_lpdac: unsupported value 5281029[0m
[1;31m--- 2 messages dropped ---
[0m[00:00:07.058,000] [1;3m<err> dac_mcux_lpdac: unsupported value 5281023[0m
[1;31m--- 1 messages dropped ---
[0m[00:00:07.068,00] [0m<inf> oresat_solar2: 7068 5308.750000 2880.000000 15.289200 -1500000[0m
[1;31m--- 3 messages dropped---
[0m[00:00:07.079,000] [0m<inf> oresat_solar2: 7079 5307.500000 2900.000000 15.391750 -1505000[0m
[131m--- 5 messages dropped ---
[0m[00:00:07.03,000] [1;31m<err> dac_mcux_lpdac: unsupported value 52810050m
[1;31m--- 1 messages dropped ---
[0m[0000:07.098,000] [1;31m<err> dac_mcux_lpdac: unsupported value 5281002[0m
[1;31m--- 3 messages dropped ---[0m[00:00:07.110,000] [1;31m<err> dac_mcux_lpdac: unsupported value 5280996[0m
[1;31m--- 2 messages droped ---
[0m[00:00:07.115,000] [1;31m<err> dac_mcux_lpdac: unsupported value 5280992[0m
[1;31m--- 3 messaes dropped ---
[0m[00:00:07.127,000] [1;31m<err> dac_mcux_lpdac: unsupported value 5280986[0m
[1;31m---2 messages dropped ---
[0m[00:00:07.138,000][1;31m<err> dac_mcux_lpdac: unsupported value 5280980[0m
[;31m--- 3 messages dropped ---
[0m[00:00:07.47,000] [0m<inf> oresat_solar2: 7147 5308.750000 2900.000000 5.395375 -1535000[0m
[1;31m--- 3 messages dopped ---
[0m[00:00:07.161,000] [1;31m<err> dac_mcux_lpdac:unsupported value 5280968[0m
[1;31m--- 2 mesages dropped ---
[0m[00:00:07.170,000] [0m<inf> oresat_solr2: 7170 5308.750000 2880.000000 15.289200 -155000[0m
[1;31m--- 3 messages dropped ---
[0m[00:00:07.182,000] [0m<inf> oresat_solar2: 7182 5307.5000002900.000000 15.391750 -1550000[0m
[1;31m--- 4 messages dropped ---
[0m[00:00:07.195,000] [1;31m<err> da_mcux_lpdac: unsupported value 5280949[0m
[;31m--- 2 messages dropped ---
[0m[00:00:07.204,000] [0m<in> oresat_solar2: 7204 5307.500000 2860.000000 5.179450 -1560000[0m
[1;31m--- 3 messages dropped ---
[0m[00:00:07.216,000] [0m<inf> oresat_solar2: 721 5307.500000 2880.000000 15.285600 -1565000[0m
[1;31m--- 3 messages dropped ---
[0m[00:00:07.227,000] [m<inf> oresat_solar2: 7227 5308.750000 2920.000000 15.501550 -1570000[0m
[1;31m--- 3 messages dropped ---[0m[00:00:07.239,000] [0m<inf> oresat_solar2: 7239 5307.500000 2900.000000 15.391750 -1575000[0m
[1;31m-- 3 messages dropped ---
[0m[00:00:07.252,000] [1;31m<err> dac_mcux_lpdac: unsupported value 5280919[0m
[1;31m--- 4 messages dropped ---
[0m[00:00:0.264,000] [1;31m<err> dac_mcux_lpdac: unsupported value 528093[0m
[1;31m--- 2 messages dropped ---
[0m00:00:07.269,000] [1;31m<err> dac_mcux_lpdac: unsupported vale 5280909[0m
[1;31m--- 3 messages dropped --
[0m[00:00:07.281,000] [1;31m<err> dac_mcux_lpdac: unsuppoted value 5280903[0m
[1;31m--- 2 messages dopped ---
[0m[00:00:07.292,000] [1;31m<err> dac_mcux_lpdac: unsupported value 5280897[0m
[1;31m--- 3 mesages dropped ---
[0m[00:00:07.303,000] [1;31m<err> dac_mcux_lpdac: unsupported value 5280891[0m
[1;31m-- 3 messages dropped ---
[0m[00:00:07.315,000] [1;31m<err> dac_mcux_lpdac: unsupported value 5280885[0m[1;31m--- 2 messages dropped ---
[0m[00:00:7.324,000] [0m<inf> oresat_solar2: 7324 5306.250000 2900.00000 15.388125 -1612500[0m
[1;31m--- 4 message dropped ---
[0m[00:00:07.338,000] [1;31m<err> dac_mcux_lpdc: unsupported value 5280873[0m
[1;31m--- 2messages dropped ---
[0m[00:00:07.347,000] [0m<inf> oresat_solar2: 7347 5307.500000 2920.000000 15.497900 1622500[0m
[1;31m--- 3 messages dropped ---
[0m[00:00:07.358,000] [0m<inf> oresat_solar2: 7358 5308.75000 2920.000000 15.501550 -1627500[0m
[1;31m--- 3 messages dropped ---
[0m[00:00:07.370,000] [0m<inf> orsat_solar2: 7370 5306.250000 2880.000000 15.282000 -1632500[0m
[1;31m--- 4 messages dropped ---
[0m[00:0:07.381,000] [0m<inf> oresat_solar2: 7381 530.500000 2900.000000 15.391750 -1637500[0m
[1;31m--- 3 messaes dropped ---
[0m[00:00:07.395,000] [1;31merr> dac_mcux_lpdac: unsupported value 5280842[0m
[1;31m---2 messages dropped ---
[0m[00:00:07.404,000][0m<inf> oresat_solar2: 7404 5307.500000 2960.000000 15.710200 -1647500[0m
[1;31m--- 3 messages dropped --
[0m[00:00:07.415,000] [0m<inf> oresat_solar2: 7415 5307.50000 2900.000000 15.391750 -1652500[0m
[1;3m--- 4 messages dropped ---
[0m[00:00:07.427,000] [0m<inf> oresat_solar2: 7427 5307.500000 2920.000000 15.97900 -1657500[0m
[1;31m--- 3 messages dropped ---
[0m[00:00:07.440,000] [1;31m<err> dac_mcux_lpdac: unupported value 5280817[0m
[1;31m--- 2 messaes dropped ---
[0m[00:00:07.450,000] [0m<inf> oresat_solar2 7450 5307.500000 2900.000000 15.391750 -166750[0m
[1;31m--- 3 messages dropped ---
[0m[00:00:07.461,00] [0m<inf> oresat_solar2: 7461 5307.500000 290.000000 15.497900 -1672500[0m
[1;31m--- 4 messages dropped---
[0m[00:00:07.472,000] [0m<inf> oresat_slar2: 7472 5307.500000 2920.000000 15.497900 -1677500[0m
[1;31m--- 3 messages dropped ---
[0m[00:00:07.46,000] [1;31m<err> dac_mcux_lpdac: unsupported value 5280793[0m
[1;31m--- 2 messages dropped ---
[0m[0000:07.495,000] [0m<inf> oresat_solar2: 7495 5306.250000 2900.000000 15.388125 -1687500[0m
[1;31m--- 3 mesages dropped ---
[0m[00:00:07.507,000] [0m<inf> oresat_solar2: 7507 5307.500000 2900.000000 15.391750 -169500[0m
[1;31m--- 3 messages dropped ---
[m[00:00:07.518,000] [0m<inf> oresat_solar2: 7518 5308.750000 900.000000 15.395375 -1697500[0m
[1;31m---  messages dropped ---
[0m[00:00:07.531,000] [1;31m<err> dacmcux_lpdac: unsupported value 5280768[0m
[131m--- 2 messages dropped ---
[0m[00:00:07.541,000] [0m<inf> oresat_solar2: 7541 5307.500000 2920.000000 1.497900 -1707500[0m
[1;31m--- 3 messages dropped ---
[0m[0:00:07.552,000] [0m<inf> oresat_solar2: 75525306.250000 2900.000000 15.388125 -1712500[0m
[1;31m--- 3 messages dropped ---
[0m[00:00:07.564,000] [0<inf> oresat_solar2: 7564 5307.500000 2900.000000 15.391750 -1717500[0m
[1;31m--- 4 messages dropped ---
[0m[00:00:07.577,000] [1;31m<err> dac_mcux_lpac: unsupported value 5280743[0m
[1;31m--- 2 messages droppd ---
[0m[00:00:07.586,000] [0m<inf> oresatsolar2: 7586 5306.250000 2860.000000 15.175875 -1727500[0m
[1;31m--- 3 messages dropped ---
[0m[00:00:07598,000] [0m<inf> oresat_solar2: 7598 5307.500000 2860.000000 15.179450 -1732500[0m
[1;31m--- 4 messages ropped ---
[0m[00:00:07.611,000] [1;31m<err> dac_mcux_lpdac: unsupported value 5280725[0m
[1;31m--- 4 mssages dropped ---
[0m[00:00:07.623,000] [1;31m<err> dac_mcux_lpdac: unsupported value 5280719[0m
[1;31--- 1 messages dropped ---
[0m[00:00:07.634,00] [1;31m<err> dac_mcux_lpdac: unsupported value 5280713[0m
[1;31m--- 2 messages dropped ---
[0m[00:0007.640,000] [1;31m<err> dac_mcux_lpdac: unsupported value 528710[0m
[1;31m--- 3 messages dropped ---
[m[00:00:07.651,000] [1;31m<err> dac_mcux_lpdac: unsupported value 5280703[0m
[1;31m--- 2 messages dropped---
[0m[00:00:07.657,000] [1;31m<err> dac_mcux_lpdac: unsupported value 5280700[0m
[1;31m--- 2 messagesdropped ---
[0m[00:00:07.668,000] [1;31m<err> dac_mcux_lpdac: unsupported value 5280694[0m
[1;31m--- 3 essages dropped ---
[0m[00:00:07.680,000] [;31m<err> dac_mcux_lpdac: unsupported value 5280688[0m
[1;3m--- 3 messages dropped ---
[0m[00:00:07.691000] [1;31m<err> dac_mcux_lpdac: unsupported value 5280682[0
[1;31m--- 2 messages dropped ---
[0m[00:0:07.700,000] [0m<inf> oresat_solar2: 7700 5306.250000 2900.000000 15.388125 -1777500[0m
[1;31m--- 3 messaes dropped ---
[0m[00:00:07.712,000] [0m<inf> oresat_solar2: 7712 5306.250000 2900.000000 15.388125 -178250[0m
[1;31m--- 3 messages dropped ---
[0m[00:00:07.723,000] [0m<inf> oresat_solar2: 7723 5306.250000 280.000000 15.282000 -1787500[0m
[1;31m--- 3 messages dropped ---
[0m[00:00:07.735,000] [0m<inf> oresat_slar2: 7735 5308.750000 2880.000000 15.289200 -792500[0m
[1;31m--- 3 messages dropped ---
[0m[00:00:07.76,000] [0m<inf> oresat_solar2: 7746 5307.50000 2920.000000 15.497900 -1797500[0m
[1;31m--- 4 messages drpped ---
[0m[00:00:07.759,000] [1;31m<err> ac_mcux_lpdac: unsupported value 5280645[0m
[1;31m--- 3 mesages dropped ---
[0m[00:00:07.771,000] [1;3m<err> dac_mcux_lpdac: unsupported value 5280639[0m
[1;31m-- 2 messages dropped ---
[0m[00:00:07.777,00] [1;31m<err> dac_mcux_lpdac: unsupported value 5280636[0m
[1;31m--- 3 messages dropped ---
[0m[00:00:0.788,000] [1;31m<err> dac_mcux_lpdac: unsupported value 528060[0m
[1;31m--- 2 messages dropped ---
[0m00:00:07.803,000] [0m<inf> oresat_solar2: 7803 5308.750000 2900.000000 15.395375 -1822500[0m
[1;31m--- 5 essages dropped ---
[0m[00:00:07.816,000] [1;31m<err> dac_mcux_lpdac: unsupported value 5280614[0m
[1;3m--- 2 messages dropped ---
[0m[00:00:07.828,000] [1;31m<err> dac_mcux_lpdac: unsupported value 5280608[0
[1;31m--- 3 messages dropped ---
[0m[00:00:07.839,000] [1;31m<err> dac_mcux_lpdac: unsupported value 520602[0m
[1;31m--- 4 messages dropped ---
0m[00:00:07.849,000] [0m<inf> oresat_solar2: 7849 5307.5000002900.000000 15.391750 -1842500[0m
[1;31m---4 messages dropped ---
[0m[00:00:07.862,000] [1;31m<err> da_mcux_lpdac: unsupported value 5280590[0m
[;31m--- 1 messages dropped ---
[0m[00:00:07.871,000] [0m<in> oresat_solar2: 7871 5307.500000 2880.000000 5.285600 -1852500[0m
[1;31m--- 3 messages dropped ---
[0m[00:00:07.883,000] [0m<inf> oresat_solar2: 788 5306.250000 2900.000000 15.388125 -1857500[0m
[1;31m--- 4 essages dropped ---
[0m[00:00:07.894,000] [m<inf> oresat_solar2: 7894 5308.750000 2920.000000 15.501550 -1862500[0m
[1;31m--- 4 messages dropped ---[0m[00:00:07.908,000] [1;31m<err> dac_mcux_lpdac: unsupported value 5280565[0m
[1;31m--- 1 messages droped ---
[0m[00:00:07.917,000] [0m<inf> oresat_solar2: 7917 5306.250000 2920.000000 15.494250 -1872500[0m
[1;31m--- 3 messages dropped ---
[0m[00:00:0.928,000] [0m<inf> oresat_solar2: 7928 5308.750000 2920.00000 15.501550 -1877500[0m
[1;31m--- 4 messagesdropped ---
[0m[00:00:07.940,000] [0m<inf> oresat_solar2: 740 5306.250000 2880.000000 15.282000 -18825000m
[1;31m--- 3 messages dropped ---
[0m[00:00:07.953,000] [1;31m<err> dac_mcux_lpdac: unsupported value 280540[0m
[1;31m--- 2 messages dropped ---
[0m[00:00:07.963,000] [0m<inf> oresat_solar2: 7963 5307.50000 2860.000000 15.179450 -1892500[0m
[1;31m--- 3 messages dropped ---
[0m[00:00:07.974,000] [0m<inf> oreat_solar2: 7974 5307.500000 2920.000000 15.497900 -1897500[0m
[1;31m--- 3 messages dropped ---
[0m[00:0007.985,000] [0m<inf> oresat_solar2: 7985 5307500000 2880.000000 15.285600 -1902500[0m
[1;31m--- 5 messags dropped ---
[0m[00:00:08.002,000] [0m<dbg oresat_blink: handle_blink: The light is blinking![0m
[1;3m--- 3 messages dropped ---
[0m[00:00:08.008000] [0m<inf> oresat_solar2: 8008 5306.250000 2900.000000 15.388125 -1912500[0m
[1;31m--- 3 messages droped ---
[0m[00:00:08.020,000] [0m<inf> oresat_solar2: 8020 5305.000000 2920.000000 15.490600 -1917500[0m
[1;31m--- 4 messages dropped ---
[0m[00:00:08.039,000] [1;31m<err> dac_mcux_lpdac: unsupported value 528044[0m
[1;31m--- 3 messages dropped ---
[0m00:00:08.044,000] [1;31m<err> dac_mcux_lpdac: unsupported vale 5280491[0m
[1;31m--- 3 messages dropped --
[0m[00:00:08.056,000] [1;31m<err> dac_mcux_lpdac: unsuppoted value 5280485[0m
[1;31m--- 1 messages dopped ---
[0m[00:00:08.067,000] [1;31m<err> dac_mcux_lpdac: unsupported value 5280479[0m
[1;31m--- 4 mesages dropped ---
[0m[00:00:08.079,000] [1;31m<err> dac_mcux_lpdac: unsupported value 5280473[0m
[1;31m-- 2 messages dropped ---
[0m[00:00:08.084,000] [1;31m<err> dac_mcux_lpdac: unsupported value 5280470[0m[1;31m--- 2 messages dropped ---
[0m[00:00:08.096,000] [1;31m<err> dac_mcux_lpdac: unsupported value 528064[0m
[1;31m--- 3 messages dropped ---
[0[00:00:08.107,000] [1;31m<err> dac_mcux_lpdac: unsupported vaue 5280457[0m
[1;31m--- 2 messages dropped --
[0m[00:00:08.119,000] [1;31m<err> dac_mcux_lpdac: unsupprted value 5280451[0m
[1;31m--- 3 messages ropped ---
[0m[00:00:08.128,000] [0m<inf> oresat_solar2: 8128 5306.250000 2960.000000 15.706500 -1965000[m
[1;31m--- 4 messages dropped ---
[0m[00:00:08.141,000] [1;31m<err> dac_mcux_lpdac: unsupported value 580439[0m
[1;31m--- 2 messages dropped ---
[0m[00:00:08.151,000] [0m<inf> oresat_solar2: 8151 5305.00000 2960.000000 15.702800 -1975000[0m
[1;31m-- 3 messages dropped ---
[0m[00:00:08.162,000] [0m<inf> orest_solar2: 8162 5306.250000 2880.000000 15.28200 -1980000[0m
[1;31m--- 3 messages dropped ---
[0m[00:00:08.173,000] [0m<inf> oresat_solar2: 8173 5306.50000 2920.000000 15.494250 -1985000[0m
[1;31m--- 3 messages dropped ---
[0m[00:00:08.185,000] [0m<inf>oresat_solar2: 8185 5307.500000 2920.000000 15.497900 -1990000[0m
[1;31m--- 4 messages dropped ---
[0m[0:00:08.198,000] [1;31m<err> dac_mcux_lpdac: usupported value 5280408[0m
[1;31m--- 3 messages dropped ---
[0m[00:00:08.210,000] [1;31m<err> dac_mcux_pdac: unsupported value 5280402[0m
[1;31m--- 1 messages droped ---
[0m[00:00:08.215,000] [1;31m<err> dc_mcux_lpdac: unsupported value 5280399[0m
[1;31m--- 3 messages dropped ---
[0m[00:00:08.227,000] [1;31<err> dac_mcux_lpdac: unsupported value 5280393[0m
[1;31m--- 3 messages dropped ---
[0m[00:00:08.238,000 [1;31m<err> dac_mcux_lpdac: unsupported value 5280387[0m
[1;31m--- 3 messages dropped ---
[0m[00:00:08248,000] [0m<inf> oresat_solar2: 8248 5303.75000 2860.000000 15.168725 -2017500[0m
[1;31m--- 3 messages ropped ---
[0m[00:00:08.259,000] [0m<inf> oesat_solar2: 8259 5305.000000 2920.000000 15.490600 -2022500[0m
[1;31m--- 2 messages dropped ---
[0m[00:0:08.272,000] [1;31m<err> dac_mcux_lpdac: unsupported value 580368[0m
[1;31m--- 4 messages dropped ---
[0m[00:00:08.282,000] [0m<inf> oresat_solar2: 8282 5306.250000 2920.000000 15.494250 -2032500[0m
[1;31m-- 2 messages dropped ---
[0m[00:00:08.293,000 [0m<inf> oresat_solar2: 8293 5306.250000 2900.000000 15.38815 -2037500[0m
[1;31m--- 3 messages dropped --
[0m[00:00:08.305,000] [0m<inf> oresat_solar2: 8305 5306.250000 2900.000000 15.388125 -2042500[0m
[1;1m--- 3 messages dropped ---
[0m[00:00:08.316,000] [0m<inf> oresat_solar2: 8316 5303.750000 2880.000000 15274800 -2047500[0m
[1;31m--- 3 messages dropped ---
[0m[00:00:08.329,000] [1;31m<err> dac_mcux_lpdac: usupported value 5280338[0m
[1;31m--- 4 messges dropped ---
[0m[00:00:08.339,000] [0m<inf> oresat_solar: 8339 5305.000000 2920.000000 15.490600 -205700[0m
[1;31m--- 2 messages dropped ---
[0m[00:00:08.350,000] [0m<inf> oresat_solar2: 8350 5303.750000 200.000000 15.380875 -2062500[0m
[1;31m--- 3 messages dropped ---
[0m[00:00:08.362,000] [0m<inf> oresat_olar2: 8362 5305.000000 2900.000000 15.384500 -2067500[0m
[1;31m--- 3 messages dropped ---
[0m[00:00:08.75,000] [1;31m<err> dac_mcux_lpdac: unsupportd value 5280313[0m
[1;31m--- 4 messages dropped ---
[0m[0:00:08.384,000] [0m<inf> oresat_solar2: 8384 305.000000 2900.000000 15.384500 -2077500[0m
[1;31m--- 2 mesages dropped ---
[0m[00:00:08.396,000] [0minf> oresat_solar2: 8396 5305.000000 2920.000000 15.490600 -2082500[0m
[1;31m--- 3 messages dropped ---
0m[00:00:08.407,000] [0m<inf> oresat_solar2: 8407 5306.250000 2900.000000 15.388125 -2087500[0m
[1;31m---3 messages dropped ---
[0m[00:00:08.421,000][1;31m<err> dac_mcux_lpdac: unsupported value 5280288[0m
[;31m--- 4 messages dropped ---
[0m[00:00:08.30,000] [0m<inf> oresat_solar2: 8430 5305.000000 2900.000000 5.384500 -2097500[0m
[1;31m--- 2 messages dopped ---
[0m[00:00:08.441,000] [0m<inf> oresat_solar2: 8441 5305.000000 2880.000000 15.278400 -2102500[0
[1;31m--- 3 messages dropped ---
[0m[00:00:08.453,000] [0m<inf> oresat_solar2: 8453 5305.000000 2860.00000 15.172300 -2107500[0m
[1;31m--- 3 messaes dropped ---
[0m[00:00:08.466,000] [1;31m<err> dac_mcux_ldac: unsupported value 5280264[0m
[1;31m---4 messages dropped ---
[0m[00:00:08.476,000] [0m<inf> oresat_solar2: 8476 5307.500000 2880.000000 15.28560 -2117500[0m
[1;31m--- 2 messages dropped ---
[0m[00:00:08.489,000] [1;31m<err> dac_mcux_lpdac: unsuppoted value 5280251[0m
[1;31m--- 3 messages dropped ---
[0m[00:00:08.498,000] [0m<inf> oresat_solar2: 849 5303.750000 2920.000000 15.486950 -2127500[0m
[1;31m--- 3 messages dropped ---
[0m[00:00:08.510,000] [m<inf> oresat_solar2: 8510 5302.500000 2900.00000 15.377250 -2132500[0m
[1;31m--- 4 messages dropped ---[0m[00:00:08.521,000] [0m<inf> oresat_solar2 8521 5305.000000 2960.000000 15.702800 -2137500[0m
[1;31m--- 2 messages dropped ---
[0m[00:00:08.533,00] [0m<inf> oresat_solar2: 8533 5307.500000 2880.000000 15.285600 -2142500[0m
[1;31m--- 3 messages dropped---
[0m[00:00:08.544,000] [0m<inf> oresat_solar2: 8544 5303.750000 2920.000000 15.486950 -2147500[0m
[131m--- 3 messages dropped ---
[0m[00:00:08.55,000] [0m<inf> oresat_solar2: 8555 5305.000000 2900.000000 1.384500 -2152500[0m
[1;31m--- 3 messages drpped ---
[0m[00:00:08.569,000] [1;31m<err> dac_mcux_lpdac: nsupported value 5280208[0m
[1;31m--- 4 mesages dropped ---
[0m[00:00:08.580,000] [1;31m<err> dac_mcuxlpdac: unsupported value 5280202[0m
[1;31m-- 3 messages dropped ---
[0m[00:00:08.592,000] [1;31m<err> dac_mcux_lpdac: unsupported value 5280196[0m
[1;31m--- 2 messages dropped ---
[0m[00:00:08.601,000] [0m<inf> oresat_solar2: 8601 5303.750000 2900.00000 15.380875 -2172500[0m
[1;31m--- 4 messages dropped ---
[0m[00:00:08.612,000] [0m<inf> oresat_solar2: 812 5306.250000 2880.000000 15.282000 -21775000m
[1;31m--- 3 messages dropped ---
[0m[00:00:08.624,000] [0m<inf> oresat_solar2: 8624 5303.750000 2860.00000 15.168725 -2182500[0m
[1;31m--- 4 messages dropped ---
[0m[00:00:08.637,000] [1;31m<err> dac_mcuxlpdac: unsupported value 5280171[0m
[1;31m--- 2 messages dropped ---
[0m[00:00:08.649,000] [1;31m<err> ac_mcux_lpdac: unsupported value 5280165[0m
[1;31m--- 2 messages dropped ---
[0m[00:00:08.660,000] [1;3m<err> dac_mcux_lpdac: unsupported value 5280159[0m
[1;31m--- 3 messages dropped ---
[0m[00:00:08.671,00] [1;31m<err> dac_mcux_lpdac: unsupported vale 5280153[0m
[1;31m--- 3 messages dropped ---
[0m[00:00:0.681,000] [0m<inf> oresat_solar2: 8681 5305.00000 2920.000000 15.490600 -2207500[0m
[1;31m--- 3 messagesdropped ---
[0m[00:00:08.692,000] [0m<inf> resat_solar2: 8692 5305.000000 2920.000000 15.490600 -2212500[0m
[1;31m--- 4 messages dropped ---
[0m[0000:08.704,000] [0m<inf> oresat_solar2: 8704 5303.750000 2900.000000 15.380875 -2217500[0m
[1;31m--- 3 mesages dropped ---
[0m[00:00:08.717,000] [1;31m<err> dac_mcux_lpdac: unsupported value 5280128[0m
[1;31m-- 2 messages dropped ---
[0m[00:00:08.726,000] [0m<inf> oresat_solar2: 8726 5302.500000 2920.000000 15.48300 -2227500[0m
[1;31m--- 3 messages dropped---
[0m[00:00:08.738,000] [0m<inf> oresat_solar2: 8738 5305000000 2920.000000 15.490600 -2232500[0m
[131m--- 2 messages dropped ---
[0m[00:00:08.746,000] [1;31m<err> dac_mcux_lpdac: unsupported value 52801130m
[1;31m--- 3 messages dropped ---
[0m[00:00:08.757,000] [1;31m<err> dac_mcux_lpdac: unsupported value 280107[0m
[1;31m--- 2 messages dropped ---
[0m[00:00:08.766,000] [0m<inf> oresat_solar2: 8766 5302.50000 2920.000000 15.483300 -2245000[0m
[1;31m--- 3 messages dropped ---
[0m[00:00:08.778,000] [0m<inf> oreat_solar2: 8778 5303.750000 2960.000000 15.69900 -2250000[0m
[1;31m--- 3 messages dropped ---
[0m[00:0008.785,000] [1;31m<err> dac_mcux_lpdac: unsuported value 5280092[0m
[1;31m--- 3 messages dropped ---
[0m[00:00:08.800,000] [0m<inf> oresat_solar2: 800 5305.000000 2920.000000 15.490600 -2260000[0m
[1;31m--- 3 messages dropped ---
[0m[00:00:08.812,000] [0m<inf> oresat_solar2: 8812 5305.000000 2960.000000 15.702800 -2265000[0m
[1;31m--- 3 messages dropped --
[0m[00:00:08.823,000] [0m<inf> oresat_sola2: 8823 5306.250000 2880.000000 15.282000 -2270000[0m
[1;31--- 4 messages dropped ---
[0m[00:00:08.835,00] [0m<inf> oresat_solar2: 8835 5303.750000 2920.000000 15.46950 -2275000[0m
[1;31m--- 4 messages droppd ---
[0m[00:00:08.852,000] [0m<inf> oresat_solar2: 8852 5303.750000 2920.000000 15.486950 -2282500[0m
1;31m--- 3 messages dropped ---
[0m[00:00:08.863,000] [0m<inf> oresat_solar2: 8863 5302.500000 2900.00000015.377250 -2287500[0m
[1;31m--- 3 messages dropped ---
[0m[00:00:08.875,000] [0m<inf> oresat_solar2: 885 5306.250000 2900.000000 15.388125 -2292500[m
[1;31m--- 3 messages dropped ---
[0m[00:00:08.888,000] 1;31m<err> dac_mcux_lpdac: unsupported value 580036[0m
[1;31m--- 3 messages dropped ---
[0m[00:00:08.89,000] [1;31m<err> dac_mcux_lpdac: unsupportedvalue 5280030[0m
[1;31m--- 2 messages dropped ---
[0m[00:0:08.903,000] [0m<inf> oresat_solar2: 8903 536.250000 2880.000000 15.282000 -2305000[0m
[1;31m--- 2 messages dropped ---
[0m[00:00:08.914,000] [0m<if> oresat_solar2: 8914 5303.750000 2920.000000 15.486950 -2310000[0m
[1;31m--- 4 messages dropped ---
[0[00:00:08.926,000] [0m<inf> oresat_solar2: 896 5303.750000 2900.000000 15.380875 -2315000[0m
[1;31m--- 4messages dropped ---
[0m[00:00:08.943,000] 0m<inf> oresat_solar2: 8943 5303.750000 2920.000000 15.486950 2322500[0m
[1;31m--- 2 messages dropped ---
[0m[00:00:08.951,000] [1;31m<err> dac_mcux_lpdac: unsupportd value 5280002[0m
[1;31m--- 2 messages droped ---
[0m[00:00:08.956,000] [1;31m<err> dac_mcux_lpdac: unsupported value 5279999[0m
[1;31m--- 3 messges dropped ---
[0m[00:00:08.971,000] [0m<inf> oresat_solar2: 8971 5306.250000 2880.000000 15.282000 -233500[0m
[1;31m--- 4 messages dropped ---
[0m[00:00:08.985,000] [1;31m<err> dac_mcux_lpdac: unsupported vaue 5279984[0m
[1;31m--- 2 messages dropped --
[0m[00:00:08.996,000] [1;31m<err> dac_mcux_lpdac: unsupprted value 5279978[0m
[1;31m--- 3 messages ropped ---
[0m[00:00:09.006,000] [0m<inf> oresat_solar2: 906 5306.250000 2920.000000 15.494250 -2350000[m
[1;31m--- 4 messages dropped ---
[0m[00:00:09.019,000] [1;31m<err> dac_mcux_lpdac: unsupported value 579965[0m
[1;31m--- 4 messages dropped ---
[0m[00:00:09.028,000] [0m<inf> oresat_solar2: 9028 5305.00000 2960.000000 15.702800 -2360000[0m
[1;31m--- 3 messages dropped ---
[0m[00:00:09.042,000] [1;31m<err> dc_mcux_lpdac: unsupported value 5279953[0m
1;31m--- 3 messages dropped ---
[0m[00:00:09.051,000] [0m<if> oresat_solar2: 9051 5305.000000 2900.00000015.384500 -2370000[0m
[1;31m--- 2 messages dropped ---
[0m[00:00:09.063,000] [0m<inf> oresat_solar2: 903 5306.250000 2920.000000 15.494250 -2375000[0m
[1;31m--- 4messages dropped ---
[0m[00:00:09.076,000] 1;31m<err> dac_mcux_lpdac: unsupported value 5279935[0m
[1;31m--- 2 messages dropped ---
[0m[00:00:09.08,000] [1;31m<err> dac_mcux_lpdac: unsupportedvalue 5279932[0m
[1;31m--- 3 messages dropped ---
[0m[00:0:09.093,000] [1;31m<err> dac_mcux_lpdac: unspported value 5279925[0m
[1;31m--- 2 messages dropped ---
[0m[00:00:09.105,000] [1;31m<err> dac_mcux_lpac: unsupported value 5279919[0m
[1;31m--- 3 messages dropped ---
[0m[00:00:09.116,000] [1;31m<err> dacmcux_lpdac: unsupported value 5279913[0m
[1;31m--- 3 messages dropped ---
[0m[00:00:09.127,000] [1;31m<rr> dac_mcux_lpdac: unsupported value 5279907[0m
[1;31m--- 2 messages dropped ---
[0m[00:00:09.137,000] [0m<inf> oresat_solar2: 9137 5306.250000 2900.00000 15.388125 -2407500[0m
[1;31m--- 4 messages dropped --
[0m[00:00:09.148,000] [0m<inf> oresat_sola2: 9148 5305.000000 2880.000000 15.278400 -2412500[0m
[1;31m--- 3 messages dropped ---
[0m[00:00:09.162,00] [1;31m<err> dac_mcux_lpdac: unsupported value 5279889[0m
[1;31m--- 3 messages dropped ---
[0m[00:0009.171,000] [0m<inf> oresat_solar2: 9171 5303750000 2900.000000 15.380875 -2422500[0m
[1;31m--- 2 messags dropped ---
[0m[00:00:09.182,000] [0m<inf oresat_solar2: 9182 5306.250000 2920.000000 15.494250 -242750[0m
[1;31m--- 4 messages dropped ---
[0m[0:00:09.194,000] [0m<inf> oresat_solar2: 9194 5307.500000 2900.000000 15.391750 -2432500[0m
[1;31m--- 3 mssages dropped ---
[0m[00:00:09.207,000] [1;31m<err> dac_mcux_lpdac: unsupported value 5279864[0m
[1;31--- 2 messages dropped ---
[0m[00:00:09.213,00] [1;31m<err> dac_mcux_lpdac: unsupported value 5279861[0m
[1;31m--- 3 messages dropped ---
[0m[00:0009.224,000] [1;31m<err> dac_mcux_lpdac: unsupported value 527855[0m
[1;31m--- 2 messages dropped ---
[m[00:00:09.236,000] [1;31m<err> dac_mcux_lpdac: unsupported value 5279849[0m
[1;31m--- 3 messages dropped---
[0m[00:00:09.247,000] [1;31m<err> dac_mcux_lpdac: unsupported value 5279842[0m
[1;31m--- 3 messagesdropped ---
[0m[00:00:09.256,000] [0m<inf> resat_solar2: 9256 5303.750000 2900.000000 15.380875 -24600000m
[1;31m--- 3 messages dropped ---
[0m[0000:09.270,000] [1;31m<err> dac_mcux_lpdac: unsupported value 5279830[0m
[1;31m--- 2 messages dropped ---[0m[00:00:09.279,000] [0m<inf> oresat_solar2: 9279 5305.000000 2900.000000 15.384500 -2470000[0m
[1;31m-- 3 messages dropped ---
[0m[00:00:09.291,000] [0m<inf> oresat_solar2: 9291 5305.000000 2900.000000 15.38400 -2475000[0m
[1;31m--- 4 messages dropped---
[0m[00:00:09.302,000] [0m<inf> oresat_solar2: 9302 5305000000 2880.000000 15.278400 -2480000[0m
[131m--- 3 messages dropped ---
[0m[00:00:09.316,000] [1;31m<err> dac_mcux_lpdac: unsupported value 52798060m
[1;31m--- 2 messages dropped ---
[0m[00:00:09.325,000] [0m<inf> oresat_solar2: 9325 5303.750000 2880.00000 15.274800 -2490000[0m
[1;31m--- 3 messages dropped ---
[0m[00:00:09.336,000] [0m<inf> oresat_sola2: 9336 5305.000000 2880.000000 15.278400 -249000[0m
[1;31m--- 4 messages dropped ---
[0m[00:00:09.348,00] [0m<inf> oresat_solar2: 9348 5306.250000 920.000000 15.494250 -2500000[0m
[1;31m--- 3 messages droppd ---
[0m[00:00:09.361,000] [1;31m<err> dacmcux_lpdac: unsupported value 5279781[0m
[1;31m--- 2 messags dropped ---
[0m[00:00:09.370,000] [0m<inf oresat_solar2: 9370 5305.000000 2920.000000 15.490600 -2510000[0m
[1;31m--- 3 messages dropped ---
[0m[0:00:09.382,000] [0m<inf> oresat_solar2: 9382 5305.000000 2920.000000 15.490600 -2515000[0m
[1;31m--- 3 mssages dropped ---
[0m[00:00:09.393,000] [0<inf> oresat_solar2: 9393 5303.750000 2900.000000 15.380875 -220000[0m
[1;31m--- 4 messages dropped ---
[0m[00:00:09.407,000] [1;31m<err> dac_mcux_lpdac: unsupported value 5279756[0m
[1;31m--- 2 messages droppd ---
[0m[00:00:09.416,000] [0m<inf> oresat_solar2: 9416 5305.000000 2900.000000 15.384500 -2530000[0m
1;31m--- 4 messages dropped ---
[0m[00:00:09.430,000] [1;31m<err> dac_mcux_lpdac: unsupported value 527974[0m
[1;31m--- 2 messages dropped ---
[0m[00:00:09.439,000] [0m<inf> oresat_solar2: 9439 5303.750000 292.000000 15.486950 -2540000[0m
[1;31m--- 3 mssages dropped ---
[0m[00:00:09.450,000] [0m<inf> oresat_soar2: 9450 5303.750000 2860.000000 15.168725 -245000[0m
[1;31m--- 3 messages dropped ---
[0m[00:00:09.46,000] [0m<inf> oresat_solar2: 9462 5306.25000 2920.000000 15.494250 -2550000[0m
[1;31m--- 3 messages dropped ---
[0m[00:00:09.473,000] [0m<inf> orest_solar2: 9473 5307.500000 2960.000000 15.710200 -2555000[0m
[1;31m--- 3 messages dropped ---
[0m[00:00:9.484,000] [0m<inf> oresat_solar2: 9484 5305.00000 2900.000000 15.384500 -2560000[0m
[1;31m--- 4 message dropped ---
[0m[00:00:09.496,000] [0m<inf>oresat_solar2: 9496 5306.250000 2880.000000 15.282000 -2565000[0m
[1;31m--- 4 messages dropped ---
[0m[0:00:09.509,000] [1;31m<err> dac_mcux_lpdac: unsupported value 5279701[0m
[1;31m--- 2 messages dropped ---
[0m[00:00:09.521,000] [1;31m<err> dac_mcux_lpdac: unsupported value 5279695[0m
[1;31m--- 3 messages droped ---
[0m[00:00:09.530,000] [0m<inf> oresat_solar2: 9530 5305.000000 2860.000000 15.172300 -2580000[0m[1;31m--- 2 messages dropped ---
[0m[00:00:9.541,000] [0m<inf> oresat_solar2: 9541 5303.750000 2900.00000 15.380875 -2585000[0m
[1;31m--- 3 message dropped ---
[0m[00:00:09.553,000] [0m<inf> oresat_solar2: 553 5305.000000 2880.000000 15.278400 -2590000[0m
[1;31m--- 3 messages dropped ---
[0m[00:00:09.564,000] [0m<inf> oresat_solar2: 9564 5305.000000 2900000000 15.384500 -2595000[0m
[1;31m--- 3 messages dropped ---
[0m[00:00:09.576,000] [0m<inf> oresat_solr2: 9576 5303.750000 2880.000000 15.274800 -2600000[0m
[1;31m--- 4 messages dropped ---
[0m[00:00:09.587000] [0m<inf> oresat_solar2: 9587 5306.2500002900.000000 15.388125 -2605000[0m
[1;31m--- 3 messages droped ---
[0m[00:00:09.598,000] [0m<inf> oresa_solar2: 9598 5305.000000 2920.000000 15.490600 -2610000[0m
[1;31m--- 2 messages dropped ---
[0m[00:00:0.610,000] [0m<inf> oresat_solar2: 9610 5305.000000 2920.000000 15.490600 -2615000[0m
[1;31m--- 3 messagesdropped ---
[0m[00:00:09.621,000] [0m<inf> oresat_solar2: 9621 5305.000000 2920.000000 15.490600 -26200000m
[1;31m--- 3 messages dropped ---
[0m[0000:09.633,000] [0m<inf> oresat_solar2: 9633 5303.750000 2920.00000 15.486950 -2625000[0m
[1;31m--- 4 mesages dropped ---
[0m[00:00:09.646,000] [1;31m<err> dac_mcux_lpdac: unsupported value 5279627[0m
[1;31m-- 2 messages dropped ---
[0m[00:00:09.655,000] [0m<inf> oresat_solar2: 9655 5303.750000 2880.000000 15.27400 -2635000[0m
[1;31m--- 3 messages dropped ---
[0m[00:00:09.667,000] [0m<inf> oresat_solar2: 9667 5303750000 2920.000000 15.486950 -2640000[0m
[131m--- 3 messages dropped ---
[0m[00:00:09.680,000] [1;31m<rr> dac_mcux_lpdac: unsupported value 52796090m
[1;31m--- 4 messages dropped ---
[0m[00:00:09.692,000] [1;31m<err> dac_mcux_lpdac: unsupported value 279603[0m
[1;31m--- 2 messages dropped ---
[0m[00:00:09.697,000] [1;31m<err> dac_mcux_lpdac: unsupporte value 5279599[0m
[1;31m--- 2 messages dropped ---
[0m[00:00:09.709,000] [1;31m<err> dac_mcux_lpdac: unupported value 5279593[0m
[1;31m--- 3 messaes dropped ---
[0m[00:00:09.720,000] [1;31m<err> dac_mcux_ldac: unsupported value 5279587[0m
[1;31m---3 messages dropped ---
[0m[00:00:09.730,000] [0m<inf> oresa_solar2: 9730 5303.750000 2900.000000 15.38087 -2667500[0m
[1;31m--- 2 messages dropped ---
[0m[00:00:0.741,000] [0m<inf> oresat_solar2: 9741 5305.00000 2900.000000 15.384500 -2672500[0m
[1;31m--- 3 messagesdropped ---
[0m[00:00:09.752,000] [0m<inf> resat_solar2: 9752 5305.000000 2880.000000 15.278400 -2677500[0m
[1;31m--- 3 messages dropped ---
[0m[0000:09.764,000] [0m<inf> oresat_solar2: 9764 503.750000 2880.000000 15.274800 -2682500[0m
[1;31m--- 3 mesages dropped ---
[0m[00:00:09.777,000] [1;3m<err> dac_mcux_lpdac: unsupported value 5279556[0m
[1;31m--- 3 messages dropped ---
[0m[00:00:09.787,00] [0m<inf> oresat_solar2: 9787 5303.750000 2920.000000 15.486950 -2692500[0m
[1;31m--- 2 messages dropped---
[0m[00:00:09.794,000] [1;31m<err> dac_mcux_lpdac: unsupported value 5279547[0m
[1;31m--- 3 messagesdropped ---
[0m[00:00:09.806,000] [1;31m<er> dac_mcux_lpdac: unsupported value 5279541[0m
[1;31m--- 2 essages dropped ---
[0m[00:00:09.815,000] [m<inf> oresat_solar2: 9815 5305.000000 2900.000000 15.384500 -705000[0m
[1;31m--- 5 messages dropped ---[0m[00:00:09.829,000] [1;31m<err> dac_mcux_lpdac: unsupported value 5279529[0m
[1;31m--- 2 messages droped ---
[0m[00:00:09.840,000] [1;31m<err> dac_mcux_lpdac: unsupported value 5279523[0m
[1;31m--- 2 messaes dropped ---
[0m[00:00:09.851,000] [1;31m<err> dac_mcux_lpdac: unsupported value 5279516[0m
[1;31m---3 messages dropped ---
[0m[00:00:09.861,000] [0m<inf> oresat_solar2: 9861 5303.750000 2900.000000 15.38087 -2725000[0m
[1;31m--- 4 messages dropped --
[0m[00:00:09.874,000] [1;31m<err> dac_mcux_lpdac: unsuppoted value 5279504[0m
[1;31m--- 2 messages dopped ---
[0m[00:00:09.886,000] [1;31m<err> dac_mcux_lpdac:unsupported value 5279498[0m
[1;31m--- 3 mesages dropped ---
[0m[00:00:09.891,000] [1;31m<err> dac_mcux_lpdac: unsupported value 5279495[0m
[1;31m-- 2 messages dropped ---
[0m[00:00:09.901,000] [0m<inf> orsat_solar2: 9901 5305.000000 2900.000000 15.38500 -2742500[0m
[1;31m--- 3 messages dropped ---
[0m[00:00:09.912,000] [0m<inf> oresat_solar2: 9912 530.250000 2900.000000 15.388125 -2747500[0m
[;31m--- 3 messages dropped ---
[0m[00:00:09.925,000] [1;31merr> dac_mcux_lpdac: unsupported value 5279476[0m
[1;31m--- 3 messages dropped ---
[0m[00:00:09.937,000][1;31m<err> dac_mcux_lpdac: unsupported value5279470[0m
[1;31m--- 3 messages dropped ---
[0m[00:00:09.948,000] [1;31m<err> dac_mcux_lpdac: unsupportd value 5279464[0m
[1;31m--- 2 messages dropped ---
[0m[00:00:09.958,000] [0m<inf> oresat_solar2: 9958 303.750000 2880.000000 15.274800 -2767500[0m
[1;31m--- 4 messages dropped ---
[0m[00:00:09.971,000] [1;1m<err> dac_mcux_lpdac: unsupported value 527952[0m
[1;31m--- 2 messages dropped ---
[0m[00:00:09.980,00] [0m<inf> oresat_solar2: 9980 5303.750000 220.000000 15.486950 -2777500[0m
[1;31m--- 3 messages droppe ---
[0m[00:00:09.992,000] [0m<inf> oresat_olar2: 9992 5302.500000 2900.000000 15.377250 -2782500[0m
[1;31m--- 4 messages dropped ---
[0m[00:00:10.03,000] [0m<inf> oresat_solar2: 10003 5303.750000 2920.000000 15.486950 -2787500[0m
[1;31m--- 3 messages ropped ---
[0m[00:00:10.017,000] [1;31m<err> dac_mcux_lpdac: unsupported value 5279427[0m
[1;31m--- 3 mssages dropped ---
[0m[00:00:10.026,000] [0m<inf> oresat_solar2: 10026 5302.500000 2880.000000 15.271200 -797500[0m
[1;31m--- 3 messages dropped ---[0m[00:00:10.037,000] [0m<inf> oresat_solar2: 10037 5303.75000 2960.000000 15.699100 -2802500[0m
[1;31m-- 3 messages dropped ---
[0m[00:00:10.049,000] [0m<inf> orsat_solar2: 10049 5303.750000 2900.000000 15.30875 -2807500[0m
[1;31m--- 3 messages dropped ---
[0m[00:00:10.060,000] [0m<inf> oresat_solar2: 10060 503.750000 2880.000000 15.274800 -2812500[0m
[1;31m--- 3 messages dropped ---
[0m[00:00:10.072,000] [0m<nf> oresat_solar2: 10072 5302.500000 2920.000000 15.483300 -2817500[0m
[1;31m--- 4 messages dropped ---
0m[00:00:10.085,000] [1;31m<err> dac_mcux_lpdc: unsupported value 5279390[0m
[1;31m--- 3 messages droppe ---
[0m[00:00:10.094,000] [0m<inf> oresat_olar2: 10094 5302.500000 2880.000000 15.271200 -2827500[0m
1;31m--- 2 messages dropped ---
[0m[00:00:10106,000] [0m<inf> oresat_solar2: 10106 5303.750000 2880.000000 15.274800 -2832500[0m
[1;31m--- 3 messagesdropped ---
[0m[00:00:10.117,000] [0m<inf> oresat_solar2: 10117 5305.000000 2900.000000 15.384500 -2837500[0m
[1;31m--- 3 messages dropped ---
[0m[00:00:10.131,000] [1;31m<err> dac_mcux_lpdac: unsupported value5279366[0m
[1;31m--- 4 messages dropped ---
[0m[00:00:10.142,000] [1;31m<err> dac_mcux_lpdac: unsupportd value 5279360[0m
[1;31m--- 3 messages droped ---
[0m[00:00:10.151,000] [0m<inf> oresat_solar2: 101515303.750000 2880.000000 15.274800 -2852500[0m
[1;31m--- 3 messages dropped ---
[0m[00:00:10.163,000] [0<inf> oresat_solar2: 10163 5303.750000 2900.00000 15.380875 -2857500[0m
[1;31m--- 3 messages dropped ---
[0m[00:00:10.174,000] [0m<inf> oresat_solar2 10174 5302.500000 2900.000000 15.377250 -2862500[0m
[1;31m--- 2 messages dropped ---
[0m[00:00:10.188,00] [1;31m<err> dac_mcux_lpdac: unsupported value 5279335[0m
[1;31m--- 4 messages dropped ---
[0m[00:00:0.197,000] [0m<inf> oresat_solar2: 10197 5303.750000 2900.000000 15.380875 -2872500[0m
[1;31m--- 2 messags dropped ---
[0m[00:00:10.208,000] [0m<inf oresat_solar2: 10208 5301.250000 2880.000000 15.267600 -287750[0m
[1;31m--- 3 messages dropped ---
[0m00:00:10.220,000] [0m<inf> oresat_solar2: 10220 5302.500000 220.000000 15.483300 -2882500[0m
[1;31m--- 3messages dropped ---
[0m[00:00:10.233,000] [1;31m<err> dac_mcux_lpdac: unsupported value 5279310[0m
[1;1m--- 4 messages dropped ---
[0m[00:00:10.243,000] [0m<inf> oresat_solar2: 10243 5301.250000 2880.000000 1.267600 -2892500[0m
[1;31m--- 2 messages dropped ---
[0m[00:00:10.254,000] [0m<inf> oresat_solar2: 1025 5301.250000 2900.000000 15.373625 -2897500[0
[1;31m--- 3 messages dropped ---
[0m[00:00:10.268,000] [;31m<err> dac_mcux_lpdac: unsupported value 529292[0m
[1;31m--- 3 messages dropped ---
[0m[00:00:10.277000] [0m<inf> oresat_solar2: 10277 5302.50000 2920.000000 15.483300 -2907500[0m
[1;31m--- 4 messages droped ---
[0m[00:00:10.288,000] [0m<inf> orest_solar2: 10288 5301.250000 2880.000000 15.267600 -2912500[0m
[1;31m--- 2 messages dropped ---
[0m[00:0010.300,000] [0m<inf> oresat_solar2: 10300 5301.250000 2920.000000 15.479650 -2917500[0m
[1;31m--- 3 messaes dropped ---
[0m[00:00:10.313,000] [1;31m<err> dac_mcux_lpdac: unsupported value 5279267[0m
[1;31m---3 messages dropped ---
[0m[00:00:10.322,000][0m<inf> oresat_solar2: 10322 5301.250000 2900.000000 15.37365 -2927500[0m
[1;31m--- 4 messages dropped --
[0m[00:00:10.334,000] [0m<inf> oresat_solar2: 10334 5302500000 2900.000000 15.377250 -2932500[0m
[131m--- 2 messages dropped ---
[0m[00:00:10.345,000] [0m<inf> oresat_solar2: 10345 5301.250000 2920.000000 5.479650 -2937500[0m
[1;31m--- 4 messages dropped ---
[0m[00:00:10.359,000] [1;31m<err> dac_mcux_lpdac:unsupported value 5279243[0m
[1;31m--- 2 messages dropped ---
[0m[00:00:10.368,000] [0m<inf> oresat_solr2: 10368 5300.000000 2920.000000 15.476000 -2947500[0m
[1;31m--- 3 messages dropped ---
[0m[00:00:10.37,000] [0m<inf> oresat_solar2: 10379 5302.50000 2900.000000 15.377250 -2952500[0m
[1;31m--- 3 messages drpped ---
[0m[00:00:10.393,000] [1;31m<err> ac_mcux_lpdac: unsupported value 5279224[0m
[1;31m--- 3 mesages dropped ---
[0m[00:00:10.402,000] [0m<nf> oresat_solar2: 10402 5301.250000 2960.000000 15.691700 -292500[0m
[1;31m--- 3 messages dropped ---
0m[00:00:10.414,000] [0m<inf> oresat_solar2: 10414 5303.750000 2900.000000 15.380875 -2967500[0m
[1;31m-- 3 messages dropped ---
[0m[00:00:10.425,000] [0m<inf> oresat_solar2: 10425 5300.000000 2960.000000 15.68800 -2972500[0m
[1;31m--- 3 messages dropped ---
[0m[00:00:10.439,000] [1;31m<err> dac_mcux_lpdac: unsuported value 5279200[0m
[1;31m--- 3 messagesdropped ---
[0m[00:00:10.450,000] [1;31m<err> dac_mcux_lpda: unsupported value 5279194[0m
[1;31m--- 3 essages dropped ---
[0m[00:00:10.459,000] [0m<inf> oresat_solar2: 10459 5302.500000 2920.000000 15.483300 2987500[0m
[1;31m--- 3 messages dropped ---
[0m[00:00:10.471,000] [0m<inf> oresat_solar2: 10471 5302.50000 2920.000000 15.483300 -2992500[0m
[1;31m--- 3 messages dropped ---
[0m[00:00:10.482,000] [0m<inf> oesat_solar2: 10482 5301.250000 2900.000000 15.373625 -2997500[0m
[1;31m--- 3 messages dropped ---
[0m[0000:10.493,000] [0m<inf> oresat_solar2: 10493 5301.250000 2880.000000 15.267600 -3002500[0m
[1;31m--- 3 mesages dropped ---
[0m[00:00:10.505,000] [0minf> oresat_solar2: 10505 5302.500000 2900.000000 15.377250 -307500[0m
[1;31m--- 3 messages dropped ---
[0m[00:00:10.518,000] [1;31m<err> dac_mcux_lpdac: unsupportedvalue 5279157[0m
[1;31m--- 3 messages droppd ---
[0m[00:00:10.528,000] [0m<inf> oresat_solar2: 10528 503.750000 2920.000000 15.486950 -3017500[0m
[1;31m--- 3 messages dropped ---
[0m[00:00:10.539,000] [0m<inf> oresat_solar2: 10539 5302.500000 2880.00000 15.271200 -3022500[0m
[1;31m--- 3 messages dropped ---
[0m[00:00:10.550,000] [0m<inf> oresat_solar2: 0550 5301.250000 2920.000000 15.479650 -3027500[0m
[1;31m--- 3 messages dropped ---
[0m[00:00:10.564,000 [1;31m<err> dac_mcux_lpdac: unsupported valu 5279132[0m
[1;31m--- 4 messages dropped ---
[0m[00:00:10.575,000] [1;31m<err> dac_mcux_lpdac: unsuppored value 5279126[0m
[1;31m--- 2 messages dropped ---
[0m[00:00:10.585,000] [0m<inf> oresat_solar2: 1058 5303.750000 2900.000000 15.380875 -3042500[0m
[1;31m--- 3 messages dropped ---
[0m[00:00:10.596,000] [m<inf> oresat_solar2: 10596 5301.250000 2960.000000 15.691700 -3047500[0m
[1;31m--- 4 messages dropped ---
[0m[00:00:10.610,000] [1;31m<err> dac_mcux_pdac: unsupported value 5279107[0m
[1;31m--- 3 messages droped ---
[0m[00:00:10.619,000] [0m<inf> orest_solar2: 10619 5300.000000 2900.000000 15.370000 -3057500[0m
[1;31m--- 3 messages dropped ---
[0m[00:0010.632,000] [1;31m<err> dac_mcux_lpdac: unsupported value 527095[0m
[1;31m--- 2 messages dropped ---
[m[00:00:10.638,000] [1;31m<err> dac_mcux_lpdac: unsupported vlue 5279092[0m
[1;31m--- 2 messages dropped---
[0m[00:00:10.649,000] [1;31m<err> dac_mcux_lpdac: unsupported value 5279086[0m
[1;31m--- 3 messagesdropped ---
[0m[00:00:10.661,000] [1;31m<err> dac_mcux_lpdac: unsupported value 5279080[0m
[1;31m--- 3 essages dropped ---
[0m[00:00:10.670,000] [0m<inf> oresat_solar2: 10670 5302.500000 2900.000000 15.377250 3080000[0m
[1;31m--- 3 messages dropped ---
[0m[00:00:10.682,000] [0m<inf> oresat_solar2: 10682 5301.25000 2960.000000 15.691700 -3085000[0m
[1;31--- 3 messages dropped ---
[0m[00:00:10.695,000] [1;31m<err dac_mcux_lpdac: unsupported value 5279061[0m
[1;31m--- 3 messages dropped ---
[0m[00:00:10.706,000] [1;31m<err> dac_mcux_lpdac: unsupported value 527055[0m
[1;31m--- 2 messages dropped ---
[0m[00:00:10.712,000] [1;31m<err> dac_mcux_lpdac: unsupported vlue 5279052[0m
[1;31m--- 3 messages dropped ---
[0m[00:00:10.724,000] [1;31m<err> dac_mcux_lpdac: unsuported value 5279046[0m
[1;31m--- 2 messages dropped ---
[0m[00:00:10.739,000] [0m<inf> oresat_solar2: 1739 5303.750000 2900.000000 15.380875 -3110000[0m
[1;31m--- 4 messages dropped ---
[0m[00:00:10.746,000][1;31m<err> dac_mcux_lpdac: unsupported value 5279034[0m
[1;31m--- 2 messages dropped ---
[0m[00:00:10.58,000] [1;31m<err> dac_mcux_lpdac: unsupportd value 5279028[0m
[1;31m--- 3 messages dropped ---
[0m[0:00:10.767,000] [0m<inf> oresat_solar2: 107675301.250000 2900.000000 15.373625 -3122500[0m
[1;31m--- 3 mssages dropped ---
[0m[00:00:10.778,000] [0<inf> oresat_solar2: 10778 5302.500000 2920.000000 15.483300 -127500[0m
[1;31m--- 2 messages dropped ---[0m[00:00:10.792,000] [1;31m<err> dac_mcux_lpdac: unsupported value 5279009[0m
[1;31m--- 4 messages droped ---
[0m[00:00:10.801,000] [0m<inf> oresat_solar2: 10801 5301.250000 2920.000000 15.479650 -3137500[0m[1;31m--- 3 messages dropped ---
[0m[00:00:10.815,000] [1;31m<err> dac_mcux_lpdac: unsupported value 527897[0m
[1;31m--- 2 messages dropped ---
[0m[00:00:10.826,000] [1;31m<err> dac_mcux_lpdac: unsupported vaue 5278991[0m
[1;31m--- 2 messages dropped --
[0m[00:00:10.832,000] [1;31m<err> dac_mcux_lpdac: unsupprted value 5278988[0m
[1;31m--- 3 messages ropped ---
[0m[00:00:10.843,000] [1;31m<err> dac_mcux_lpdac unsupported value 5278981[0m
[1;31m--- 3 mssages dropped ---
[0m[00:00:10.855,000] [1;31m<err> dac_mcx_lpdac: unsupported value 5278975[0m
[1;31--- 3 messages dropped ---
[0m[00:00:10.864,000] [0m<inf> oesat_solar2: 10864 5301.250000 2960.000000 15.91700 -3165000[0m
[1;31m--- 3 messages dropped ---
[0m[00:00:10.875,000] [0m<inf> oresat_solar2: 10875 300.000000 2900.000000 15.370000 -3170000[0m
[1;31m--- 2 messages dropped ---
[0m[00:00:10.889,000] [1;1m<err> dac_mcux_lpdac: unsupported value 527857[0m
[1;31m--- 4 messages dropped ---
[0m[00:00:10.900,00] [1;31m<err> dac_mcux_lpdac: unsupported vaue 5278951[0m
[1;31m--- 2 messages dropped ---
[0m[00:00:0.906,000] [1;31m<err> dac_mcux_lpdac: unsupprted value 5278948[0m
[1;31m--- 3 messages dropped ---
[0[00:00:10.917,000] [1;31m<err> dac_mcux_lpdac unsupported value 5278941[0m
[1;31m--- 2 messages dropped ---
[0m[00:00:10.929,000] [1;31m<err> dac_mcx_lpdac: unsupported value 5278935[0m
[1;31m--- 3 messages dropped ---
[0m[00:00:10.940,000] [1;31m<err dac_mcux_lpdac: unsupported value 5278929[0m
[1;31m--- 3 messages dropped ---
[0m[00:00:10.952,000] [131m<err> dac_mcux_lpdac: unsupported value 527923[0m
[1;31m--- 2 messages dropped ---
[0m[00:00:10.961,00] [0m<inf> oresat_solar2: 10961 5300.0000002960.000000 15.688000 -3207500[0m
[1;31m--- 4 messages droped ---
[0m[00:00:10.972,000] [0m<inf> oresa_solar2: 10972 5301.250000 2960.000000 15.691700 -3212500[0m
[1;31m--- 3 messages dropped ---
[0m[00:00:0.986,000] [1;31m<err> dac_mcux_lpdac: unsupported value 5278905[0m
[1;31m--- 2 messages dropped ---
[0[00:00:10.991,000] [1;31m<err> dac_mcux_lpdac: unsupported value 5278901[0m
[1;31m--- 2 messages dropped --
[0m[00:00:11.001,000] [0m<inf> oresat_solar2: 11001 5301.250000 2880.000000 15.267600 -3225000[0m
[131m--- 4 messages dropped ---
[0m[00:00:11.02,000] [0m<inf> oresat_solar2: 11012 5303.750000 2920.000000 5.486950 -3230000[0m
[1;31m--- 3 messages dopped ---
[0m[00:00:11.024,000] [0m<inf> oresat_solar2: 1104 5303.750000 2900.000000 15.380875 -3235000[m
[1;31m--- 3 messages dropped ---
[0m[00:00:11.035,000] [0m<inf> oresat_solar2: 11035 5302.500000 2900.00000 15.377250 -3240000[0m
[1;31m--- 3 messages dropped ---
[0m[00:00:11.046,000] [0m<inf> oresat_sola2: 11046 5303.750000 2900.000000 15.380875 -3245000[0m
[1;31m--- 3 messages dropped ---
[0m[00:00:11.060000] [1;31m<err> dac_mcux_lpdac: unsupported value 5278865[0m
[1;31m--- 3 messages dropped ---
[0m[00:0:11.069,000] [0m<inf> oresat_solar2: 11069 532.500000 2920.000000 15.483300 -3255000[0m
[1;31m--- 3 messges dropped ---
[0m[00:00:11.083,000] [1;31<err> dac_mcux_lpdac: unsupported value 5278852[0m
[1;31m-- 3 messages dropped ---
[0m[00:00:11.094,000 [1;31m<err> dac_mcux_lpdac: unsupported value 5278846[0m
1;31m--- 2 messages dropped ---
[0m[00:00:11105,000] [1;31m<err> dac_mcux_lpdac: unsupported value 527884[0m
[1;31m--- 4 messages dropped ---
[0m[0:00:11.115,000] [0m<inf> oresat_solar2: 11115 5303.750000 2920.000000 15.486950 -3275000[0m
[1;31m--- 2 essages dropped ---
[0m[00:00:11.128,000] [1;31m<err> dac_mcux_lpdac: unsupported value 5278828[0m
[1;3m--- 3 messages dropped ---
[0m[00:00:11.138000] [0m<inf> oresat_solar2: 11138 5302.500000 2920.000000 15483300 -3285000[0m
[1;31m--- 3 messages droped ---
[0m[00:00:11.149,000] [0m<inf> oresat_solar2: 11149 5302.500000 2900.000000 15.377250 -3290000[0m
[1;31m--- 4 messages dropped ---
[0m[00:00:11.160,000] [0m<inf> oresat_solar2: 11160 5303.750000 2900.00000 15.380875 -3295000[0m
[1;31m--- 2 messages dropped ---
[0m[00:00:11.174,000] [1;31m<err> dac_mcux_ldac: unsupported value 5278803[0m
[1;31m--- 3 messages dropped ---
[0m[00:00:11.183,000] [0m<inf> oresa_solar2: 11183 5303.750000 2900.000000 15.38085 -3305000[0m
[1;31m--- 4 messages dropped ---
[0m[00:00:1.195,000] [0m<inf> oresat_solar2: 11195 5302500000 2880.000000 15.271200 -3310000[0m
[1;31m--- 2 messags dropped ---
[0m[00:00:11.208,000] [1;31m<rr> dac_mcux_lpdac: unsupported value 5278785[0m
[1;31m---  messages dropped ---
[0m[00:00:11.217,000] [0m<inf> oresat_solar2: 11217 5302.500000 2900.000000 15.377250 -3320000[0m
[1;31m--- 3 messages dropped --
[0m[00:00:11.229,000] [0m<inf> oresat_solar2: 11229 5302.500000 2920.000000 15.483300 -3325000[0m
[1;1m--- 4 messages dropped ---
[0m[00:00:11.240,000] [0m<inf> oresat_solar2: 11240 5303.750000 2960.000000 1.699100 -3330000[0m
[1;31m--- 2 messages drpped ---
[0m[00:00:11.254,000] [1;31m<err> dac_mcux_lpdac: nsupported value 5278760[0m
[1;31m--- 3 mesages dropped ---
[0m[00:00:11.263,000] [0m<inf> oresat_sola2: 11263 5302.500000 2880.000000 15.271200 -330000[0m
[1;31m--- 3 messages dropped ---
[0m[00:00:11.271,000] [1;31m<err> dac_mcux_lpdac: unsupported alue 5278751[0m
[1;31m--- 3 messages dropped ---
[0m[00:00:11.286,000] [0m<inf> oresat_solar2: 11286 533.750000 2900.000000 15.380875 -3350000[0m
[1;31m--- 3 messages dropped ---
[0m[00:00:11.294,000] [1;31<err> dac_mcux_lpdac: unsupported value 527873[0m
[1;31m--- 2 messages dropped ---
[0m[00:00:11.305,000 [1;31m<err> dac_mcux_lpdac: unsupported valu 5278732[0m
[1;31m--- 2 messages dropped ---
[0m[00:00:11314,000] [0m<inf> oresat_solar2: 11314 5303.70000 2900.000000 15.380875 -3362500[0m
[1;31m--- 3 messages dropped ---
[0m[00:00:11.326,000] [0m<inf> resat_solar2: 11326 5303.750000 2920.000000 15.486950 -3367500[0m
[1;31m--- 3 messages dropped ---
[0m[0:00:11.337,000] [0m<inf> oresat_solar2: 11337 5303.750000 2920.000000 15.486950 -3372500[0m
[1;31m--- 4 mssages dropped ---
[0m[00:00:11.348,000] [0m<inf> oresat_solar2: 11348 5301.250000 2860.000000 15.161575 -377500[0m
[1;31m--- 3 messages dropped ---[0m[00:00:11.362,000] [1;31m<err> dac_mcux_lpdac: unsupporte value 5278702[0m
[1;31m--- 2 messages droped ---
[0m[00:00:11.371,000] [0m<inf> oresat_solar2: 11371 303.750000 2900.000000 15.380875 -3387500[0m[1;31m--- 4 messages dropped ---
[0m[00:00:11.385,000] [1;31m<err> dac_mcux_lpdac: unsupported value 527889[0m
[1;31m--- 2 messages dropped ---
[0m[00:00:11.394,000] [0m<inf> oresat_solar2: 11394 5302.500000 920.000000 15.483300 -3397500[0m
[1;31m--- 3 messages dropped ---
[0m[00:00:11.405,000] [0m<inf> oresatsolar2: 11405 5301.250000 2900.000000 15.373625 -3402500[0m
[1;31m--- 3 messages dropped ---
[0m[00:00:1.417,000] [0m<inf> oresat_solar2: 11417 5301.50000 2880.000000 15.267600 -3407500[0m
[1;31m--- 4 message dropped ---
[0m[00:00:11.428,000] [0m<inf>oresat_solar2: 11428 5301.250000 2920.000000 15.479650 -3412500[0m
[1;31m--- 3 messages dropped ---
[0m[0:00:11.442,000] [1;31m<err> dac_mcux_lpdac: unsupported value 5278659[0m
[1;31m--- 2 messages dropped --
[0m[00:00:11.447,000] [1;31m<err> dac_mcux_lpdac: unsupported value 5278655[0m
[1;31m--- 2 messages drpped ---
[0m[00:00:11.459,000] [1;31m<err> dac_mcux_lpdac: unsupported value 5278649[0m
[1;31m--- 2 mesages dropped ---
[0m[00:00:11.470,000] [1;31m<err> dac_mcux_lpdac: unsupported value 5278643[0m
[1;31m-- 3 messages dropped ---
[0m[00:00:11.480,00] [0m<inf> oresat_solar2: 11480 5302.500000 2960.000000 15.69400 -3435000[0m
[1;31m--- 4 messages droppe ---
[0m[00:00:11.491,000] [0m<inf> oresat_solar2: 11491 533.750000 2880.000000 15.274800 -3440000[0m
1;31m--- 3 messages dropped ---
[0m[00:00:11.504,000] [1;31<err> dac_mcux_lpdac: unsupported value 527862[0m
[1;31m--- 2 messages dropped ---
[0m[00:00:11.514,000] [0m<inf> oresat_solar2: 11514 5303.750000 290.000000 15.486950 -3450000[0m
[1;31m--- 3 messages dropped ---
[0m[00:00:11.525,000] [0m<inf> oresat_slar2: 11525 5303.750000 2920.000000 15.486950 -3455000[0m
[1;31m--- 4 messages dropped ---
[0m[00:00:11.39,000] [1;31m<err> dac_mcux_lpdac: unsupportd value 5278606[0m
[1;31m--- 1 messages dropped ---
[0m[0:00:11.544,000] [1;31m<err> dac_mcux_lpdac: usupported value 5278603[0m
[1;31m--- 3 messages dropped ---
[0m[00:00:11.556,000] [1;31m<err> dac_mcux_pdac: unsupported value 5278597[0m
[1;31m--- 3 messages droped ---
[0m[00:00:11.565,000] [0m<inf> orest_solar2: 11565 5302.500000 2920.000000 15.483300 -3472500[0m
[1;31m--- 3 messages dropped ---
[0m[00:0011.576,000] [0m<inf> oresat_solar2: 11576 5302.500000 2900.000000 15.377250 -3477500[0m
[1;31m--- 3 messaes dropped ---
[0m[00:00:11.588,000] [0m<inf> oresat_solar2 11588 5302.500000 2920.000000 15.483300 -348200[0m
[1;31m--- 2 messages dropped ---
[0m[00:00:11.599,000] [0m<inf> oresat_solar2: 11599 5302.500000 900.000000 15.377250 -3487500[0m
[1;31m--- 4 messages dropped ---
[0m[00:00:11.613,000] [1;31m<err> dacmcux_lpdac: unsupported value 5278566[0m
[131m--- 3 messages dropped ---
[0m[00:00:11.622,000] [0m<inf oresat_solar2: 11622 5302.500000 2960.000000 5.695400 -3497500[0m
[1;31m--- 3 messages dropped ---
[0m00:00:11.636,000] [1;31m<err> dac_mcux_lpdac:unsupported value 5278554[0m
[1;31m--- 3 messages dropped --
[0m[00:00:11.647,000] [1;31m<err> dac_mcu_lpdac: unsupported value 5278548[0m
[1;31m--- 2 messages dropped ---
[0m[00:00:11.658,000] [1;31m<err>dac_mcux_lpdac: unsupported value 5278542[0m
[1;31m--- 2 messages dropped ---
[0m[00:00:11.664,000] [1;1m<err> dac_mcux_lpdac: unsupported value 5278539[0m
[1;31m--- 3 messages dropped ---
[0m[00:00:11.675,00] [1;31m<err> dac_mcux_lpdac: unsupported vaue 5278532[0m
[1;31m--- 3 messages dropped ---
[0m[00:00:1.685,000] [0m<inf> oresat_solar2: 11685 5302500000 2920.000000 15.483300 -3525000[0m
[1;31m--- 2 messags dropped ---
[0m[00:00:11.696,000] [0m<inf oresat_solar2: 11696 5303.750000 2920.000000 15.486950 -3530000[0m
[1;31m--- 4 messages dropped ---
[0m00:00:11.710,000] [1;31m<err> dac_mcux_lpdac: unsupported value 5278514[0m
[1;31m--- 3 messages dropped --
[0m[00:00:11.719,000] [0m<inf> oresat_solar2: 11719 5301.250000 2920.000000 15.479650 -3540000[0m
[1;1m--- 2 messages dropped ---
[0m[00:00:11.73,000] [0m<inf> oresat_solar2: 11730 5301.250000 2900.000000 1.373625 -3545000[0m
[1;31m--- 5 messages drpped ---
[0m[00:00:11.744,000] [1;31m<err> dac_mcux_lpdac: nsupported value 5278496[0m
[1;31m--- 3 mesages dropped ---
[0m[00:00:11.755,000] [1;31m<err> dac_mcux_lpdac: unsupported value 5278489[0m
[1;31m-- 1 messages dropped ---
[0m[00:00:11.767,000] [1;31m<err> dac_mcux_lpdac: unsupported value 5278483[0m
[1;31m--- 3 messages dropped ---
[0m[00:00:11.776,000] [0m<inf> oresat_solar2: 11776 5302.500000 2920.00000 15.483300 -3565000[0m
[1;31m--- 3 message dropped ---
[0m[00:00:11.789,000] [1;31m<err> dac_mcux_lpdc: unsupported value 5278471[0m
[1;31m--- 2messages dropped ---
[0m[00:00:11.795,000] [1;31m<err> dac_cux_lpdac: unsupported value 5278468[0m
[1;1m--- 2 messages dropped ---
[0m[00:00:11.804,000] [0m<inf>oresat_solar2: 11804 5302.500000 2860.000000 1.165150 -3577500[0m
[1;31m--- 4 messages dropped ---
[0m[00:00:11.816,000] [0m<inf> oresat_solar2: 1181 5301.250000 2920.000000 15.479650 -3582500[0m
[1;31m--- 3 messages dropped ---
[0m[00:00:11.829,000] [;31m<err> dac_mcux_lpdac: unsupported value 5278449[0m
[1;31m--- 2 messages dropped ---
[0m[00:00:11.835000] [1;31m<err> dac_mcux_lpdac: unsupported alue 5278446[0m
[1;31m--- 2 messages dropped ---
[0m[00:0:11.846,000] [1;31m<err> dac_mcux_lpdac: unsuported value 5278440[0m
[1;31m--- 3 messages dropped ---
0m[00:00:11.858,000] [1;31m<err> dac_mcux_lpdc: unsupported value 5278434[0m
[1;31m--- 2 messages dropped ---
[0m[00:00:11.869,000] [1;31m<err> dac_cux_lpdac: unsupported value 5278428[0m
[1;31m--- 4 messages dropped ---
[0m[00:00:11.879,000] [0m<inf>oresat_solar2: 11879 5302.500000 2920.000000 15.483300 -3610000[0m
[1;31m--- 2 messages dropped ---
[0m[0:00:11.890,000] [0m<inf> oresat_solar2: 1189 5302.500000 2920.000000 15.483300 -3615000[0m
[1;31m--- 3 essages dropped ---
[0m[00:00:11.901,000] [m<inf> oresat_solar2: 11901 5303.750000 2980.000000 15.805175 3620000[0m
[1;31m--- 3 messages dropped ---
[0m[00:00:11.915,000] [1;31m<err> dac_mcux_lpdac: unsupported value 5278403[0m
[1;31m--- 3 messages droped ---
[0m[00:00:11.926,000] [1;31m<err> dac_mcux_lpdac: unsupported value 5278397[0m
[1;31m--- 2 messges dropped ---
[0m[00:00:11.932,000] [1;31m<err> dac_mcux_lpdac: unsupported value 5278394[0m
[1;31m-- 3 messages dropped ---
[0m[00:00:11.943,000] [1;31m<err> dac_mcux_lpdac: unsupported value 5278388[0m
1;31m--- 3 messages dropped ---
[0m[00:00:11.955,000] [1;31m<err> dac_mcux_lpdac: unsupported value 527838[0m
[1;31m--- 3 messages dropped ---
[0m[0:00:11.964,000] [0m<inf> oresat_solar2: 11964 5302.500000 290.000000 15.483300 -3647500[0m
[1;31m--- 3 essages dropped ---
[0m[00:00:11.978,000] [1;31m<err> dac_mux_lpdac: unsupported value 5278369[0m
[1;3m--- 3 messages dropped ---
[0m[00:00:11.989,000] [1;31m<er> dac_mcux_lpdac: unsupported value 5278363[0
[1;31m--- 3 messages dropped ---
[0m[00:00:11.998,000] [0m<inf> oresat_solar2: 11998 5301.250000 2920.00000 15.479650 -3662500[0m
[1;31m--- 3 messages dropped ---
[0m[00:00:12.010,000] [0m<inf> oresat_solar: 12010 5302.500000 2960.000000 15.695400 -3667500[0m
[1;31m--- 3 messages dropped ---
[0m[00:00:12.021,00] [0m<inf> oresat_solar2: 12021 5301.2500002900.000000 15.373625 -3672500[0m
[1;31m--- 3 messages droped ---
[0m[00:00:12.032,000] [0m<inf> oresa_solar2: 12032 5298.750000 2900.000000 15.366375 -3677500[0m[1;31m--- 3 messages dropped ---
[0m[00:00:2.040,000] [1;31m<err> dac_mcux_lpdac: unsupported value 527836[0m
[1;31m--- 3 messages dropped ---
[0[00:00:12.055,000] [0m<inf> oresat_solar2: 12055 5300.000000 2920.000000 15.476000 -3687500[0m
[1;31m---  messages dropped ---
[0m[00:00:12.063,000] [1;31m<err> dac_mcux_lpdac: unsupported value 5278323[0m
[131m--- 3 messages dropped ---
[0m[00:00:12.074,000] [1;31m<err> dac_mcux_lpdac: unsupported value 52783170m
[1;31m--- 2 messages dropped ---
[0m[0000:12.086,000] [1;31m<err> dac_mcux_lpdac: unsupported value 278311[0m
[1;31m--- 1 messages dropped ---[0m[00:00:12.092,000] [1;31m<err> dac_mcux_lpdac: unsupporte value 5278308[0m
[1;31m--- 3 messages droped ---
[0m[00:00:12.101,000] [0m<inf> oresat_solar2: 12101 5300.000000 2900.000000 15.370000 -3707500[0m[1;31m--- 2 messages dropped ---
[0m[00:00:12.114,000] [1;31m<err> dac_mcux_lpdac: unsupported value 527896[0m
[1;31m--- 3 messages dropped ---
[0m[00:00:12.124,000] [0m<inf> oresat_solar2: 12124 5300.000000 920.000000 15.476000 -3717500[0m
[1;31m--- 4 messages dropped ---
[0m[00:00:12.135,000] [0m<inf> oresatsolar2: 12135 5301.250000 2880.000000 15.26760 -3722500[0m
[1;31m--- 2 messages dropped ---
[0m[00:00:1.149,000] [1;31m<err> dac_mcux_lpdac: unsuppoted value 5278277[0m
[1;31m--- 3 messages dropped ---
[0m[00:00:12.158,000] [0m<inf> oresat_solar2: 1218 5300.000000 2920.000000 15.476000 -3732500[0m
[1;31m--- 3 messages dropped ---
[0m[00:00:12.169,000] 0m<inf> oresat_solar2: 12169 5298.750000 2900.000000 15.366375 -3737500[0m
[1;31m--- 4 messages dropped --
[0m[00:00:12.181,000] [0m<inf> oresat_solar2: 12181 5301.250000 2920.000000 15.479650 -3742500[0m
[1;3m--- 3 messages dropped ---
[0m[00:00:12.194,000] [1;31m<err> dac_mcux_lpdac: unsupported value 5278253[0
[1;31m--- 2 messages dropped ---
[0m[00:0:12.206,000] [1;31m<err> dac_mcux_lpdac: unsupported value 528246[0m
[1;31m--- 4 messages dropped ---
0m[00:00:12.215,000] [0m<inf> oresat_solar2: 12215 5300.00000 2880.000000 15.264000 -3757500[0m
[1;31m-- 2 messages dropped ---
[0m[00:00:12.228,000] [1;31m<err> dc_mcux_lpdac: unsupported value 5278234[0m
1;31m--- 3 messages dropped ---
[0m[00:00:12.238,000] [0m<inf> oresat_solar2: 12238 5298.750000 2900.00000 15.366375 -3767500[0m
[1;31m--- 4 messages dropped ---
[0m[00:00:12.249,000] [0m<inf> oresat_solar2: 1249 5300.000000 2880.000000 15.264000 -3772500[0m
[1;31m--- 3 messages dropped ---
[0m[00:00:12.263,000][1;31m<err> dac_mcux_lpdac: unsupported value5278216[0m
[1;31m--- 2 messages dropped ---
[0m[00:00:12.68,000] [1;31m<err> dac_mcux_lpdac: unsupportd value 5278213[0m
[1;31m--- 2 messages dropped ---
[0m[0:00:12.280,000] [1;31m<err> dac_mcux_lpdac: usupported value 5278207[0m
[1;31m--- 3 messages dropped ---
[0m[00:00:12.291,000] [1;31m<err> dac_mcux_pdac: unsupported value 5278200[0m
[1;31m--- 3 messages dropped ---
[0m[00:00:12.300,000] [0m<inf> orest_solar2: 12300 5300.000000 2900.000000 15.370000 -3795000[0m
[1;31m--- 3 messages dropped ---
[0m[00:0012.314,000] [1;31m<err> dac_mcux_lpdac: unsupported value 5278188[0m
[1;31m--- 3 messages dropped ---
[m[00:00:12.323,000] [0m<inf> oresat_solar2: 12323 5298.750000 2920.000000 15.472350 -3805000[0m
[1;31m---3 messages dropped ---
[0m[00:00:12.335,000][0m<inf> oresat_solar2: 12335 5301.250000 2900.000000 15.37365 -3810000[0m
[1;31m--- 3 messages dropped --
[0m[00:00:12.346,000] [0m<inf> oresat_solar2: 12346 5300000000 2960.000000 15.688000 -3815000[0m
[131m--- 3 messages dropped ---
[0m[00:00:12.357,000] [0m<inf> oresat_solar2: 12357 5302.500000 2920.000000 5.483300 -3820000[0m
[1;31m--- 3 messages dropped ---
[0m[00:00:12.371,000] [1;31m<err> dac_mcux_lpdac:unsupported value 5278157[0m
[1;31m--- 3 messages dropped ---
[0m[00:00:12.382,000] [1;31m<err> dac_mcu_lpdac: unsupported value 5278151[0m
[1;31m--- 3 messages dropped ---
[0m[00:00:12.392,000] [0m<inf> orsat_solar2: 12392 5298.750000 2920.000000 15.472350 -3835000[0m
[1;31m--- 3 messages dropped ---
[0m[00:0:12.403,000] [0m<inf> oresat_solar2: 12403 500.000000 2920.000000 15.476000 -3840000[0m
[1;31m--- 2 mesages dropped ---
[0m[00:00:12.414,000] [0m<nf> oresat_solar2: 12414 5298.750000 2900.000000 15.366375 -385000[0m
[1;31m--- 3 messages dropped ---
0m[00:00:12.426,000] [0m<inf> oresat_solar2: 12426 5300.00000 2920.000000 15.476000 -3850000[0m
[1;31m-- 4 messages dropped ---
[0m[00:00:12.439,000] [1;31m<err> dac_mcux_lpdac: unsupported value 5278120[0m
1;31m--- 2 messages dropped ---
[0m[00:00:12.449,000] [0m<if> oresat_solar2: 12449 5298.750000 2920.00000 15.472350 -3860000[0m
[1;31m--- 3 messages dropped ---
[0m[00:00:12.460,000] [0m<inf> oresat_solar2: 1460 5298.750000 2920.000000 15.472350 -3865000[0m
[1;31m--- 4 messages dropped ---
[0m[00:00:12.473,000][1;31m<err> dac_mcux_lpdac: unsupported value 5278102[0m
[1;31m--- 2 messages dropped ---
[0m[00:00:12.85,000] [1;31m<err> dac_mcux_lpdac: unsupported value 5278096[0m
[1;31m--- 3 messages dropped ---
[0m[0:00:12.491,000] [1;31m<err> dac_mcux_lpdac: unsupported value 5278093[0m
[1;31m--- 2 messages dropped ---
[0m[00:00:12.502,000] [1;31m<err> dac_mcux_pdac: unsupported value 5278087[0m
[1;31m--- 3 messages droped ---
[0m[00:00:12.513,000] [1;31m<err> dc_mcux_lpdac: unsupported value 5278080[0m
[1;31m--- 3 messges dropped ---
[0m[00:00:12.523,000] [0m<if> oresat_solar2: 12523 5300.000000 2900.000000 15.370000 -389500[0m
[1;31m--- 3 messages dropped ---
[m[00:00:12.534,000] [0m<inf> oresat_solar2: 12534 5298.750000 2920.000000 15.472350 -3897500[0m
[1;31m---3 messages dropped ---
[0m[00:00:12.548,000] [1;31m<err> dac_mcux_lpdac: unsupported value 5278062[0m
[;31m--- 3 messages dropped ---
[0m[00:00:12.557,000] [0m<in> oresat_solar2: 12557 5298.750000 2920.00000015.472350 -3907500[0m
[1;31m--- 2 messages dropped ---
[0m[00:00:12.568,000] [0m<inf> oresat_solar2: 1268 5298.750000 2900.000000 15.366375 -39125000m
[1;31m--- 3 messages dropped ---
[0m[00:00:12.580,000] [0m<inf> oresat_solar2: 12580 5298.750000 2880000000 15.260400 -3917500[0m
[1;31m--- 3 messages dropped --
[0m[00:00:12.593,000] [1;31m<err> dac_mcu_lpdac: unsupported value 5278037[0m
[1;31m--- 3 messages dropped ---
[0m[00:00:12.605,000] [1;31m<err>dac_mcux_lpdac: unsupported value 5278031[0m
[1;31m--- 3 messages dropped ---
[0m[00:00:12.616,000] [1;1m<err> dac_mcux_lpdac: unsupported value 5278025[0m
[1;31m--- 2 messages dropped ---
[0m[00:00:12.622,00] [1;31m<err> dac_mcux_lpdac: unsupported value 5278022[0m
[1;31m--- 3 messages dropped ---
[0m[00:00:2.633,000] [1;31m<err> dac_mcux_lpdac: unsupported value 5278016[0m
[1;31m--- 3 messages dropped ---
[0[00:00:12.644,000] [1;31m<err> dac_mcux_lpdac unsupported value 5278010[0m
[1;31m--- 3 messages dropped --
[0m[00:00:12.654,000] [0m<inf> oresat_soar2: 12654 5300.000000 2900.000000 15.370000 -3950000[0m
[131m--- 2 messages dropped ---
[0m[00:00:12.65,000] [0m<inf> oresat_solar2: 12665 5300.000000 2960.000000 5.688000 -3955000[0m
[1;31m--- 3 messages dopped ---
[0m[00:00:12.677,000] [0m<inf> oresat_solar2: 12677 5298.750000 2900.000000 15.366375 -3960000[m
[1;31m--- 3 messages dropped ---
[0m[00:00:12.690,000] 1;31m<err> dac_mcux_lpdac: unsupported value 577985[0m
[1;31m--- 4 messages dropped ---
[0m[00:00:12.699,000] [0m<inf> oresat_solar2: 12699 5300.00000 2900.000000 15.370000 -3970000[0m
[1;31m-- 2 messages dropped ---
[0m[00:00:12.711,000] [0m<inf> oreat_solar2: 12711 5300.000000 2960.000000 15.68000 -3975000[0m
[1;31m--- 4 messages dropped ---
[0m[00:0:12.724,000] [1;31m<err> dac_mcux_lpdac: unsuported value 5277967[0m
[1;31m--- 3 messages dropped ---
[0m[00:00:12.736,000] [1;31m<err> dac_mcux_lpdc: unsupported value 5277961[0m
[1;31m--- 2 messages dropped ---
[0m[00:00:12.741,000] [1;31m<err> dac_cux_lpdac: unsupported value 5277957[0m
[1;31m--- 3 messages dropped ---
[0m[00:00:12.753,000] [1;31m<er> dac_mcux_lpdac: unsupported value 5277951[0m
[1;31m--- 2 messages dropped ---
[0m[00:00:12.768,000] 0m<inf> oresat_solar2: 12768 5301.250000 2900.000000 15.373625 -4000000[0m
[1;31m--- 4 messages dropped --
[0m[00:00:12.779,000] [0m<inf> oresat_sola2: 12779 5300.000000 2960.000000 15.688000 -4005000[0m
[1;3m--- 3 messages dropped ---
[0m[00:00:12.791000] [0m<inf> oresat_solar2: 12791 5298.750000 2900.000000 15366375 -4010000[0m
[1;31m--- 3 messages droped ---
[0m[00:00:12.802,000] [0m<inf> oresat_solar2: 128025300.000000 2900.000000 15.370000 -4015000[0m
[1;31m--- 4 messages dropped ---
[0m[00:00:12.815,000] [1;31m<err> dac_mcux_lpdac: unsupported value 527917[0m
[1;31m--- 2 messages dropped ---
[0m[00:00:12.825,000] [0m<inf> oresat_solar2: 12825 5298.7500002900.000000 15.366375 -4025000[0m
[1;31m--- 3 messages dropped ---
[0m[00:00:12.836,000] [0m<inf> oresa_solar2: 12836 5300.000000 2960.000000 15.688000 -4030000[0m
[1;31m--- 3 messages dropped ---
[0m[00:00:2.848,000] [0m<inf> oresat_solar2: 12848 5300000000 2920.000000 15.476000 -4035000[0m
[1;31m--- 4 messags dropped ---
[0m[00:00:12.861,000] [1;31m<rr> dac_mcux_lpdac: unsupported value 5277893[0m
[1;31m---  messages dropped ---
[0m[00:00:12.870,000] [0m<inf> oresat_solar2: 12870 5298.750000 2900.000000 15.36637 -4045000[0m
[1;31m--- 3 messages dropped --
[0m[00:00:12.882,000] [0m<inf> oresat_solar2: 12882 5298.750000 2960.000000 15.684300 -4050000[0m
[1;1m--- 3 messages dropped ---
[0m[00:00:12.893,000] [0m<inf> oresat_solar2: 12893 5298.750000 2920.000000 1.472350 -4055000[0m
[1;31m--- 2 messages dropped ---
[0m[00:00:12.905,000] [0m<inf> oresat_solar2: 1290 5298.750000 2900.000000 15.366375 -4060000[0m
[1;31m--- 4 messages dropped ---
[0m[00:00:12.918,000] [;31m<err> dac_mcux_lpdac: unsupported value 527862[0m
[1;31m--- 3 messages dropped ---
[0m[00:00:12.927000] [0m<inf> oresat_solar2: 12927 5300.00000 2900.000000 15.370000 -4070000[0m
[1;31m--- 2 messages droped ---
[0m[00:00:12.939,000] [0m<inf> orest_solar2: 12939 5298.750000 2900.000000 15.366375 -4075000[0m
[1;31m--- 4 messages dropped ---
[0m[00:0012.950,000] [0m<inf> oresat_solar2: 12950 5298.750000 2960.000000 15.684300 -4080000[0m
[1;31m--- 3 messaes dropped ---
[0m[00:00:12.964,000] [1;31m<err> dac_mcux_lpdac: unsupported value 5277838[0m
[1;31m---3 messages dropped ---
[0m[00:00:12.973,000] [0m<inf> oresat_solar2: 12973 5298.750000 2900.000000 15.36635 -4090000[0m
[1;31m--- 3 messages dropped --
[0m[00:00:12.986,000] [1;31m<err> dac_mcux_lpdac: unsupprted value 5277825[0m
[1;31m--- 3 messages ropped ---
[0m[00:00:12.996,000] [0m<inf> oresat_solar2: 12996 5297.500000 2880.000000 15.256800 -41000000m
[1;31m--- 3 messages dropped ---
[0m[00:00:13.007,000] [0m<inf> oresat_solar2: 13007 5301.250000 2960000000 15.691700 -4105000[0m
[1;31m--- 4 messages dropped ---
[0m[00:00:13.021,000] [1;31m<err> dac_mcu_lpdac: unsupported value 5277807[0m
[1;31m--- 4 messages dropped ---
[0m[00:00:13.036,000] [0m<inf> orsat_solar2: 13036 5300.000000 2900.000000 15.30000 -4117500[0m
[1;31m--- 3 messages dropped ---
[0m[00:0:13.047,000] [0m<inf> oresat_solar2: 13047 598.750000 2920.000000 15.472350 -4122500[0m
[1;31m--- 4 mesages dropped ---
[0m[00:00:13.058,000] [0m<nf> oresat_solar2: 13058 5301.250000 2900.000000 15.373625 -4127500[0m
[1;31m--- 2 messages dropped ---
0m[00:00:13.072,000] [1;31m<err> dac_mcux_lpdac: unsupported value 5277779[0m
[1;31m--- 4 messages droppe ---
[0m[00:00:13.083,000] [1;31m<err> dac_mcux_lpdac: unsupported value 5277773[0m
[1;31m--- 3 message dropped ---
[0m[00:00:13.095,000] [1;31m<er> dac_mcux_lpdac: unsupported value 5277767[0m
[1;31m--- 2messages dropped ---
[0m[00:00:13.104,000] 0m<inf> oresat_solar2: 13104 5298.750000 2900.000000 15.366375-4147500[0m
[1;31m--- 3 messages dropped --
[0m[00:00:13.115,000] [0m<inf> oresat_solar2: 13115 5300.000000 2900.000000 15.370000 -4152500[0m
[1;3m--- 3 messages dropped ---
[0m[00:00:13.129,000] [1;31m<err> dac_mcux_lpdac: unsupported value 5277748[0
[1;31m--- 4 messages dropped ---
[0m[00:00:13.138,000] [0m<inf> oresat_solar2: 13138 5301.250000 2900.00000 15.373625 -4162500[0m
[1;31m--- 3 messges dropped ---
[0m[00:00:13.152,000] [1;31m<err> dac_mcux_pdac: unsupported value 5277736[0m
[1;31m-- 2 messages dropped ---
[0m[00:00:13.161,000] [0m<inf> orest_solar2: 13161 5302.500000 2900.000000 15.37750 -4172500[0m
[1;31m--- 4 messages dropped ---
[0m[00:0013.175,000] [1;31m<err> dac_mcux_lpdac: unsuported value 5277724[0m
[1;31m--- 1 messages dropped ---
[0m[00:00:13.178,000] [0m<inf> oresat_solar2: 1178 5300.000000 2900.000000 15.370000 -4180000[0m
[1;31m--- 3 messages dropped ---
[0m[00:00:13.192,000][1;31m<err> dac_mcux_lpdac: unsupported value 5277715[0m
[1;31m--- 3 messages dropped ---
[0m[00:00:13.03,000] [1;31m<err> dac_mcux_lpdac: unsupportd value 5277708[0m
[1;31m--- 3 messages dropped ---
[0m[0:00:13.212,000] [0m<inf> oresat_solar2: 132125301.250000 2960.000000 15.691700 -4195000[0m
[1;31m--- 3 mssages dropped ---
[0m[00:00:13.224,000] [0<inf> oresat_solar2: 13224 5300.000000 2900.000000 15.370000 -4200000[0m
[1;31m--- 3 messages dropped ---[0m[00:00:13.237,000] [1;31m<err> dac_mcux_lpdac: unsupported value 5277690[0m
[1;31m--- 2 messages droped ---
[0m[00:00:13.249,000] [1;31m<err> dac_mcux_lpdac: unsupported value 5277684[0m
[1;31m--- 3 messaes dropped ---
[0m[00:00:13.260,000] [1;31merr> dac_mcux_lpdac: unsupported value 5277678[0m
[1;31m---3 messages dropped ---
[0m[00:00:13.269,000][0m<inf> oresat_solar2: 13269 5300.000000 2900.000000 15.37000 -4220000[0m
[1;31m--- 3 messages dropped --
[0m[00:00:13.281,000] [0m<inf> oresat_solar2: 13281 5300.000000 2920.000000 15.476000 -4225000[0m
[131m--- 3 messages dropped ---
[0m[00:00:13.292,000] [0m<inf> oresat_solar2: 13292 5300.000000 2860.000000 5.158000 -4230000[0m
[1;31m--- 3 messages dopped ---
[0m[00:00:13.306,000] [1;31m<err> dac_mcux_lpdac:unsupported value 5277653[0m
[1;31m--- 4 mesages dropped ---
[0m[00:00:13.317,000] [1;31m<err> dac_mcu_lpdac: unsupported value 5277647[0m
[1;31m-- 3 messages dropped ---
[0m[00:00:13.326,000] [0m<inf> orsat_solar2: 13326 5301.250000 2960.000000 15.61700 -4245000[0m
[1;31m--- 3 messages dropped ---
[0m[00:00:13.340,000] [1;31m<err> dac_mcux_lpdac: unspported value 5277635[0m
[1;31m--- 2 messages dropped ---
[0m[00:00:13.346,000] [1;31m<err> dac_mcux_lpac: unsupported value 5277631[0m
[1;31m---  messages dropped ---
[0m[00:00:13.357,000] [1;31m<err> dacmcux_lpdac: unsupported value 5277625[0m
[131m--- 2 messages dropped ---
[0m[00:00:13.368,000] [1;31m<err> dac_mcux_lpdac: unsupported value 52776190m
[1;31m--- 3 messages dropped ---
[0m[00:00:13.380,000] [1;31m<err> dac_mcux_lpdac: unsupported value 277613[0m
[1;31m--- 3 messages dropped ---
[0m[00:00:13.391,000] [1;31m<err> dac_mcux_lpdac: unsupporte value 5277607[0m
[1;31m--- 2 messages droped ---
[0m[00:00:13.400,000] [0m<inf> oresat_solar2: 13400 300.000000 2920.000000 15.476000 -4277500[0m[1;31m--- 3 messages dropped ---
[0m[00:00:13.412,000] [0minf> oresat_solar2: 13412 5300.000000 2920.00000 15.476000 -4282500[0m
[1;31m--- 5 messages dropped ---
[0m[00:00:13.425,000] [1;31m<err> dac_mcux_lpac: unsupported value 5277588[0m
[1;31m--- 2 messages dropped ---
[0m[00:00:13.437,000] [1;31m<err> dacmcux_lpdac: unsupported value 5277582[0m
[1;31m--- 3 messages dropped ---
[0m[00:00:13.448,000] [1;31m<rr> dac_mcux_lpdac: unsupported value 52775760m
[1;31m--- 3 messages dropped ---
[0m[00:00:13.457,000] [0m<inf> oresat_solar2: 13457 5298.750000 2980000000 15.790275 -4302500[0m
[1;31m--- 2 messages dropped --
[0m[00:00:13.471,000] [1;31m<err> dac_mcu_lpdac: unsupported value 5277564[0m
[1;31m--- 3 messages dropped ---
[0m[00:00:13.480,000] [0m<inf> orsat_solar2: 13480 5300.000000 2920.000000 15.476000 -4312500[0m
[1;31m--- 4 messages dropped ---
[0m[00:0:13.494,000] [1;31m<err> dac_mcux_lpdac: uî*** Booting Zephyr OS build v4.2.0 ***

[00:00:00.002,000] [0m<inf> oesat_mcxn947_solar: Oresat MCXN947 Solar Board App
[0m
[00:00:00.002,000] [0m<inf> oresat_blink: Starting link demo[0m
[00:00:00.002,000] [0m<dbg> orsat_blink: handle_blink: The light is blinking![0m
[00:00:00002,000] [0m<inf> oresat_solar2: Starting Solr Tracking...[0m
[00:00:00.002,000] [1;31m<err> mcux_lpi2c:SCL GPIO device not ready[0m
[00:00:00.002,00] [0m<inf> oresat_solar2: Starting INA226 reading[0m
[00:00:00.005,000] [0m<inf> oresat_solar2: 5 4932.50000 -500.000000 -2.466250 1597500[0m
[00:00:00.011,000] [0m<inf> oresat_solar2: 11 4923.75000ðà[00:0000.000,0pð[00:00:00.000,0ðð[00:ð[0ðü[00:0[0pþ[00:00:00.000,00þ** Booting Zephyr OS build v4.2.0 ***

[00:00:00.002,000] [0m<inf> oresat_mcxn947_solar: Oresat MCXN947 Solr Board App
[0m
[00:00:00.002,000] [0m<inf> oresat_blink: Starting blink demo[0m
[00:00:00.002,000] [0mdbg> oresat_blink: handle_blink: The light is linking![0m
[00:00:00.002,000] [0m<inf> oresat_solar2: Staring Solar Tracking...[0m
[00:00:00.002,000] [1;31m<err> mcux_lpi2c: SCL GPIO device not ready[0m
[00:00:00.002,000] [0m<inf> oresat_solar2: Starting IA226 reading[0m
[00:00:00.005,000] [0m<inf> oresat_solar2: 5 5062.500000 -540.000000 -2.733750 1597500[0m
[00:00:00.011,000] [0m<inf> oresat_solar2: 1 5087.500000 80.000000 0.407000 1595000[0m
[00:00:00.017,000 [0m<inf> oresat_solar2: 17 5070.000000 60.00000 0.304200 1592500[0m
[00:00:00.022,000] [0m<inf> oresat_olar2: 22 5091.250000 20.000000 0.101825 159000[0m
[00:00:00.028,000] [0m<inf> oresat_solar2: 28 5117.500000 120.000000 0.614100 1587500[0m
[00:00:00.34,000] [0m<inf> oresat_solar2: 34 5136.250000 60.000000 0.308175 1585000[0m
[00:00:00.039,000] [0m<inf> resat_solar2: 39 5153.750000 60.000000 0.30922 1582500[0m
[00:00:00.045,000] [0m<inf> oresat_solar2: 45 568.750000 80.000000 0.413500 1580000[0m
[00:0:00.051,000] [0m<inf> oresat_solar2: 51 5185.000000 60.000000 0.311100 1577500[0m
[00:00:00.057,000] [0minf> oresat_solar2: 57 5195.000000 100.000000 0.519500 1575000[0m
[00:00:00.062,000] [0m<inf> oresat_solar: 62 5205.000000 60.000000 0.312300 1572500[0
[00:00:00.068,000] [0m<inf> oresat_solar2: 68 5218.750000 2.000000 0.104375 1570000[0m
[00:00:00.074,00] [0m<inf> oresat_solar2: 74 5226.250000 80.000000 0.418100 167500[0m
[00:00:00.079,000] [0m<inf> oresatsolar2: 79 5236.250000 80.000000 0.418900 1565000[0m
[00:00:00.085,000] [0m<inf> oresat_solar2: 85 5242.50000 60.000000 0.314550 1562500[0m
[00:00:00.091,000] [0m<inf> oresat_solar2: 91 5250.000000 20.000000 0.10000 1560000[0m
[00:00:00.096,000] [0m<inf> resat_solar2: 96 5255.000000 80.000000 0.420400 1557500[0m
[0:00:00.102,000] [0m<inf> oresat_solar2: 102 262.500000 60.000000 0.315750 1555000[0m
[00:00:00.108,000] [0m<inf> oresat_solar2: 108 5265.000000 60.00000 0.315900 1552500[0m
[00:00:00.114,000] [0m<inf> oresat_solar2: 114 5271.250000 80.000000 0.421700 155000[0m
[00:00:00.119,000] [0m<inf> oresat_solr2: 119 5275.000000 60.000000 0.316500 1547500[0m
[00:00:00.25,000] [0m<inf> oresat_solar2: 125 5278.75000 20.000000 0.105575 1545000[0m
[00:00:00.131,000] [0m<inf>oresat_solar2: 131 5282.500000 60.000000 0.31650 1542500[0m
[00:00:00.136,000] [0m<inf> oresat_solar2: 136 5283.750000 60.000000 0.317025 1540000[0m
[0:00:00.142,000] [0m<inf> oresat_solar2: 142 5288.750000 60.000000 0.317325 1537500[0m
[00:00:00.148,000] [0m<inf> oresat_solar2: 148 5291.250000 60.00000 0.317475 1535000[0m
[00:00:00.153,000] [0m<inf> oresat_slar2: 153 5287.500000 2260.000000 11.949750 152500[0m
[00:00:00.159,000] [0m<inf> oresat_solar2: 159 5287500000 3460.000000 18.294750 1530000[0m
[00:0:00.165,000] [0m<inf> oresat_solar2: 165 5290.000000 3220.000000 17.033800 1527500[0m
[00:00:00.171,000] [0m<inf> oresat_solar2: 171 5293.750000 2660.00000 14.081375 1525000[0m
[00:00:00.176,000] [0m<inf> oresa_solar2: 176 5295.000000 2720.000000 14.4024001522500[0m
[00:00:00.182,000] [0m<inf> oresat_solar2: 182 5297.500000 2760.000000 14.621100 1520000[0m
[0:00:00.188,000] [0m<inf> oresat_solar2: 188 5298.750000 2760.000000 14.624550 1517500[0m
[00:00:00.193,00] [0m<inf> oresat_solar2: 193 5301.250000 278.000000 14.737475 1515000[0m
[00:00:00.199,000] [0m<inf> orsat_solar2: 199 5301.250000 2760.000000 14.63150 1512500[0m
[00:00:00.205,000] [0m<inf> oresat_solar2: 205 5301.250000 2760.000000 14.631450 1510000[0m
[00:00:00.210,000] [0m<inf> oresat_solar2: 210 5305.000000 2760.000000 14.641800 1507500[0m
[00:00:00.216000] [0m<inf> oresat_solar2: 216 5305.000000 2860.000000 15.172300 1505000[0m
[00:00:00.222,000] [0m<inf>oresat_solar2: 222 5305.000000 2780.000000 14.47900 1502500[0m
[00:00:00.228,000] [0m<inf> oresat_solar2:228 5308.750000 2800.000000 14.864500 15000000m
[00:00:00.233,000] [0m<inf> oresat_solar2: 233 5308.750000 2780.000000 14.758325 1497500[0m
[00:00:00.39,000] [0m<inf> oresat_solar2: 239 5308.750000 2800.000000 14.864500 1495000[0m
[00:00:00.245,000] [0m<if> oresat_solar2: 245 5308.750000 2800.000000 4.864500 1492500[0m
[00:00:00.250,000] [0m<inf> oresat_sola2: 250 5310.000000 2820.000000 14.974200 149000[0m
[00:00:00.256,000] [0m<inf> oresat_solar2: 256 5308.75000 2800.000000 14.864500 1487500[0m
[00:00:0.262,000] [0m<inf> oresat_solar2: 262 5311.250000 2800.000000 14.871500 1485000[0m
[00:00:00.267,000] [0<inf> oresat_solar2: 267 5312.500000 2820.000000 14.981250 1482500[0m
[00:00:00.273,000] [0m<inf> oresat_slar2: 273 5311.250000 2860.000000 15.190175 140000[0m
[00:00:00.279,000] [0m<inf> oresat_solar2: 279 5312500000 2820.000000 14.981250 1477500[0m
[00:0:00.285,000] [0m<inf> oresat_solar2: 285 5312.500000 2860.00000 15.193750 1475000[0m
[00:00:00.290,000] [0m<inf> oresat_solar2: 290 5311.250000 2800.000000 14.871500 1472500[0m
[00:00:00.296,000] [0m<inf> oresa_solar2: 296 5312.500000 2800.000000 14.875000 1470000[0m
[00:00:00.302,000] [0m<inf> oresat_solar2: 302 513.750000 2860.000000 15.197325 1467500[0m
[0:00:00.307,000] [0m<inf> oresat_solar2: 307 5313.750000 2800000000 14.878500 1465000[0m
[00:00:00.313,00] [0m<inf> oresat_solar2: 313 5313.750000 2860.000000 15.197325 1462500[0m
[00:00:00.319,000] [0m<inf> orsat_solar2: 319 5315.000000 2780.000000 14.775700 1460000[0m
[00:00:00.324,000] [0m<inf> oresat_solar2: 32 5313.750000 2860.000000 15.197325 1457500[0m
[00:00:00.330,000] [0m<inf> oresat_solar2: 330 5315.000000 220.000000 14.988300 1455000[0m
[00:00:00.336000] [0m<inf> oresat_solar2: 336 5315.000000 2860.000000 15.20900 1452500[0m
[00:00:00.342,000] [0m<inf>oresat_solar2: 342 5313.750000 2860.000000 15.197325 1450000[0m
[00:00:00.347,000] [0m<inf> oresat_solar2:347 5315.000000 2820.000000 14.988300 1447500[0m
[00:00:00.353,000] [0m<inf> oresat_solar2: 353 5315.00000 2820.000000 14.988300 1445000[0m
[00:00:00.359,000] [0m<inf> oresat_solar2: 359 5313.750000 2860.000000 1.197325 1442500[0m
[00:00:00.364,000] [0m<if> oresat_solar2: 364 5313.750000 2820.000000 14.984775 144000[0m
[00:00:00.370,000] [0m<inf> oresat_sola2: 370 5316.250000 2820.000000 14.991825 1437500[0m
[00:00:00.376,000] [0m<inf> oresat_solar2: 376 5315.00000 2860.000000 15.200900 1435000[0m
[00:00:00.381,000] [0m<inf> oresat_solar2: 381 5315.000000 2880.00000 15.307200 1432500[0m
[00:00:00.387,000] [0<inf> oresat_solar2: 387 5313.750000 2860.000000 15.197325 143000[0m
[00:00:00.393,000] [0m<inf> oresat_slar2: 393 5315.000000 2860.000000 15.200900 1427500[0m
[00:00:00.399,000] [0m<inf> oresat_solar2: 399 5315000000 2900.000000 15.413500 1425000[0m
[00:00:00.404,000] [0m<inf> oresat_solar2: 404 5315.000000 2880.00000 15.307200 1422500[0m
[00:00:00.410,000] [0m<inf> oresat_solar2: 410 5317.500000 2860.000000 15.208050 420000[0m
[00:00:00.416,000] [0m<inf> oresat_solar2: 416 5313.750000 2860.000000 15.197325 1417500[0m
[0:00:00.421,000] [0m<inf> oresat_solar2: 421 513.750000 2820.000000 14.984775 1415000[0m
[00:00:00.427,000] [0m<inf> oresat_solar2: 427 5316.250000 2860000000 15.204475 1412500[0m
[00:00:00.433,000] [0m<inf> oresat_solar2: 433 5315.000000 2860.000000 15.20090 1410000[0m
[00:00:00.438,000] [0m<inf> oresat_solar2: 438 5315.000000 2820.000000 14.988300 1407500[0m[00:00:00.444,000] [0m<inf> oresat_solar2: 44 5315.000000 2860.000000 15.200900 1405000[0m
[00:00:00.450,00] [0m<inf> oresat_solar2: 450 5315.000000 200.000000 14.882000 1402500[0m
[00:00:00.456,000] [0m<inf> resat_solar2: 456 5313.750000 2860.000000 15.17325 1400000[0m
[00:00:00.461,000] [0m<inf> oresat_solar2: 61 5315.000000 2860.000000 15.200900 1397500[m
[00:00:00.467,000] [0m<inf> oresat_solar2: 467 5315.000000 2860.000000 15.200900 1395000[0m
[00:00:00.43,000] [0m<inf> oresat_solar2: 473 5315.000000 2860.000000 15.200900 1392500[0m
[00:00:00.478,000] [0m<in> oresat_solar2: 478 5313.750000 2820.000000 1.984775 1390000[0m
[00:00:00.484,000] [0m<inf> oresat_solar: 484 5316.250000 2860.000000 15.204475 138750[0m
[00:00:00.490,000] [0m<inf> oresat_solar2: 490 5315.000000 2880.000000 15.307200 1385000[0m
[00:00:0.495,000] [0m<inf> oresat_solar2: 495 5313.750000 2880.000000 15.303600 1382500[0m
[00:00:00.501,000] [0minf> oresat_solar2: 501 5315.000000 2860.000000 15.200900 1380000[0m
[00:00:00.507,000] [0m<inf> oresat_soar2: 507 5316.250000 2880.000000 15.310800 137500[0m
[00:00:00.513,000] [0m<inf> oresat_solar2: 513 5313.50000 2860.000000 15.197325 1375000[0m
[00:0:00.518,000] [0m<inf> oresat_solar2: 518 5315.000000 2880.000000 15.307200 1372500[0m
[00:00:00.524,000] 0m<inf> oresat_solar2: 524 5313.750000 2860.000000 15.197325 1370000[0m
[00:00:00.530,000] [0m<inf> oresatsolar2: 530 5315.000000 2820.000000 14.988300 1367500[0m
[00:00:00.535,000] [0m<inf> oresat_solar2: 535 533.750000 2860.000000 15.197325 1365000[0m
[0:00:00.541,000] [0m<inf> oresat_solar2: 541 5315.000000 2860.00000 15.200900 1362500[0m
[00:00:00.547,000 [0m<inf> oresat_solar2: 547 5313.750000 2820.000000 14.984775 1360000[0m
[00:00:00.552,000] [0m<inf> oreat_solar2: 552 5316.250000 2860.000000 15.204475 1357500[0m
00:00:00.558,000] [0m<inf> oresat_solar2: 5585315.000000 2860.000000 15.200900 1355000[0m
[00:00:00.564,000] [0m<inf> oresat_solar2: 564 5316.250000 280.000000 15.310800 1352500[0m
[00:00:00.570,00] [0m<inf> oresat_solar2: 570 5315.000000 2900.000000 15.41500 1350000[0m
[00:00:00.575,000] [0m<inf> resat_solar2: 575 5315.000000 2880.000000 15.307200 1347500[0
[00:00:00.581,000] [0m<inf> oresat_solar2: 81 5315.000000 2860.000000 15.200900 1345000[0m
[00:00:00.587,000] [0m<inf> oresat_solar2: 587 5315.0000002820.000000 14.988300 1342500[0m
[00:00:00.592,000] [0m<inf> oresat_solar2: 592 5315.000000 2880.000000 15307200 1340000[0m
[00:00:00.598,000] [0m<inf> oresat_solar2: 598 5313.750000 2860.000000 15.197325 1337500[0m
[00:00:00.604,000] [0m<inf> oresat_solar: 604 5315.000000 2860.000000 15.200900 1335000[0m
[00:00:00609,000] [0m<inf> oresat_solar2: 609 5313.75000 2860.000000 15.197325 1332500[0m
[00:00:00.615,000] [0m<inf> oresat_solar2: 615 5315.000000 2880.00000015.307200 1330000[0m
[00:00:00.621,000] [0m<inf> oresat_solar2: 621 5313.750000 2860.000000 15.197325 132700[0m
[00:00:00.627,000] [0m<inf> oresat_solar2: 627 5315.000000 2860.000000 15.200900 1325000[0m
[00:0000.632,000] [0m<inf> oresat_solar2: 632 5315.00000 2860.000000 15.200900 1322500[0m
[00:00:00.638,000] [m<inf> oresat_solar2: 638 5313.750000 2880.00000 15.303600 1320000[0m
[00:00:00.644,000] [0m<inf> oresat_solar2: 644 5313.750000 2880.000000 15.303600 117500[0m
[00:00:00.649,000] [0m<inf> oresat_solar2: 649 531.500000 2820.000000 14.981250 1315000[0m
[0000:00.655,000] [0m<inf> oresat_solar2: 655 5313.750000 2860.000000 15.197325 1312500[0m
[00:00:00.661,000][0m<inf> oresat_solar2: 661 5315.000000 2860.000000 15.200900 1310000[0m
[00:00:00.666,000] [0m<inf> orest_solar2: 666 5315.000000 2820.000000 14.98830 1307500[0m
[00:00:00.672,000] [0m<inf> oresat_solar2: 672 312.500000 2880.000000 15.300000 1305000[0m
00:00:00.678,000] [0m<inf> oresat_solar2: 678 5315.000000 2880.000000 15.307200 1302500[0m
[00:00:00.684,00] [0m<inf> oresat_solar2: 684 5315.000000 2880.000000 15.307200 1300000[0m
[00:00:00.689,000] [0m<inf> oesat_solar2: 689 5315.000000 2860.000000 15.200900 1297500[0m
[00:00:00.695,000] [0m<inf> oresat_solar2: 65 5312.500000 2880.000000 15.300000 1295000[0m
[00:00:00.701,000] [0m<inf> oresat_solar2: 701 5313.750000 880.000000 15.303600 1292500[0m
[00:00:00.70,000] [0m<inf> oresat_solar2: 706 5313.750000 2880.000000 15.03600 1290000[0m
[00:00:00.712,000] [0m<inf oresat_solar2: 712 5313.750000 2880.000000 15.303600 12875000m
[00:00:00.718,000] [0m<inf> oresat_solar2 718 5313.750000 2880.000000 15.303600 1285000[0m
[00:00:00.723,000] [0m<inf> oresat_solar2: 723 5312.50000 2860.000000 15.193750 1282500[0m
[00:00:00.729,000] [0m<inf> oresat_solar2: 729 5312.500000 2860.000000 5.193750 1280000[0m
[00:00:00.735,000] [0m<inf> oresat_solar2: 735 5313.750000 2860.000000 15.197325 127750[0m
[00:00:00.741,000] [0m<inf> oresat_solr2: 741 5315.000000 2860.000000 15.200900 1275000[0m
[00:00:0.746,000] [0m<inf> oresat_solar2: 746 5311.20000 2880.000000 15.296400 1272500[0m
[00:00:00.752,000] [0<inf> oresat_solar2: 752 5315.000000 2860.00000 15.200900 1270000[0m
[00:00:00.758,000] [0m<inf> oresat_slar2: 758 5313.750000 2860.000000 15.197325 127500[0m
[00:00:00.763,000] [0m<inf> oresat_solar2: 763 5313.750000 2820.000000 14.984775 1265000[0m
[00:0:00.769,000] [0m<inf> oresat_solar2: 769 531.500000 2880.000000 15.300000 1262500[0m
[00:00:00.775,000] [0m<inf> oresat_solar2: 775 5315.000000 2900.00000 15.413500 1260000[0m
[00:00:00.780,000] [0m<inf> oresa_solar2: 780 5313.750000 2880.000000 15.3036001257500[0m
[00:00:00.786,000] [0m<inf> oresat_solar2: 786 5313.750000 2880.000000 15.303600 1255000[0m
[0:00:00.792,000] [0m<inf> oresat_solar2: 792 5313.750000 2880.000000 15.303600 1252500[0m
[00:00:00.798,00] [0m<inf> oresat_solar2: 798 5315.000000 2860.000000 15.200900 1250000[0m
[00:00:00.803,000] [0m<inf> orsat_solar2: 803 5312.500000 2820.000000 14.98150 1247500[0m
[00:00:00.809,000] [0m<inf> oresat_solar2: 80 5312.500000 2900.000000 15.406250 1245000[0m
[00:00:00.815,000] [0m<inf> oresat_solar2: 815 5313.750000 220.000000 14.984775 1242500[0m
[00:00:00.820000] [0m<inf> oresat_solar2: 820 5313.750000 2880.000000 15.303600 1240000[0m
[00:00:00.826,000] [0m<inf>oresat_solar2: 826 5315.000000 2860.000000 15.200900 1237500[0m
[00:00:00.832,000] [0m<inf> oresat_solar2:832 5313.750000 2900.000000 15.409875 1235000[0m
[00:00:00.837,000] [0m<inf> oresat_solar2: 837 5313.75000 2880.000000 15.303600 1232500[0m
[00:00:00.43,000] [0m<inf> oresat_solar2: 843 5313.750000 2900.000000 1.409875 1230000[0m
[00:00:00.849,000] [0m<if> oresat_solar2: 849 5313.750000 2860.000000 15.197325 122750[0m
[00:00:00.855,000] [0m<inf> oresat_sola2: 855 5315.000000 2860.000000 15.200900 1225000[0m
[00:00:00.860,000] [0m<inf> oresat_solar2: 860 5312.50000 2860.000000 15.193750 1222500[0m
[00:00:00.866,000] [0m<inf> oresat_solar2: 866 5312.500000 2860.00000 15.193750 1220000[0m
[00:00:00.872,000] [0m<inf> oresat_solar2: 872 5312.500000 2880.000000 15.300000 121500[0m
[00:00:00.877,000] [0m<inf> oresat_slar2: 877 5312.500000 2880.000000 15.300000 1215000[0m
[00:0:00.883,000] [0m<inf> oresat_solar2: 883 5313750000 2820.000000 14.984775 1212500[0m
[00:00:00.889,000] [0m<inf> oresat_solar2: 889 5312.500000 2900.00000 15.406250 1210000[0m
[00:00:00.894,000] [0m<inf> oresat_solar2: 894 5312.500000 2880.000000 15.300000 207500[0m
[00:00:00.900,000] [0m<inf> oresat_solar2: 900 5312.500000 2860.000000 15.193750 1205000[0m
[0:00:00.906,000] [0m<inf> oresat_solar2: 906 512.500000 2880.000000 15.300000 1202500[0m
[00:00:00.912,000 [0m<inf> oresat_solar2: 912 5313.750000 2880000000 15.303600 1200000[0m
[00:00:00.917,000] [0m<inf> oresat_solar2: 917 5313.750000 2900.000000 15.40985 1197500[0m
[00:00:00.923,000] [0m<inf> oresat_solar2: 923 5313.750000 2880.000000 15.303600 1195000[0m[00:00:00.929,000] [0m<inf> oresat_solar2: 92 5313.750000 2860.000000 15.197325 1192500[0m
[00:00:00.934,00] [0m<inf> oresat_solar2: 934 5312.500000 280.000000 15.300000 1190000[0m
[00:00:00.940,000] [0m<inf> oresat_solar2: 940 5311.250000 2860.000000 15.10175 1187500[0m
[00:00:00.946,000] [0m<inf> oresat_solar2: 946 5312.500000 2860.000000 15.193750 1185000[m
[00:00:00.951,000] [0m<inf> oresat_solar2: 951 5313.750000 2880.000000 15.303600 1182500[0m
[00:00:00.97,000] [0m<inf> oresat_solar2: 957 5312.50000 2880.000000 15.300000 1180000[0m
[00:00:00.963,000] [0m<in> oresat_solar2: 963 5311.250000 2880.000000 1.296400 1177500[0m
[00:00:00.969,000] [0m<inf> oresat_solar2: 969 5312.500000 2880.000000 15.300000 117500[0m
[00:00:00.974,000] [0m<inf> oresat_solar2: 974 5311.250000 2820.000000 14.977725 1172500[0m
[00:00:0.980,000] [0m<inf> oresat_solar2: 980 5312.500000 2860.000000 15.193750 1170000[0m
[00:00:00.986,000] [0minf> oresat_solar2: 986 5312.500000 2860.00000 15.193750 1167500[0m
[00:00:00.991,000] [0m<inf> oresat_soar2: 991 5312.500000 2880.000000 15.300000 116000[0m
[00:00:00.997,000] [0m<inf> oresat_solar2: 997 5312.00000 2860.000000 15.193750 1162500[0m
[00:0:01.002,000] [0m<dbg> oresat_blink: handle_blink: The light is blinking![0m
[00:00:01.003,000] [0m<inf> oesat_solar2: 1003 5312.500000 2880.000000 15.300000 1160000[0m
[00:00:01.008,000] [0m<inf> oresat_solar2: 008 5313.750000 2860.000000 15.197325 1157500[0m
[00:00:01.014,000] [0m<inf> oresat_solar2: 1014 5313.75000 2880.000000 15.303600 1155000[0m
[00:00:01020,000] [0m<inf> oresat_solar2: 1020 5313.750000 2820.00000014.984775 1152500[0m
[00:00:01.026,000] [0minf> oresat_solar2: 1026 5316.250000 2880.000000 15.310800 1150000[0m
[00:00:01.031,000] [0m<inf> oresat_slar2: 1031 5316.250000 2880.000000 15.310800 1147500[0m
[00:0:01.037,000] [0m<inf> oresat_solar2: 1037 535.000000 2880.000000 15.307200 1145000[0m
[00:00:01.043,000] [0m<inf> oresat_solar2: 1043 5313.750000 2880000000 15.303600 1142500[0m
[00:00:01.048,00] [0m<inf> oresat_solar2: 1048 5313.750000 2880.000000 15.303600 1140000[0m
[00:00:01.054,000] [0m<inf> oesat_solar2: 1054 5313.750000 2860.000000 15.197325 1137500[0m
[00:00:01.060,000] [0m<inf> oresat_solar2: 060 5312.500000 2880.000000 15.300000 1135000[0m
[00:00:01.065,000] [0m<inf> oresat_solar2: 1065 5313.75000 2880.000000 15.303600 1132500[0m
[00:00:01071,000] [0m<inf> oresat_solar2: 1071 5315.000000 2880.00000015.307200 1130000[0m
[00:00:01.077,000] [0minf> oresat_solar2: 1077 5313.750000 2820.000000 14.984775 1127500[0m
[00:00:01.083,000] [0m<inf> oresat_slar2: 1083 5315.000000 2860.000000 15.200900 1125000[0m
[00:00:01.088,000] [0m<inf> oresat_solar2: 1088 533.750000 2920.000000 15.516150 1122500[0m
[00:00:01.094,000] [0m<inf> oresat_solar2: 1094 5313.750000 2880000000 15.303600 1120000[0m
[00:00:01.100,00] [0m<inf> oresat_solar2: 1100 5315.000000 2880.000000 15.30700 1117500[0m
[00:00:01.105,000] [0m<inf> oesat_solar2: 1105 5313.750000 2860.000000 15.197325 1115000[0m
[00:00:01.111,000] [0m<inf> oresat_solar2: 111 5313.750000 2880.000000 15.303600 1112500[0m
[00:00:01.117,000] [0m<inf> oresat_solar2: 1117 5315.00000 2860.000000 15.200900 1110000[0m
[00:00:01122,000] [0m<inf> oresat_solar2: 1122 5315.000000 2860.00000015.200900 1107500[0m
[00:00:01.128,000] [0minf> oresat_solar2: 1128 5315.000000 2860.000000 15.200900 110000[0m
[00:00:01.134,000] [0m<inf> oresat_slar2: 1134 5311.250000 2900.000000 15.402625 1102500[0m
[00:00:01.140,000] [0m<inf> oresat_solar2: 1140 533.750000 2860.000000 15.197325 1100000[0m
[00:00:01.145,000] [0m<inf> oresat_solar2: 1145 5313.750000 2880000000 15.303600 1097500[0m
[00:00:01.151,00] [0m<inf> oresat_solar2: 1151 5313.750000 2880.000000 15.30300 1095000[0m
[00:00:01.157,000] [0m<inf> oesat_solar2: 1157 5313.750000 2920.000000 15.516150 1092500[0m
[00:00:01.162,000] [0m<inf> oresat_solar2: 162 5315.000000 2900.000000 15.413500 1090000[0m
[00:00:01.168,000] [0m<inf> oresat_solar2: 1168 5312.50000 2860.000000 15.193750 1087500[0m
[00:00:01174,000] [0m<inf> oresat_solar2: 1174 5312.500000 2860.00000015.193750 1085000[0m
[00:00:01.179,000] [0minf> oresat_solar2: 1179 5313.750000 2900.000000 15.409875 108500[0m
[00:00:01.185,000] [0m<inf> oresat_slar2: 1185 5313.750000 2860.000000 15.197325 1080000[0m
[00:00:01.191,000] [0m<inf> oresat_solar2: 1191 532.500000 2860.000000 15.193750 1077500[0m
[00:00:01.197,000] [0m<inf> oresat_solar2: 1197 5315.000000 2880000000 15.307200 1075000[0m
[00:00:01.202,00] [0m<inf> oresat_solar2: 1202 5313.750000 2860.000000 15.19725 1072500[0m
[00:00:01.208,000] [0m<inf> oesat_solar2: 1208 5315.000000 2880.000000 15.307200 1070000[0m
[00:00:01.214,000] [0m<inf> oresat_solar2: 214 5311.250000 2880.000000 15.296400 1067500[0m
[00:00:01.219,000] [0m<inf> oresat_solar2: 1219 5313.75000 2860.000000 15.197325 1065000[0m
[00:00:01.225,000] [0m<inf> oresat_solar2: 1225 5315.000000 2860.00000015.200900 1062500[0m
[00:00:01.231,000] [0minf> oresat_solar2: 1231 5312.500000 2880.000000 15.300000 106000[0m
[00:00:01.236,000] [0m<inf> oresat_slar2: 1236 5312.500000 2880.000000 15.300000 1057500[0m
[00:0:01.242,000] [0m<inf> oresat_solar2: 1242 535.000000 2880.000000 15.307200 1055000[0m
[00:00:01.248,000] [0m<inf> oresat_solar2: 1248 5312.500000 2860000000 15.193750 1052500[0m
[00:00:01.254,000] [0m<inf> oresat_solar2: 1254 5312.500000 2860.000000 15.19350 1050000[0m
[00:00:01.259,000] [0m<inf> oesat_solar2: 1259 5312.500000 2920.000000 15.512500 1047500[0
[00:00:01.265,000] [0m<inf> oresat_solar2: 265 5313.750000 2860.000000 15.197325 1045000[0m
[00:00:01.271,000] [0m<inf> oresat_solar2: 1271 5313.75000 2900.000000 15.409875 1042500[0m
[00:00:01.276,000] [0m<inf> oresat_solar2: 1276 5313.750000 2860.00000015.197325 1040000[0m
[00:00:01.282,000] [0m<inf> oresat_solar2: 1282 5313.750000 2900.000000 15.409875 103500[0m
[00:00:01.288,000] [0m<inf> oresat_solar2: 1288 5313.750000 2860.000000 15.197325 1035000[0m
[00:0:01.293,000] [0m<inf> oresat_solar2: 1293 532.500000 2820.000000 14.981250 1032500[0m
[00:00:01.299,000][0m<inf> oresat_solar2: 1299 5313.750000 2900000000 15.409875 1030000[0m
[00:00:01.305,000] [0m<inf> oreat_solar2: 1305 5312.500000 2860.000000 15.19350 1027500[0m
[00:00:01.311,000] [0m<inf> oresat_solar2: 1311 5312.500000 2880.000000 15.300000 1025000[0
[00:00:01.316,000] [0m<inf> oresat_solar2: 1316 5315.000000 2880.000000 15.307200 1022500[0m
[00:00:01.32,000] [0m<inf> oresat_solar2: 1322 5313.75000 2880.000000 15.303600 1020000[0m
[00:00:01.328,000] [0m<if> oresat_solar2: 1328 5312.500000 2880.00000015.300000 1017500[0m
[00:00:01.333,000] [0m<inf> oresat_solr2: 1333 5313.750000 2900.000000 15.409875 101000[0m
[00:00:01.339,000] [0m<inf> oresat_solar2: 1339 5312.500000 2880.000000 15.300000 1012500[0m
[00:0:01.345,000] [0m<inf> oresat_solar2: 1345 5313.750000 2880.000000 15.303600 1010000[0m
[00:00:01.350,000][0m<inf> oresat_solar2: 1350 5311.250000 2920000000 15.508850 1007500[0m
[00:00:01.356,000] [0m<inf> oreat_solar2: 1356 5313.750000 2880.000000 15.30300 1005000[0m
[00:00:01.362,000] [0m<inf> oresat_solar2: 1362 5312.500000 2880.000000 15.300000 1002500[0
[00:00:01.368,000] [0m<inf> oresat_solar2: 1368 5311.250000 2860.000000 15.190175 1000000[0m
[00:00:01.33,000] [0m<inf> oresat_solar2: 1373 5313.750000 2880.000000 15.303600 997500[0m
[00:00:01.379,000] [0m<in> oresat_solar2: 1379 5313.750000 2860.000000 15.197325 995000[0m
[00:00:01.385,000] [0m<inf> oresat_solar: 1385 5313.750000 2860.000000 15.197325 99250[0m
[00:00:01.390,000] [0m<inf> oresat_solar2: 1390 5315.00000 2900.000000 15.413500 990000[0m
[00:00:0.396,000] [0m<inf> oresat_solar2: 1396 5311.250000 2900.000000 15.402625 987500[0m
[00:00:01.402,000] [0minf> oresat_solar2: 1402 5312.500000 2860.000000 15.193750 985000[0m
[00:00:01.407,000] [0m<inf> oresat_soar2: 1407 5312.500000 2880.000000 15.300000 98500[0m
[00:00:01.413,000] [0m<inf> oresat_solar2: 1413 5312500000 2900.000000 15.406250 980000[0m
[00:0:01.419,000] [0m<inf> oresat_solar2: 1419 5312.500000 2880.00000 15.300000 977500[0m
[00:00:01.425,000] 0m<inf> oresat_solar2: 1425 5311.250000 2860.000000 15.190175 75000[0m
[00:00:01.430,000] [0m<inf> oresatsolar2: 1430 5312.500000 2860.000000 15.193750 972500[0m
[00:00:01.436,000] [0m<inf> oresat_solar2: 1436 512.500000 2880.000000 15.300000 970000[0m
[0:00:01.442,000] [0m<inf> oresat_solar2: 1442 5313.750000 2880000000 15.303600 967500[0m
[00:00:01.447,000 [0m<inf> oresat_solar2: 1447 5312.500000 2880.000000 15.300000 965000[0m
[00:00:01.453,000] [0m<inf> oreat_solar2: 1453 5313.750000 2880.000000 15.303600 962500[0m
[00:00:01.459,000] [0m<inf> oresat_solar2: 145 5310.000000 2880.000000 15.292800 960000[0m
[00:00:01.464,000] [0m<inf> oresat_solar2: 1464 5313.750000 260.000000 15.197325 957500[0m
[00:00:01.470,00] [0m<inf> oresat_solar2: 1470 5312.500000 2880.000000 15.30000 955000[0m
[00:00:01.476,000] [0m<inf> resat_solar2: 1476 5312.500000 2880.000000 15.300000 952500[0
[00:00:01.482,000] [0m<inf> oresat_solar2: 482 5311.250000 2900.000000 15.402625 950000[0m
[00:00:01.487,000] [0m<inf> oresat_solar2: 1487 5311.25000 2880.000000 15.296400 947500[0m
[00:00:01.493,000] [0m<inf> oresat_solar2: 1493 5312.500000 2860.000000 1.193750 945000[0m
[00:00:01.499,000] [0m<inf> oresat_solar2: 1499 5312.500000 2860.000000 15.193750 942500[0m
[00:00:01.504,000] [0m<inf> oresat_solar: 1504 5312.500000 2880.000000 15.300000 940000[0m
[00:00:01510,000] [0m<inf> oresat_solar2: 1510 5312.50000 2860.000000 15.193750 937500[0m
[00:00:01.516,000] [0m<nf> oresat_solar2: 1516 5311.250000 2900.00000 15.402625 935000[0m
[00:00:01.521,000] [0m<inf> oresat_solr2: 1521 5313.750000 2920.000000 15.516150 93200[0m
[00:00:01.527,000] [0m<inf> oresat_solar2: 1527 5312.500000 2860.000000 15.193750 930000[0m
[00:0001.533,000] [0m<inf> oresat_solar2: 1533 5310.000000 2900.000000 15.399000 927500[0m
[00:00:01.539,000] [m<inf> oresat_solar2: 1539 5312.500000 2880.00000 15.300000 925000[0m
[00:00:01.544,000] [0m<inf> oresat_olar2: 1544 5312.500000 2860.000000 15.193750 22500[0m
[00:00:01.550,000] [0m<inf> oresat_solar2: 1550 5312.500000 2900.000000 15.406250 920000[0m
[0000:01.556,000] [0m<inf> oresat_solar2: 1556 5312.500000 2860.000000 15.193750 917500[0m
[00:00:01.561,000][0m<inf> oresat_solar2: 1561 5312.500000 2860.000000 15.193750 915000[0m
[00:00:01.567,000] [0m<inf> orest_solar2: 1567 5312.500000 2900.000000 15.40620 912500[0m
[00:00:01.573,000] [0m<inf> oresat_solar2: 15735311.250000 2880.000000 15.296400 910000[0m
00:00:01.578,000] [0m<inf> oresat_solar2: 1578 5312.500000 280.000000 14.981250 907500[0m
[00:00:01.584,00] [0m<inf> oresat_solar2: 1584 5311.250000 2820.000000 14.977725 905000[0m
[00:00:01.590,000] [0m<inf> oesat_solar2: 1590 5311.250000 2880.000000 15.296400 902500[0m
[00:00:01.596,000] [0m<inf> oresat_solar2: 196 5311.250000 2880.000000 15.296400 900000[0m
[00:00:01.601,000] [0m<inf> oresat_solar2: 1601 5313.7500002880.000000 15.303600 897500[0m
[00:00:01.60,000] [0m<inf> oresat_solar2: 1607 5312.500000 2880.000000 15300000 895000[0m
[00:00:01.613,000] [0m<inf oresat_solar2: 1613 5311.250000 2880.000000 15.296400 8925000m
[00:00:01.618,000] [0m<inf> oresat_solar2 1618 5313.750000 2880.000000 15.303600 890000[0m
[00:00:01.624,000] [0m<inf> oresat_solar2: 1624 5312.50000 2880.000000 15.300000 887500[0m
[00:00:01.630,000] [0m<inf> oresat_solar2: 1630 5311.250000 2880.00000015.296400 885000[0m
[00:00:01.635,000] [0m<nf> oresat_solar2: 1635 5312.500000 2900.000000 15.406250 88250[0m
[00:00:01.641,000] [0m<inf> oresat_solr2: 1641 5312.500000 2860.000000 15.193750 880000[0m
[00:00:01.647,000] [0m<inf> oresat_solar2: 1647 5311.50000 2920.000000 15.508850 877500[0m
[00:00:01.653,000] [0m<inf> oresat_solar2: 1653 5311.250000 2860.00000 15.190175 875000[0m
[00:00:01.658,000] [0m<inf> oresat_solar2: 1658 5312.500000 2900.000000 15.406250 82500[0m
[00:00:01.664,000] [0m<inf> oresat_olar2: 1664 5311.250000 2880.000000 15.296400 870000[0m
[00:0:01.670,000] [0m<inf> oresat_solar2: 1670 531.250000 2860.000000 15.190175 867500[0m
[00:00:01.675,000] [0m<inf> oresat_solar2: 1675 5312.500000 2900.00000 15.406250 865000[0m
[00:00:01.681,000] [0m<inf> oresat_solar2: 1681 5312.500000 2880.000000 15.30000 862500[0m
[00:00:01.687,000] [0m<inf> oresat_solar2: 1687 5311.250000 2860.000000 15.190175 860000[0m
[0:00:01.692,000] [0m<inf> oresat_solar2: 16925311.250000 2920.000000 15.508850 857500[0m
[00:00:01.698,00] [0m<inf> oresat_solar2: 1698 5312.500000 280.000000 15.300000 855000[0m
[00:00:01.704,000] [0m<inf> orsat_solar2: 1704 5311.250000 2880.000000 15.29400 852500[0m
[00:00:01.710,000] [0m<inf> oresat_solar2: 170 5313.750000 2880.000000 15.303600 850000[0m
[00:00:01.715,000] [0m<inf> oresat_solar2: 1715 5312.500000 2900.000000 15.406250 847500[0m
[00:00:01.721000] [0m<inf> oresat_solar2: 1721 5312.5000002860.000000 15.193750 845000[0m
[00:00:01.727,000] [0m<inf>oresat_solar2: 1727 5311.250000 2880.000000 15296400 842500[0m
[00:00:01.732,000] [0m<inf> oresat_solar2: 1732 5310.000000 2860.000000 15.186600 8400000m
[00:00:01.738,000] [0m<inf> oresat_solar2: 1738 5311.250000 2920.000000 15.508850 837500[0m
[00:00:01.44,000] [0m<inf> oresat_solar2: 1744 5312.500000 2880.000000 15.300000 835000[0m
[00:00:01.749,000] [0m<if> oresat_solar2: 1749 5312.500000 2900.00000015.406250 832500[0m
[00:00:01.755,000] [0m<inf> oresat_sola2: 1755 5312.500000 2900.000000 15.406250 83000[0m
[00:00:01.761,000] [0m<inf> oresat_solar2: 1761 5311.250000 2860.000000 15.190175 827500[0m
[00:00:1.767,000] [0m<inf> oresat_solar2: 1767 5310.000000 2880.000000 15.292800 825000[0m
[00:00:01.772,000] [0<inf> oresat_solar2: 1772 5312.500000 2900.000000 15.406250 822500[0m
[00:00:01.778,000] [0m<inf> oresat_slar2: 1778 5311.250000 2880.000000 15.296400 80000[0m
[00:00:01.784,000] [0m<inf> oresat_solar2: 1784 531.500000 2860.000000 15.193750 817500[0m
[00:0:01.789,000] [0m<inf> oresat_solar2: 1789 5311.250000 2860.00000 15.190175 815000[0m
[00:00:01.795,000] [0m<inf> oresat_solar2: 1795 5312.500000 2880.000000 15.300000 812500[0m
[00:00:01.801,000] [0m<inf> oresa_solar2: 1801 5312.500000 2880.000000 15.30000 810000[0m
[00:00:01.806,000] [0m<inf> oresat_solar2: 1806 312.500000 2880.000000 15.300000 807500[0m
[0:00:01.812,000] [0m<inf> oresat_solar2: 1812 5311.250000 290.000000 15.402625 805000[0m
[00:00:01.818,00] [0m<inf> oresat_solar2: 1818 5310.000000 2860.000000 15.186600 802500[0m
[00:00:01.824,000] [0m<inf> orsat_solar2: 1824 5311.250000 2880.000000 15.296400 800000[0m
[00:00:01.829,000] [0m<inf> oresat_solar2: 189 5312.500000 2900.000000 15.406250 797500[0m
[00:00:01.835,000] [0m<inf> oresat_solar2: 1835 5311.250000 860.000000 15.190175 795000[0m
[00:00:01.841000] [0m<inf> oresat_solar2: 1841 5312.500000 2880.000000 15.300000 792500[0m
[00:00:01.846,000] [0m<inf>oresat_solar2: 1846 5311.250000 2900.000000 15.402625 790000[0m
[00:00:01.852,000] [0m<inf> oresat_solar2:1852 5311.250000 2880.000000 15.296400 787500[0m
[00:00:01.858,000] [0m<inf> oresat_solar2: 1858 5311.25000 2880.000000 15.296400 785000[0m
[00:00:01.63,000] [0m<inf> oresat_solar2: 1863 5312.500000 2920.000000 5.512500 782500[0m
[00:00:01.869,000] [0m<if> oresat_solar2: 1869 5310.000000 2880.000000 15.292800 78000[0m
[00:00:01.875,000] [0m<inf> oresat_sola2: 1875 5311.250000 2900.000000 15.402625 777500[0m
[00:00:01.881,000] [0m<inf> oresat_solar2: 1881 5311.20000 2900.000000 15.402625 775000[0m
[00:00:01.886,000] [0m<inf> oresat_solar2: 1886 5311.250000 2880.00000 15.296400 772500[0m
[00:00:01.892,000] [0<inf> oresat_solar2: 1892 5312.500000 2900.000000 15.406250 77000[0m
[00:00:01.898,000] [0m<inf> oresat_slar2: 1898 5311.250000 2880.000000 15.296400 767500[0m
[00:0:01.903,000] [0m<inf> oresat_solar2: 1903 531.250000 2880.000000 15.296400 765000[0m
[00:00:01.909,000] [0m<inf> oresat_solar2: 1909 5311.250000 2880.00000 15.296400 762500[0m
[00:00:01.915,000] [0m<inf> oresat_solar2: 1915 5310.000000 2860.000000 15.186600760000[0m
[00:00:01.920,000] [0m<inf> oresa_solar2: 1920 5311.250000 2880.000000 15.296400 757500[0m
[0:00:01.926,000] [0m<inf> oresat_solar2: 1926 311.250000 2860.000000 15.190175 755000[0m
[00:00:01.932,000] [0m<inf> oresat_solar2: 1932 5311.250000 288.000000 15.296400 752500[0m
[00:00:01.938,000] [0m<inf> oresat_solar2: 1938 5310.000000 2860.000000 15.18600 750000[0m
[00:00:01.943,000] [0m<inf> oresat_solar2: 1943 5311.250000 2880.000000 15.296400 747500[0m[00:00:01.949,000] [0m<inf> oresat_solar2: 199 5310.000000 2900.000000 15.399000 745000[0m
[00:00:01.955,00] [0m<inf> oresat_solar2: 1955 5308.750000 860.000000 15.183025 742500[0m
[00:00:01.960,000] [0m<inf> oresat_solar2: 1960 5312.500000 2880.000000 15.00000 740000[0m
[00:00:01.966,000] [0m<inf> oresat_solar2: 1966 5311.250000 2880.000000 15.296400 737500[m
[00:00:01.972,000] [0m<inf> oresat_solar2:1972 5310.000000 2920.000000 15.505200 735000[0m
[00:00:01.97,000] [0m<inf> oresat_solar2: 1977 5311.25000 2880.000000 15.296400 732500[0m
[00:00:01.983,000] [0m<in> oresat_solar2: 1983 5311.250000 2880.000000 5.296400 730000[0m
[00:00:01.989,000] [0m<inf> oresat_solar2: 1989 5311.250000 2900.000000 15.402625 72750[0m
[00:00:01.995,000] [0m<inf> oresat_solar2: 1995 5312.500000 2860.000000 15.193750 725000[0m
[00:00:0.000,000] [0m<inf> oresat_solar2: 2000 5312.50000 2920.000000 15.512500 722500[0m
[00:00:02.002,000] [0mdbg> oresat_blink: handle_blink: The light is linking![0m
[00:00:02.006,000] [0m<inf> oresat_solar2: 20065308.750000 2880.000000 15.289200 720000[0m
00:00:02.012,000] [0m<inf> oresat_solar2: 2012 5308.750000 2880.000000 15.289200 717500[0m
[00:00:02.017,00] [0m<inf> oresat_solar2: 2017 5307.500000 2860.000000 15.179450 715000[0m
[00:00:02.023,000] [0m<inf> oesat_solar2: 2023 5310.000000 2900.000000 15.39000 712500[0m
[00:00:02.029,000] [0m<inf> oresat_solar2: 229 5311.250000 2860.000000 15.190175 710000[0
[00:00:02.034,000] [0m<inf> oresat_solar2: 2034 5310.000000 2900.000000 15.399000 707500[0m
[00:00:02.04,000] [0m<inf> oresat_solar2: 2040 5310.000000 2880.000000 15.292800 705000[0m
[00:00:02.046,000] [0m<inf oresat_solar2: 2046 5308.750000 2920.000000 15.501550 702500[0m
[00:00:02.052,000] [0m<inf> oresat_solar2 2052 5310.000000 2880.000000 15.292800 700000[0m
[00:00:02.057,000] [0m<inf> oresat_solar2: 2057 5308.75000 2880.000000 15.289200 697500[0m
[00:00:02063,000] [0m<inf> oresat_solar2: 2063 5308.750000 2860.00000015.183025 695000[0m
[00:00:02.069,000] [0m<nf> oresat_solar2: 2069 5308.750000 2900.000000 15.395375 692500[0m
[00:00:02.074,000] [0m<inf> oresat_solr2: 2074 5308.750000 2880.000000 15.289200 690000[0m
[00:00:02.080,000] [0m<inf> oresat_solar2: 2080 5308.50000 2900.000000 15.395375 687500[0m
[00:0002.086,000] [0m<inf> oresat_solar2: 2086 5310.000000 2920.00000 15.505200 685000[0m
[00:00:02.091,000] [m<inf> oresat_solar2: 2091 5308.750000 2860.000000 15.183025 682500[0m
[00:00:02.097,000] [0m<inf> oresat_olar2: 2097 5307.500000 2880.000000 15.285600 680000[0m
[00:00:02.103,000] [0m<inf> oresat_solar2: 2103 537.500000 2920.000000 15.497900 677500[0m
[0000:02.109,000] [0m<inf> oresat_solar2: 2109 5308.750000 2860.00000 15.183025 675000[0m
[00:00:02.114,000][0m<inf> oresat_solar2: 2114 5308.750000 2900.000000 15.395375 672500[0m
[00:00:02.120,000] [0m<inf> orest_solar2: 2120 5308.750000 2900.000000 15.395375 670000[0m
[00:00:02.126,000] [0m<inf> oresat_solar2: 21265308.750000 2820.000000 14.970675 667500[0m
[00:00:02.131,000] [0m<inf> oresat_solar2: 2131 5310.000000 280.000000 15.186600 665000[0m
[00:00:02.137,00] [0m<inf> oresat_solar2: 2137 5310.000000 2820.000000 14.97200 662500[0m
[00:00:02.143,000] [0m<inf> oesat_solar2: 2143 5308.750000 2860.000000 15.183025 660000[0m
[00:00:02.148,000] [0m<inf> oresat_solar2: 248 5307.500000 2920.000000 15.497900 657500[0m
[00:00:02.154,000] [0m<inf> oresat_solar2: 2154 5310.0000002880.000000 15.292800 655000[0m
[00:00:02.160,000] [0m<inf> oresat_solar2: 2160 5308.750000 2900.000000 15395375 652500[0m
[00:00:02.166,000] [0m<inf oresat_solar2: 2166 5308.750000 2880.000000 15.289200 6500000m
[00:00:02.171,000] [0m<inf> oresat_solar2 2171 5308.750000 2880.000000 15.289200 647500[0m
[00:00:02.77,000] [0m<inf> oresat_solar2: 2177 5310.00000 2880.000000 15.292800 645000[0m
[00:00:02.183,000] [0m<if> oresat_solar2: 2183 5308.750000 2880.00000015.289200 642500[0m
[00:00:02.188,000] [0m<inf> oresat_solar2: 2188 5310.000000 2920.000000 15.505200 64000[0m
[00:00:02.194,000] [0m<inf> oresat_solr2: 2194 5311.250000 2900.000000 15.402625 637500[0m
[00:00:2.200,000] [0m<inf> oresat_solar2: 2200 5308.50000 2880.000000 15.289200 635000[0m
[00:00:02.205,000] [0<inf> oresat_solar2: 2205 5308.750000 2900.00000 15.395375 632500[0m
[00:00:02.211,000] [0m<inf> oresat_solar2: 2211 5310.000000 2900.000000 15.399000 60000[0m
[00:00:02.217,000] [0m<inf> oresat_solar2: 2217 5308.750000 2900.000000 15.395375 627500[0m
[00:0:02.223,000] [0m<inf> oresat_solar2: 2223 5307.500000 2900.000000 15.391750 625000[0m
[00:00:02.228,000] [0m<inf> oresat_solar2: 2228 5310.000000 2880.00000 15.292800 622500[0m
[00:00:02.234,000] [0m<inf> oresa_solar2: 2234 5311.250000 2880.000000 15.29640 620000[0m
[00:00:02.240,000] [0m<inf> oresat_solar2: 2240 5310.000000 2880.000000 15.292800 617500[0m
[0:00:02.245,000] [0m<inf> oresat_solar2: 2245 5307.500000 2860.000000 15.179450 615000[0m
[00:00:02.251,00] [0m<inf> oresat_solar2: 2251 5308.750000 2900.000000 15.395375 612500[0m
[00:00:02.257,000] [0m<inf> orsat_solar2: 2257 5308.750000 2900.000000 15.39375 610000[0m
[00:00:02.262,000] [0m<inf> oresat_solar2: 222 5310.000000 2860.000000 15.186600 607500[0m
[00:00:02.268,000] [0m<inf> oresat_solar2: 2268 5308.750000 2880.000000 15.289200 605000[0m
[00:00:02.274000] [0m<inf> oresat_solar2: 2274 5307.500000 2820.000000 14.967150 602500[0m
[00:00:02.280,000] [0m<inf>oresat_solar2: 2280 5308.750000 2880.000000 15289200 600000[0m
[00:00:02.285,000] [0m<inf> oresat_solar2:2285 5308.750000 2900.000000 15.395375 5975000m
[00:00:02.291,000] [0m<inf> oresat_solar2: 2291 5308.75000 2900.000000 15.395375 595000[0m
[00:00:02.97,000] [0m<inf> oresat_solar2: 2297 5308.750000 2900.000000 15.395375 592500[0m
[00:00:02.302,000] [0m<if> oresat_solar2: 2302 5310.000000 2860.000000 15.186600 590000[0m
[00:00:02.308,000] [0m<inf> oresat_sola2: 2308 5306.250000 2880.000000 15.282000 587500[0m
[00:00:02.314,000] [0m<inf> oresat_solar2: 2314 5308.70000 2920.000000 15.501550 585000[0m
[00:00:2.319,000] [0m<inf> oresat_solar2: 2319 5307.500000 2880.000000 15.285600 582500[0m
[00:00:02.325,000] [0<inf> oresat_solar2: 2325 5310.000000 2880.000000 15.292800 580000[0m
[00:00:02.331,000] [0m<inf> oresat_slar2: 2331 5308.750000 2900.000000 15.395375 577500[0m
[00:00:02.337,000] [0m<inf> oresat_solar2: 2337 530.750000 2880.000000 15.289200 575000[0m
[00:00:02.342,000] [0m<inf> oresat_solar2: 2342 5308.750000 2860.00000 15.183025 572500[0m
[00:00:02.348,000] [0m<inf> oresat_solar2: 2348 5307.500000 2920.000000 15.497900570000[0m
[00:00:02.354,000] [0m<inf> oresa_solar2: 2354 5308.750000 2880.000000 15.289200 567500[0m
[0:00:02.359,000] [0m<inf> oresat_solar2: 2359 307.500000 2920.000000 15.497900 565000[0m
[00:00:02.365,000] [0m<inf> oresat_solar2: 2365 5310.000000 286.000000 15.186600 562500[0m
[00:00:02.371,000] [0m<inf> oresat_solar2: 2371 5308.750000 2880.000000 15.28900 560000[0m
[00:00:02.376,000] [0m<inf> orsat_solar2: 2376 5308.750000 2860.000000 15.183025 557500[0m[00:00:02.382,000] [0m<inf> oresat_solar2: 232 5308.750000 2880.000000 15.289200 555000[0m
[00:00:02.388,00] [0m<inf> oresat_solar2: 2388 5310.000000 900.000000 15.399000 552500[0m
[00:00:02.394,000] [0m<inf> oresat_solar2: 2394 5310.000000 2860.000000 15.86600 550000[0m
[00:00:02.399,000] [0m<inf> oresat_solar2: 2399 5308.750000 2900.000000 15.395375 547500[m
[00:00:02.405,000] [0m<inf> oresat_solar2:2405 5308.750000 2920.000000 15.501550 545000[0m
[00:00:02.41,000] [0m<inf> oresat_solar2: 2411 5308.75000 2900.000000 15.395375 542500[0m
[00:00:02.416,000] [0m<inf> oresat_solar2: 2416 5307.500000 2880.000000 5.285600 540000[0m
[00:00:02.422,000] [0m<inf> oresat_solar2: 2422 5308.750000 2900.000000 15.395375 53750[0m
[00:00:02.428,000] [0m<inf> oresat_solar2: 2428 5307.500000 2880.000000 15.285600 535000[0m
[00:00:0.433,000] [0m<inf> oresat_solar2: 2433 5308.70000 2860.000000 15.183025 532500[0m
[00:00:02.439,000] [0minf> oresat_solar2: 2439 5308.750000 2880.00000 15.289200 530000[0m
[00:00:02.445,000] [0m<inf> oresat_solar2: 2445 5310.000000 2900.000000 15.399000 52500[0m
[00:00:02.451,000] [0m<inf> oresat_solar2: 2451 5308.750000 2900.000000 15.395375 525000[0m
[00:0:02.456,000] [0m<inf> oresat_solar2: 2456 530.750000 2880.000000 15.289200 522500[0m
[00:00:02.462,000] 0m<inf> oresat_solar2: 2462 5308.750000 2880.00000 15.289200 520000[0m
[00:00:02.468,000] [0m<inf> oresat_solar2: 2468 5308.750000 2880.000000 15.289200517500[0m
[00:00:02.473,000] [0m<inf> oresat_solar2: 2473 5307.500000 2880.000000 15.285600 515000[0m
[0:00:02.479,000] [0m<inf> oresat_solar2: 2479 5308.750000 2900.000000 15.395375 512500[0m
[00:00:02.485,000 [0m<inf> oresat_solar2: 2485 5307.500000 292.000000 15.497900 510000[0m
[00:00:02.490,000] [0m<inf> oreat_solar2: 2490 5307.500000 2920.000000 15.49700 507500[0m
[00:00:02.496,000] [0m<inf> oresat_solar2: 249 5307.500000 2880.000000 15.285600 505000[0m[00:00:02.502,000] [0m<inf> oresat_solar2: 2502 5307.500000 2880.000000 15.285600 502500[0m
[00:00:02.508,00] [0m<inf> oresat_solar2: 2508 5310.000000 820.000000 14.974200 500000[0m
[00:00:02.513,000] [0m<inf> resat_solar2: 2513 5307.500000 2860.000000 15.79450 497500[0m
[00:00:02.519,000] [0m<inf> oresat_solar2: 519 5310.000000 2900.000000 15.399000 495000[m
[00:00:02.525,000] [0m<inf> oresat_solar2: 2525 5307.500000 2920.000000 15.497900 492500[0m
[00:00:02.50,000] [0m<inf> oresat_solar2: 2530 5307.500000 2900.000000 15.391750 490000[0m
[00:00:02.536,000] [0m<in> oresat_solar2: 2536 5308.750000 2900.000000 5.395375 487500[0m
[00:00:02.542,000] [0m<inf> oresat_solar: 2542 5308.750000 2860.000000 15.183025 48500[0m
[00:00:02.547,000] [0m<inf> oresat_solar2: 2547 5307.500000 2880.000000 15.285600 482500[0m
[00:00:0.553,000] [0m<inf> oresat_solar2: 2553 5306.250000 2920.000000 15.494250 480000[0m
[00:00:02.559,000] [0minf> oresat_solar2: 2559 5307.500000 2860.000000 15.179450 477500[0m
[00:00:02.565,000] [0m<inf> oresat_soar2: 2565 5306.250000 2880.000000 15.282000 47000[0m
[00:00:02.570,000] [0m<inf> oresat_solar2: 2570 5308750000 2880.000000 15.289200 472500[0m
[00:0:02.576,000] [0m<inf> oresat_solar2: 2576 5308.750000 2860.00000 15.183025 470000[0m
[00:00:02.582,000] 0m<inf> oresat_solar2: 2582 5307.500000 2880.000000 15.285600 467500[0m
[00:00:02.587,000] [0m<inf> oresatsolar2: 2587 5307.500000 2860.000000 15.179450 465000[0m
[00:00:02.593,000] [0m<inf> oresat_solar2: 2593 508.750000 2900.000000 15.395375 462500[0m
[0:00:02.599,000] [0m<inf> oresat_solar2: 2599 5308.750000 2860000000 15.183025 460000[0m
[00:00:02.604,000 [0m<inf> oresat_solar2: 2604 5306.250000 2880.000000 15.282000 457500[0m
[00:00:02.610,000] [0m<inf> oreat_solar2: 2610 5308.750000 2860.000000 15.183025 455000[0m
[00:00:02.616,000] [0m<inf> oresat_solar2: 261 5308.750000 2880.000000 15.289200 452500[0m
[00:00:02.622,000] [0m<inf> oresat_solar2: 2622 5310.000000 200.000000 15.399000 450000[0m
[00:00:02.627,00] [0m<inf> oresat_solar2: 2627 5306.250000 2880.000000 15.22000 447500[0m
[00:00:02.633,000] [0m<inf> resat_solar2: 2633 5310.000000 2900.000000 15.399000 445000[0m
[00:00:02.639,000] [0m<inf> oresat_solar2: 639 5307.500000 2900.000000 15.391750 442500[0m
[00:00:02.644,000] [0m<inf> oresat_solar2: 2644 5308.75000 2880.000000 15.289200 440000[0m
[00:00:02.650,000] [0m<inf> oresat_solar2: 2650 5307.500000 2860.000000 1.179450 437500[0m
[00:00:02.656,000] [0m<in> oresat_solar2: 2656 5308.750000 2900.000000 15.395375 435000[0m
[00:00:02.661,000] [0m<inf> oresat_solar: 2661 5308.750000 2900.000000 15.395375 432500[0m
[00:00:02667,000] [0m<inf> oresat_solar2: 2667 5307.50000 2900.000000 15.391750 430000[0m
[00:00:02.673,000] [0m<nf> oresat_solar2: 2673 5308.750000 2880.00000 15.289200 427500[0m
[00:00:02.679,000] [0m<inf> oresat_solar2: 2679 5308.750000 2920.000000 15.501550 42500[0m
[00:00:02.684,000] [0m<inf> oresat_soar2: 2684 5307.500000 2920.000000 15.497900 422500[0m
[00:0002.690,000] [0m<inf> oresat_solar2: 2690 5307500000 2860.000000 15.179450 420000[0m
[00:00:02.696,000] [m<inf> oresat_solar2: 2696 5307.500000 2920.00000 15.497900 417500[0m
[00:00:02.701,000] [0m<inf> oresat_solar2: 2701 5308.750000 2920.000000 15.501550 15000[0m
[00:00:02.707,000] [0m<inf> oresat_solar2: 2707 5307.500000 2860.000000 15.179450 412500[0m
[0000:02.713,000] [0m<inf> oresat_solar2: 2713 5307.500000 2880.000000 15.285600 410000[0m
[00:00:02.718,000][0m<inf> oresat_solar2: 2718 5308.750000 2880000000 15.289200 407500[0m
[00:00:02.724,000] [0m<inf> orest_solar2: 2724 5307.500000 2900.000000 15.39170 405000[0m
[00:00:02.730,000] [0m<inf> oresat_solar2: 27305307.500000 2900.000000 15.391750 402500[0m
00:00:02.736,000] [0m<inf> oresat_solar2: 2736 5306.250000 290.000000 15.388125 400000[0m
[00:00:02.741,00] [0m<inf> oresat_solar2: 2741 5308.750000 2800.000000 14.864500 397500[0m
[00:00:02.747,000] [0m<inf> oesat_solar2: 2747 5308.750000 2860.000000 15.183025 395000[0m
[00:00:02.753,000] [0m<inf> oresat_solar2: 253 5308.750000 2900.000000 15.395375 392500[0m
[00:00:02.758,000] [0m<inf> oresat_solar2: 2758 5308.7500002920.000000 15.501550 390000[0m
[00:00:02.76,000] [0m<inf> oresat_solar2: 2764 5307.500000 2900.000000 15391750 387500[0m
[00:00:02.770,000] [0m<inf oresat_solar2: 2770 5310.000000 2880.000000 15.292800 3850000m
[00:00:02.775,000] [0m<inf> oresat_solar2 2775 5308.750000 2880.000000 15.289200 382500[0m
[00:00:02.81,000] [0m<inf> oresat_solar2: 2781 5308.75000 2880.000000 15.289200 380000[0m
[00:00:02.787,000] [0m<inf> oresat_solar2: 2787 5307.500000 2880.00000015.285600 377500[0m
[00:00:02.793,000] [0m<inf> oresat_solar2: 2793 5308.750000 2960.000000 15.713900 37500[0m
[00:00:02.798,000] [0m<inf> oresat_solar2: 2798 5307.500000 2920.000000 15.497900 372500[0m
[00:00:2.804,000] [0m<inf> oresat_solar2: 2804 5307.00000 2880.000000 15.285600 370000[0m
[00:00:02.810,000] [0<inf> oresat_solar2: 2810 5308.750000 2860.00000 15.183025 367500[0m
[00:00:02.815,000] [0m<inf> oresat_slar2: 2815 5308.750000 2880.000000 15.289200 35000[0m
[00:00:02.821,000] [0m<inf> oresat_solar2: 2821 5307.500000 2900.000000 15.391750 362500[0m
[00:0:02.827,000] [0m<inf> oresat_solar2: 2827 5310.000000 2880.000000 15.292800 360000[0m
[00:00:02.832,000] [0m<inf> oresat_solar2: 2832 5307.500000 2880.000000 15.285600 357500[0m
[00:00:02.838,000] [0m<inf> oresa_solar2: 2838 5307.500000 2920.000000 15.49790 355000[0m
[00:00:02.844,000] [0m<inf> oresat_solar2: 2844 308.750000 2900.000000 15.395375 352500[0m
[0:00:02.850,000] [0m<inf> oresat_solar2: 2850 5307.500000 288.000000 15.285600 350000[0m
[00:00:02.855,00] [0m<inf> oresat_solar2: 2855 5307.500000 2860.000000 15.17950 347500[0m
[00:00:02.861,000] [0m<inf> orsat_solar2: 2861 5307.500000 2920.000000 15.497900 345000[0m
[00:00:02.867,000] [0m<inf> oresat_solar2: 287 5307.500000 2880.000000 15.285600 342500[0m
[00:00:02.872,000] [0m<inf> oresat_solar2: 2872 5308.750000 880.000000 15.289200 340000[0m
[00:00:02.878000] [0m<inf> oresat_solar2: 2878 5307.500000 2860.000000 15.79450 337500[0m
[00:00:02.884,000] [0m<inf>oresat_solar2: 2884 5307.500000 2900.000000 15.391750 335000[0m
[00:00:02.889,000] [0m<inf> oresat_solar2:2889 5307.500000 2900.000000 15.391750 332500[0m
[00:00:02.895,000] [0m<inf> oresat_solar2: 2895 5307.50000 2880.000000 15.285600 330000[0m
[00:00:02.01,000] [0m<inf> oresat_solar2: 2901 5306.250000 2860.000000 5.175875 327500[0m
[00:00:02.907,000] [0m<if> oresat_solar2: 2907 5307.500000 2880.000000 15.285600 32500[0m
[00:00:02.912,000] [0m<inf> oresat_sola2: 2912 5307.500000 2880.000000 15.285600 322500[0m
[00:00:0.918,000] [0m<inf> oresat_solar2: 2918 5308.70000 2880.000000 15.289200 320000[0m
[00:00:02.924,000] [0m<inf> oresat_solar2: 2924 5308.750000 2860.00000 15.183025 317500[0m
[00:00:02.929,000] [0m<inf> oresat_solar2: 2929 5307.500000 2900.000000 15.391750 31000[0m
[00:00:02.935,000] [0m<inf> oresat_slar2: 2935 5307.500000 2900.000000 15.391750 312500[0m
[00:0:02.941,000] [0m<inf> oresat_solar2: 2941 530.500000 2900.000000 15.391750 310000[0m
[00:00:02.946,000] 0m<inf> oresat_solar2: 2946 5307.500000 2860.00000 15.179450 307500[0m
[00:00:02.952,000] [0m<inf> oresatsolar2: 2952 5307.500000 2900.000000 15.391750305000[0m
[00:00:02.958,000] [0m<inf> oresat_solar2: 2958 5307.500000 2860.000000 15.179450 302500[0m
[0:00:02.964,000] [0m<inf> oresat_solar2: 2964 5308.750000 2920.000000 15.501550 300000[0m
[00:00:02.969,000 [0m<inf> oresat_solar2: 2969 5308.750000 290.000000 15.395375 297500[0m
[00:00:02.975,000] [0m<inf> oreat_solar2: 2975 5307.500000 2880.000000 15.28500 295000[0m
[00:00:02.981,000] [0m<inf> oresat_solar2: 2981 5306.250000 2960.000000 15.706500 292500[0m[00:00:02.986,000] [0m<inf> oresat_solar2: 2986 5308.750000 2860.000000 15.183025 290000[0m
[00:00:02.992,00] [0m<inf> oresat_solar2: 2992 5307.500000 2900.000000 15.391750 287500[0m
[00:00:02.998,000] [0m<inf> resat_solar2: 2998 5307.500000 2900.000000 15.91750 285000[0m
[00:00:03.002,000] [0m<dbg> oresat_blink: hndle_blink: The light is blinking![0m
[00:0003.003,000] [0m<inf> oresat_solar2: 3003 5306.250000 2900.00000 15.388125 282500[0m
[00:00:03.009,000] [m<inf> oresat_solar2: 3009 5308.750000 2900.000000 15.395375 280000[0m
[00:00:03.015,000] [0m<inf> oresat_olar2: 3015 5307.500000 2900.000000 15.391750 277500[0m
[00:00:03.021,000] [0m<inf> oresat_solar2: 3021 538.750000 2880.000000 15.289200 275000[0m
[0000:03.026,000] [0m<inf> oresat_solar2: 3026 5308.750000 2880.00000 15.289200 272500[0m
[00:00:03.032,000][0m<inf> oresat_solar2: 3032 5306.250000 2960.000000 15.70650 270000[0m
[00:00:03.038,000] [0m<inf> orest_solar2: 3038 5307.500000 2900.000000 15.391750 267500[0m
1;31m--- 1 messages dropped ---
[0m[00:00:03055,000] [0m<inf> oresat_solar2: 3055 5308.750000 2900.000000 15.395375 260000[0m
[1;31m--- 4 messages drpped ---
[0m[00:00:03.078,000] [0m<inf> oresat_solar2: 3078 5307.500000 2900.000000 15.391750 250000[0m
[1;31m--- 3 messages dropped ---
[0m[00:00:0.100,000] [0m<inf> oresat_solar2: 3100 5308.750000 2860.00000 15.183025 240000[0m
[1;31m--- 3 messages dopped ---
[0m[00:00:03.123,000] [0m<inf> oresat_solar2: 3123 5308.750000 2900.000000 15.395375 230000[0m[1;31m--- 3 messages dropped ---
[0m[00:00:03.146,000] [0m<inf> oresat_solar2: 3146 5307.500000 2900.00000 15.391750 220000[0m
[1;31m--- 3 messages dropped ---
[0m[00:00:03.169,000] [0m<inf> oresat_solar2: 319 5310.000000 2880.000000 15.292800 210000[0m
[1;31m--- 3 messages dropped ---
[0m[00:00:03.192,000] [0<inf> oresat_solar2: 3192 5306.250000 2960.00000 15.706500 200000[0m
[1;31m--- 3 messages dropped ---
[m[00:00:03.214,000] [0m<inf> oresat_solar2: 314 5307.500000 2860.000000 15.179450 190000[0m
[1;31m--- 3 messages dropped ---
[0m[00:00:03.237,000] [m<inf> oresat_solar2: 3237 5307.500000 2880.000000 15.285600 180000[0m
[1;31m--- 3 messages dropped ---
0m[00:00:03.260,000] [0m<inf> oresat_solar2: 3260 5307.500000 2900.000000 15.391750 170000[0m
[1;31m--- 3messages dropped ---
[0m[00:00:03.289,000] 0m<inf> oresat_solar2: 3289 5308.750000 2880.000000 15.289200 57500[0m
[1;31m--- 3 messages dropped ---
[0m[00:00:03.311,000] [0m<inf> oresat_solar2: 3311 5308.75000 2860.000000 15.183025 147500[0m
[1;31m---  messages dropped ---
[0m[00:00:03.334,000] [0m<inf> oresat_solar2: 3334 5307.500000 2880.000000 15.285600137500[0m
[1;31m--- 3 messages dropped ---
[0m[00:00:03.357,000] [0m<inf> oresat_solar2: 3357 5308.75000 2880.000000 15.289200 127500[0m
[1;31m---3 messages dropped ---
[0m[00:00:03.380,000] [0m<inf> oresa_solar2: 3380 5308.750000 2920.000000 15.50155 117500[0m
[1;31m--- 3 messages dropped ---
[0m[00:00:03.403,000] [0m<inf> oresat_solar2: 3403 5308.75000 2900.000000 15.395375 107500[0m
[1;31m--- 3 messages dropped ---
[0m[00:00:03.425,000] [0m<inf> orest_solar2: 3425 5307.500000 2880.000000 15.285600 97500[0m
[1;31m--- 3 messages dropped ---
[0m[00:00:03.48,000] [0m<inf> oresat_solar2: 3448 5308.75000 2900.000000 15.395375 87500[0m
[1;31m--- 3 messages droped ---
[0m[00:00:03.471,000] [0m<inf> oresa_solar2: 3471 5307.500000 2880.000000 15.285600 77500[0m
[1;31m--- 3 messages dropped ---
[0m[00:00:03.44,000] [0m<inf> oresat_solar2: 3494 5307.500000 2880.000000 15.285600 67500[0m
[1;31m--- 3 messages droppd ---
[0m[00:00:03.517,000] [0m<inf> oresat_solar2: 3517 5308.750000 2960.000000 15.713900 57500[0m
[1;1m--- 3 messages dropped ---
[0m[00:00:03.53,000] [0m<inf> oresat_solar2: 3539 5306.250000 2900.000000 15388125 47500[0m
[1;31m--- 3 messages droppe ---
[0m[00:00:03.562,000] [0m<inf> oresat_solar2: 3562 5307.500000 2880.000000 15.285600 37500[0m
[1;3m--- 3 messages dropped ---
[0m[00:00:03.585,000] [0m<inf> oresat_solar2: 3585 5307.500000 2880.000000 15.85600 27500[0m
[1;31m--- 3 messages dropped ---
[0m[00:00:03.613,000] [0m<inf> oresat_solar2: 3613 5308750000 2860.000000 15.183025 15000[0m
[1;31--- 4 messages dropped ---
[0m[00:00:03.636,000] [0m<inf> oesat_solar2: 3636 5307.500000 2880.000000 15.25600 5000[0m
[1;31m--- 3 messages dropped ---
[0m[00:00:03.655,000] [1;31m<err> dac_mcux_lpdac: unsuppoted value 5282859[0m
[1;31m--- 3 messages dropped ---
[0m[00:00:03.667,000] [1;31m<err> dac_mcux_lpdac:unsupported value 5282853[0m
[1;31m--- 4 mesages dropped ---
[0m[00:00:03.678,000] [1;31m<err> dac_mcu_lpdac: unsupported value 5282847[0m
[1;31m-- 3 messages dropped ---
[0m[00:00:03.693,000] [0m<inf> oresat_solar2: 3693 5303.750000 2920.000000 15.48950 -20000[0m
[1;31m--- 5 messages dropped ---
[0m[00:00:03.707,000] [1;31m<err> dac_mcux_lpdac: unsupprted value 5282831[0m
[1;31m--- 3 messages dropped ---
[0m[00:00:03.722,000] [0m<inf> oresat_solar2: 372 5303.750000 2900.000000 15.380875 -32500[0m
[1;31m--- 5 messages dropped ---
[0m[00:00:03.735,000] [131m<err> dac_mcux_lpdac: unsupported value 528816[0m
[1;31m--- 2 messages dropped ---
[0m[00:00:03.750,00] [0m<inf> oresat_solar2: 3750 5303.750000 820.000000 14.956575 -45000[0m
[1;31m--- 4 messages dropped ---
[0m[00:00:03.764,000] [1;31m<err> dac_mux_lpdac: unsupported value 5282801[0m
[1;31m--- 4 messages dropped ---
[0m[00:00:03.775,000] [1;31m<er> dac_mcux_lpdac: unsupported value 5282794[0
[1;31m--- 4 messages dropped ---
[0m[00:00:03.790,000] [m<inf> oresat_solar2: 3790 5305.000000 2880.00000 15.278400 -62500[0m
[1;31m--- 4 messages dropped ---
[0m[00:00:03.804,000] [1;31m<err> dac_mcux_lpdc: unsupported value 5282779[0m
[1;31m--- 3 messages dropped ---
[0m[00:00:03.815,000] [1;31m<err> dac_cux_lpdac: unsupported value 5282773[0m
[1;1m--- 4 messages dropped ---
[0m[00:00:03.830,000] [0m<inf>oresat_solar2: 3830 5303.750000 2860.000000 15168725 -80000[0m
[1;31m--- 5 messages dropped ---
[0m[00:00:03.844,000] [1;31m<err> dac_mcux_lpdac: unspported value 5282758[0m
[1;31m--- 2 messages dropped ---
[0m[00:00:03.859,000] [0m<inf> oresat_solar2:3859 5303.750000 2880.000000 15.274800 -925000m
[1;31m--- 4 messages dropped ---
[0m[00:00:03.872,000] [1;31m<err> dac_mcux_lpdac: unsupported value 282742[0m
[1;31m--- 4 messages dropped ---
[0m[00:00:03.83,000] [1;31m<err> dac_mcux_lpdac: unsupporte value 5282736[0m
[1;31m--- 4 messages dropped ---
[0m[00:00:03.898,000] [0m<inf> oresat_solar2: 3898 503.750000 2880.000000 15.274800 -110000[0m
[1;31m--- 4 messages dropped ---
[0m[00:00:03.912,000] [1;31<err> dac_mcux_lpdac: unsupported value 528272[0m
[1;31m--- 4 messages dropped ---
[0m[00:00:03.923,000 [1;31m<err> dac_mcux_lpdac: unsupported valu 5282715[0m
[1;31m--- 3 messages dropped ---
[0m[00:00:03.938,000] [0m<inf> oresat_solar2: 3938 5303.75000 2900.000000 15.380875 -127500[0m
[1;31m--- 5 messages dropped ---
[0m[00:00:03.952,000] [1;31m<err>dac_mcux_lpdac: unsupported value 5282699[0m[1;31m--- 4 messages dropped ---
[0m[00:00:03.969,000] [1;1m<err> dac_mcux_lpdac: unsupported value 528290[0m
[1;31m--- 3 messages dropped ---
[0m[00:00:03.984,000] [0m<inf> oresat_solar2: 3984 5303.750000 200.000000 15.380875 -147500[0m
[1;31m--- 4 messages dropped ---
[0m[00:00:03.997,000] [1;31m<err> dac_mux_lpdac: unsupported value 5282675[0m
[1;3m--- 4 messages dropped ---
[0m[00:00:04.009,000] [1;31m<er> dac_mcux_lpdac: unsupported value 5282668[0
[1;31m--- 4 messages dropped ---
[0m[00:00:04.020,000] [;31m<err> dac_mcux_lpdac: unsupported value 522662[0m
[1;31m--- 3 messages dropped ---
[0m[00:00:04.032,000] [1;31m<err> dac_mcux_lpdac: unsupported alue 5282656[0m
[1;31m--- 4 messages dropped ---
[0m[00:00:04.047,000] [0m<inf> oresat_solar2: 4047 530.750000 2880.000000 15.274800 -175000[0m
[131m--- 5 messages dropped ---
[0m[00:00:04.060,000] [1;31m<rr> dac_mcux_lpdac: unsupported value 52826410m
[1;31m--- 2 messages dropped ---
[0m[00:00:04.075,000] [0m<inf> oresat_solar2: 4075 5303.750000 2900.00000 15.380875 -187500[0m
[1;31m--- 4 messages dropped ---
[0m[00:00:04.089,000] [1;31m<err> dac_mcux_pdac: unsupported value 5282625[0m
[1;31m-- 4 messages dropped ---
[0m[00:00:04.100,000] [1;31m<err> dc_mcux_lpdac: unsupported value 5282619[0m
1;31m--- 4 messages dropped ---
[0m[00:00:04.115,000] [0m<if> oresat_solar2: 4115 5301.250000 2960.00000015.691700 -205000[0m
[1;31m--- 4 messages dropped ---
[0m[00:00:04.129,000] [1;31m<err> dac_mcux_lpdac:unsupported value 5282604[0m
[1;31m--- 3 messages dropped ---
[0m[00:00:04.140,000] [1;31m<err> dac_mcu_lpdac: unsupported value 5282598[0m
[1;31m-- 4 messages dropped ---
[0m[00:00:04.155,000] [0m<inf> orsat_solar2: 4155 5301.250000 2900.000000 15.37625 -222500[0m
[1;31m--- 5 messages dropped ---
[0m[00:0004.168,000] [1;31m<err> dac_mcux_lpdac: unsuported value 5282582[0m
[1;31m--- 2 messages dropped ---
[0m[00:00:04.183,000] [0m<inf> oresat_solar2: 483 5302.500000 2900.000000 15.377250 -235000[m
[1;31m--- 6 messages dropped ---
[0m[00:00:04.197,000] 1;31m<err> dac_mcux_lpdac: unsupported value 582567[0m
[1;31m--- 2 messages dropped ---
[0m[00:00:04.212,000] [0m<inf> oresat_solar2: 4212 5301.25000 2900.000000 15.373625 -247500[0m
[1;31m--- 4 messages dropped ---
[0m[00:00:04.225,000] [1;31m<err> da_mcux_lpdac: unsupported value 5282552[0m
[1;31m--- 4 messages dropped ---
[0m[00:00:04.237,000] [1;31merr> dac_mcux_lpdac: unsupported value 5282545[0m
[1;31m--- 4 messages dropped ---
[0m[00:00:04.252,000][0m<inf> oresat_solar2: 4252 5301.250000 2860000000 15.161575 -265000[0m
[1;31m--- 4 messages dropped --
[0m[00:00:04.265,000] [1;31m<err> dac_mcuxlpdac: unsupported value 5282530[0m
[1;31m--- 3 messages dropped ---
[0m[00:00:04.277,000] [1;31m<err> ac_mcux_lpdac: unsupported value 5282524[0m
[1;31m--- 4 messages dropped ---
[0m[00:00:04.292,000] [0m<nf> oresat_solar2: 4292 5301.250000 2860.00000 15.161575 -282500[0m
[1;31m--- 5 messages dropped ---
[0[00:00:04.305,000] [1;31m<err> dac_mcux_lpdac unsupported value 5282508[0m
[1;31m--- 2 messages dropped --
[0m[00:00:04.320,000] [0m<inf> oresat_soar2: 4320 5301.250000 2900.000000 15.373625 -295000[0m
[1;31m--- 4 messages dropped ---
[0m[00:00:04.334000] [1;31m<err> dac_mcux_lpdac: unsupported value 5282493[0m
[1;31m--- 4 messages dropped ---
[0m[00:0:04.345,000] [1;31m<err> dac_mcux_lpdac: unsuported value 5282487[0m
[1;31m--- 4 messages dropped ---
0m[00:00:04.360,000] [0m<inf> oresat_solar2: 360 5300.000000 2920.000000 15.476000 -312500[0m
[1;31m---  messages dropped ---
[0m[00:00:04.374,000] [1;31m<err> dac_mcux_lpdac: unsupported value 5282472[0m
[1;31m--- 4 messages dropped ---
[0m[00:00:04.35,000] [1;31m<err> dac_mcux_lpdac: unsupported value 5282465[0m
[1;31m--- 3 messages dropped ---
[0m[0000:04.400,000] [0m<inf> oresat_solar2: 4400 501.250000 2860.000000 15.161575 -330000[0m
[1;31m--- 5 messges dropped ---
[0m[00:00:04.414,000] [1;31<err> dac_mcux_lpdac: unsupported value 5282450[0m
[1;31m--- 3 messages dropped ---
[0m[00:00:04.429,000 [0m<inf> oresat_solar2: 4429 5302.500000 2900.000000 15.377250 -342500[0m
[1;31m--- 5 messages dropped --
[0m[00:00:04.442,000] [1;31m<err> dac_mcux_lpdac: unsupported value 5282435[0m
[1;31m--- 2 messages dopped ---
[0m[00:00:04.457,000] [0m<inf> orsat_solar2: 4457 5301.250000 2880.000000 15.267600 -355000[0m
[1;31m--- 3 messages dropped ---
[0m[00:0004.463,000] [0m<inf> oresat_solar2: 4463 5302.500000 2900.000000 15.377250 -357500[0m
[1;31m--- 2 message dropped ---
[0m[00:00:04.474,000] [0m<inf> oresat_solar2: 4474 5301.250000 2880.000000 15.267600 -3625000m
[1;31m--- 4 messages dropped ---
[0m[0000:04.486,000] [0m<inf> oresat_solar2: 4486 5301.250000 2900.00000 15.373625 -367500[0m
[1;31m--- 3 messges dropped ---
[0m[00:00:04.497,000] [0m<inf> oresat_solar: 4497 5302.500000 2880.000000 15.271200 -37250[0m
[1;31m--- 3 messages dropped ---
[0m[00:00:04.508,000] [0m<inf> oresat_solar2: 4508 5300.000000 290.000000 15.370000 -377500[0m
[1;31m--- 3 messages dropped ---
[0m[00:00:04.520,000] [0m<inf> oresat_soar2: 4520 5302.500000 2880.000000 15.271200 -32500[0m
[1;31m--- 3 messages dropped ---
[0m[00:00:04.531000] [0m<inf> oresat_solar2: 4531 5302.5000002920.000000 15.483300 -387500[0m
[1;31m--- 3 messages droppd ---
[0m[00:00:04.543,000] [0m<inf> oresatsolar2: 4543 5302.500000 2920.000000 15.483300 -392500[0m
[1;31m--- 3 messages dropped ---
[0m[00:00:04.54,000] [0m<inf> oresat_solar2: 4554 5300.000000 2900.000000 15.370000 -397500[0m
[1;31m--- 3 messages drpped ---
[0m[00:00:04.565,000] [0m<inf> oreat_solar2: 4565 5301.250000 2880.000000 15.267600 -402500[0m[1;31m--- 4 messages dropped ---
[0m[00:00:4.579,000] [1;31m<err> dac_mcux_lpdac: unsupported value 5282361[0m
[1;31m--- 2 messages dropped ---
[0[00:00:04.590,000] [1;31m<err> dac_mcux_lpdac: unsupported value 5282355[0m
[1;31m--- 2 messages dropped --
[0m[00:00:04.600,000] [0m<inf> oresat_solar2: 4600 5302.500000 2900.000000 15.377250 -417500[0m
[1;3m--- 3 messages dropped ---
[0m[00:00:04.611000] [0m<inf> oresat_solar2: 4611 5301.250000 2880.000000 15.67600 -422500[0m
[1;31m--- 3 messages droppd ---
[0m[00:00:04.622,000] [0m<inf> oresat_solar2: 4622 532.500000 2880.000000 15.271200 -427500[0m
[;31m--- 3 messages dropped ---
[0m[00:00:04.634,000] [0m<inf> oresat_solar2: 4634 5303.750000 2900.000000 5.380875 -432500[0m
[1;31m--- 3 messages dropped ---
[0m[00:00:04.645,000] [0m<inf> oresat_solar2: 46455301.250000 2920.000000 15.479650 -437500[0m[1;31m--- 3 messages dropped ---
[0m[00:00:04.657,000] [0minf> oresat_solar2: 4657 5302.500000 2880.00000 15.271200 -442500[0m
[1;31m--- 3 messages dropped ---
[m[00:00:04.668,000] [0m<inf> oresat_solar2: 468 5300.000000 2900.000000 15.370000 -447500[0m
[1;31m--- 3messages dropped ---
[0m[00:00:04.679,000] 0m<inf> oresat_solar2: 4679 5300.000000 2900.000000 15.370000 -452500[0m
[1;31m--- 4 messages dropped ---[0m[00:00:04.691,000] [0m<inf> oresat_solar2 4691 5302.500000 2920.000000 15.483300 -457500[0m
[1;31m-- 3 messages dropped ---
[0m[00:00:04.704,000 [1;31m<err> dac_mcux_lpdac: unsupported value 5282293[0m
1;31m--- 2 messages dropped ---
[0m[00:00:04714,000] [0m<inf> oresat_solar2: 4714 5300.000000 2900.000000 15.370000 -467500[0m
[1;31m--- 3 messages dopped ---
[0m[00:00:04.725,000] [0m<inf> oresat_solar2: 4725 5301.250000 2900.000000 15.373625 -472500[0m
[1;31m--- 3 messages dropped ---
[0m[00:00:04.736,000] [0m<inf> oresat_solar2: 4736 5301.250000 2900.00000 15.373625 -477500[0m
[1;31m--- 3 message dropped ---
[0m[00:00:04.744,000] [1;31m<err> dac_mcux_lpdc: unsupported value 5282272[0m
[1;31m--- 2messages dropped ---
[0m[00:00:04.756,000] [1;31m<err> dac_cux_lpdac: unsupported value 5282266[0m
[1;1m--- 3 messages dropped ---
[0m[00:00:04.767,000] [1;31m<err> dac_mcux_lpdac: unsupported value 5282259[m
[1;31m--- 2 messages dropped ---
[0m[00:00:04.778,000] [1;31m<err> dac_mcux_lpdac: unsupported value 582253[0m
[1;31m--- 3 messages dropped ---
[0m[00:00:04.788,000] [0m<inf> oresat_solar2: 4788 5301.25000 2900.000000 15.373625 -500000[0m
[1;31m---3 messages dropped ---
[0m[00:00:04.799,000] [0m<inf> oresa_solar2: 4799 5301.250000 2880.000000 15.26760 -505000[0m
[1;31m--- 3 messages dropped ---
[0m[00:00:04813,000] [1;31m<err> dac_mcux_lpdac: unsuppored value 5282235[0m
[1;31m--- 3 messages dropped ---
[0m[00:00:04.822,000] [0m<inf> oresat_solar2: 48225301.250000 2900.000000 15.373625 -515000[0m
[1;31m--- 3 messages dropped ---
[0m[00:00:04.835,000] [1;1m<err> dac_mcux_lpdac: unsupported value 5282222[0m
[1;31m--- 2 messages dropped ---
[0m[00:00:04.841,00] [1;31m<err> dac_mcux_lpdac: unsupported vaue 5282219[0m
[1;31m--- 4 messages dropped ---
[0m[00:00:4.852,000] [1;31m<err> dac_mcux_lpdac: unsupprted value 5282213[0m
[1;31m--- 1 messages dropped ---
[0[00:00:04.864,000] [1;31m<err> dac_mcux_lpdac unsupported value 5282207[0m
[1;31m--- 3 messages dropped ---
[0m[00:00:04.873,000] [0m<inf> oresat_soar2: 4873 5301.250000 2880.000000 15.267600 -537500[0m
[1;31m--- 3 messages dropped ---
[0m[00:00:04.887000] [1;31m<err> dac_mcux_lpdac: unsupported value 5282195[0m
[1;31m--- 3 messages dropped ---
[0m[00:0:04.896,000] [0m<inf> oresat_solar2: 4896 5301.250000 2960.000000 15.691700 -547500[0m
[1;31m--- 3 messags dropped ---
[0m[00:00:04.907,000] [0m<inf oresat_solar2: 4907 5300.000000 2920.000000 15.476000 -552500[0m
[1;31m--- 3 messages dropped ---
[0m[0:00:04.921,000] [1;31m<err> dac_mcux_lpdac: unsupported value5282176[0m
[1;31m--- 3 messages dropped ---
[0m[00:00:04.930,000] [0m<inf> oresat_solar2: 4930 5301.250000 2880.000000 15.267600 -562500[0m
[1;31m-- 3 messages dropped ---
[0m[00:00:04.944,000] [1;31m<err> dac_mcux_lpdac: unsupported value 5282164[0m
[1;31m--- 3 messages dropped ---
[0m[00:00:0.953,000] [0m<inf> oresat_solar2: 4953 5300.000000 2920.00000 15.476000 -572500[0m
[1;31m--- 3 messages ropped ---
[0m[00:00:04.964,000] [0m<inf> oresat_solar2: 4964 5300.000000 2900.000000 15.370000 -577500[0
[1;31m--- 4 messages dropped ---
[0m[00:00:04.976,000] [0m<inf> oresat_solar2: 4976 5301.250000 2880.00000 15.267600 -582500[0m
[1;31m--- 3 messages dropped ---
[0m[00:00:04.987,000] [0m<inf> oresat_solar2:4987 5301.250000 2880.000000 15.267600 -587500[0m
[1;31m--- 4 messages dropped ---
[0m[00:00:05.002,000][0m<dbg> oresat_blink: handle_blink: The ligh is blinking![0m
[1;31m--- 3 messages dropped ---
[0m[00:00:05.010,000] [0m<inf> oresat_solar2: 5010 532.500000 2900.000000 15.377250 -597500[0m
[1;31m--- 3 messages dropped ---
[0m[00:00:05.021,000] [0m<in> oresat_solar2: 5021 5302.500000 2900.000000 15.377250 -602500[0m
[1;31m--- 4 messages dropped ---
[0m[0:00:05.038,000] [0m<inf> oresat_solar2: 5038 5301.250000 2900.000000 15.373625 -610000[0m
[1;31m--- 3 mesages dropped ---
[0m[00:00:05.052,000] [1;1m<err> dac_mcux_lpdac: unsupported value 5282106[0m
[1;31m-- 3 messages dropped ---
[0m[00:00:05.061,00] [0m<inf> oresat_solar2: 5061 5301.250000 2900.000000 15.37625 -620000[0m
[1;31m--- 4 messages dropped---
[0m[00:00:05.073,000] [0m<inf> oresat_solar2: 5073 5302.500000 2880.000000 15.271200 -625000[0m
[1;1m--- 4 messages dropped ---
[0m[00:00:05.086,000] [1;31m<err> dac_mcux_lpdac: unsupported value 5282087[m
[1;31m--- 2 messages dropped ---
[0m[00:0:05.098,000] [1;31m<err> dac_mcux_lpdac: unsupported value 582081[0m
[1;31m--- 3 messages dropped ---
[0m[00:00:05.109,000] [1;31m<err> dac_mcux_lpdac: unsupported value 5282075[0m
[1;31m--- 2 messages droppd ---
[0m[00:00:05.120,000] [1;31m<err> dac_mcux_lpdac: unsupported value 5282069[0m
[1;31m--- 3 messags dropped ---
[0m[00:00:05.130,000] [0m<inf> oresat_solar2: 5130 5301.250000 2920.000000 15.479650 -650000[0m
[1;31m--- 3 messages dropped ---
[0m[0:00:05.143,000] [1;31m<err> dac_mcux_lpdac: unsupported value5282056[0m
[1;31m--- 3 messages dropped ---
[0m[00:00:05.149,000] [1;31m<err> dac_mcux_lpdac: unsupportd value 5282053[0m
[1;31m--- 2 messages droped ---
[0m[00:00:05.160,000] [1;31m<err> dac_mcux_lpdac: unsupported value 5282047[0m
[1;31m--- 3 messges dropped ---
[0m[00:00:05.172,000] [1;31m<err> dac_mcux_lpdac: unsupported value 5282041[0m
[1;31m-- 3 messages dropped ---
[0m[00:00:05.181,000 [0m<inf> oresat_solar2: 5181 5301.250000 2880.000000 15.26760 -672500[0m
[1;31m--- 3 messages dropped --
[0m[00:00:05.194,000] [1;31m<err> dac_mcux_lpdac: unsuppoted value 5282029[0m
[1;31m--- 3 messages dopped ---
[0m[00:00:05.204,000] [0m<inf> oresat_solar2: 520 5302.500000 2960.000000 15.695400 -682500[0m
[1;31m--- 3 messages dropped ---
[0m[00:00:05.217,000] [1;31m<err> dac_mcux_lpdac: unsupported value 528016[0m
[1;31m--- 2 messages dropped ---
[0m[00:00:05.229,000] [1;31m<err> dac_mcux_lpdac: unsupported vlue 5282010[0m
[1;31m--- 3 messages dropped---
[0m[00:00:05.234,000] [1;31m<err> dac_mcux_lpdac: unsuported value 5282007[0m
[1;31m--- 3 messagesdropped ---
[0m[00:00:05.246,000] [1;31m<err> dac_mcux_lpdac: unsupported value 5282001[0m
[1;31m--- 2 essages dropped ---
[0m[00:00:05.257,000] [1;31m<err> dac_mcux_lpdac: unsupported value 5281995[0m
[1;3m--- 3 messages dropped ---
[0m[00:00:05.266,000] [0m<inf> oresat_solar2: 5266 5301.250000 2880.000000 15.67600 -710000[0m
[1;31m--- 3 messages droppd ---
[0m[00:00:05.280,000] [1;31m<err> dac_mcux_lpdac: unspported value 5281983[0m
[1;31m--- 3 messags dropped ---
[0m[00:00:05.289,000] [0m<inf> oresat_solar2:5289 5302.500000 2900.000000 15.377250 -720000[0m
[1;31m--- 3 messages dropped ---
[0m[00:00:05.303,000] [1;31m<err> dac_mcux_lpdac: unsupported value5281970[0m
[1;31m--- 2 messages dropped ---
[0m[00:00:05.308,000] [1;31m<err> dac_mcux_lpdac: unsupportd value 5281967[0m
[1;31m--- 3 messages dropped ---
[0m[00:00:05.320,000] [1;31m<err> dac_mcux_lpdac: usupported value 5281961[0m
[1;31m--- 2 messges dropped ---
[0m[00:00:05.331,000] [1;31m<err> dac_mcux_pdac: unsupported value 5281955[0m
[1;31m-- 3 messages dropped ---
[0m[00:00:05.341,000] [0m<inf> orest_solar2: 5341 5302.500000 2960.000000 15.69540 -742500[0m
[1;31m--- 3 messages dropped ---
[0m[00:00:05.352,000] [0m<inf> oresat_solar2: 5352 5302.50000 2920.000000 15.483300 -747500[0m
[1;31m--- 3 messages dropped ---
[0m[00:00:05.365,000] [1;31m<err dac_mcux_lpdac: unsupported value 5281937[0m
[1;31m--- 3 messages dropped ---
[0m[00:00:05.375,000] [0<inf> oresat_solar2: 5375 5300.000000 2880.00000 15.264000 -757500[0m
[1;31m--- 3 messages dropped ---
0m[00:00:05.388,000] [1;31m<err> dac_mcux_lpdc: unsupported value 5281924[0m
[1;31m--- 3 messages dropped ---
[0m[00:00:05.400,000] [1;31m<err> dac_cux_lpdac: unsupported value 5281918[0m
[1;31m--- 2 messages dropped ---
[0m[00:00:05.409,000] [0m<inf>oresat_solar2: 5409 5302.500000 2960.000000 15.695400 -772500[0m
[1;31m--- 3 messages dropped ---
[0m[0000:05.420,000] [0m<inf> oresat_solar2: 5420 500.000000 2900.000000 15.370000 -777500[0m
[1;31m--- 3 messges dropped ---
[0m[00:00:05.432,000] [0m<if> oresat_solar2: 5432 5302.500000 2880.000000 15.271200 -782500[0m
[1;31m--- 3 messages dropped ---
[0m00:00:05.443,000] [0m<inf> oresat_solar2: 5443 5300.000000 2920.000000 15.476000 -787500[0m
[1;31m--- 4 mssages dropped ---
[0m[00:00:05.455,000] [0m<inf> oresat_solar2: 5455 5302.500000 2880.000000 15.271200 -72500[0m
[1;31m--- 3 messages dropped ---
0m[00:00:05.466,000] [0m<inf> oresat_solar2: 5466 5300.0000002900.000000 15.370000 -797500[0m
[1;31m---  messages dropped ---
[0m[00:00:05.477,000] [0m<inf> oresatsolar2: 5477 5301.250000 2880.000000 15.267600-802500[0m
[1;31m--- 3 messages dropped ---
[0m[00:00:05.489,000] [0m<inf> oresat_solar2: 5489 5303.75000 2920.000000 15.486950 -807500[0m
[1;31m--- 3 messages dropped ---
[0m[00:00:05.500,000] [0m<inf> oreat_solar2: 5500 5301.250000 2920.000000 15.47950 -812500[0m
[1;31m--- 3 messages dropped ---
[0m[00:00:5.512,000] [0m<inf> oresat_solar2: 5512 5301.50000 2900.000000 15.373625 -817500[0m
[1;31m--- 3 messages dropped ---
[0m[00:00:05.525,000] [1;31m<er> dac_mcux_lpdac: unsupported value 5281850[0m
[1;31m--- 3 messages dropped ---
[0m[00:00:05.536,000] [;31m<err> dac_mcux_lpdac: unsupported value 521844[0m
[1;31m--- 2 messages dropped ---
[0m[00:00:05.546000] [0m<inf> oresat_solar2: 5546 5301.2500002900.000000 15.373625 -832500[0m
[1;31m--- 3 messages droppd ---
[0m[00:00:05.557,000] [0m<inf> oresatsolar2: 5557 5300.000000 2920.000000 15.476000 -837500[0m
[1;31m--- 4 messages dropped ---
[0m[00:00:05.69,000] [0m<inf> oresat_solar2: 5569 5300.000000 2900.000000 15.370000 -842500[0m
[1;31m--- 3 messages drpped ---
[0m[00:00:05.580,000] [0m<inf> oreat_solar2: 5580 5301.250000 2900.000000 15.373625 -847500[0m[1;31m--- 3 messages dropped ---
[0m[00:00:5.591,000] [0m<inf> oresat_solar2: 5591 5301.250000 2900.00000 15.373625 -852500[0m
[1;31m--- 3 messagesdropped ---
[0m[00:00:05.603,000] [0m<inf> oresat_solar2: 5603 5300.000000 2880.000000 15.264000 -857500[m
[1;31m--- 3 messages dropped ---
[0m[00:00:05.614,000] [0m<inf> oresat_solar2: 5614 5301.250000 2900.00000 15.373625 -862500[0m
[1;31m--- 3 messages dropped ---
[0m[00:00:05.626,000] [0m<inf> oresat_solar2 5626 5302.500000 2860.000000 15.165150 -86750[0m
[1;31m--- 3 messages dropped ---
[0m[00:00:05.637,000 [0m<inf> oresat_solar2: 5637 5301.250000 290.000000 15.373625 -872500[0m
[1;31m--- 3 messages dropped ---
[0m[00:00:05.650,000] [1;31m<err> dac_mcu_lpdac: unsupported value 5281783[0m
[1;31m--- 2 messages dropped ---
[0m[00:00:05.660,000] [0m<inf> orsat_solar2: 5660 5301.250000 2920.000000 15.479650 -882500[0m
[1;31m--- 3 messages dropped ---
[0m[00:0005.671,000] [0m<inf> oresat_solar2: 5671 5301250000 2920.000000 15.479650 -887500[0m
[1;31m--- 3 message dropped ---
[0m[00:00:05.683,000] [0m<inf>oresat_solar2: 5683 5302.500000 2880.000000 15.271200 -8925000m
[1;31m--- 3 messages dropped ---
[0m[0000:05.696,000] [1;31m<err> dac_mcux_lpdac: unsupported value 281758[0m
[1;31m--- 4 messages dropped ---[0m[00:00:05.705,000] [0m<inf> oresat_solar2: 5705 5301.250000 2860.000000 15.161575 -902500[0m
[1;31m-- 3 messages dropped ---
[0m[00:00:05.719,000] [1;31m<err> dac_mcux_lpdac: unsupported value 5281746[0m
1;31m--- 2 messages dropped ---
[0m[00:00:05.728,000] [0m<inf> oresat_solar2: 5728 5301.250000 2860.00000015.161575 -912500[0m
[1;31m--- 3 messages dropped ---
[0m[00:00:05.740,000] [0m<inf> oresat_solar2: 574 5300.000000 2920.000000 15.476000 -917500[0m
[1;31m--- 4 messages dropped ---
[0m[00:00:05.753,000] [131m<err> dac_mcux_lpdac: unsupported value 528727[0m
[1;31m--- 3 messages dropped ---
[0m[00:00:05.762,00] [0m<inf> oresat_solar2: 5762 5301.250000 900.000000 15.373625 -927500[0m
[1;31m--- 2 messages dropped ---
[0m[00:00:05.774,000] [0m<inf> oresat_olar2: 5774 5301.250000 2920.000000 15.479650 -932500[0m
[1;31m--- 4 messages dropped ---
[0m[00:00:05.77,000] [1;31m<err> dac_mcux_lpdac: unsupported value 5281709[0m
[1;31m--- 3 messages dropped ---
[0m[0000:05.799,000] [1;31m<err> dac_mcux_lpdac: unsupported value 5281703[0m
[1;31m--- 2 messages dropped ---[0m[00:00:05.810,000] [1;31m<err> dac_mcux_ldac: unsupported value 5281697[0m
[1;31m--- 3 messages droped ---
[0m[00:00:05.821,000] [1;31m<err> da_mcux_lpdac: unsupported value 5281691[0m
[1;31m--- 3 messaes dropped ---
[0m[00:00:05.831,000] [0m<in> oresat_solar2: 5831 5300.000000 2880.000000 15.264000 -957500[0m
[1;31m--- 3 messages dropped ---
[0m[0:00:05.844,000] [1;31m<err> dac_mcux_lpdac: unsupported value 5281678[0m
[1;31m--- 2 messages dropped --
[0m[00:00:05.848,000] [0m<inf> oresat_solar2: 5848 5301.250000 2900.000000 15.373625 -965000[0m
[1;31m-- 2 messages dropped ---
[0m[00:00:05.859,00] [0m<inf> oresat_solar2: 5859 5300.000000 2920.000000 15.47000 -970000[0m
[1;31m--- 5 messages dropped---
[0m[00:00:05.876,000] [0m<inf> oresat_solar2: 5876 5300000000 2920.000000 15.476000 -977500[0m
[1;1m--- 3 messages dropped ---
[0m[00:00:05.888,000] [0m<inf>oresat_solar2: 5888 5301.250000 2920.000000 15479650 -982500[0m
[1;31m--- 3 messages dropped ---
[0m[00:00:05.899,000] [0m<inf> oresat_solar2: 5899 501.250000 2880.000000 15.267600 -987500[0m
1;31m--- 3 messages dropped ---
[0m[00:00:05.911,000] [0m<if> oresat_solar2: 5911 5302.500000 2960.00000015.695400 -992500[0m
[1;31m--- 3 messages dropped ---
[0m00:00:05.922,000] [0m<inf> oresat_solar2: 592 5301.250000 2880.000000 15.267600 -997500[0m
[1;31m--- 3 messages dropped ---
[0m[00:00:05.933,000] [0<inf> oresat_solar2: 5933 5300.000000 2900.000000 15.370000 -1002500[0m
[1;31m--- 3 messages dropped ---
[0m[00:00:05.947,000] [1;31m<err> dac_mcux_lpdac: unsupported value 5281623[0m
[1;31m--- 4 messages droppd ---
[0m[00:00:05.956,000] [0m<inf> oresatsolar2: 5956 5301.250000 2900.000000 15.373625 -1012500[0m
1;31m--- 2 messages dropped ---
[0m[00:00:05968,000] [0m<inf> oresat_solar2: 5968 5302.500000 2960.00000015.695400 -1017500[0m
[1;31m--- 3 messages ropped ---
[0m[00:00:05.981,000] [1;31m<err> dac_mcux_lpdac: unsupported value 5281604[0m
[1;31m--- 3 mssages dropped ---
[0m[00:00:05.990,000] [0m<inf> oresat_solar2: 5990 5301.250000 2920.000000 15.479650 -127500[0m
[1;31m--- 3 messages dropped ---
[0m[00:00:06.002,000] [0m<inf> oresat_solar2: 6002 5300.00000 2920.000000 15.476000 -1032500[0m
[1;31m-- 3 messages dropped ---
[0m[00:00:06.010,000] [1;31m<err> dc_mcux_lpdac: unsupported value 5281589[0m
1;31m--- 2 messages dropped ---
[0m[00:00:06.015,000] [1;31<err> dac_mcux_lpdac: unsupported value 528158[0m
[1;31m--- 2 messages dropped ---
[0m[00:00:06.027,000] [1;31m<err> dac_mcux_lpdac: unsupported valu 5281580[0m
[1;31m--- 3 messages dropped ---
[0m[00:00:06.038,000] [1;31m<err> dac_mcux_lpdac: unsuppored value 5281574[0m
[1;31m--- 3 messages drpped ---
[0m[00:00:06.049,000] [1;31m<err> dac_mcux_lpdac: nsupported value 5281568[0m
[1;31m--- 3 mesages dropped ---
[0m[00:00:06.061,000] [1;31m<err> dac_mcux_lpdac: unsupported value 5281561[0m
[1;31m-- 2 messages dropped ---
[0m[00:00:06.067,000] [1;31m<err> dac_mcux_lpdac: unsupported value 5281558[0m
[1;31m--- 3 messages dropped ---
[0m[00:00:06.082,000] [0m<inf> oresat_solar2: 6082 5298.750000 2900.00000 15.366375 -1067500[0m
[1;31m--- 3 messagesdropped ---
[0m[00:00:06.093,000] [0m<inf> oresat_solar2: 693 5298.750000 2920.000000 15.472350 -10725000m
[1;31m--- 3 messages dropped ---
[0m[00:00:06.104,000] [0m<inf> oresat_solar2: 6104 5298.750000 2920.00000 15.472350 -1077500[0m
[1;31m--- 4 messages dropped ---
[0m[00:00:06.118,000] [1;31m<err> dac_mcuxlpdac: unsupported value 5281531[0m
[1;31m--- 2 messages dropped ---
[0m[00:00:06.127,000] [0m<inf> oreat_solar2: 6127 5300.000000 2900.000000 15.37000 -1087500[0m
[1;31m--- 4 messages dropped ---
[0m[00:0006.141,000] [1;31m<err> dac_mcux_lpdac: unsuported value 5281518[0m
[1;31m--- 1 messages dropped ---
[0m[00:00:06.146,000] [1;31m<err> dac_mcux_lpda: unsupported value 5281515[0m
[1;31m--- 3 messages dropped ---
[0m[00:00:06.158,000] [1;31m<err> dac_mux_lpdac: unsupported value 5281509[0m
[1;3m--- 3 messages dropped ---
[0m[00:00:06.169,000] [1;31m<er> dac_mcux_lpdac: unsupported value 5281503[0
[1;31m--- 1 messages dropped ---
[0m[00:00:06.175,000] [1;31m<err> dac_mcux_lpdac: unsupported value 521500[0m
[1;31m--- 4 messages dropped ---
[0m[00:00:06.186,000] [1;31m<err> dac_mcux_lpdac: unsupported alue 5281494[0m
[1;31m--- 2 messages dropped ---
[0m[00:00:06.198,000] [1;31m<err> dac_mcux_lpdac: unsuported value 5281488[0m
[1;31m--- 2 message dropped ---
[0m[00:00:06.207,000] [0m<inf> oresat_solar2: 207 5298.750000 2920.000000 15.472350 -1122500[0m
[1;31m--- 4 messages dropped ---
[0m[00:00:06.220,000] [1;31m<err> dac_mcux_lpdac: unsupported value5281475[0m
[1;31m--- 2 messages dropped ---
[0m[00:00:06.230,000] [0m<inf> oresat_solar2: 6230 5297.50000 2900.000000 15.362750 -1132500[0m
[1;31m--- 4 messages dropped ---
[0m[00:00:06.243,000] [1;31m<err>dac_mcux_lpdac: unsupported value 5281463[0m[1;31m--- 2 messages dropped ---
[0m[00:00:06.255,000] [1;1m<err> dac_mcux_lpdac: unsupported value 528157[0m
[1;31m--- 2 messages dropped ---
[0m[00:00:06.260,00] [1;31m<err> dac_mcux_lpdac: unsupported vaue 5281454[0m
[1;31m--- 4 messages dropped ---
[0m[00:00:6.272,000] [1;31m<err> dac_mcux_lpdac: unsupprted value 5281448[0m
[1;31m--- 1 messages dropped ---
[0m[00:00:06.283,000] [1;31m<err> dac_mcux_lpdac unsupported value 5281441[0m
[1;31m--- 3 mssages dropped ---
[0m[00:00:06.292,000] [0m<inf> oresat_soar2: 6292 5297.500000 2920.000000 15.468700 -160000[0m
[1;31m--- 4 messages dropped ---
[0m[00:00:06.30,000] [1;31m<err> dac_mcux_lpdac: unsupportedvalue 5281429[0m
[1;31m--- 2 messages dropped ---
[0m[00:00:06.315,000] [0m<inf> oresat_solar2: 6315 528.750000 2860.000000 15.154425 -1170000[0m
[1;31m--- 4 messages dropped ---
[0m[00:00:06.329,000] [1;31<err> dac_mcux_lpdac: unsupported value 528141[0m
[1;31m--- 2 messages dropped ---
[0m[00:00:06.338,000 [0m<inf> oresat_solar2: 6338 5300.000000 290.000000 15.370000 -1180000[0m
[1;31m--- 3 messages dropped --
[0m[00:00:06.346,000] [1;31m<err> dac_mcx_lpdac: unsupported value 5281408[0m
[1;31m--- 3 messages dropped ---
[0m[00:00:06.357,000] [1;31m<err dac_mcux_lpdac: unsupported value 5281401[0m
[1;31m--- 2 messages dropped ---
[0m[00:00:06.369,000] [131m<err> dac_mcux_lpdac: unsupported value 528395[0m
[1;31m--- 3 messages dropped ---
[0m[00:00:06.380,00] [1;31m<err> dac_mcux_lpdac: unsupported vlue 5281389[0m
[1;31m--- 3 messages dropped ---
[0m[00:0006.391,000] [1;31m<err> dac_mcux_lpdac: unsuported value 5281383[0m
[1;31m--- 2 messages dropped ---
[0m[00:00:06.401,000] [0m<inf> oresat_solar2: 601 5298.750000 2900.000000 15.366375 -1207500[0m
[1;31m--- 4 messages dropped ---
[0m[00:00:06.412,000] [0m<inf> oresat_solar2: 6412 5297.500000 2960.00000 15.680600 -1212500[0m
[1;31m--- 3 messages dropped --
[0m[00:00:06.426,000] [1;31m<err> dac_mcuxlpdac: unsupported value 5281365[0m
[1;31m--- 2 messages drpped ---
[0m[00:00:06.435,000] [0m<inf> oreat_solar2: 6435 5298.750000 2900.000000 15.366375 -1222500[0m
[1;31m--- 3 messages dropped ---
[0m[00:0006.446,000] [0m<inf> oresat_solar2: 6446 5300.000000 2920.000000 15.476000 -1227500[0m
[1;31m--- 4 messags dropped ---
[0m[00:00:06.458,000] [0m<inf> oresat_solar2: 6458 5300.000000 2960.000000 15.688000 -123250[0m
[1;31m--- 4 messages dropped ---
[0m[0:00:06.471,000] [1;31m<err> dac_mcux_lpdac: unsupported value 5281340[0m
[1;31m--- 2 messages dropped --
[0m[00:00:06.483,000] [1;31m<err> dac_mcux_lpdac: unsupported value 5281334[0m
[1;31m--- 2 messages drpped ---
[0m[00:00:06.492,000] [0m<inf> oresat_solar2: 6492 5300.000000 2920.000000 15.476000 -1247500[0m
[1;31m--- 3 messages dropped ---
[0m[00:00:06.503,000] [0m<inf> oresat_solar2: 6503 5297.500000 2920.00000 15.468700 -1252500[0m
[1;31m--- 3 messags dropped ---
[0m[00:00:06.515,000] [0m<inf> oresat_solar2:6515 5298.750000 2880.000000 15.260400 -125750[0m
[1;31m--- 3 messages dropped ---
[0m[00:00:06.526,000] [0m<inf> oresat_solar2: 6526 5300.000000 296.000000 15.688000 -1262500[0m
[1;31m--- 3 messages dropped ---
[0m[00:00:06.538,000] [0m<inf> oresat_soar2: 6538 5297.500000 2900.000000 15.362750 -1267500[0m
[1;31m--- 4 messages dropped ---
[0m[00:00:06.54,000] [0m<inf> oresat_solar2: 6549 5297.50000 2960.000000 15.680600 -1272500[0m
[1;31m--- 3 messages droped ---
[0m[00:00:06.562,000] [1;31m<err> dc_mcux_lpdac: unsupported value 5281291[0m
[1;31m--- 2 messges dropped ---
[0m[00:00:06.572,000] [0m<if> oresat_solar2: 6572 5298.750000 2900.000000 15.366375 -1282500[0m
[1;31m--- 3 messages dropped ---
[0[00:00:06.583,000] [0m<inf> oresat_solar2: 6583 5300.000000 2860.000000 15.158000 -1287500[0m
[1;31m--- 4messages dropped ---
[0m[00:00:06.597,000] [1;31m<err> dac_mcux_lpdac: unsupported value 5281272[0m
[1;1m--- 3 messages dropped ---
[0m[00:00:06.60,000] [1;31m<err> dac_mcux_lpdac: unsupported value 5281266[m
[1;31m--- 2 messages dropped ---
[0m[00:0:06.619,000] [1;31m<err> dac_mcux_lpdac: unsupported value 581260[0m
[1;31m--- 3 messages dropped ---
[0m[00:00:06.629,000] [0m<inf> oresat_solar2: 6629 5300.000000 2880.000000 15.264000 -1307500[0m
[1;31m-- 3 messages dropped ---
[0m[00:00:06.642,000] [1;31m<err> dac_mcux_lpdac: unsupported value 5281248[0m
1;31m--- 2 messages dropped ---
[0m[00:00:06648,000] [1;31m<err> dac_mcux_lpdac: unsupported value 528124[0m
[1;31m--- 3 messages dropped ---
[0m[0:00:06.657,000] [0m<inf> oresat_solar2: 6657 5297.500000 288.000000 15.256800 -1320000[0m
[1;31m--- 2 mssages dropped ---
[0m[00:00:06.671,000] [1;31m<err> dac_mcx_lpdac: unsupported value 5281232[0m
[1;31--- 2 messages dropped ---
[0m[00:00:06.676,000] [1;31m<err dac_mcux_lpdac: unsupported value 5281229[0m
[1;31m--- 4 messages dropped ---
[0m[00:00:06.688,000] [1;31m<err> dac_mcux_lpdac: unsupported value 528223[0m
[1;31m--- 2 messages dropped ---
[0m[00:00:06.699,000] [1;31m<err> dac_mcux_lpdac: unsupported vlue 5281217[0m
[1;31m--- 3 messages dropped---
[0m[00:00:06.709,000] [0m<inf> oresat_solar2: 6709 5298750000 2920.000000 15.472350 -1342500[0m
[131m--- 3 messages dropped ---
[0m[00:00:06.720,000] [0m<inf> oresat_solar2: 6720 5298.750000 2880.000000 1.260400 -1347500[0m
[1;31m--- 3 messages dropped ---
[0m[00:00:06.731,000] [0m<inf> oresat_solar2: 67315297.500000 2960.000000 15.680600 -1352500[0m
[1;31m--- 3 messages dropped ---
[0m[00:00:06.745,000] [131m<err> dac_mcux_lpdac: unsupported value 5281192[0m
[1;31m--- 3 messages dropped ---
[0m[00:00:06.756,00] [1;31m<err> dac_mcux_lpdac: unsupported vlue 5281186[0m
[1;31m--- 2 messages dropped ---
[0m[00:00:06.762,000] [1;31m<err> dac_mcux_lpdac: unsuported value 5281183[0m
[1;31m--- 3 messages dropped ---
[0m[00:00:06.777,000] [0m<inf> oresat_solar2: 677 5298.750000 2960.000000 15.684300 -1372500[0m
[1;31m--- 3 messages dropped ---
[0m[00:00:06.788,000] [0m<inf> oresat_solar2: 6788 5298.750000 2880.000000 15.260400 -1377500[0m
[1;31m--- 3 messages dropped --
[0m[00:00:06.800,000] [0m<inf> oresat_sola2: 6800 5300.000000 2880.000000 15.264000 -1382500[0m
[1;31--- 4 messages dropped ---
[0m[00:00:06.811,00] [0m<inf> oresat_solar2: 6811 5297.500000 2880.000000 15.26800 -1387500[0m
[1;31m--- 3 messages droppd ---
[0m[00:00:06.825,000] [1;31m<err> dac_mcux_lpdac: unsupported value 5281149[0m
[1;31m--- 3 messags dropped ---
[0m[00:00:06.834,000] [0m<inf> oresat_solar2: 6834 5298.750000 2880.000000 15.260400 -139750[0m
[1;31m--- 2 messages dropped ---
[0m[00:00:06.845,000] [0m<inf> oresat_solar2: 6845 5297.500000 290.000000 15.362750 -1402500[0m
[1;31m--- 4 mssages dropped ---
[0m[00:00:06.857,000] [0m<inf> oresat_soar2: 6857 5297.500000 2960.000000 15.680600 -107500[0m
[1;31m--- 2 messages dropped ---
[0m[00:00:06.86,000] [0m<inf> oresat_solar2: 6868 5298.75000 2900.000000 15.366375 -1412500[0m
[1;31m--- 3 messages dropped ---
[0m[00:00:06.880,000] [0m<inf> orest_solar2: 6880 5297.500000 2920.000000 15.468700 -1417500[0m
[1;31m--- 3 messages dropped ---
[0m[00:00:6.891,000] [0m<inf> oresat_solar2: 6891 5297.500000 2920.000000 15.468700 -1422500[0m
[1;31m--- 3 message dropped ---
[0m[00:00:06.902,000] [0m<inf> oresat_solar2: 6902 5297.500000 2900.000000 15.362750 -1427500[0m
[1;31m--- 3 messages dropped ---
[0m[0:00:06.916,000] [1;31m<err> dac_mcux_lpdac: unsupported value5281100[0m
[1;31m--- 3 messages dropped ---
[0m[00:00:06.925,000] [0m<inf> oresat_solar2: 6925 5298.75000 2900.000000 15.366375 -1437500[0m
[1;31m-- 3 messages dropped ---
[0m[00:00:06.937,000] [0m<inf> oresat_solar2: 6937 5298.750000 2920.000000 15.47350 -1442500[0m
[1;31m--- 3 messages dropped ---
[0m[00:0:06.950,000] [1;31m<err> dac_mcux_lpdac: unsuported value 5281082[0m
[1;31m--- 3 messages dropped ---
[0m[00:00:06.956,000] [1;31m<err> dac_mcux_lpdc: unsupported value 5281079[0m
[1;31m--- 2 messages dropped ---
[0m[00:00:06.967,000] [1;31m<err> dac_cux_lpdac: unsupported value 5281072[0m
[1;1m--- 3 messages dropped ---
[0m[00:00:06.979,000] [1;31m<er> dac_mcux_lpdac: unsupported value 5281066[m
[1;31m--- 3 messages dropped ---
[0m[00:00:06.990,000] 1;31m<err> dac_mcux_lpdac: unsupported value 581060[0m
[1;31m--- 3 messages dropped ---
[0m[00:00:07.00,000] [1;31m<err> dac_mcux_lpdac: unsupportedvalue 5281054[0m
[1;31m--- 3 messages dropped ---
[0m[00:00:07.007,000] [1;31m<err> dac_mcux_lpdac: unspported value 5281051[0m
[1;31m--- 2 messages dropped ---
[0m[00:00:07.016,000] [0m<inf> oresat_solar2:7016 5301.250000 2900.000000 15.373625 -1477500[0m
[1;31m--- 3 messages dropped ---
[0m[00:00:07.028,000 [0m<inf> oresat_solar2: 7028 5300.000000 288.000000 15.264000 -1482500[0m
[1;31m--- 3 messages dropped --
[0m[00:00:07.039,000] [0m<inf> oresat_soar2: 7039 5300.000000 2920.000000 15.476000 -1487500[0m
[1;1m--- 4 messages dropped ---
[0m[00:00:07.05,000] [1;31m<err> dac_mcux_lpdac: unsupported value 5281026[m
[1;31m--- 2 messages dropped ---
[0m[00:0:07.062,000] [0m<inf> oresat_solar2: 7062 528.750000 2880.000000 15.260400 -1497500[0m
[1;31m--- 4 messges dropped ---
[0m[00:00:07.079,000] [0m<if> oresat_solar2: 7079 5298.750000 2900.000000 15.366375 -150500[0m
[1;31m--- 4 messages dropped ---
[0[00:00:07.093,000] [1;31m<err> dac_mcux_lpdac: unsupported value 5281005[0m
[1;31m--- 4 messages dropped --
[0m[00:00:07.104,000] [1;31m<err> dac_mcx_lpdac: unsupported value 5280999[0m
[1;31m--- 1 messages ropped ---
[0m[00:00:07.113,000] [0m<inf> oesat_solar2: 7113 5301.250000 2900.000000 15.373625 -1520000[m
[1;31m--- 3 messages dropped ---
[0m[00:0:07.127,000] [1;31m<err> dac_mcux_lpdac: unsupported value 5280986[0m
[1;31m--- 4 messages dropped ---
[0m[00:00:07.136,000] [0m<inf> oresat_solar2: 7136 5300.000000 2920.000000 15.476000 -1530000[0m
[1;31m-- 2 messages dropped ---
[0m[00:00:07.150,000] [1;31m<err> dac_mcux_lpdac: unsupported value 5280974[0m
1;31m--- 4 messages dropped ---
[0m[00:00:07161,000] [1;31m<err> dac_mcux_lpdac: unsupported value 528096[0m
[1;31m--- 2 messages dropped ---
[0m[0:00:07.167,000] [1;31m<err> dac_mcux_lpdac: unsupported valu 5280965[0m
[1;31m--- 3 messages dropped --
[0m[00:00:07.182,000] [0m<inf> oresat_solar2: 7182 5300.00000 2920.000000 15.476000 -1550000[0m
[1;31--- 4 messages dropped ---
[0m[00:00:07.195,000] [1;31m<err> dac_mcux_lpdac: unsupported value 5280949[0m
[1;31m--- 3 messages dropped ---
[0m[00:00:07.207,000] [1;31m<err> dac_mcux_lpdac: unsupported value 528943[0m
[1;31m--- 2 messages dropped ---
[m[00:00:07.218,000] [1;31m<err> dac_mcux_lpdac: unsupported vlue 5280937[0m
[1;31m--- 3 messages dropped---
[0m[00:00:07.227,000] [0m<inf> oresat_solar2: 7227 5300000000 2900.000000 15.370000 -1570000[0m
[131m--- 3 messages dropped ---
[0m[00:00:07.239,000] [0m<inf> oresat_solar2: 7239 5300.000000 2920.000000 1.476000 -1575000[0m
[1;31m--- 3 messages dropped ---
[0m[00:00:07.252,000] [1;31m<err> dac_mcux_lpdac: nsupported value 5280919[0m
[1;31m--- 3 messages dropped ---
[0m[00:00:07.261,000] [0m<inf> oresat_sola2: 7261 5297.500000 2960.000000 15.680600 -158000[0m
[1;31m--- 3 messages dropped ---
[0m[00:00:07.275,00] [1;31m<err> dac_mcux_lpdac: unsupported vlue 5280906[0m
[1;31m--- 3 messages dropped ---
[0m[00:0007.281,000] [1;31m<err> dac_mcux_lpdac: unsuported value 5280903[0m
[1;31m--- 2 messages dropped ---
[0m[00:00:07.292,000] [1;31m<err> dac_mcux_lpda: unsupported value 5280897[0m
[1;31m--- 2 messages dropped ---
[0m[00:00:07.303,000] [1;31m<err> dac_mux_lpdac: unsupported value 5280891[0m
[1;31m--- 3 messages dropped ---
[0m[00:00:07.313,000] [0m<inf> resat_solar2: 7313 5298.750000 2960.000000 15.84300 -1607500[0m
[1;31m--- 3 messages dropped ---
[0m[0000:07.326,000] [1;31m<err> dac_mcux_lpdac: unupported value 5280879[0m
[1;31m--- 3 messages dropped ---[0m[00:00:07.336,000] [0m<inf> oresat_solar2 7336 5298.750000 2920.000000 15.472350 -1617500[0m
[1;31m-- 3 messages dropped ---
[0m[00:00:07.347,00] [0m<inf> oresat_solar2: 7347 5298.750000 2960.000000 15.684300 -1622500[0m
[1;31m--- 3 messages dropped---
[0m[00:00:07.360,000] [1;31m<err> dac_mcux_lpdac: unsupported value 5280860[0m
[1;31m--- 3 messagesdropped ---
[0m[00:00:07.370,000] [0m<inf> oresat_solar2: 7370 5298.750000 2960.000000 15.684300 -16325000m
[1;31m--- 3 messages dropped ---
[0m[0000:07.381,000] [0m<inf> oresat_solar2: 7381 5300.000000 2920.00000 15.476000 -1637500[0m
[1;31m--- 3 mesages dropped ---
[0m[00:00:07.393,000] [0m<inf> oresat_sola2: 7393 5298.750000 2900.000000 15.366375 -164500[0m
[1;31m--- 3 messages dropped ---
[0m[00:00:07.406,000] [1;31m<err> dac_mcux_lpdac: unsupported vlue 5280836[0m
[1;31m--- 4 messages dropped ---
[0m[00:00:07.417,000] [1;31m<err> dac_mcux_lpdac: unsuported value 5280830[0m
[1;31m--- 2 messages dropped ---
[0m[00:00:07.427,000] [0m<inf> oresat_solar2: 727 5298.750000 2880.000000 15.260400 -16575000m
[1;31m--- 4 messages dropped ---
[0m[00:00:07.438,000] [0m<inf> oresat_solar2: 7438 5298.750000 2960.00000 15.684300 -1662500[0m
[1;31m--- 3 messages dropped --
[0m[00:00:07.450,000] [0m<inf> oresat_sola2: 7450 5298.750000 2980.000000 15.790275 -1667500[0m
[1;31m--- 3 messages dropped ---
[0m[00:00:07.461,00] [0m<inf> oresat_solar2: 7461 5297.500000 2900.000000 15.362750 -1672500[0m
[1;31m--- 3 messages droppd ---
[0m[00:00:07.472,000] [0m<inf> oresat_solar2: 7472 5298.750000 2900.000000 15.366375 -1677500[0m
1;31m--- 3 messages dropped ---
[0m[00:00:07484,000] [0m<inf> oresat_solar2: 7484 5300.000000 2900.00000015.370000 -1682500[0m
[1;31m--- 3 messages ropped ---
[0m[00:00:07.497,000] [1;31m<err> dac_mcux_lpdac unsupported value 5280786[0m
[1;31m--- 2 mssages dropped ---
[0m[00:00:07.507,000] [0m<inf> oresat_soar2: 7507 5298.750000 2920.000000 15.472350 -192500[0m
[1;31m--- 3 messages dropped ---
[0m[00:00:07.518,000] [0m<inf> oresat_solar2: 7518 5298.75000 2920.000000 15.472350 -1697500[0m
[1;31m--- 3 messages dropped ---
[0m[00:00:07.529,000] [0m<inf> orest_solar2: 7529 5298.750000 2920.000000 15.47230 -1702500[0m
[1;31m--- 3 messages dropped ---
[0m[00:00:7.541,000] [0m<inf> oresat_solar2: 7541 5298.50000 2960.000000 15.684300 -1707500[0m
[1;31m--- 3 message dropped ---
[0m[00:00:07.552,000] [0m<inf>oresat_solar2: 7552 5297.500000 2960.000000 15.680600 -1712500[0m
[1;31m--- 3 messages dropped ---
[0m[0:00:07.566,000] [1;31m<err> dac_mcux_lpdac: unsupported value 5280750[0m
[1;31m--- 4 messages dropped ---
[0m[00:00:07.577,000] [1;31m<err> dac_mcux_lpdac: unsupported value 5280743[0m
[1;31m--- 3 messages droped ---
[0m[00:00:07.588,000] [1;31m<err> dc_mcux_lpdac: unsupported value 5280737[0m
[1;31m--- 1 messges dropped ---
[0m[00:00:07.594,000] [1;31<err> dac_mcux_lpdac: unsupported value 5280734[0m
[1;31m-- 3 messages dropped ---
[0m[00:00:07.609,000 [0m<inf> oresat_solar2: 7609 5298.750000 2960.000000 15.68430 -1737500[0m
[1;31m--- 4 messages dropped --
[0m[00:00:07.621,000] [0m<inf> oresat_solar2: 7621 5297.500000 2900.000000 15.362750 -1742500[0m
[1;1m--- 4 messages dropped ---
[0m[00:00:07.634,000] [1;31m<err> dac_mcux_lpdac: unsupported value 5280713[m
[1;31m--- 2 messages dropped ---
[0m[00:00:07.645,000] [1;31m<err> dac_mcux_lpdac: unsupported value 580707[0m
[1;31m--- 2 messages dropped ---
[0m[00:00:07.651,000] [1;31m<err> dac_mcux_lpdac: unsupportedvalue 5280703[0m
[1;31m--- 2 messages droppd ---
[0m[00:00:07.660,000] [0m<inf> oresat_solar2: 7660 527.500000 2960.000000 15.680600 -1760000[0m
1;31m--- 3 messages dropped ---
[0m[00:00:07.672,000] [0m<inf> oresat_solar2: 7672 5297.500000 2960.00000015.680600 -1765000[0m
[1;31m--- 4 messages dropped ---
[0m[00:00:07.685,000] [1;31m<err> dac_mcux_lpdac unsupported value 5280685[0m
[1;31m--- 3 messages dropped ---
[0m[00:00:07.697,000] [1;31m<err> dac_mcx_lpdac: unsupported value 5280679[0m
[1;31--- 1 messages dropped ---
[0m[00:00:07.702,000] [1;31m<err dac_mcux_lpdac: unsupported value 5280676[0m
[1;31m--- 3 messages dropped ---
[0m[00:00:07.714,000] [131m<err> dac_mcux_lpdac: unsupported value 528670[0m
[1;31m--- 3 messages dropped ---
[0m[00:00:07.725,00] [1;31m<err> dac_mcux_lpdac: unsupported vlue 5280663[0m
[1;31m--- 3 messages dropped ---
[0m[00:00:07.735,000] [0m<inf> oresat_solar2: 7735 5298750000 2960.000000 15.684300 -1792500[0m
[1;31m--- 3 messages dropped ---
[0m[00:00:07.746,000] [0m<inf oresat_solar2: 7746 5298.750000 2860.000000 1.154425 -1797500[0m
[1;31m--- 3 messages dropped ---
[0m[0:00:07.759,000] [1;31m<err> dac_mcux_lpdac: nsupported value 5280645[0m
[1;31m--- 3 messages dropped ---
[0m[00:00:07.771,000] [1;31m<err> dac_mcuxlpdac: unsupported value 5280639[0m
[1;31m--- 2 messages dropped ---
[0m[00:00:07.780,000] [0m<inf> oreat_solar2: 7780 5300.000000 2900.000000 15.370000 -1812500[0m
[1;31m--- 4 messages dropped ---
[0m[00:0007.792,000] [0m<inf> oresat_solar2: 7792 5298.750000 2920.000000 15.472350 -1817500[0m
[1;31m--- 3 messags dropped ---
[0m[00:00:07.805,000] [1;31m<rr> dac_mcux_lpdac: unsupported value 5280620[0m
[1;31m---  messages dropped ---
[0m[00:00:07.811,000] [1;31m<err> dac_mcux_lpdac: unsupported value 5280617[0m
[1;31m--- 2 messages dropped ---
[0m[00:00:07.82,000] [1;31m<err> dac_mcux_lpdac: unsupported value 5280611[0m
[1;31m--- 3 messages dropped ---
[0m[0000:07.834,000] [1;31m<err> dac_mcux_lpdac: unsupported value 5280605[0m
[1;31m--- 3 messages dropped ---[0m[00:00:07.843,000] [0m<inf> oresat_solar2: 7843 5300.000000 2900.000000 15.370000 -1840000[0m
[1;31m-- 3 messages dropped ---
[0m[00:00:07.854,00] [0m<inf> oresat_solar2: 7854 5297.500000 2860.000000 15.15050 -1845000[0m
[1;31m--- 2 messages dropped---
[0m[00:00:07.866,000] [0m<inf> oresat_solar2: 7866 5298750000 2880.000000 15.260400 -1850000[0m
[131m--- 3 messages dropped ---
[0m[00:00:07.879,000] [1;31m<rr> dac_mcux_lpdac: unsupported value 52805800m
[1;31m--- 4 messages dropped ---
[0m[00:00:07.891,000] [1;31m<err> dac_mcux_lpdac: unsupported value 280574[0m
[1;31m--- 2 messages dropped ---
[0m[00:00:07.896,000] [1;31m<err> dac_mcux_lpdac: unsupporte value 5280571[0m
[1;31m--- 2 messages droped ---
[0m[00:00:07.908,000] [1;31m<err> dac_mcux_lpdac: unupported value 5280565[0m
[1;31m--- 3 messaes dropped ---
[0m[00:00:07.919,000] [1;31m<err> dac_mcux_ldac: unsupported value 5280559[0m
[1;31m---3 messages dropped ---
[0m[00:00:07.930,000] [1;31m<err> dac_mcux_lpdac: unsupported value 5280553[0m
[;31m--- 3 messages dropped ---
[0m[00:00:07.942,000] [1;31m<err> dac_mcux_lpdac: unsupported value 5280547[0m
[1;31m--- 1 messages dropped ---
[0m[00:00:07.948,000] [1;31m<err> dac_mcux_lpdac: unsupported value5280544[0m
[1;31m--- 3 messages dropped ---
[0m[00:00:07.959,000] [1;31m<err> dac_mcux_lpdac: unsupportd value 5280537[0m
[1;31m--- 3 messages droped ---
[0m[00:00:07.970,000] [1;31m<err> dac_mcux_lpdac: usupported value 5280531[0m
[1;31m--- 3 messges dropped ---
[0m[00:00:07.980,000] [0m<inf> oresat_solar2: 7980 5298.750000 2920.000000 15.472350 -190000[0m
[1;31m--- 3 messages dropped ---
[0m[00:00:07.993,000] [1;31m<err> dac_mcux_lpdac: unsupported vaue 5280519[0m
[1;31m--- 3 messages dropped --
[0m[00:00:08.002,000] [0m<dbg> oresat_blink: handle_blin: The light is blinking![0m
[1;31m--- 3 mesages dropped ---
[0m[00:00:08.014,000] [0m<inf> oresat_sola2: 8014 5296.250000 2900.000000 15.359125 -191000[0m
[1;31m--- 3 messages dropped ---
[0m[00:00:08.025,000] [0m<inf> oresat_solar2: 8025 5297.500000 960.000000 15.680600 -1920000[0m
[1;31m--- 3 messages dropped ---
[0m[00:00:08.037,000] [0m<inf> oresatsolar2: 8037 5298.750000 2960.000000 15.684300 -1925000[0m
[1;31m--- 4 messages dropped ---
[0m[00:00:08048,000] [0m<inf> oresat_solar2: 8048 5297.50000 2920.000000 15.468700 -1930000[0m
[1;31m--- 3 messages dropped ---
[0m[00:00:08.059,000] [0m<inf> oesat_solar2: 8059 5296.250000 2920.000000 15.465050 -1935000[m
[1;31m--- 2 messages dropped ---
[0m[00:0:08.073,000] [1;31m<err> dac_mcux_lpdac: unsupported value 5280476[0m
[1;31m--- 4 messages dropped ---
[0m[00:00:08.084,000] [1;31m<err> dac_mcux_lpdac: unsupported value 5280470[0m
[1;31m--- 3 messages droppd ---
[0m[00:00:08.094,000] [0m<inf> oresat_solar2: 8094 5296.250000 2880.000000 15.253200 -1950000[0m
1;31m--- 3 messages dropped ---
[0m[00:00:08107,000] [1;31m<err> dac_mcux_lpdac: unsupported value 528045[0m
[1;31m--- 1 messages dropped ---
[0m[0:00:08.113,000] [1;31m<err> dac_mcux_lpdac: unsupported value 5280454[0m
[1;31m--- 3 messages dropped --
[0m[00:00:08.124,000] [1;31m<err> dac_mcux_lpdac: unsuppored value 5280448[0m
[1;31m--- 3 messages drpped ---
[0m[00:00:08.136,000] [1;31m<err> dac_mcux_lpdac: unsupported value 5280442[0m
[1;31m--- 3 mesages dropped ---
[0m[00:00:08.147,000] [1;3m<err> dac_mcux_lpdac: unsupported value 5280436[0m
[1;31m-- 2 messages dropped ---
[0m[00:00:08.153,00] [1;31m<err> dac_mcux_lpdac: unsupported value 5280433[0m
[1;31m--- 3 messages dropped ---
[0m[00:00:0.164,000] [1;31m<err> dac_mcux_lpdac: unsupported value 5280427[0m
[1;31m--- 2 messages dropped ---
[0m00:00:08.179,000] [0m<inf> oresat_solar2: 8179 5296.250000 2920.000000 15.465050 -1987500[0m
[1;31m--- 4 essages dropped ---
[0m[00:00:08.187,000] [1;31m<err> dac_mcux_lpdac: unsupported value 5280414[0m
[1;3m--- 2 messages dropped ---
[0m[00:00:08.202000] [0m<inf> oresat_solar2: 8202 5296.250000 2920.000000 15.65050 -1997500[0m
[1;31m--- 3 messages droped ---
[0m[00:00:08.210,000] [1;31m<err> dac_mcux_lpdac: unupported value 5280402[0m
[1;31m--- 3 messaes dropped ---
[0m[00:00:08.219,000] [0m<inf> oresat_solar2: 8219 5297.500000 2960.000000 15.680600 -200500[0m
[1;31m--- 3 messages dropped ---
[0m[00:00:08.230,000] [0m<inf> oresat_solar2: 8230 5295.000000 290.000000 15.461400 -2010000[0m
[1;31m--- 2 essages dropped ---
[0m[00:00:08.244,000] [1;31m<err> dac_mux_lpdac: unsupported value 5280384[0m
[1;3m--- 4 messages dropped ---
[0m[00:00:08.253,000] [0m<inf> resat_solar2: 8253 5296.250000 2900.000000 15.59125 -2020000[0m
[1;31m--- 3 messages dropped ---
[0m[0000:08.265,000] [0m<inf> oresat_solar2: 8265 597.500000 2900.000000 15.362750 -2025000[0m
[1;31m--- 2 messages dropped ---
[0m[00:00:08.276,000] [0m<nf> oresat_solar2: 8276 5297.500000 2920.000000 15.468700 -2030000[0m
[1;31m--- 3 messages dropped ---
[m[00:00:08.290,000] [1;31m<err> dac_mcux_lpda: unsupported value 5280359[0m
[1;31m--- 4 messages dropped---
[0m[00:00:08.299,000] [0m<inf> oresat_slar2: 8299 5295.000000 2920.000000 15.461400 -2040000[0m
[1;31m--- 2 messages dropped ---
[0m[00:00:08.30,000] [0m<inf> oresat_solar2: 8310 5297.500000 2880.000000 15.256800 -2045000[0m
[1;31m--- 3 messages drpped ---
[0m[00:00:08.322,000] [0m<inf> oresat_solar2: 8322 5296.250000 2900.000000 15.359125 -2050000[0m
[1;31m--- 3 messages dropped ---
[0m[00:0008.333,000] [0m<inf> oresat_solar2: 8333 5295.000000 2920.00000 15.461400 -2055000[0m
[1;31m--- 3 messags dropped ---
[0m[00:00:08.347,000] [1;31m<err> dac_mcux_lpac: unsupported value 5280328[0m
[1;31m---  messages dropped ---
[0m[00:00:08.356,000] [0m<inf> oresat_solar2: 8356 5296.250000 2960.000000 15.676900-2065000[0m
[1;31m--- 3 messages dropped ---
[0m[00:00:08.367,000] [0m<inf> oresat_solar2: 8367 5296.25000 2960.000000 15.676900 -2070000[0m
[1;31m--- 3 messages dropped ---
[0m[00:00:08.381,000] [1;31m<err dac_mcux_lpdac: unsupported value 5280310[0m
[1;31m--- 3 messages dropped ---
[0m[00:00:08.390,000] [0<inf> oresat_solar2: 8390 5296.250000 2960.00000 15.676900 -2080000[0m
[1;31m--- 3 messages dropped ---
[0m[00:00:08.401,000] [0m<inf> oresat_solar2:8401 5296.250000 2920.000000 15.465050 -2085000[0m
[1;31m--- 3 messages dropped ---
[0m[00:00:08.413,000 [0m<inf> oresat_solar2: 8413 5297.500000 2960.000000 15.680600 -2090000[0m
[1;31m--- 3 messages dropped --
[0m[00:00:08.426,000] [1;31m<err> dac_mcx_lpdac: unsupported value 5280285[0m
[1;31m--- 4 messages ropped ---
[0m[00:00:08.436,000] [0m<inf> oesat_solar2: 8436 5296.250000 2880.000000 15.253200 -2100000[0m
[1;31m--- 3 messages dropped ---
[0m[00:0:08.447,000] [0m<inf> oresat_solar2: 8447 5297.500000 2920.000000 15.468700 -2105000[0m
[1;31m--- 3 messges dropped ---
[0m[00:00:08.458,000] [0m<inf> oresat_solar2: 8458 5296.250000 2920.000000 15.465050 -211000[0m
[1;31m--- 3 messages dropped ---
[0m[00:00:08.470,000] [0m<inf> oresat_solar2: 8470 5296.250000 200.000000 15.359125 -2115000[0m
[1;31m--- 3 messages dropped ---
[0m[00:00:08.483,000] [1;31m<err> dac_cux_lpdac: unsupported value 5280254[0m
[1;1m--- 3 messages dropped ---
[0m[00:00:08.493,000] [0m<inf>oresat_solar2: 8493 5293.750000 2900.000000 15351875 -2125000[0m
[1;31m--- 2 messages dropped ---
[0m[0:00:08.506,000] [1;31m<err> dac_mcux_lpdac: usupported value 5280242[0m
[1;31m--- 3 messages dropped ---
[0m[00:00:08.518,000] [1;31m<err> dac_mcux_pdac: unsupported value 5280236[0m
[1;31m--- 2 messages dropped ---
[0m[00:00:08.523,000] [1;31m<err> dc_mcux_lpdac: unsupported value 5280233[0m
[1;31m--- 3 messages dropped ---
[0m[00:00:08.533,000] [0m<if> oresat_solar2: 8533 5297.500000 2880.000000 15.256800 -2142500[0m
[1;31m--- 3 messages dropped ---
[0[00:00:08.544,000] [0m<inf> oresat_solar2: 854 5295.000000 2920.000000 15.461400 -2147500[0m
[1;31m--- 3messages dropped ---
[0m[00:00:08.555,000] 0m<inf> oresat_solar2: 8555 5296.250000 2900.000000 15.359125 2152500[0m
[1;31m--- 4 messages dropped ---
[0m[00:00:08.569,000] [1;31m<err> dac_mcux_lpdac: unsupported value 5280208[0m
[1;31m--- 3 messages droped ---
[0m[00:00:08.580,000] [1;31m<err> dac_mcux_lpdac: unsupported value 5280202[0m
[1;31m--- 1 messges dropped ---
[0m[00:00:08.592,000] [1;31m<err> dac_mcux_lpdac: unsupported value 5280196[0m
[1;31m-- 3 messages dropped ---
[0m[00:00:08.601,000] [0m<inf> oresat_solar2: 8601 5295.000000 2900.000000 15.35550 -2172500[0m
[1;31m--- 4 messages dropped --
[0m[00:00:08.614,000] [1;31m<err> dac_mcux_lpdac: unsupprted value 5280184[0m
[1;31m--- 3 messages ropped ---
[0m[00:00:08.626,000] [1;31m<err> dac_mcux_lpdac unsupported value 5280178[0m
[1;31m--- 1 mssages dropped ---
[0m[00:00:08.632,000] [1;31m<err> dac_mcux_lpdac: unsupported value 5280175[0m
[1;31--- 3 messages dropped ---
[0m[00:00:08.643,000] [1;31m<err> dac_mcux_lpdac: unsupported value 5280168[0m
[1;31m--- 3 messages dropped ---
[0m[00:00:08.654,000] [1;31m<err> dac_mcux_lpdac: unsupported value 528162[0m
[1;31m--- 2 messages dropped ---
[m[00:00:08.664,000] [0m<inf> oresat_solar2: 8664 5297.500000 960.000000 15.680600 -2200000[0m
[1;31m---  messages dropped ---
[0m[00:00:08.675,000] [0m<inf> oresatsolar2: 8675 5293.750000 2860.000000 15.140125-2205000[0m
[1;31m--- 4 messages dropped ---
[0m[00:00:08.689,000] [1;31m<err> dac_mcux_lpdac: unsuppored value 5280144[0m
[1;31m--- 3 messages dropped ---
[0m[00:00:08.698,000] [0m<inf> oresat_solar2: 86985296.250000 2900.000000 15.359125 -2215000[0m
[1;31m--- 2 messages dropped ---
[0m[00:00:08.709,000] [0<inf> oresat_solar2: 8709 5297.500000 2900.00000 15.362750 -2220000[0m
[1;31m--- 3 messages dropped ---
[0m[00:00:08.721,000] [0m<inf> oresat_solar2:8721 5296.250000 2900.000000 15.359125 -2225000[0m
[1;31m-- 3 messages dropped ---
[0m[00:00:08.734,000 [1;31m<err> dac_mcux_lpdac: unsupported value 5280119[0m
[1;31m--- 3 messages dropped ---
[0m[00:00:08746,000] [1;31m<err> dac_mcux_lpdac: unsupported value 5280113[0m
[1;31m--- 2 messages dropped ---
[0m[0:00:08.751,000] [1;31m<err> dac_mcux_lpdac: nsupported value 5280110[0m
[1;31m--- 3 messages dropped --
[0m[00:00:08.763,000] [1;31m<err> dac_mcuxlpdac: unsupported value 5280104[0m
[1;31m--- 2 messages drpped ---
[0m[00:00:08.774,000] [1;31m<err> ac_mcux_lpdac: unsupported value 5280098[0m
[1;31m--- 3 mesages dropped ---
[0m[00:00:08.783,000] [0m<nf> oresat_solar2: 8783 5295.000000 2980.000000 15.779100 -2252500[0m
[1;31m--- 3 messages dropped ---
[m[00:00:08.797,000] [1;31m<err> dac_mcux_lpdac: unsupported value 5280085[0m
[1;31m--- 4 messages dropped---
[0m[00:00:08.806,000] [0m<inf> oresat_solar2: 8806 5296.250000 2980.000000 15.782825 -2262500[0m
[131m--- 3 messages dropped ---
[0m[00:00:08.80,000] [1;31m<err> dac_mcux_lpdac: unsupported value 52800730m
[1;31m--- 2 messages dropped ---
[0m[0000:08.829,000] [0m<inf> oresat_solar2: 8829 5296.250000 2960.00000 15.676900 -2272500[0m
[1;31m--- 3 mesages dropped ---
[0m[00:00:08.840,000] [0m<inf> oresat_solar2: 8840 5295.000000 2920.000000 15.461400 -227500[0m
[1;31m--- 3 messages dropped ---
[0m[00:00:08.852,000] [0m<inf> oresat_solar2: 8852 5296.250000 920.000000 15.465050 -2282500[0m
[1;31m--- 3 messages dropped ---
[0m[00:00:08.865,000] [1;31m<err> dacmì*** Boting Zephyr OS build v4.2.0 ***

[00:00:00.002,000] [0m<inf> oresat_mcxn947_solar: Oresat MCXN947 Solar Bard App
[0m
[00:00:00.002,000] [0m<inf> oresat_blink: Starting blink demo[0m
[00:00:00.002,000] [0m<dbg oresat_blink: handle_blink: The light is blinking![0m
[00:00:00.002,000] [0m<inf> oresat_solar2: StartingSolar Tracking...[0m
[00:00:00.002,000] [1;1m<err> mcux_lpi2c: SCL GPIO device not ready[0m
[00:00:00.02,000] [0m<inf> oresat_solar2: Starting INA22 reading[0m
[00:00:00.005,000] [0m<inf> oresat_óÿ[00:00:00.000,0ðð[00:00:00.000,00[00:00:00.00,0ü[00úð[00*** Boting Zephyr OS build v4.2.0 ***

[00:00:00.002,000] [0m<in> oresat_mcxn947_solar: Oresat MCXN947 Solar Bard App
[0m
[00:00:00.002,000] [0m<inf> oresat_blink: Startng blink demo[0m
[00:00:00.002,000] [0m<dbg oresat_blink: handle_blink: The light is blinking![0m
[00:00:00.002,000] [0m<inf> oresat_solar2: StartingSolar Tracking...[0m
[00:00:00.002,000] [1;31m<err> mcux_lpi2c: SCL GPIO device not ready[0m
[00:00:00.02,000] [0m<inf> oresat_solar2: Starting INA22 reading[0m
[00:00:00.005,000] [0m<inf> oresat_solar2: 5 508.750000 -540.000000 -2.726325 1597500[0m
[0:00:00.011,000] [0m<inf> oresat_solar2: 11 5073.750000 80.00000 0.405900 1595000[0m
[00:00:00.017,000] [m<inf> oresat_solar2: 17 5056.250000 80.000000 0.404500 159250[0m
[00:00:00.022,000] [0m<inf> oresat_sola2: 22 5080.000000 60.000000 0.304800 1590000[0m
[00:00:00.028,000] [0m<inf> oresat_solar2: 28 5103.750000 0.000000 0.408300 1587500[0m
[00:00:00.034,000] [0m<inf> oresat_solar2: 34 5125.000000 80.000000 0.410000 585000[0m
[00:00:00.039,000] [0m<inf> oresa_solar2: 39 5142.500000 60.000000 0.308550 1582500[0m
[00:0000.045,000] [0m<inf> oresat_solar2: 45 5160.00000 80.000000 0.412800 1580000[0m
[00:00:00.051,000] [0m<inf> oresat_solar2: 51 5176.250000 80.000000 0.44100 1577500[0m
[00:00:00.057,000] [0m<inf> oresat_solar2: 57 5183.750000 60.000000 0.311025 1575000[0m
00:00:00.062,000] [0m<inf> oresat_solar2: 62 5198.750000 60.000000 0.311925 1572500[0m
[00:00:00.068,000] [0m<inf> oresat_solar2: 68 5207.500000 60.00000 0.312450 1570000[0m
[00:00:00.074,000] [0m<inf> oresat_soar2: 74 5217.500000 60.000000 0.313050 1567500[0m
[00:00:00.079,000] [0m<inf> oresat_solar2: 79 5227.500000 60.000000 0.313650 1565000[0m
[00:00:00.085000] [0m<inf> oresat_solar2: 85 5232.500000 80.000000 0.418600 1562500[0m
[00:00:00.091,000] [0m<inf> oreat_solar2: 91 5240.000000 80.000000 0.419200 160000[0m
[00:00:00.096,000] [0m<inf> oresat_solar2: 96 5246250000 20.000000 0.104925 1557500[0m
[00:00:0.102,000] [0m<inf> oresat_solar2: 102 5253.750000 20.000000 .105075 1555000[0m
[00:00:00.108,000] [0m<if> oresat_solar2: 108 5257.500000 60.000000 0.315450 1552500[0m
[00:00:00.114,000] [0m<inf> oresat_solar2:114 5262.500000 60.000000 0.315750 1550000[0m
[00:00:00.119,000] [0m<inf> oresat_solar2: 119 5268.750000 8.000000 0.421500 1547500[0m
[00:00:00.125,000] [0m<inf> oresat_solar2: 125 5271.250000 60.000000 0.316275 545000[0m
[00:00:00.131,000] [0m<inf> oresa_solar2: 131 5273.750000 60.000000 0.316425 1542500[0m
[00:0:00.136,000] [0m<inf> oresat_solar2: 136 5278750000 20.000000 0.105575 1540000[0m
[00:00:00.142,000] [0m<inf> oresat_solar2: 142 5281.250000 20.000000 .105625 1537500[0m
[00:00:00.148,000] [0m<inf> oresat_solar2: 148 5282.500000 20.000000 0.105650 1535000[m
[00:00:00.153,000] [0m<inf> oresat_solar2: 153 5280.000000 2300.000000 12.144000 1532500[0m
[00:00:00.19,000] [0m<inf> oresat_solar2: 159 5280.00000 3400.000000 17.952000 1530000[0m
[00:00:00.165,000] [0m<inf> oresat_solar2: 165 5285.000000 3280.000000 1.334801 1527500[0m
[00:00:00.171,000] [0m<inf> oresat_solar2: 171 5285.000000 2720.000000 14.375200 152500[0m
[00:00:00.176,000] [0m<inf> oresat_solar2: 176 5287.500000 2680.000000 14.170500 1522500[0m
[00:00:0.182,000] [0m<inf> oresat_solar2: 182 5288.75000 2780.000000 14.702725 1520000[0m
[00:00:00.188,000] [0minf> oresat_solar2: 188 5290.000000 2800.00000 14.812000 1517500[0m
[00:00:00.193,000] [0m<inf> oresat_solar2: 193 5293.750000 2760.000000 14.610750 151000[0m
[00:00:00.199,000] [0m<inf> oresat_solar2: 199 5293.750000 2780.000000 14.716625 1512500[0m
[00:0:00.205,000] [0m<inf> oresat_solar2: 205 5296.250000 2800.000000 14.829500 1510000[0m
[00:00:00.210,000] 0m<inf> oresat_solar2: 210 5298.750000 2800.00000 14.836500 1507500[0m
[00:00:00.216,000] [0m<inf> oresatsolar2: 216 5298.750000 2780.000000 14.730525 505000[0m
[00:00:00.222,000] [0m<inf> oresat_solar2: 222 5298.750000 2800.000000 14.836500 1502500[0m
[0:00:00.228,000] [0m<inf> oresat_solar2: 228 5298.750000 2820.000000 14.942475 1500000[0m
[00:00:00.233,000 [0m<inf> oresat_solar2: 233 5300.000000 2800000000 14.840000 1497500[0m
[00:00:00.239,000] [0m<inf> oreat_solar2: 239 5302.500000 2800.000000 14.84700 1495000[0m
[00:00:00.245,000] [0m<inf> oresat_solar2: 245 5300.000000 2820.000000 14.946000 1492500[0m[00:00:00.250,000] [0m<inf> oresat_solar2: 250 5302.500000 2860.000000 15.165150 1490000[0m
[00:00:00.256,00] [0m<inf> oresat_solar2: 256 5302.500000 280.000000 14.740950 1487500[0m
[00:00:00.262,000] [0m<inf> oresat_solar2: 262 5302.500000 2860.000000 15.15150 1485000[0m
[00:00:00.267,000] [0m<inf> oresat_solar2: 267 5303.750000 2860.000000 15.168725 1482500[m
[00:00:00.273,000] [0m<inf> oresat_solar2: 273 5303.750000 2820.000000 14.956575 1480000[0m
[00:00:00.29,000] [0m<inf> oresat_solar2: 279 5302.50000 2860.000000 15.165150 1477500[0m
[00:00:00.285,000] [0m<in> oresat_solar2: 285 5303.750000 2860.000000 1.168725 1475000[0m
[00:00:00.290,000] [0m<inf> oresat_solar: 290 5306.250000 2860.000000 15.175875 147250[0m
[00:00:00.296,000] [0m<inf> oresat_solar2: 296 5305.000000 2860.000000 15.172300 1470000[0m
[00:00:0.302,000] [0m<inf> oresat_solar2: 302 5306.250000 2860.000000 15.175875 1467500[0m
[00:00:00.307,000] [0minf> oresat_solar2: 307 5303.750000 2900.00000 15.380875 1465000[0m
[00:00:00.313,000] [0m<inf> oresat_soar2: 313 5305.000000 2860.000000 15.172300 146500[0m
[00:00:00.319,000] [0m<inf> oresat_solar2: 319 5307.00000 2900.000000 15.391750 1460000[0m
[00:0:00.324,000] [0m<inf> oresat_solar2: 324 5306.250000 2880.00000 15.282000 1457500[0m
[00:00:00.330,000] 0m<inf> oresat_solar2: 330 5306.250000 2860.000000 15.175875 1455000[0m
[00:00:00.336,000] [0m<inf> oresatsolar2: 336 5308.750000 2860.000000 15.183025 1452500[0m
[00:00:00.342,000] [0m<inf> oresat_solar2: 342 536.250000 2880.000000 15.282000 1450000[0m
[0:00:00.347,000] [0m<inf> oresat_solar2: 347 5306.250000 2860.00000 15.175875 1447500[0m
[00:00:00.353,000 [0m<inf> oresat_solar2: 353 5306.250000 2820.000000 14.963625 1445000[0m
[00:00:00.359,000] [0m<inf> oreat_solar2: 359 5307.500000 2880.000000 15.285600 1442500[0m
[00:00:00.364,000] [0m<inf> oresat_solar2: 3645306.250000 2860.000000 15.175875 1440000[0m
[00:00:00.370,000] [0m<inf> oresat_solar2: 370 5306.250000 280.000000 15.282000 1437500[0m
[00:00:00.376,00] [0m<inf> oresat_solar2: 376 5307.500000 2860.000000 15.17450 1435000[0m
[00:00:00.381,000] [0m<inf> resat_solar2: 381 5306.250000 2900.000000 15.388125 1432500[0
[00:00:00.387,000] [0m<inf> oresat_solar2: 87 5306.250000 2920.000000 15.494250 1430000[0m
[00:00:00.39,000] [0m<inf> oresat_solar2: 393 5307.5000002860.000000 15.179450 1427500[0m
[00:00:00.399,000] [0m<inf> oresat_solar2: 399 5308.750000 2920.000000 15501550 1425000[0m
[00:00:00.404,000] [0m<inf> oresat_solar2: 404 5307.500000 2880.000000 15.285600 1422500[0m
[00:00:00.410,000] [0m<inf> oresat_solar: 410 5307.500000 2880.000000 15.285600 1420000[0m
[00:00:00416,000] [0m<inf> oresat_solar2: 416 5307.50000 2860.000000 15.179450 1417500[0m
[00:00:00.421,000] [0m<nf> oresat_solar2: 421 5307.500000 2880.00000015.285600 1415000[0m
[00:00:00.427,000] [0m<inf> oresat_solar2: 427 5307.500000 2880.000000 15.285600 141200[0m
[00:00:00.433,000] [0m<inf> oresat_solar2: 433 5306.250000 2880.000000 15.282000 1410000[0m
[00:0000.438,000] [0m<inf> oresat_solar2: 438 5307.500000 2900.000000 15.391750 1407500[0m
[00:00:00.444,000] [m<inf> oresat_solar2: 444 5307.500000 2900.00000 15.391750 1405000[0m
[00:00:00.450,000] [0m<inf> oresat_olar2: 450 5308.750000 2860.000000 15.183025 102500[0m
[00:00:00.456,000] [0m<inf> oresat_solar2: 456 5306.250000 2860.000000 15.175875 1400000[0m
[0000:00.461,000] [0m<inf> oresat_solar2: 461 5307.500000 2860.000000 15.179450 1397500[0m
[00:00:00.467,000][0m<inf> oresat_solar2: 467 5308.750000 2860.000000 15.183025 1395000[0m
[00:00:00.473,000] [0m<inf> orest_solar2: 473 5306.250000 2900.000000 15.38812 1392500[0m
[00:00:00.478,000] [0m<inf> oresat_solar2: 478 307.500000 2880.000000 15.285600 1390000[0m
00:00:00.484,000] [0m<inf> oresat_solar2: 484 5307.500000 2900.000000 15.391750 1387500[0m
[00:00:00.490,00] [0m<inf> oresat_solar2: 490 5306.250000 2880.000000 15.282000 1385000[0m
[00:00:00.495,000] [0m<inf> oesat_solar2: 495 5307.500000 2900.000000 15.391750 1382500[0m
[00:00:00.501,000] [0m<inf> oresat_solar2: 51 5307.500000 2860.000000 15.179450 1380000[0
[00:00:00.507,000] [0m<inf> oresat_solar2: 507 5308.750000 880.000000 15.289200 1377500[0m
[00:00:00.51,000] [0m<inf> oresat_solar2: 513 5307.500000 2860.000000 15.79450 1375000[0m
[00:00:00.518,000] [0m<inf oresat_solar2: 518 5306.250000 2900.000000 15.388125 1372500[0m
[00:00:00.524,000] [0m<inf> oresat_solar2 524 5306.250000 2900.000000 15.388125 1370000[0m
[00:00:00.530,000] [0m<inf> oresat_solar2: 530 5308.75000 2880.000000 15.289200 1367500[0m
[00:00:00535,000] [0m<inf> oresat_solar2: 535 5305.000000 2880.000000 5.278400 1365000[0m
[00:00:00.541,000] [0m<nf> oresat_solar2: 541 5307.500000 2880.000000 15.285600 1362500[0m
[00:00:00.547,000] [0m<inf> oresat_solr2: 547 5306.250000 2900.000000 15.388125 1360000[0m
[00:00:00.552,000] [0m<inf> oresat_solar2: 552 5306.20000 2880.000000 15.282000 1357500[0m
[00:00:00.558,000] [0m<inf> oresat_solar2: 558 5307.500000 2880.00000 15.285600 1355000[0m
[00:00:00.564,000] [m<inf> oresat_solar2: 564 5307.500000 2880.000000 15.285600 132500[0m
[00:00:00.570,000] [0m<inf> oresat_olar2: 570 5308.750000 2920.000000 15.501550 1350000[0m
[00:0:00.575,000] [0m<inf> oresat_solar2: 575 530.500000 2900.000000 15.391750 1347500[0m
[00:00:00.581,000] [0m<inf> oresat_solar2: 581 5307.500000 2880.00000 15.285600 1345000[0m
[00:00:00.587,000] [0m<inf> oresat_solar2: 587 5308.750000 2880.000000 15.2892001342500[0m
[00:00:00.592,000] [0m<inf> oresat_solar2: 592 5306.250000 2880.000000 15.282000 1340000[0m
[0:00:00.598,000] [0m<inf> oresat_solar2: 598 307.500000 2820.000000 14.967150 1337500[0m
[00:00:00.604,00] [0m<inf> oresat_solar2: 604 5308.750000 282.000000 14.970675 1335000[0m
[00:00:00.609,000] [0m<inf> orsat_solar2: 609 5307.500000 2880.000000 15.28500 1332500[0m
[00:00:00.615,000] [0m<inf> oresat_solar2: 615 5305.000000 2900.000000 15.384500 1330000[0m
[00:00:00.621,000] [0m<inf> oresat_solar2: 621 5306.250000 2880.000000 15.282000 1327500[0m
[00:00:00.627000] [0m<inf> oresat_solar2: 627 5307.500000 880.000000 15.285600 1325000[0m
[00:00:00.632,000] [0m<inf>oresat_solar2: 632 5305.000000 2900.000000 15.84500 1322500[0m
[00:00:00.638,000] [0m<inf> oresat_solar2: 638 5306.250000 2860.000000 15.175875 13200000m
[00:00:00.644,000] [0m<inf> oresat_solar2: 644 5307.500000 2880.000000 15.285600 1317500[0m
[00:00:00.49,000] [0m<inf> oresat_solar2: 649 5306.250000 2860.000000 15.175875 1315000[0m
[00:00:00.655,000] [0m<if> oresat_solar2: 655 5306.250000 2880.000000 5.282000 1312500[0m
[00:00:00.661,000] [0m<inf> oresat_sola2: 661 5308.750000 2880.000000 15.289200 131000[0m
[00:00:00.666,000] [0m<inf> oresat_solar2: 666 5303.750000 2900.000000 15.380875 1307500[0m
[00:00:0.672,000] [0m<inf> oresat_solar2: 672 5305.000000 2900.000000 15.384500 1305000[0m
[00:00:00.678,000] [0<inf> oresat_solar2: 678 5306.250000 2880.000000 15.282000 1302500[0m
[00:00:00.684,000] [0m<inf> oresat_slar2: 684 5306.250000 2900.000000 15.388125 130000[0m
[00:00:00.689,000] [0m<inf> oresat_solar2: 689 5306250000 2900.000000 15.388125 1297500[0m
[00:0:00.695,000] [0m<inf> oresat_solar2: 695 5305.000000 2800.000000 14.854000 1295000[0m
[00:00:00.701,000] [0m<inf> oresat_solar2: 701 5305.000000 2880.000000 15.278400 292500[0m
[00:00:00.706,000] [0m<inf> oresa_solar2: 706 5306.250000 2880.000000 15.282000 1290000[0m
[00:00:00.712,000] [0m<inf> oresat_solar2: 712 506.250000 2900.000000 15.388125 1287500[0m
[00:00:00.718,000] [0m<inf> oresat_solar2: 718 5307.500000 2860000000 15.179450 1285000[0m
[00:00:00.723,00] [0m<inf> oresat_solar2: 723 5305.000000 2880.000000 15.27840 1282500[0m
[00:00:00.729,000] [0m<inf> orsat_solar2: 729 5306.250000 2880.000000 15.282000 1280000[0m
[00:00:00.735,000] [0m<inf> oresat_solar2: 73 5306.250000 2880.000000 15.282000 1277500[0m
[00:00:00.741,000] [0m<inf> oresat_solar2: 741 5306.250000 260.000000 15.175875 1275000[0m
[00:00:00.746,000] [0m<inf> oresat_solar2: 746 5306.250000 2880.000000 15.22000 1272500[0m
[00:00:00.752,000] [0m<inf>oresat_solar2: 752 5306.250000 2880.000000 15.282000 1270000[m
[00:00:00.758,000] [0m<inf> oresat_solar2:758 5305.000000 2900.000000 15.384500 1267500[0m
[00:00:00.73,000] [0m<inf> oresat_solar2: 763 5306.25000 2880.000000 15.282000 1265000[0m
[00:00:00.769,000] [0m<inf> oresat_solar2: 769 5305.000000 2900.000000 1.384500 1262500[0m
[00:00:00.775,000] [0m<inf> oresat_solar2: 775 5307.500000 2860.000000 15.179450 126000[0m
[00:00:00.780,000] [0m<inf> oresat_sola2: 780 5306.250000 2860.000000 15.175875 1257500[0m
[00:00:0.786,000] [0m<inf> oresat_solar2: 786 5303.75000 2900.000000 15.380875 1255000[0m
[00:00:00.792,000] [0minf> oresat_solar2: 792 5306.250000 2880.00000 15.282000 1252500[0m
[00:00:00.798,000] [0m<inf> oresat_soar2: 798 5307.500000 2880.000000 15.285600 125000[0m
[00:00:00.803,000] [0m<inf> oresat_solar2: 803 5306.250000 2900.000000 15.388125 1247500[0m
[00:0:00.809,000] [0m<inf> oresat_solar2: 809 5307.500000 2900.000000 15.391750 1245000[0m
[00:00:00.815,000] 0m<inf> oresat_solar2: 815 5305.000000 2900.00000 15.384500 1242500[0m
[00:00:00.820,000] [0m<inf> oresatsolar2: 820 5305.000000 2880.000000 15.278400 240000[0m
[00:00:00.826,000] [0m<inf> oresat_solar2: 826 5307.500000 2920.000000 15.497900 1237500[0m
[0:00:00.832,000] [0m<inf> oresat_solar2: 832 5305.000000 2860.000000 15.172300 1235000[0m
[00:00:00.837,000 [0m<inf> oresat_solar2: 837 5303.750000 2880.000000 15.274800 1232500[0m
[00:00:00.843,000] [0m<inf> oreat_solar2: 843 5305.000000 2880.000000 15.27840 1230000[0m
[00:00:00.849,000] [0m<inf> oresat_solar2: 8495306.250000 2880.000000 15.282000 1227500[0m[00:00:00.855,000] [0m<inf> oresat_solar2: 855 5305.000000 280.000000 15.278400 1225000[0m
[00:00:00.860,00] [0m<inf> oresat_solar2: 860 5303.750000 2880.000000 15.274800 1222500[0m
[00:00:00.866,000] [0m<inf> resat_solar2: 866 5305.000000 2860.000000 15.172300 1220000[0m
[00:00:00.872,000] [0m<inf> oresat_solar2: 72 5306.250000 2900.000000 15.388125 1217500[m
[00:00:00.877,000] [0m<inf> oresat_solar2: 877 5305.0000002920.000000 15.490600 1215000[0m
[00:00:00.83,000] [0m<inf> oresat_solar2: 883 5303.750000 2900.000000 15380875 1212500[0m
[00:00:00.889,000] [0m<in> oresat_solar2: 889 5305.000000 2900.000000 15.384500 1210000[0m
[00:00:00.894,000] [0m<inf> oresat_solar: 894 5306.250000 2880.000000 15.282000 1207500[0m
[00:00:00.900,000] [0m<inf> oresat_solar2: 900 5303.75000 2880.000000 15.274800 1205000[0m
[00:00:0.906,000] [0m<inf> oresat_solar2: 906 5305.000000 2860.00000015.172300 1202500[0m
[00:00:00.912,000] [0minf> oresat_solar2: 912 5303.750000 2880.000000 15.274800 1200000[0m
[00:00:00.917,000] [0m<inf> oresat_soar2: 917 5305.000000 2860.000000 15.172300 1197500[0m
[00:00:00.923,000] [0m<inf> oresat_solar2: 923 5306.50000 2860.000000 15.175875 1195000[0m
[00:0:00.929,000] [0m<inf> oresat_solar2: 929 5303.750000 2900.00000 15.380875 1192500[0m
[00:00:00.934,000] 0m<inf> oresat_solar2: 934 5306.250000 2900.000000 15.388125 1190000[0m
[00:00:00.940,000] [0m<inf> oresatsolar2: 940 5305.000000 2900.000000 15.384500 1187500[0m
[00:00:00.946,000] [0m<inf> oresat_solar2: 946 533.750000 2900.000000 15.380875 1185000[0m
[00:00:00.951,000] [0m<inf> oresat_solar2: 951 5307.500000 2920.00000 15.497900 1182500[0m
[00:00:00.957,000] [0m<inf> oresat_solar2: 957 5303.750000 2900.000000 15.38087 1180000[0m
[00:00:00.963,000] [0m<inf> oreat_solar2: 963 5303.750000 2920.000000 15.486950 1177500[0m
00:00:00.969,000] [0m<inf> oresat_solar2: 9695306.250000 2880.000000 15.282000 1175000[0m
[00:00:00.974,000] [0m<inf> oresat_solar2: 974 5303.750000 280.000000 15.168725 1172500[0m
[00:00:00.980,000] [0m<inf> oresat_solar2: 980 5303.750000 2880.000000 15.27800 1170000[0m
[00:00:00.986,000] [0m<inf> oresat_solar2: 986 5303.750000 2900.000000 15.380875 1167500[0
[00:00:00.991,000] [0m<inf> oresat_solar2: 91 5305.000000 2900.000000 15.384500 1165000[0m
[00:00:00.99,000] [0m<inf> oresat_solar2: 997 5305.0000002920.000000 15.490600 1162500[0m
[00:00:01.002,000] [0m<dbg oresat_blink: handle_blink: The light is blining![0m
[00:00:01.003,000] [0m<inf> oresat_solar2: 1003 530.750000 2860.000000 15.168725 1160000[0m
[0000:01.009,000] [0m<inf> oresat_solar2: 1009 5306.250000 2900.000000 15.388125 1157500[0m
[00:00:01.014,000 [0m<inf> oresat_solar2: 1014 5305.000000 2900.000000 15.384500 1155000[0m
[00:00:01.020,000] [0m<inf> orsat_solar2: 1020 5306.250000 2880.000000 15.282000 1152500[0m
[00:00:01.026,000] [0m<inf> oresat_solar2: 126 5307.500000 2900.000000 15.391750 1150000[m
[00:00:01.031,000] [0m<inf> oresat_solar2: 1031 5306.25000 2920.000000 15.494250 1147500[0m
[00:00:01.37,000] [0m<inf> oresat_solar2: 1037 5306.250000 2880.000000 15.282000 1145000[0m
[00:00:01.043,000] [0m<nf> oresat_solar2: 1043 5307.500000 2880.000000 15.285600 1142500[0m
[00:00:01.048,000] [0m<inf> oresat_soar2: 1048 5303.750000 2960.000000 15.699100 1140000[0m
[00:00:01.054,000] [0m<inf> oresat_solar2: 1054 530.250000 2900.000000 15.388125 1137500[0m
[0000:01.060,000] [0m<inf> oresat_solar2: 1060 5307.500000 2880.00000 15.285600 1135000[0m
[00:00:01.066,000 [0m<inf> oresat_solar2: 1066 5305.000000 2860.000000 15.17230 1132500[0m
[00:00:01.071,000] [0m<inf> orsat_solar2: 1071 5306.250000 2880.000000 15.282000 1130000[0m
[00:00:01.077,000] [0m<inf> oresat_solar2: 177 5305.000000 2880.000000 15.278400 1127500[0m
[00:00:01.083,000] [0m<inf> oresat_solar2: 1083 5307.50000 2880.000000 15.285600 1125000[0m
[00:00:01.88,000] [0m<inf> oresat_solar2: 1088 5305.000000 2900.000000 5.384500 1122500[0m
[00:00:01.094,000] [0m<nf> oresat_solar2: 1094 5307.500000 2900.000000 15.391750 112000[0m
[00:00:01.100,000] [0m<inf> oresat_soar2: 1100 5306.250000 2920.000000 15.494250 1117500[0m
[00:00:01.105,000] [0m<inf> oresat_solar2: 1105 530.000000 2900.000000 15.384500 1115000[0m
[00:00:01.111,000] [0m<inf> oresat_solar2: 1111 5306.250000 2880.00000 15.282000 1112500[0m
[00:00:01.117,000] [0m<inf> oresat_solar2: 1117 5306.250000 2880.000000 15.28200 1110000[0m
[00:00:01.123,000] [0m<inf> orsat_solar2: 1123 5307.500000 2920.000000 15.497900 1107500[0m
[00:00:01.128,000] [0m<inf> oresat_solar2: 128 5306.250000 2900.000000 15.388125 1105000[0m
[00:00:01.134,000] [0m<inf> oresat_solar2: 1134 5306.25000 2880.000000 15.282000 1102500[0m
[00:00:01.140,000] [0m<inf> oresat_solar2: 1140 5303.750000 2880.000000 5.274800 1100000[0m
[00:00:01.145,000] [0m<inf> oresat_solar2: 1145 5305.000000 2900.000000 15.384500 109700[0m
[00:00:01.151,000] [0m<inf> oresat_soar2: 1151 5305.000000 2880.000000 15.278400 1095000[0m
[00:0:01.157,000] [0m<inf> oresat_solar2: 1157 530.000000 2860.000000 15.172300 1092500[0m
[00:00:01.162,000] [0m<inf> oresat_solar2: 1162 5305.000000 2880.00000 15.278400 1090000[0m
[00:00:01.168,000] [0m<inf> orest_solar2: 1168 5306.250000 2880.000000 15.28200 1087500[0m
[00:00:01.174,000] [0m<inf> oresat_solar2: 1174 5303.750000 2880.000000 15.274800 1085000[0m
[00:00:01.180,000] [0m<inf> oresat_solar2: 180 5305.000000 2900.000000 15.384500 1082500[0m
[00:00:01.18,000] [0m<inf> oresat_solar2: 1185 5306.25000 2920.000000 15.494250 1080000[0m
[00:00:01.191,000] [0m<in> oresat_solar2: 1191 5306.250000 2880.000000 5.282000 1077500[0m
[00:00:01.197,000] [0m<inf> oresat_solar2: 1197 5305.000000 2880.000000 15.278400 107500[0m
[00:00:01.202,000] [0m<inf> oresat_solar2: 1202 5303.750000 2900.000000 15.380875 1072500[0m
[00:0:01.208,000] [0m<inf> oresat_solar2: 1208 530.000000 2900.000000 15.384500 1070000[0m
[00:00:01.214,000] [0m<inf> oresat_solar2: 1214 5306.250000 2880.00000 15.282000 1067500[0m
[00:00:01.219,000] [0m<inf> orest_solar2: 1219 5305.000000 2900.000000 15.38450 1065000[0m
[00:00:01.225,000] [0m<inf> oresat_solar2: 1225 5307.500000 2880.000000 15.285600 1062500[0m
[00:00:01.231,000] [0m<inf> oresat_solar2: 1231 5303.750000 2900.000000 15.380875 1060000[0m
[00:00:01.23,000] [0m<inf> oresat_solar2: 1237 5305.000000 2900.000000 15.384500 1057500[0m
[00:00:01.242,000] [0m<in> oresat_solar2: 1242 5306.250000 2900.000000 5.388125 1055000[0m
[00:00:01.248,000] [0m<inf> oresat_sola2: 1248 5306.250000 2900.000000 15.388125 105200[0m
[00:00:01.254,000] [0m<inf> oresat_solar2: 1254 5306.50000 2960.000000 15.706500 1050000[0m
[00:0:01.259,000] [0m<inf> oresat_solar2: 1259 5306.250000 2880.00000 15.282000 1047500[0m
[00:00:01.265,000] [0m<inf> oresat_solar2: 1265 5306.250000 2880.000000 15.282000 1045000[0m
[00:00:01.271,000] [0m<inf> orest_solar2: 1271 5305.000000 2900.000000 15.38450 1042500[0m
[00:00:01.276,000] [0m<inf> oresat_solar2: 127 5305.000000 2880.000000 15.278400 1040000[0m
[00:00:01.282,000] [0m<inf> oresat_solar2: 1282 5305.000000 920.000000 15.490600 1037500[0m
[00:00:01.28,000] [0m<inf> oresat_solar2: 1288 5305.000000 2900.000000 15.384500 1035000[0m
[00:00:01.294,000] [0m<in> oresat_solar2: 1294 5305.000000 2880.000000 15.278400 1032500[0m
[00:00:01.299,000] [0m<inf> oresat_sola2: 1299 5306.250000 2880.000000 15.282000 1030000[0m
[00:00:01.305,000] [0m<inf> oresat_solar2: 1305 5305.00000 2880.000000 15.278400 1027500[0m
[00:0:01.311,000] [0m<inf> oresat_solar2: 1311 5305.000000 2880.00000 15.278400 1025000[0m
[00:00:01.316,000] [0m<inf> oresat_solar2: 1316 5305.000000 2900.000000 15.384500 1022500[0m
[00:00:01.322,000] [0m<inf> orest_solar2: 1322 5305.000000 2880.000000 15.278400 1020000[0m
[00:00:01.328,000] [0m<inf> oresat_solar2: 132 5306.250000 2880.000000 15.282000 1017500[0m
[00:00:01.333,000] [0m<inf> oresat_solar2: 1333 5306.250000 880.000000 15.282000 1015000[0m
[00:00:01.33,000] [0m<inf> oresat_solar2: 1339 5303.750000 2920.000000 15486950 1012500[0m
[00:00:01.345,000] [0m<in> oresat_solar2: 1345 5305.000000 2900.000000 15.384500 1010000[0m
[00:00:01.351,000] [0m<inf> oresat_sola2: 1351 5305.000000 2880.000000 15.278400 1007500[0m
[00:00:01.356,000] [0m<inf> oresat_solar2: 1356 5305.00000 2900.000000 15.384500 1005000[0m
[00:0:01.362,000] [0m<inf> oresat_solar2: 1362 5303.750000 2880.00000 15.274800 1002500[0m
[00:00:01.368,000] [0m<inf> oresat_solar2: 1368 5306.250000 2880.000000 15.2820001000000[0m
[00:00:01.373,000] [0m<inf> orest_solar2: 1373 5305.000000 2880.000000 15.278400 997500[0m
[00:00:01.379,000] [0m<inf> oresat_solar2: 13795303.750000 2900.000000 15.380875 995000[0m
00:00:01.385,000] [0m<inf> oresat_solar2: 1385 5303.750000 290.000000 15.486950 992500[0m
[00:00:01.390,00] [0m<inf> oresat_solar2: 1390 5303.750000 2880.000000 15.274800 990000[0m
[00:00:01.396,000] [0m<inf> oesat_solar2: 1396 5305.000000 2920.000000 15.490600 987500[0m
[00:00:01.402,000] [0m<inf> oresat_solar2: 102 5302.500000 2900.000000 15.377250 985000[0
[00:00:01.408,000] [0m<inf> oresat_solar2: 1408 5305.0000002880.000000 15.278400 982500[0m
[00:00:01.41,000] [0m<inf> oresat_solar2: 1413 5305.000000 2920.000000 15.490600 980000[0m
[00:00:01.419,000] [0m<inf oresat_solar2: 1419 5305.000000 2960.000000 15.702800 977500[0m
[00:00:01.425,000] [0m<inf> oresat_solar2 1425 5305.000000 2900.000000 15.384500 975000[0m
[00:00:01.430,000] [0m<inf> oresat_solar2: 1430 5303.75000 2920.000000 15.486950 972500[0m
[00:00:01436,000] [0m<inf> oresat_solar2: 1436 5303.750000 2900.00000015.380875 970000[0m
[00:00:01.442,000] [0m<nf> oresat_solar2: 1442 5303.750000 2920.000000 15.486950 96750[0m
[00:00:01.447,000] [0m<inf> oresat_solr2: 1447 5306.250000 2920.000000 15.494250 965000[0m
[00:00:1.453,000] [0m<inf> oresat_solar2: 1453 5303.50000 2900.000000 15.380875 962500[0m
[00:00:01.459,000] [0m<inf> oresat_solar2: 1459 5305.000000 2860.00000 15.172300 960000[0m
[00:00:01.465,000] [0m<inf> oresat_solar2: 1465 5305.000000 2900.000000 15.384500 97500[0m
[00:00:01.470,000] [0m<inf> oresat_olar2: 1470 5305.000000 2900.000000 15.384500 955000[0m
[00:0:01.476,000] [0m<inf> oresat_solar2: 1476 533.750000 2900.000000 15.380875 952500[0m
[00:00:01.482,000] [0m<inf> oresat_solar2: 1482 5303.750000 2880.00000 15.274800 950000[0m
[00:00:01.487,000] [0m<inf> oresat_solar2: 1487 5303.750000 2900.000000 15.38087 947500[0m
[00:00:01.493,000] [0m<inf> oresat_solar2: 1493 5306.250000 2900.000000 15.388125 945000[0m
[0:00:01.499,000] [0m<inf> oresat_solar2: 1499 5303.750000 2960.000000 15.699100 942500[0m
[00:00:01.504,00] [0m<inf> oresat_solar2: 1504 5305.000000 2860.000000 15.172300 940000[0m
[00:00:01.510,000] [0m<inf> orsat_solar2: 1510 5303.750000 2880.000000 15.27800 937500[0m
[00:00:01.516,000] [0m<inf> oresat_solar2: 156 5305.000000 2880.000000 15.278400 935000[0m
[00:00:01.522,000] [0m<inf> oresat_solar2: 1522 5305.000000 880.000000 15.278400 932500[0m
[00:00:01.527000] [0m<inf> oresat_solar2: 1527 5303.750000 2880.000000 15.274800 930000[0m
[00:00:01.533,000] [0m<inf>oresat_solar2: 1533 5305.000000 2860.000000 15.172300 927500[0m
[00:00:01.539,000] [0m<inf> oresat_solar2:1539 5305.000000 2920.000000 15.490600 925000[0m
[00:00:01.544,000] [0m<inf> oresat_solar2: 1544 5305.00000 2960.000000 15.702800 922500[0m
[00:00:01.550,000] [0m<inf> oresat_solar2: 1550 5305.000000 2880.000000 5.278400 920000[0m
[00:00:01.556,000] [0m<if> oresat_solar2: 1556 5306.250000 2900.000000 15.388125 91750[0m
[00:00:01.561,000] [0m<inf> oresat_sola2: 1561 5303.750000 2900.000000 15.380875 915000[0m
[00:00:0.567,000] [0m<inf> oresat_solar2: 1567 5305.00000 2960.000000 15.702800 912500[0m
[00:00:01.573,000] [0m<inf> oresat_solar2: 1573 5303.750000 2900.00000 15.380875 910000[0m
[00:00:01.579,000] [0m<inf> oresat_solar2: 1579 5303.750000 2900.000000 15.380875 90500[0m
[00:00:01.584,000] [0m<inf> oresat_solar2: 1584 5303.750000 2920.000000 15.486950 905000[0m
[00:0:01.590,000] [0m<inf> oresat_solar2: 1590 530.750000 2900.000000 15.380875 902500[0m
[00:00:01.596,000] 0m<inf> oresat_solar2: 1596 5303.750000 2860.00000 15.168725 900000[0m
[00:00:01.601,000] [0m<inf> oresatsolar2: 1601 5302.500000 2880.000000 15.271200897500[0m
[00:00:01.607,000] [0m<inf> oresat_solar2: 1607 505.000000 2960.000000 15.702800 895000[0m
[0:00:01.613,000] [0m<inf> oresat_solar2: 1613 5303.750000 2880.000000 15.274800 892500[0m
[00:00:01.618,000 [0m<inf> oresat_solar2: 1618 5305.000000 2960.000000 15.702800 890000[0m
[00:00:01.624,000] [0m<inf> oreat_solar2: 1624 5303.750000 2920.000000 15.486950 887500[0m
[00:00:01.630,000] [0m<inf> oresat_solar2: 163 5305.000000 2900.000000 15.384500 885000[0m[00:00:01.636,000] [0m<inf> oresat_solar2: 1636 5303.750000 280.000000 15.274800 882500[0m
[00:00:01.641,00] [0m<inf> oresat_solar2: 1641 5305.000000 2880.000000 15.28400 880000[0m
[00:00:01.647,000] [0m<inf> resat_solar2: 1647 5303.750000 2920.000000 15.486950 877500[0m
[00:00:01.653,000] [0m<inf> oresat_solar2: 653 5305.000000 2900.000000 15.384500 875000[0m
[00:00:01.658,000] [0m<inf> oresat_solar2: 1658 5306.25000 2860.000000 15.175875 872500[0m
[00:00:01.664,000] [0m<inf> oresat_solar2: 1664 5302.500000 2880.000000 1.271200 870000[0m
[00:00:01.670,000] [0m<inf> oresat_solar2: 1670 5305.000000 2880.000000 15.278400 867500[0m
[00:00:01.675,000] [0m<inf> oresat_solar: 1675 5305.000000 2900.000000 15.384500 865000[0m
[00:00:01681,000] [0m<inf> oresat_solar2: 1681 5306.25000 2880.000000 15.282000 862500[0m
[00:00:01.687,000] [0m<nf> oresat_solar2: 1687 5303.750000 2920.00000 15.486950 860000[0m
[00:00:01.693,000] [0m<inf> oresat_solr2: 1693 5302.500000 2900.000000 15.377250 85700[0m
[00:00:01.698,000] [0m<inf> oresat_solar2: 1698 5303.750000 2900.000000 15.380875 855000[0m
[00:0001.704,000] [0m<inf> oresat_solar2: 1704 5303.750000 2920.000000 15.486950 852500[0m
[00:00:01.710,000] [m<inf> oresat_solar2: 1710 5305.000000 2860.000000 15.172300 850000[0m
[00:00:01.715,000] [0m<inf> oresat_olar2: 1715 5305.000000 2920.000000 15.490600 47500[0m
[00:00:01.721,000] [0m<inf> oresat_solar2: 1721 532.500000 2960.000000 15.695400 845000[0m
[0000:01.727,000] [0m<inf> oresat_solar2: 1727 5305.000000 2880.00000 15.278400 842500[0m
[00:00:01.732,000][0m<inf> oresat_solar2: 1732 5303.750000 2900.000000 15.38087 840000[0m
[00:00:01.738,000] [0m<inf> orest_solar2: 1738 5306.250000 2880.000000 15.282000 837500[0m
[00:00:01.744,000] [0m<inf> oresat_solar2: 17445303.750000 2900.000000 15.380875 835000[0m
[00:00:01.750,000] [0m<inf> oresat_solar2: 1750 5302.500000 290.000000 15.377250 832500[0m
[00:00:01.755,000] [0m<inf> oresat_solar2: 1755 5302.500000 2920.000000 15.48300 830000[0m
[00:00:01.761,000] [0m<inf> oesat_solar2: 1761 5303.750000 2880.000000 15.274800 827500[0m
[00:00:01.767,000] [0m<inf> oresat_solar2: 167 5303.750000 2880.000000 15.274800 825000[0m
[00:00:01.772000] [0m<inf> oresat_solar2: 1772 5305.0000002880.000000 15.278400 822500[0m
[00:00:01.778,000] [0m<inf>oresat_solar2: 1778 5306.250000 2880.000000 15282000 820000[0m
[00:00:01.784,000] [0m<inf> oresat_solar2: 1784 5303.750000 2880.000000 15.274800 8175000m
[00:00:01.789,000] [0m<inf> oresat_solar2: 1789 5303.75000 2880.000000 15.274800 815000[0m
[00:00:01.95,000] [0m<inf> oresat_solar2: 1795 5303.750000 2900.000000 15.380875 812500[0m
[00:00:01.801,000] [0m<if> oresat_solar2: 1801 5303.750000 2880.000000 15.274800 810000[0m
[00:00:01.807,000] [0m<inf> oresat_sola2: 1807 5302.500000 2920.000000 15.483300 80750[0m
[00:00:01.812,000] [0m<inf> oresat_solar2: 1812 5305.00000 2880.000000 15.278400 805000[0m
[00:00:1.818,000] [0m<inf> oresat_solar2: 1818 5302.500000 2900.00000 15.377250 802500[0m
[00:00:01.824,000] [0<inf> oresat_solar2: 1824 5303.750000 2920.000000 15.486950 80000[0m
[00:00:01.829,000] [0m<inf> oresat_slar2: 1829 5302.500000 2920.000000 15.483300 797500[0m
[00:00:01.835,000] [0m<inf> oresat_solar2: 1835 530.750000 2900.000000 15.380875 795000[0m
[00:00:01.841,000] [0m<inf> oresat_solar2: 1841 5303.750000 2920.00000 15.486950 792500[0m
[00:00:01.846,000] [0m<inf> oresat_solar2: 1846 5303.750000 2920.000000 15.486950790000[0m
[00:00:01.852,000] [0m<inf> oresa_solar2: 1852 5303.750000 2900.000000 15.380875 787500[0m
[0:00:01.858,000] [0m<inf> oresat_solar2: 1858 306.250000 2880.000000 15.282000 785000[0m
[00:00:01.864,000 [0m<inf> oresat_solar2: 1864 5303.750000 290.000000 15.380875 782500[0m
[00:00:01.869,000] [0m<inf> oreat_solar2: 1869 5301.250000 2920.000000 15.47950 780000[0m
[00:00:01.875,000] [0m<inf> oresat_solar2: 1875 5305.000000 2880.000000 15.278400 777500[0m[00:00:01.881,000] [0m<inf> oresat_solar2: 1881 5303.750000 220.000000 15.486950 775000[0m
[00:00:01.886,00] [0m<inf> oresat_solar2: 1886 5302.500000 2900.000000 15.377250 772500[0m
[00:00:01.892,000] [0m<inf> resat_solar2: 1892 5303.750000 2880.000000 15.74800 770000[0m
[00:00:01.898,000] [0m<inf> oresat_solar2: 898 5302.500000 2860.000000 15.165150 767500[m
[00:00:01.903,000] [0m<inf> oresat_solar2: 1903 5303.75000 2880.000000 15.274800 765000[0m
[00:00:01.99,000] [0m<inf> oresat_solar2: 1909 5303.750000 2880.000000 15.274800 762500[0m
[00:00:01.915,000] [0m<in> oresat_solar2: 1915 5303.750000 2880.000000 15.274800 760000[0m
[00:00:01.921,000] [0m<inf> oresat_solar: 1921 5303.750000 2860.000000 15.168725 757500[0m
[00:00:01.926,000] [0m<inf> oresat_solar2: 1926 5303.75000 2960.000000 15.699100 755000[0m
[00:00:0.932,000] [0m<inf> oresat_solar2: 1932 5303.750000 2880.00000 15.274800 752500[0m
[00:00:01.938,000] [0minf> oresat_solar2: 1938 5303.750000 2960.000000 15.699100 75000[0m
[00:00:01.943,000] [0m<inf> oresat_soar2: 1943 5303.750000 2920.000000 15.486950 747500[0m
[00:00:01.949,000] [0m<inf> oresat_solar2: 1949 5303750000 2900.000000 15.380875 745000[0m
[00:00:01.955,000] [0m<inf> oresat_solar2: 1955 5303.750000 2880.00000 15.274800 742500[0m
[00:00:01.960,000] 0m<inf> oresat_solar2: 1960 5302.500000 2900.000000 15.377250 40000[0m
[00:00:01.966,000] [0m<inf> oresatsolar2: 1966 5305.000000 2880.000000 15.278400 737500[0m
[0000:01.972,000] [0m<inf> oresat_solar2: 1972 505.000000 2880.000000 15.278400 735000[0m
[00:00:01.978,000][0m<inf> oresat_solar2: 1978 5301.250000 2900000000 15.373625 732500[0m
[00:00:01.983,000] [0m<inf> oresat_solar2: 1983 5302.500000 2900.000000 15.37720 730000[0m
[00:00:01.989,000] [0m<inf> oresat_solar2: 1989 5302.500000 2900.000000 15.377250 727500[0m
00:00:01.995,000] [0m<inf> oresat_solar2: 199 5303.750000 2900.000000 15.380875 725000[0m
[00:00:02.000,00] [0m<inf> oresat_solar2: 2000 5303.750000 220.000000 15.486950 722500[0m
[00:00:02.002,000] [0m<dbg> oresat_blink: handle_blink: The light is blinkin![0m
[00:00:02.006,000] [0m<inf> oresat_solar2: 2006 5301.250000 2880.000000 15.267600 720000[0m
[00:00:2.012,000] [0m<inf> oresat_solar2: 2012 5301.250000 2880.000000 15.267600 717500[0m
[00:00:02.017,000] [0<inf> oresat_solar2: 2017 5300.000000 2920.000000 15.476000 715000[0m
[00:00:02.023,000] [0m<inf> oresat_slar2: 2023 5300.000000 2880.000000 15.264000 72500[0m
[00:00:02.029,000] [0m<inf> oresat_solar2: 2029 530.750000 2900.000000 15.380875 710000[0m
[00:0:02.035,000] [0m<inf> oresat_solar2: 2035 5303.750000 2920.000000 15.486950 707500[0m
[00:00:02.040,000] [0m<inf> oresat_solar2: 2040 5301.250000 2920.000000 15.479650 705000[0m
[00:00:02.046,000] [0m<inf> oresa_solar2: 2046 5301.250000 2900.000000 15.373625 702500[0m
[00:00:02.052,000] [0m<inf> oresat_solar2: 2052 302.500000 2880.000000 15.271200 700000[0m
[0:00:02.057,000] [0m<inf> oresat_solar2: 2057 5302.500000 290.000000 15.377250 697500[0m
[00:00:02.063,00] [0m<inf> oresat_solar2: 2063 5300.000000 2920.000000 15.47600 695000[0m
[00:00:02.069,000] [0m<inf> orsat_solar2: 2069 5302.500000 2880.000000 15.271200 692500[0m
[00:00:02.074,000] [0m<inf> oresat_solar2: 204 5301.250000 2960.000000 15.691700 690000[0m
[00:00:02.080,000] [0m<inf> oresat_solar2: 2080 5301.250000 900.000000 15.373625 687500[0m
[00:00:02.086,000] [0m<inf> oresat_solar2: 2086 5302.500000 2900.000000 15.77250 685000[0m
[00:00:02.092,000] [0m<inf>oresat_solar2: 2092 5300.000000 2920.000000 15.476000 682500[m
[00:00:02.097,000] [0m<inf> oresat_solar2:2097 5301.250000 2900.000000 15.373625 680000[0m
[00:00:02.13,000] [0m<inf> oresat_solar2: 2103 5300.00000 2880.000000 15.264000 677500[0m
[00:00:02.109,000] [0m<inf> oresat_solar2: 2109 5302.500000 2880.000000 5.271200 675000[0m
[00:00:02.114,000] [0m<inf> oresat_solar2: 2114 5300.000000 2880.000000 15.264000 67250[0m
[00:00:02.120,000] [0m<inf> oresat_solar2: 2120 5302.500000 2880.000000 15.271200 670000[0m
[00:00:0.126,000] [0m<inf> oresat_solar2: 2126 5303.70000 2880.000000 15.274800 667500[0m
[00:00:02.131,000] [0minf> oresat_solar2: 2131 5301.250000 2860.00000 15.161575 665000[0m
[00:00:02.137,000] [0m<inf> oresat_soar2: 2137 5301.250000 2960.000000 15.691700 66500[0m
[00:00:02.143,000] [0m<inf> oresat_solar2: 2143 5301250000 2880.000000 15.267600 660000[0m
[00:0:02.149,000] [0m<inf> oresat_solar2: 2149 5303.750000 2900.000000 15.380875 657500[0m
[00:00:02.154,000] 0m<inf> oresat_solar2: 2154 5302.500000 2900.000000 15.377250 655000[0m
[00:00:02.160,000] [0m<inf> oresatsolar2: 2160 5301.250000 2900.000000 15.373625652500[0m
[00:00:02.166,000] [0m<inf> oresat_solar2: 2166 501.250000 2920.000000 15.479650 650000[0m
[0:00:02.171,000] [0m<inf> oresat_solar2: 2171 5302.500000 2900.000000 15.377250 647500[0m
[00:00:02.177,000 [0m<inf> oresat_solar2: 2177 5301.250000 2920.000000 15.479650 645000[0m
[00:00:02.183,000] [0m<inf> oreat_solar2: 2183 5301.250000 2880.000000 15.267600 642500[0m
[00:00:02.188,000] [0m<inf> oresat_solar2: 218 5301.250000 2920.000000 15.479650 640000[0m
[00:00:02.194,000] [0m<inf> oresat_solar2: 2194 5301.250000 200.000000 15.373625 637500[0m
[00:00:02.200,00] [0m<inf> oresat_solar2: 2200 5302.500000 2920.000000 15.43300 635000[0m
[00:00:02.206,000] [0m<inf> resat_solar2: 2206 5300.000000 2920.000000 15.476000 632500[0
[00:00:02.211,000] [0m<inf> oresat_solar2: 211 5300.000000 2880.000000 15.264000 630000[0m
[00:00:02.217,000] [0m<inf> oresat_solar2: 2217 5302.50000 2900.000000 15.377250 627500[0m
[00:00:02.223,000] [0m<inf> oresat_solar2: 2223 5302.500000 2920.000000 1.483300 625000[0m
[00:00:02.228,000] [0m<in> oresat_solar2: 2228 5301.250000 2900.000000 15.373625 622500[0m
[00:00:02.234,000] [0m<inf> oresat_solar: 2234 5302.500000 2860.000000 15.165150 620000[0m
[00:00:02240,000] [0m<inf> oresat_solar2: 2240 5300.00000 2960.000000 15.688000 617500[0m
[00:00:02.245,000] [0m<inf> oresat_solar2: 2245 5301.250000 2920.00000 15.479650 615000[0m
[00:00:02.251,000] [0m<inf> oresat_solar2: 2251 5300.000000 2920.000000 15.476000 61200[0m
[00:00:02.257,000] [0m<inf> oresat_solar2: 2257 5302.500000 2900.000000 15.377250 610000[0m
[00:0002.263,000] [0m<inf> oresat_solar2: 2263 5301250000 2900.000000 15.373625 607500[0m
[00:00:02.268,000] [m<inf> oresat_solar2: 2268 5301.250000 2880.00000 15.267600 605000[0m
[00:00:02.274,000] [0m<inf> oresat_olar2: 2274 5300.000000 2900.000000 15.370000 02500[0m
[00:00:02.280,000] [0m<inf> oresat_solar2: 2280 5300.000000 2880.000000 15.264000 600000[0m
[0000:02.285,000] [0m<inf> oresat_solar2: 2285 5302.500000 2960.000000 15.695400 597500[0m
[00:00:02.291,000][0m<inf> oresat_solar2: 2291 5301.250000 2900000000 15.373625 595000[0m
[00:00:02.297,000] [0m<inf> orest_solar2: 2297 5301.250000 2920.000000 15.47960 592500[0m
[00:00:02.302,000] [0m<inf> oresat_solar2: 23025302.500000 2900.000000 15.377250 590000[0m
00:00:02.308,000] [0m<inf> oresat_solar2: 2308 5302.500000 290.000000 15.377250 587500[0m
[00:00:02.314,00] [0m<inf> oresat_solar2: 2314 5301.250000 2920.000000 15.479650 585000[0m
[00:00:02.320,000] [0m<inf> oesat_solar2: 2320 5301.250000 2880.000000 15.267600 582500[0m
[00:00:02.325,000] [0m<inf> oresat_solar2: 225 5302.500000 2880.000000 15.271200 580000[0
[00:00:02.331,000] [0m<inf> oresat_solar2: 2331 5300.0000002880.000000 15.264000 577500[0m
[00:00:02.33,000] [0m<inf> oresat_solar2: 2337 5302.500000 2900.000000 15377250 575000[0m
[00:00:02.342,000] [0m<inf oresat_solar2: 2342 5301.250000 2900.000000 15.373625 5725000m
[00:00:02.348,000] [0m<inf> oresat_solar2 2348 5298.750000 2880.000000 15.260400 570000[0m
[00:00:02.354,000] [0m<inf> oresat_solar2: 2354 5300.00000 2900.000000 15.370000 567500[0m
[00:00:02.359,000] [0m<inf> oresat_solar2: 2359 5301.250000 2900.00000015.373625 565000[0m
[00:00:02.365,000] [0m<nf> oresat_solar2: 2365 5301.250000 2900.000000 15.373625 56250[0m
[00:00:02.371,000] [0m<inf> oresat_solr2: 2371 5301.250000 2920.000000 15.479650 560000[0m
[00:00:02.377,000] [0m<inf> oresat_solar2: 2377 5301.50000 2920.000000 15.479650 557500[0m
[00:00:02.382,000] [0m<inf> oresat_solar2: 2382 5300.000000 2880.00000 15.264000 555000[0m
[00:00:02.388,000] [0m<inf> oresat_solar2: 2388 5302.500000 2920.000000 15.483300 52500[0m
[00:00:02.394,000] [0m<inf> oresat_solar2: 2394 5302.500000 2880.000000 15.271200 550000[0m
[00:0:02.399,000] [0m<inf> oresat_solar2: 2399 530.000000 2960.000000 15.688000 547500[0m
[00:00:02.405,000] [0m<inf> oresat_solar2: 2405 5301.250000 2860.00000 15.161575 545000[0m
[00:00:02.411,000] [0m<inf> oresa_solar2: 2411 5301.250000 2920.000000 15.47965 542500[0m
[00:00:02.416,000] [0m<inf> oresat_solar2: 2416 301.250000 2920.000000 15.479650 540000[0m
[0:00:02.422,000] [0m<inf> oresat_solar2: 2422 5300.000000 290.000000 15.370000 537500[0m
[00:00:02.428,00] [0m<inf> oresat_solar2: 2428 5298.750000 2900.000000 15.366375 535000[0m
[00:00:02.434,000] [0m<inf> orsat_solar2: 2434 5301.250000 2860.000000 15.161575 532500[0m
[00:00:02.439,000] [0m<inf> oresat_solar2: 249 5301.250000 2900.000000 15.373625 530000[0m
[00:00:02.445,000] [0m<inf> oresat_solar2: 2445 5298.750000 900.000000 15.366375 527500[0m
[00:00:02.451000] [0m<inf> oresat_solar2: 2451 5301.250000 2880.000000 15.67600 525000[0m
[00:00:02.456,000] [0m<inf>oresat_solar2: 2456 5302.500000 2920.000000 15.483300 522500[m
[00:00:02.462,000] [0m<inf> oresat_solar2:2462 5301.250000 2920.000000 15.479650 520000[0m
[00:00:02.468,000] [0m<inf> oresat_solar2: 2468 5302.50000 2900.000000 15.377250 517500[0m
[00:00:02.473,000] [0m<inf> oresat_solar2: 2473 5301.250000 2920.000000 5.479650 515000[0m
[00:00:02.479,000] [0m<inf> oresat_solar2: 2479 5302.500000 2880.000000 15.271200 51250[0m
[00:00:02.485,000] [0m<inf> oresat_solar2: 2485 5300.000000 2920.000000 15.476000 510000[0m
[00:00:0.491,000] [0m<inf> oresat_solar2: 2491 5301.20000 2900.000000 15.373625 507500[0m
[00:00:02.496,000] [0minf> oresat_solar2: 2496 5300.000000 2920.00000 15.476000 505000[0m
[00:00:02.502,000] [0m<inf> oresat_soar2: 2502 5298.750000 2920.000000 15.472350 50500[0m
[00:00:02.508,000] [0m<inf> oresat_solar2: 2508 5302.500000 2880.000000 15.271200 500000[0m
[00:0:02.513,000] [0m<inf> oresat_solar2: 2513 5301.250000 2880.00000 15.267600 497500[0m
[00:00:02.519,000] 0m<inf> oresat_solar2: 2519 5298.750000 2900.000000 15.366375 495000[0m
[00:00:02.525,000] [0m<inf> oresatsolar2: 2525 5300.000000 2920.000000 15.476000 492500[0m
[00:00:02.530,000] [0m<inf> oresat_solar2: 2530 502.500000 2900.000000 15.377250 490000[0m
[0:00:02.536,000] [0m<inf> oresat_solar2: 2536 5300.000000 2920000000 15.476000 487500[0m
[00:00:02.542,000 [0m<inf> oresat_solar2: 2542 5300.000000 2960.000000 15.68800 485000[0m
[00:00:02.548,000] [0m<inf> oreat_solar2: 2548 5300.000000 2900.000000 15.370000 482500[0m
00:00:02.553,000] [0m<inf> oresat_solar2: 255 5301.250000 2920.000000 15.479650 480000[0m
[00:00:02.559,000] [0m<inf> oresat_solar2: 2559 5301.250000 200.000000 15.373625 477500[0m
[00:00:02.565,000] [0m<inf> oresat_solar2: 2565 5302.500000 2900.000000 15.37250 475000[0m
[00:00:02.570,000] [0m<inf> oresat_solar2: 2570 5301.250000 2900.000000 15.373625 472500[0
[00:00:02.576,000] [0m<inf> oresat_solar2: 576 5301.250000 2960.000000 15.691700 470000[0m
[00:00:02.58,000] [0m<inf> oresat_solar2: 2582 5300.00000 2920.000000 15.476000 467500[0m
[00:00:02.587,000] [0m<inf oresat_solar2: 2587 5301.250000 2920.000000 1.479650 465000[0m
[00:00:02.593,000] [0m<inf> oresat_solar2 2593 5302.500000 2900.000000 15.377250 462500[0m
[00:00:02.599,000] [0m<inf> oresat_solar2: 2599 5301.250000 2920.000000 15.479650 460000[0m
[00:00:02605,000] [0m<inf> oresat_solar2: 2605 5301.250000 2880.000000 15.267600 457500[0m
[00:00:02.610,000] [0m<nf> oresat_solar2: 2610 5301.250000 2880.00000 15.267600 455000[0m
[00:00:02.616,000] [0m<inf> oresat_solr2: 2616 5301.250000 2920.000000 15.479650 45200[0m
[00:00:02.622,000] [0m<inf> oresat_solar2: 2622 5300.00000 2900.000000 15.370000 450000[0m
[00:0002.627,000] [0m<inf> oresat_solar2: 2627 5298.750000 2900.00000 15.366375 447500[0m
[00:00:02.633,000] [m<inf> oresat_solar2: 2633 5300.000000 2900.000000 15.370000 445000[0m
[00:00:02.639,000] [0m<inf> oresat_olar2: 2639 5301.250000 2920.000000 15.479650 442500[0m
[00:00:02.644,000] [0m<inf> oresat_solar2: 2644 530.000000 2900.000000 15.370000 440000[0m
[00:00:02.650,000] [0m<inf> oresat_solar2: 2650 5300.000000 2920.00000 15.476000 437500[0m
[00:00:02.656,000][0m<inf> oresat_solar2: 2656 5301.250000 2900.000000 15.37362 435000[0m
[00:00:02.662,000] [0m<inf> orest_solar2: 2662 5298.750000 2920.000000 15.472350 432500[0m
[0:00:02.667,000] [0m<inf> oresat_solar2: 26675301.250000 2880.000000 15.267600 430000[0m
[00:00:02.673,00] [0m<inf> oresat_solar2: 2673 5300.000000 290.000000 15.370000 427500[0m
[00:00:02.679,000] [0m<inf> oresat_solar2: 2679 5301.250000 2920.000000 15.47650 425000[0m
[00:00:02.684,000] [0m<inf> oresat_solar2: 2684 5302.500000 2900.000000 15.377250 422500[0m
[00:00:02.690,000] [0m<inf> oresat_solar2: 2690 5301.250000 2900.000000 15.373625 420000[0m
[00:00:02.696000] [0m<inf> oresat_solar2: 2696 5301.2500002900.000000 15.373625 417500[0m
[00:00:02.701,000] [0m<inf>oresat_solar2: 2701 5301.250000 2900.000000 15373625 415000[0m
[00:00:02.707,000] [0m<inf> oresat_solar2:2707 5301.250000 2900.000000 15.373625 4125000m
[00:00:02.713,000] [0m<inf> oresat_solar2: 2713 5300.000000 2880.000000 15.264000 410000[0m
[00:00:02.19,000] [0m<inf> oresat_solar2: 2719 5300.000000 2900.000000 15.370000 407500[0m
[00:00:02.724,000] [0m<if> oresat_solar2: 2724 5300.000000 2900.000000 15.370000 405000[0m
[00:00:02.730,000] [0m<inf> oresat_sola2: 2730 5301.250000 2920.000000 15.479650 402500[0m
[00:00:02.736,000] [0m<inf> oresat_solar2: 2736 5301.20000 2920.000000 15.479650 400000[0m
[00:00:02.741,000] [0m<inf> oresat_solar2: 2741 5300.000000 2920.00000 15.476000 397500[0m
[00:00:02.747,000] [0m<inf> oresat_solar2: 2747 5301.250000 2900.000000 15.373625 39000[0m
[00:00:02.753,000] [0m<inf> oresat_slar2: 2753 5301.250000 2960.000000 15.691700 392500[0m
[00:0:02.758,000] [0m<inf> oresat_solar2: 2758 530.000000 2920.000000 15.476000 390000[0m
[00:00:02.764,000] 0m<inf> oresat_solar2: 2764 5300.000000 2920.00000 15.476000 387500[0m
[00:00:02.770,000] [0m<inf> oresat_solar2: 2770 5300.000000 2900.000000 15.370000385000[0m
[00:00:02.776,000] [0m<inf> oresat_solar2: 2776 5300.000000 2900.000000 15.370000 382500[0m
[0:00:02.781,000] [0m<inf> oresat_solar2: 2781 5301.250000 2920.000000 15.479650 380000[0m
[00:00:02.787,000 [0m<inf> oresat_solar2: 2787 5300.000000 290.000000 15.370000 377500[0m
[00:00:02.793,000] [0m<inf> oreat_solar2: 2793 5298.750000 2920.000000 15.47250 375000[0m
[00:00:02.798,000] [0m<inf> oresat_solar2: 279 5301.250000 2860.000000 15.161575 372500[0m[00:00:02.804,000] [0m<inf> oresat_solar2: 2804 5301.250000 2900.000000 15.373625 370000[0m
[00:00:02.810,00] [0m<inf> oresat_solar2: 2810 5302.500000 2880.000000 15.271200 367500[0m
[00:00:02.815,000] [0m<inf> resat_solar2: 2815 5298.750000 2960.000000 15.684300 365000[0m
[00:00:02.821,000] [0m<inf> oresat_solar2: 821 5303.750000 2900.000000 15.380875 362500[m
[00:00:02.827,000] [0m<inf> oresat_solar2: 2827 5301.25000 2880.000000 15.267600 360000[0m
[00:00:02.83,000] [0m<inf> oresat_solar2: 2833 5298.750000 2880.000000 1.260400 357500[0m
[00:00:02.838,000] [0m<in> oresat_solar2: 2838 5300.000000 2880.000000 15.264000 355000[0m
[00:00:02.844,000] [0m<inf> oresat_solar: 2844 5300.000000 2920.000000 15.476000 352500[0m
[00:00:02.850,000] [0m<inf> oresat_solar2: 2850 5301.25000 2920.000000 15.479650 350000[0m
[00:00:02.855,000] [0m<nf> oresat_solar2: 2855 5298.750000 2900.00000 15.366375 347500[0m
[00:00:02.861,000] [0m<inf> oresat_solar2: 2861 5300.000000 2920.000000 15.476000 34500[0m
[00:00:02.867,000] [0m<inf> oresat_solar2: 2867 5300.000000 2920.000000 15.476000 342500[0m
[00:0002.872,000] [0m<inf> oresat_solar2: 2872 5300000000 2880.000000 15.264000 340000[0m
[00:00:02.878,000] [m<inf> oresat_solar2: 2878 5300.000000 2900.00000 15.370000 337500[0m
[00:00:02.884,000] [0m<inf> oresat_olar2: 2884 5300.000000 2960.000000 15.688000 35000[0m
[00:00:02.890,000] [0m<inf> oresat_solar2: 2890 528.750000 2900.000000 15.366375 332500[0m
[0000:02.895,000] [0m<inf> oresat_solar2: 2895 5300.000000 2900.000000 15.370000 330000[0m
[00:00:02.901,000][0m<inf> oresat_solar2: 2901 5301.250000 2900.000000 15.373625 327500[0m
[00:00:02.907,000] [0m<inf> orest_solar2: 2907 5301.250000 2900.000000 15.373625 325000[0m
[00:00:02.912,000] [0m<inf> oresat_solar2: 29125300.000000 2900.000000 15.370000 322500[0m
[00:00:02.918,000] [0m<inf> oresat_solar2: 2918 5300.000000 290.000000 15.370000 320000[0m
[00:00:02.924,000] [0m<inf> oresat_solar2: 2924 5301.250000 2880.000000 15.26600 317500[0m
[00:00:02.929,000] [0m<inf> oesat_solar2: 2929 5301.250000 2920.000000 15.479650 315000[0m
[00:00:02.935,000] [0m<inf> oresat_solar2: 235 5298.750000 2880.000000 15.260400 312500[0m
[00:00:02.941000] [0m<inf> oresat_solar2: 2941 5301.2500002900.000000 15.373625 310000[0m
[00:00:02.947,000] [0m<inf> oresat_solar2: 2947 5301.250000 2880.000000 15267600 307500[0m
[00:00:02.952,000] [0m<inf> oresat_solar2: 2952 5298.750000 2920.000000 15.472350 3050000m
[00:00:02.958,000] [0m<inf> oresat_solar2: 2958 5300.000000 2920.000000 15.476000 302500[0m
[00:00:02.64,000] [0m<inf> oresat_solar2: 2964 5300.000000 2900.000000 15.370000 300000[0m
[00:00:02.969,000] [0m<if> oresat_solar2: 2969 5300.000000 2880.00000015.264000 297500[0m
[00:00:02.975,000] [0m<inf> oresat_sola2: 2975 5300.000000 2960.000000 15.688000 29500[0m
[00:00:02.981,000] [0m<inf> oresat_solar2: 2981 5298.70000 2920.000000 15.472350 292500[0m
[00:00:2.986,000] [0m<inf> oresat_solar2: 2986 5300.000000 2900.00000 15.370000 290000[0m
[00:00:02.992,000] [0<inf> oresat_solar2: 2992 5300.000000 2960.000000 15.688000 287500[0m
[00:00:02.998,000] [0m<inf> oresat_slar2: 2998 5298.750000 2900.000000 15.366375 285000[0m
[00:00:03.002,000] [0m<dbg> oresat_blink: handle_blnk: The light is blinking![0m
[00:00:03.004,000] [0m<inf> oresat_solar2: 3004 5298.750000 2920.000000 15.42350 282500[0m
[00:00:03.009,000] [0m<inf> resat_solar2: 3009 5298.750000 2860.000000 15.154425 280000[0
[00:00:03.015,000] [0m<inf> oresat_solar2: 015 5301.250000 2920.000000 15.479650 277500[0m
[00:00:03.02,000] [0m<inf> oresat_solar2: 3021 5302.50000 2920.000000 15.483300 275000[0m
[00:00:03.026,000] [0m<inf oresat_solar2: 3026 5301.250000 2880.000000 1.267600 272500[0m
[00:00:03.032,000] [0m<inf> oresat_solar2: 3032 5302.500000 2900.000000 15.377250 270000[0m
[00:00:03.038,000] [0m<inf> oresat_solar2: 3038 5301.250000 2880.000000 15.267600 267500[0m
[1;31m-- 1 messages dropped ---
[0m[00:00:03.055,000] [0m<inf> oresat_solar2: 3055 5302.500000 2920.000000 15.48330 260000[0m
[1;31m--- 4 messages dropped --
[0m[00:00:03.078,000] [0m<inf> oresat_solar2: 3078 5301.25000 2900.000000 15.373625 250000[0m
[1;31m-- 3 messages dropped ---
[0m[00:00:03.100,000] [0m<inf> oreat_solar2: 3100 5300.000000 2900.000000 15.37000 240000[0m
[1;31m--- 3 messages dropped ---
[0m[00:00:0.123,000] [0m<inf> oresat_solar2: 3123 5302.50000 2900.000000 15.377250 230000[0m
[1;31m--- 3 messages dropped ---
[0m[00:00:03.146,000] [0m<inf> orsat_solar2: 3146 5301.250000 2900.000000 15.373625 220000[0m[1;31m--- 3 messages dropped ---
[0m[00:00:3.169,000] [0m<inf> oresat_solar2: 3169 5303.750000 2920.000000 15.486950 210000[0m
[1;31m--- 3 messages ropped ---
[0m[00:00:03.192,000] [0m<inf> oresat_solar2: 3192 5302.500000 2900.000000 15.377250 200000[0m
[1;31m--- 3 messages dropped ---
[0m[00:0003.214,000] [0m<inf> oresat_solar2: 3214 5302.500000 2920.00000 15.483300 190000[0m
[1;31m--- 3 messagesdropped ---
[0m[00:00:03.237,000] [0m<inf> oresat_solar2: 3237 5300.000000 2900.000000 15.370000 180000[0
[1;31m--- 3 messages dropped ---
[0m[00:00:03.260,000] [0m<inf> oresat_solar2: 3260 5301.250000 2900.00000 15.373625 170000[0m
[1;31m--- 3 messages dropped ---
[0m[00:00:03.283,000] [0m<inf> oresat_solar2: 283 5301.250000 2960.000000 15.691700 160000[0m
[1;31m--- 3 messages dropped ---
[0m[00:00:03.311,000] 0m<inf> oresat_solar2: 3311 5302.500000 2880.00000 15.271200 147500[0m
[1;31m--- 3 messages dropped ---
[0m[00:00:03.334,000] [0m<inf> oresat_solar2:3334 5300.000000 2900.000000 15.370000 137500[0m
[1;31m---  messages dropped ---
[0m[00:00:03.357,000] [0m<inf> oresat_solar2: 3357 5300.000000 2900.000000 15.370000 127500[0m
[1;31m--- 3 messages dropped ---[0m[00:00:03.380,000] [0m<inf> oresat_solar2: 3380 5301.250000 2920.000000 15.479650 117500[0m
[1;31m---3 messages dropped ---
[0m[00:00:03.403,000] [0m<inf> oresat_solar2: 3403 5300.000000 2900.000000 15.37000 107500[0m
[1;31m--- 3 messages dropped ---
[0m[00:00:03.425,000] [0m<inf> oresat_solar2: 3425 5301.25000 2920.000000 15.479650 97500[0m
[1;31m---3 messages dropped ---
[0m[00:00:03.448,000] [0m<inf> oresa_solar2: 3448 5301.250000 2920.000000 15.47965 87500[0m
[1;31m--- 3 messages dropped ---
[0m[00:00:03.41,000] [0m<inf> oresat_solar2: 3471 5301.25000 2860.000000 15.161575 77500[0m
[1;31m--- 3 messages dropped ---
[0m[00:00:03.494,000] [0m<inf> oresatsolar2: 3494 5301.250000 2880.000000 15.267600 67500[0m
[1;31m--- 3 messages dropped ---
[0m[00:00:03.51,000] [0m<inf> oresat_solar2: 3517 5300.000000 2920.000000 15.476000 57500[0m
[1;31m--- 3 messages droppe ---
[0m[00:00:03.539,000] [0m<inf> oresat_olar2: 3539 5301.250000 2920.000000 15.479650 47500[0m
[1;3m--- 3 messages dropped ---
[0m[00:00:03.562000] [0m<inf> oresat_solar2: 3562 5298.750000 2960.000000 15.84300 37500[0m
[1;31m--- 3 messages dropped---
[0m[00:00:03.585,000] [0m<inf> oresat_solar2: 3585 5300.000000 2920.000000 15.476000 27500[0m
[1;31--- 3 messages dropped ---
[0m[00:00:03.608,000] [0m<inf> oresat_solar2: 3608 5298.750000 2900.000000 15.36375 17500[0m
[1;31m--- 3 messages dropped ---
[0m[00:00:03.636,000] [0m<inf> oresat_solar2: 3636 5300.00000 2920.000000 15.476000 5000[0m
[1;31m-- 4 messages dropped ---
[0m[00:00:03.655,000] [1;31m<err> ac_mcux_lpdac: unsupported value 5282859[0m
[1;31m--- 3 messages dropped ---
[0m[00:00:03.667,000] [1;3m<err> dac_mcux_lpdac: unsupported value 528283[0m
[1;31m--- 4 messages dropped ---
[0m[00:00:03.678,00] [1;31m<err> dac_mcux_lpdac: unsupported vale 5282847[0m
[1;31m--- 3 messages dropped ---
[0m[00:00:03.693,000] [0m<inf> oresat_solar2: 3693 5297.50000 2900.000000 15.362750 -20000[0m
[1;31m--- 5 messages dropped ---
[0m[00:00:03.707,000] [1;31m<err>dac_mcux_lpdac: unsupported value 5282831[0m[1;31m--- 2 messages dropped ---
[0m[00:00:03.722,000] [0minf> oresat_solar2: 3722 5296.250000 2960.00000 15.676900 -32500[0m
[1;31m--- 6 messages dropped ---
[0[00:00:03.735,000] [1;31m<err> dac_mcux_lpdac unsupported value 5282816[0m
[1;31m--- 2 messages dropped --
[0m[00:00:03.750,000] [0m<inf> oresat_soar2: 3750 5298.750000 2920.000000 15.472350 -45000[0m
[1;31m--- 4 messages dropped ---
[0m[00:00:03.764,00] [1;31m<err> dac_mcux_lpdac: unsupported value 5282801[0m
[1;31m--- 4 messages dropped ---
[0m[00:0003.775,000] [1;31m<err> dac_mcux_lpdac: unsupported value 5282794[0m
[1;31m--- 4 messages dropped ---
[m[00:00:03.790,000] [0m<inf> oresat_solar2: 390 5296.250000 2900.000000 15.359125 -62500[0m
[1;31m--- 4 essages dropped ---
[0m[00:00:03.804,000] [;31m<err> dac_mcux_lpdac: unsupported value 5282779[0m
[1;3m--- 3 messages dropped ---
[0m[00:00:03.815000] [1;31m<err> dac_mcux_lpdac: unsupported value 5282773[0
[1;31m--- 4 messages dropped ---
[0m[00:0:03.830,000] [0m<inf> oresat_solar2: 3830 5297.500000 2920.000000 15.468700 -80000[0m
[1;31m--- 5 message dropped ---
[0m[00:00:03.844,000] [1;31m<err> dac_mcux_lpdc: unsupported value 5282758[0m
[1;31m--- 2messages dropped ---
[0m[00:00:03.859,000] [0m<inf> oresat_solar2: 3859 5296.250000 2920.000000 15.465050 92500[0m
[1;31m--- 4 messages dropped ---
[0m[00:00:03.872,000] [1;31m<err> dac_mcux_lpdac: unsupportedvalue 5282742[0m
[1;31m--- 4 messages droppd ---
[0m[00:00:03.883,000] [1;31m<err> dac_mcux_lpdac: unspported value 5282736[0m
[1;31m--- 4 messags dropped ---
[0m[00:00:03.898,000] [0m<inf> oresat_solar2: 3898 5296.250000 2920.000000 15.465050 -110000[0m
[1;31m--- 4 messages dropped ---
[0m[00:00:03.912,000] [1;31m<err> dac_mcux_lpdac: unsupported value5282721[0m
[1;31m--- 3 messages dropped ---
[0m[00:00:03.923,000] [1;31m<err> dac_mcux_lpdac: unsupportd value 5282715[0m
[1;31m--- 4 messages droped ---
[0m[00:00:03.938,000] [0m<inf> oresat_solar2: 3938 295.000000 2960.000000 15.673200 -127500[0m
[1;31m--- 5 messages dropped ---
[0m[00:00:03.952,000] [1;3m<err> dac_mcux_lpdac: unsupported value 528269[0m
[1;31m--- 3 messages dropped ---
[0m[00:00:03.969,000] [1;31m<err> dac_mcux_lpdac: unsupported vale 5282690[0m
[1;31m--- 4 messages dropped ---
[0m[00:00:03.980,000] [1;31m<err> dac_mcux_lpdac: unsuppoted value 5282684[0m
[1;31m--- 4 messages dropped ---
[0m[00:00:03.995,000] [0m<inf> oresat_solar2: 399 5296.250000 2920.000000 15.465050 -152500[0m
[1;31m--- 4 messages dropped ---
[0m[00:00:04.009,000] [131m<err> dac_mcux_lpdac: unsupported value 528668[0m
[1;31m--- 4 messages dropped ---
[0m[00:00:04.018,00] [0m<inf> oresat_solar2: 4018 5295.000000 920.000000 15.461400 -162500[0m
[1;31m--- 4 messages dropped ---
[0m[00:00:04.037,000] [1;31m<err> dac_cux_lpdac: unsupported value 5282653[0m
[1;31m--- 3 messages dropped ---
[0m[00:00:04.047,000] [0m<inf>oresat_solar2: 4047 5295.000000 2900.000000 15.355500 -175000[0m
[1;31m--- 5 messages dropped ---
[0m[0000:04.060,000] [1;31m<err> dac_mcux_lpdac: unupported value 5282641[0m
[1;31m--- 3 messages dropped ---[0m[00:00:04.075,000] [0m<inf> oresat_solar2 4075 5295.000000 2880.000000 15.249600 -187500[0m
[1;31m-- 5 messages dropped ---
[0m[00:00:04.089,000 [1;31m<err> dac_mcux_lpdac: unsupported value 5282625[0m
1;31m--- 2 messages dropped ---
[0m[00:00:04104,000] [0m<inf> oresat_solar2: 4104 5295.000000 2900.000000 15.355500 -200000[0m
[1;31m--- 4 messages dopped ---
[0m[00:00:04.117,000] [1;31m<err> dac_mcux_lpdac: unsupported value 5282610[0m
[1;31m--- 4 mesages dropped ---
[0m[00:00:04.129,000] [1;31m<err> dac_mcux_lpdac: unsupported value 5282604[0m
[1;31m-- 4 messages dropped ---
[0m[00:00:04.144,00] [0m<inf> oresat_solar2: 4144 5295.000000 2900.000000 15.35500 -217500[0m
[1;31m--- 4 messages dropped---
[0m[00:00:04.157,000] [1;31m<err> dac_mcux_lpdac: unsuported value 5282588[0m
[1;31m--- 4 messagesdropped ---
[0m[00:00:04.168,000] [1;31m<err> dac_mcux_lpdac: unsupported value 5282582[0m
[1;31m--- 3 essages dropped ---
[0m[00:00:04.183,000] [0m<inf> oresat_solar2: 4183 5295.000000 2920.000000 15.461400 -35000[0m
[1;31m--- 5 messages dropped ---
[0m[00:00:04.197,000] [1;31m<err> dac_mcux_lpdac: unsupportedvalue 5282567[0m
[1;31m--- 3 messages droppd ---
[0m[00:00:04.212,000] [0m<inf> oresat_solar2: 4212 525.000000 2920.000000 15.461400 -247500[0m
[;31m--- 5 messages dropped ---
[0m[00:00:04.225,000] [1;31merr> dac_mcux_lpdac: unsupported value 5282552[0m
[1;31m--- 2 messages dropped ---
[0m[00:00:04.240,000] [0m<inf> oresat_solar2: 4240 5293.750000 2920000000 15.457750 -260000[0m
[1;31m--- 4 messages dropped ---
[0m[00:00:04.254,000] [1;31m<err> dac_mcuxlpdac: unsupported value 5282536[0m
[1;31m--- 4 messages dropped ---
[0m[00:00:04.265,000] [1;31m<err> ac_mcux_lpdac: unsupported value 5282530[0m
[1;31m--- 4 messages dropped ---
[0m[00:00:04.280,000] [0m<nf> oresat_solar2: 4280 5295.000000 2920.00000 15.461400 -277500[0m
[1;31m--- 4 messages dropped ---
[0m[00:00:04.294,000] [1;31m<err> dac_mcux_lpdac unsupported value 5282515[0m
[1;31m--- 3 messages dropped --
[0m[00:00:04.305,000] [1;31m<err> dac_mcx_lpdac: unsupported value 5282508[0m
[1;31m--- 4 messages dropped ---
[0m[00:00:04.320,000] [0m<inf> oesat_solar2: 4320 5295.000000 2900.000000 15.35500 -295000[0m
[1;31m--- 5 messages dropped ---
[0m[00:0:04.334,000] [1;31m<err> dac_mcux_lpdac: unsuported value 5282493[0m
[1;31m--- 2 messages dropped ---
0m[00:00:04.349,000] [0m<inf> oresat_solar2: 349 5293.750000 2920.000000 15.457750 -307500[0m
[1;31m--- 6 messages dropped ---
[0m[00:00:04.362,000] [1;31m<err> dac_mcux_lpdac: unsupported value 5282478[0m
[1;31m--- 2 messages dropped ---
[0m[00:00:04.37,000] [0m<inf> oresat_solar2: 4377 5297.500000 2920.000000 15.468700 -320000[0m
[1;31m--- 4 messages droped ---
[0m[00:00:04.391,000] [1;31m<err> dac_mcux_lpdac: unsupported value 5282462[0m
[1;31m--- 4 messges dropped ---
[0m[00:00:04.402,000] [1;31<err> dac_mcux_lpdac: unsupported value 5282456[0m
[1;31m-- 4 messages dropped ---
[0m[00:00:04.417,000 [0m<inf> oresat_solar2: 4417 5292.500000 2900.000000 15.34820 -337500[0m
[1;31m--- 4 messages dropped --
[0m[00:00:04.431,000] [1;31m<err> dac_mcux_lpdac: unsuppoted value 5282441[0m
[1;31m--- 3 messages dopped ---
[0m[00:00:04.442,000] [1;31m<err> dac_mcux_lpdac: unsupported value 5282435[0m
[1;31m--- 4 mesages dropped ---
[0m[00:00:04.457,000] [0m<inf> oresat_solar2: 4457 5293.750000 2900.000000 15.351875 -35000[0m
[1;31m--- 2 messages dropped ---
[0m[00:00:04.463,000] [0m<inf> oresat_solar2: 4463 5293.750000 920.000000 15.457750 -357500[0m
[1;31m--- 3messages dropped ---
[0m[00:00:04.474,000] [0m<inf> oresat_olar2: 4474 5292.500000 2900.000000 15.348250 362500[0m
[1;31m--- 3 messages dropped ---
[0m[00:00:04.46,000] [0m<inf> oresat_solar2: 4486 5293.75000 2960.000000 15.669500 -367500[0m
[1;31m--- 3 messages dropped ---
[0m[00:00:04.497,000] [0m<inf> orest_solar2: 4497 5293.750000 2900.000000 15.351875 -372500[0m
[1;31m--- 3 messages dropped ---
[0m[00:00:0.508,000] [0m<inf> oresat_solar2: 4508 5295.00000 2900.000000 15.355500 -377500[0m
[1;31m--- 3 messages ropped ---
[0m[00:00:04.520,000] [0m<inf> oesat_solar2: 4520 5293.750000 2920.000000 15.457750 -382500[0m
[1;31m--- 3 messages dropped ---
[0m[00:0:04.533,000] [1;31m<err> dac_mcux_lpdac: unsupported value 5282385[0m
[1;31m--- 3 messages dropped ---
0m[00:00:04.543,000] [0m<inf> oresat_solar2: 4543 5296.250000 2960.000000 15.676900 -392500[0m
[1;31m---  messages dropped ---
[0m[00:00:04.554,000] [0m<inf> oresat_solar2: 4554 5293.750000 2920.000000 15.457750-397500[0m
[1;31m--- 3 messages dropped ---
[0m[00:00:04.565,000] [0m<inf> oresat_solar2: 4565 5295.00000 2880.000000 15.249600 -402500[0m
[1;31m-- 3 messages dropped ---
[0m[00:00:04.577,000] [0m<inf> oreat_solar2: 4577 5295.000000 2920.000000 15.46100 -407500[0m
[1;31m--- 4 messages dropped ---
[0m[00:00:4.590,000] [1;31m<err> dac_mcux_lpdac: unsupprted value 5282355[0m
[1;31m--- 2 messages dropped ---
[0[00:00:04.602,000] [1;31m<err> dac_mcux_lpdac unsupported value 5282349[0m
[1;31m--- 2 messages dropped ---
[0m[00:00:04.611,000] [0m<inf> oresat_soar2: 4611 5295.000000 2960.000000 15.673200 -422500[0m
[1;31m--- 3 messages dropped ---
[0m[00:00:04.622000] [0m<inf> oresat_solar2: 4622 5292.500000 2960.000000 15.665800 -427500[0m
[1;31m--- 3 messages droppd ---
[0m[00:00:04.634,000] [0m<inf> oresatsolar2: 4634 5295.000000 2900.000000 15.355500 -432500[0m
[;31m--- 3 messages dropped ---
[0m[00:00:04.45,000] [0m<inf> oresat_solar2: 4645 5295.000000 2920.000000 5.461400 -437500[0m
[1;31m--- 3 messages drpped ---
[0m[00:00:04.657,000] [0m<inf> oresat_solar2: 46575293.750000 2900.000000 15.351875 -442500[0m[1;31m--- 3 messages dropped ---
[0m[00:00:04.668,000] [0minf> oresat_solar2: 4668 5293.750000 2960.00000 15.669500 -447500[0m
[1;31m--- 3 messages dropped ---
[0m[00:00:04.679,000] [0m<inf> oresat_solar2: 479 5292.500000 2920.000000 15.454100 -452500[0m
[1;31m--- 4 messages dropped ---
[0m[00:00:04.691,000] 0m<inf> oresat_solar2: 4691 5293.750000 2920.000000 15.457750 -457500[0m
[1;31m--- 3 messages dropped ---[0m[00:00:04.704,000] [1;31m<err> dac_mcux_lpdac: unsupported value 5282293[0m
[1;31m--- 2 messages droped ---
[0m[00:00:04.714,000] [0m<inf> oresa_solar2: 4714 5295.000000 2900.000000 15.355500 -467500[0m
1;31m--- 3 messages dropped ---
[0m[00:00:04725,000] [0m<inf> oresat_solar2: 4725 5293.750000 2880.00000015.246000 -472500[0m
[1;31m--- 3 messages dopped ---
[0m[00:00:04.736,000] [0m<inf> oresat_solar2: 473 5293.750000 2880.000000 15.246000 -477500[0m
[1;31m--- 4 messages dropped ---
[0m[00:00:04.748,000] [0m<inf> oresat_solar2: 4748 5292.500000 2920.00000 15.454100 -482500[0m
[1;31m--- 2 messages dropped ---
[0m[00:00:04.761,000] [1;31m<err> dac_mcux_lpdc: unsupported value 5282262[0m
[1;31m--- 3 messages dropped ---
[0m[00:00:04.767,000] [1;31m<err> dac_cux_lpdac: unsupported value 5282259[0m
[1;1m--- 3 messages dropped ---
[0m[00:00:04.778,000] [1;31m<er> dac_mcux_lpdac: unsupported value 5282253[m
[1;31m--- 1 messages dropped ---
[0m[00:00:04.790,000] 1;31m<err> dac_mcux_lpdac: unsupported value 582247[0m
[1;31m--- 3 messages dropped ---
[0m[00:00:04.79,000] [0m<inf> oresat_solar2: 4799 5293.75000 2880.000000 15.246000 -505000[0m
[1;31m--- 3 messages dropped ---
[0m[00:00:04.813,000] [1;31m<err> da_mcux_lpdac: unsupported value 5282235[0m
[1;31m--- 3 messaes dropped ---
[0m[00:00:04.822,000] [0m<in> oresat_solar2: 4822 5293.750000 2920.000000 15.457750 -515000[0m
[1;31m--- 3 messages dropped ---
[0m[0:00:04.835,000] [1;31m<err> dac_mcux_lpdac: nsupported value 5282222[0m
[1;31m--- 2 messages dropped --
[0m[00:00:04.841,000] [1;31m<err> dac_mcuxlpdac: unsupported value 5282219[0m
[1;31m--- 4 messages drpped ---
[0m[00:00:04.852,000] [1;31m<err> ac_mcux_lpdac: unsupported value 5282213[0m
[1;31m--- 1 messages dropped ---
[0m[00:00:04.864,000] [1;3m<err> dac_mcux_lpdac: unsupported value 5282207[0m
[1;31m--- 3 messages dropped ---
[0m[00:00:04.873,00] [0m<inf> oresat_solar2: 4873 5293.750000 2960.000000 15.669500 -537500[0m
[1;31m--- 3 messages dropped --
[0m[00:00:04.887,000] [1;31m<err> dac_mcux_lpdac: unsupported value 5282195[0m
[1;31m--- 3 messages ropped ---
[0m[00:00:04.896,000] [0m<inf> oresat_solar2: 4896 5293.750000 2900.000000 15.351875 -547500[0
[1;31m--- 3 messages dropped ---
[0m[00:0:04.907,000] [0m<inf> oresat_solar2: 4907 5293.750000 2960.00000 15.669500 -552500[0m
[1;31m--- 3 messags dropped ---
[0m[00:00:04.921,000] [1;31m<err> dac_mcux_lpac: unsupported value 5282176[0m
[1;31m---  messages dropped ---
[0m[00:00:04.927,000] [1;31m<err> dac_mcux_lpdac: unsupported value 5282173[0m
[131m--- 3 messages dropped ---
[0m[00:00:04.938,000] [1;31m<err> dac_mcux_lpdac: unsupported value 52821670m
[1;31m--- 1 messages dropped ---
[0m[00:00:04.949,000] [1;31m<err> dac_mcux_lpdac: unsupported value 282161[0m
[1;31m--- 3 messages dropped ---[0m[00:00:04.959,000] [0m<inf> oresat_solar2: 4959 5293.75000 2880.000000 15.246000 -575000[0m
[1;31m-- 3 messages dropped ---
[0m[00:00:04.972,000] [1;31m<err> dc_mcux_lpdac: unsupported value 5282149[0m
1;31m--- 3 messages dropped ---
[0m[00:00:04.981,000] [0m<inf> oresat_solar2: 4981 5295.000000 2960.00000015.673200 -585000[0m
[1;31m--- 3 messages dropped ---
[0m[00:00:04.993,000] [0m<inf> oresat_solar2: 499 5293.750000 2900.000000 15.351875 -590000[0m
[1;31m--- 3 messages dropped ---
[0m[00:00:05.004,000] [0<inf> oresat_solar2: 5004 5293.750000 2960.000000 15.669500 -595000[0m
[1;31m--- 4 messages dropped ---
0m[00:00:05.016,000] [0m<inf> oresat_solar2: 016 5293.750000 2920.000000 15.457750 -600000[0m
[1;31m---  messages dropped ---
[0m[00:00:05.029,000] [1;31m<err> dac_mcux_lpdac: unsupported value 5282118[0m
[131m--- 3 messages dropped ---
[0m[00:00:05.08,000] [0m<inf> oresat_solar2: 5038 5295.000000 2920.000000 15.461400 -610000[0m
[1;31m--- 3 messages droped ---
[0m[00:00:05.050,000] [0m<inf> oresat_solar2: 5050 5295.000000 2900.000000 15.355500 -615000[0m
[1;31m--- 4 messages dropped ---
[0m[00:00:0.063,000] [1;31m<err> dac_mcux_lpdac: unsupported value 528209[0m
[1;31m--- 3 messages dropped ---
[0m00:00:05.073,000] [0m<inf> oresat_solar2: 5073 5295.000000 280.000000 15.249600 -625000[0m
[1;31m--- 3 mssages dropped ---
[0m[00:00:05.086,000] [1;31m<err> dac_mcx_lpdac: unsupported value 5282087[0m
[1;31--- 2 messages dropped ---
[0m[00:00:05.095,000] [0m<inf> oresat_solar2: 5095 5296.250000 2900.000000 15.39125 -635000[0m
[1;31m--- 4 messages dropped ---
[0m[00:00:05.107,000] [0m<inf> oresat_solar2: 5107 529.000000 2900.000000 15.355500 -640000[0m
[1;31m--- 3 messages dropped ---
[0m[00:00:05.120,000] [1;31m<rr> dac_mcux_lpdac: unsupported value 5282069[0m
[1;31m--- 3 messages dropped ---
[0m[00:00:05.130,000] [0m<inf> oresat_solar2: 5130 5296.250000 2920.00000 15.465050 -650000[0m
[1;31m--- 3 messages dropped ---
[0m[00:00:05.143,000] [1;31m<err> dac_mcux_pdac: unsupported value 5282056[0m
[1;31m--- 3 messages dropped ---
[0m[00:00:05.155,000] [1;31m<err> dc_mcux_lpdac: unsupported value 5282050[0m
[1;31m--- 2 messages dropped ---
[0m[00:00:05.166,000] [1;31<err> dac_mcux_lpdac: unsupported value 5282044[0m
[1;31m--- 3 messages dropped ---
[0m[00:00:05.175,000 [0m<inf> oresat_solar2: 5175 5296.250000 2900.000000 15.359125 -670000[0m
[1;31m--- 3 messages dropped --
[0m[00:00:05.187,000] [0m<inf> oresat_solr2: 5187 5295.000000 2960.000000 15.673200 -675000[0m
[1;31--- 3 messages dropped ---
[0m[00:00:05.200,00] [1;31m<err> dac_mcux_lpdac: unsupported value 5282026[0m
[1;31m--- 3 messages dropped ---
[0m[00:0005.209,000] [0m<inf> oresat_solar2: 5209 5293.750000 2920.00000 15.457750 -685000[0m
[1;31m--- 3 message dropped ---
[0m[00:00:05.223,000] [1;31m<err> dac_mcux_lpdc: unsupported value 5282013[0m
[1;31m--- 3messages dropped ---
[0m[00:00:05.229,000] [1;31m<err> dac_mcux_lpdac: unsupported value 5282010[0m
[1;1m--- 3 messages dropped ---
[0m[00:00:05.240,000] [1;31m<err> dac_mcux_lpdac: unsupported value 5282004[m
[1;31m--- 1 messages dropped ---
[0m[00:0:05.251,000] [1;31m<err> dac_mcux_lpdac: unsupported value 581998[0m
[1;31m--- 3 messages dropped ---
[0m[00:00:05.261,000] [0m<inf> oresat_solar2: 5261 5292.50000 2960.000000 15.665800 -707500[0m
[1;31m---3 messages dropped ---
[0m[00:00:05.274,000] [1;31m<err> da_mcux_lpdac: unsupported value 5281986[0m
[;31m--- 3 messages dropped ---
[0m[00:00:05.284,000] [0m<inf> oresat_solar2: 5284 5295.000000 2900.000000 5.355500 -717500[0m
[1;31m--- 3 messages dropped ---
[0m[00:00:05.295,000] [0m<inf> oresat_solar2: 52955296.250000 2880.000000 15.253200 -722500[0m
[1;31m--- 3 messages dropped ---
[0m[00:00:05.308,000] [1;1m<err> dac_mcux_lpdac: unsupported value 528167[0m
[1;31m--- 3 messages dropped ---
[0m[00:00:05.318,00] [0m<inf> oresat_solar2: 5318 5295.000000 200.000000 15.355500 -732500[0m
[1;31m--- 3 messages dropped---
[0m[00:00:05.331,000] [1;31m<err> dac_mux_lpdac: unsupported value 5281955[0m
[1;31m--- 2 messagesdropped ---
[0m[00:00:05.337,000] [1;31m<er> dac_mcux_lpdac: unsupported value 5281952[0m
[1;31m--- 4 messages dropped ---
[0m[00:00:05.348,000] [;31m<err> dac_mcux_lpdac: unsupported value 5281946[0m
[1;31m--- 1 messages dropped ---
[0m[00:00:05.360000] [1;31m<err> dac_mcux_lpdac: unsupported value 5281940[0m
[1;31m--- 3 messages dropped ---
[0m[00:0:05.369,000] [0m<inf> oresat_solar2: 5369 529.750000 2900.000000 15.351875 -755000[0m
[1;31m--- 3 messags dropped ---
[0m[00:00:05.383,000] [1;31m<rr> dac_mcux_lpdac: unsupported value 5281927[0m
[1;31m---  messages dropped ---
[0m[00:00:05.392,000] [0m<inf> oresat_solar2: 5392 5295.000000 2920.000000 15.461400 -765000[0m
[1;31m--- 3 messages dropped ---
[0m[00:00:05.403,000] [0m<inf> oresat_solar2: 5403 5295.000000 2900.000000 15.355500 -770000[0m
[1;31m-- 3 messages dropped ---
[0m[00:00:05.415,000] [0m<inf> oresat_solar2: 5415 5295.000000 2960.000000 15.67300 -775000[0m
[1;31m--- 3 messages dropped ---
[0m[00:00:05.426,000] [0m<inf> oresat_solar2: 5426 5295.00000 2920.000000 15.461400 -780000[0m
[1;3m--- 3 messages dropped ---
[0m[00:00:05.437,000] [0m<inf> resat_solar2: 5437 5292.500000 2960.000000 15.65800 -785000[0m
[1;31m--- 3 messages dropped ---
[0m[00:0:05.451,000] [1;31m<err> dac_mcux_lpdac: unspported value 5281890[0m
[1;31m--- 3 messages dropped ---
[0m[00:00:05.460,000] [0m<inf> oresat_solar2:5460 5295.000000 2920.000000 15.461400 -795000[0m
[1;31m---3 messages dropped ---
[0m[00:00:05.472,000][0m<inf> oresat_solar2: 5472 5293.750000 2880.000000 15.246000 -800000[0m
[1;31m--- 3 messages dropped --
[0m[00:00:05.485,000] [1;31m<err> dac_mcux_lpdac: unsupported value 5281872[0m
[1;31m--- 2 messages drpped ---
[0m[00:00:05.491,000] [1;31m<err> dac_mcux_lpdac: unsupported value 5281869[0m
[1;31m--- 3 mesages dropped ---
[0m[00:00:05.500,000] [0m<nf> oresat_solar2: 5500 5293.750000 2880.000000 15.246000 -81200[0m
[1;31m--- 3 messages dropped ---
[0[00:00:05.512,000] [0m<inf> oresat_solar2: 5512 5295.000000 200.000000 15.355500 -817500[0m
[1;31m--- 3 essages dropped ---
[0m[00:00:05.523,000] [0m<inf> oresat_solar2: 5523 5295.000000 2960.000000 15.673200 -22500[0m
[1;31m--- 4 messages dropped ---
[0m[00:00:05.540,000] [0m<inf> oresat_solar2: 5540 5293.75000 2880.000000 15.246000 -830000[0m
[1;31m--- 4 messages dropped ---
[0m[00:00:05.554,000] [1;31m<err> da_mcux_lpdac: unsupported value 5281835[0m
[1;31m--- 1 messages dropped ---
[0m[00:00:05.559,000] [1;31merr> dac_mcux_lpdac: unsupported value 5281832[0m
[1;31m--- 3 messages dropped ---
[0m[00:00:05.571,000][1;31m<err> dac_mcux_lpdac: unsupported value5281826[0m
[1;31m--- 3 messages dropped ---
[0m[00:00:05.82,000] [1;31m<err> dac_mcux_lpdac: unsupportd value 5281820[0m
[1;31m--- 3 messages dropped ---
[0m[00:00:05.591,000] [0m<inf> oresat_solar2: 5591 293.750000 2880.000000 15.246000 -852500[0m
[1;31m--- 3 messages dropped ---
[0m[00:00:05.603,000] [0m<nf> oresat_solar2: 5603 5295.000000 2960.000000 15.673200 -857500[0m
[1;31m--- 3 messages dropped ---
[0[00:00:05.614,000] [0m<inf> oresat_solar2: 564 5293.750000 2920.000000 15.457750 -862500[0m
[1;31m--- 3 essages dropped ---
[0m[00:00:05.628,000] [;31m<err> dac_mcux_lpdac: unsupported value 5281795[0m
[1;3m--- 3 messages dropped ---
[0m[00:00:05.637000] [0m<inf> oresat_solar2: 5637 5295.000000 2920.000000 15.461400 -872500[0m
[1;31m--- 3 messages droppd ---
[0m[00:00:05.650,000] [1;31m<err> dac_mcux_lpdac: unsupported value 5281783[0m
[1;31m--- 2 messags dropped ---
[0m[00:00:05.660,000] [0m<inf> oresat_solar2: 5660 5293.750000 2920.000000 15.457750 -882500[0m
[1;31m--- 3 messages dropped ---
[0m[00:00:05.671,000] [0m<inf> oresat_solar2: 5671 5293.750000 2960000000 15.669500 -887500[0m
[1;31m--- 3 messages dropped ---
[0m[00:00:05.683,000] [0m<inf> oresat_sola2: 5683 5293.750000 2900.000000 15.351875 -89200[0m
[1;31m--- 3 messages dropped ---
[0m[00:00:05.694,00] [0m<inf> oresat_solar2: 5694 5293.750000 260.000000 15.669500 -897500[0m
[1;31m--- 4 messages dropped---
[0m[00:00:05.707,000] [1;31m<err> dac_mux_lpdac: unsupported value 5281752[0m
[1;31m--- 3 messagesdropped ---
[0m[00:00:05.719,000] [1;31m<er> dac_mcux_lpdac: unsupported value 5281746[0m
[1;31m--- 2 messages dropped ---
[0m[00:00:05.728,000] [m<inf> oresat_solar2: 5728 5295.000000 2960.000000 15.673200 -912500[0m
[1;31m--- 4 messages dropped ---
[0m[00:00:05.740,000] [0m<inf> oresat_solar2: 5740 5293.750000 2900.000000 15.351875 -917500[0m
[1;31m---2 messages dropped ---
[0m[00:00:05.751,000][0m<inf> oresat_solar2: 5751 5295.000000 2960.000000 15.67320 -922500[0m
[1;31m--- 4 messages dropped --
[0m[00:00:05.764,000] [1;31m<err> dac_mcux_lpdac: unsuppored value 5281721[0m
[1;31m--- 3 messages drpped ---
[0m[00:00:05.776,000] [1;31m<err> dac_mcux_lpdac: nsupported value 5281715[0m
[1;31m--- 3 mesages dropped ---
[0m[00:00:05.787,000] [1;31m<err> dac_mcux_lpdac: unsupported value 5281709[0m
[1;31m-- 2 messages dropped ---
[0m[00:00:05.797,000] [0m<inf> oresat_solar2: 5797 5293.750000 2920.000000 15.45750 -942500[0m
[1;31m--- 3 messages dropped ---
[0m[00:00:05.810,000] [1;31m<err> dac_mcux_lpdac: unsupprted value 5281697[0m
[1;31m--- 3 messages ropped ---
[0m[00:00:05.821,000] [1;31m<err> dac_mcux_lpdac unsupported value 5281691[0m
[1;31m--- 3 mssages dropped ---
[0m[00:00:05.827,000] [1;31m<err> dac_mcx_lpdac: unsupported value 5281687[0m
[1;31--- 3 messages dropped ---
[0m[00:00:05.839,000] [1;31m<err> dac_mcux_lpdac: unsupported value 5281681[0m
[1;31m--- 1 messages dropped ---
[0m[00:00:05.850,000] [1;31m<err> dac_mcux_lpdac: unsupported value 528675[0m
[1;31m--- 3 messages dropped ---
[0m[00:00:05.859,000] [0m<inf> oresat_solar2: 5859 5295.000000 920.000000 15.461400 -970000[0m
[1;31m--- 4messages dropped ---
[0m[00:00:05.873,000] [1;31m<err> dac_cux_lpdac: unsupported value 5281663[0m
[1;1m--- 2 messages dropped ---
[0m[00:00:05.882,000] [0m<inf>oresat_solar2: 5882 5293.750000 2960.000000 15669500 -980000[0m
[1;31m--- 3 messages dropped ---
[0m[00:00:05.896,000] [1;31m<err> dac_mcux_lpdac: unupported value 5281651[0m
[1;31m--- 3 messages dropped ---
[0m[00:00:05.907,000] [1;31m<err> dac_mcux_ldac: unsupported value 5281644[0m
[1;31m--- 2 messages dropped ---
[0m[00:00:05.911,000] [0m<inf> oresa_solar2: 5911 5293.750000 2960.000000 15.669500 -992500[0m
[1;31m--- 3 messages dropped ---
[0m[00:00:05924,000] [1;31m<err> dac_mcux_lpdac: unsuppored value 5281635[0m
[1;31m--- 3 messages dropped ---
[0m[0:00:05.935,000] [1;31m<err> dac_mcux_lpdac: nsupported value 5281629[0m
[1;31m--- 2 messages dropped --
[0m[00:00:05.947,000] [1;31m<err> dac_mcuxlpdac: unsupported value 5281623[0m
[1;31m--- 3 messages dropped ---
[0m[00:00:05.956,000] [0m<inf> oreat_solar2: 5956 5293.750000 2960.000000 15.669500 -1012500[0m
[1;31m--- 3 messages dropped ---
[0m[00:0005.968,000] [0m<inf> oresat_solar2: 5968 5295.000000 2900.000000 15.355500 -1017500[0m
[1;31m--- 4 messags dropped ---
[0m[00:00:05.981,000] [1;31m<err> dac_mcux_lpdac: unsupported value 5281604[0m
[1;31m---  messages dropped ---
[0m[00:00:05.990,000] [0m<inf> oresat_solar2: 5990 5293.750000 2880.000000 15.246000-1027500[0m
[1;31m--- 4 messages dropped --
[0m[00:00:06.002,000] [0m<inf> oresat_solar2: 6002 5293.75000 2900.000000 15.351875 -1032500[0m
[1;31--- 3 messages dropped ---
[0m[00:00:06.013,000] [0m<inf> oesat_solar2: 6013 5293.750000 2900.000000 15.31875 -1037500[0m
[1;31m--- 3 messages dropped ---
[0m[00:00:06.025,000] [0m<inf> oresat_solar2: 6025 522.500000 2920.000000 15.454100 -1042500[0m
[1;31m--- 4 messages dropped ---
[0m[00:00:06.038,000] [1;31<err> dac_mcux_lpdac: unsupported value 5281574[0m
[1;31m--- 2 messages dropped ---
[0m[00:00:06.047,000 [0m<inf> oresat_solar2: 6047 5291.250000 2900.000000 15.344625 -1052500[0m
[1;31m--- 2 messages dropped --
[0m[00:00:06.055,000] [1;31m<err> dac_mcx_lpdac: unsupported value 5281564[0m
[1;31m--- 4 messages ropped ---
[0m[00:00:06.070,000] [0m<inf> oesat_solar2: 6070 5291.250000 2920.000000 15.450450 -1062500[m
[1;31m--- 3 messages dropped ---
[0m[00:0:06.082,000] [0m<inf> oresat_solar2: 6082 5292.500000 2960.00000 15.665800 -1067500[0m
[1;31m--- 3 messges dropped ---
[0m[00:00:06.093,000] [0m<inf> oresat_solar2: 6093 5292.500000 2920.000000 15.454100 -107200[0m
[1;31m--- 3 messages dropped ---
[0m[00:00:06.104,000] [0m<inf> oresat_solar2: 6104 5290.000000 260.000000 15.658400 -1077500[0m
[1;31m--- 3 messages dropped ---
[0m[00:00:06.118,000] [1;31m<err> dac_cux_lpdac: unsupported value 5281531[0m
[1;1m--- 3 messages dropped ---
[0m[00:00:06.127,000] [0m<inf>oresat_solar2: 6127 5293.750000 2960.000000 15669500 -1087500[0m
[1;31m--- 3 messages dropped ---
[0m[00:00:06.139,000] [0m<inf> oresat_solar2: 6139 291.250000 2900.000000 15.344625 -1092500[0m
[1;31m--- 3 messages dropped ---
[0m[00:00:06.152,000] [1;1m<err> dac_mcux_lpdac: unsupported value 5281512[0m
[1;31m--- 3 messages dropped ---
[0m[00:00:06.161,00] [0m<inf> oresat_solar2: 6161 5292.500000 2960.000000 15.665800 -1102500[0m
[1;31m--- 3 messages droppe ---
[0m[00:00:06.173,000] [0m<inf> oresat_olar2: 6173 5291.250000 2900.000000 15.344625 -1107500[0m
[;31m--- 3 messages dropped ---
[0m[00:00:06.84,000] [0m<inf> oresat_solar2: 6184 5292.500000 2900.000000 5.348250 -1112500[0m
[1;31m--- 4 messages dopped ---
[0m[00:00:06.198,000] [1;31m<err> dac_mcux_lpdac: unsupported value 5281488[0m
[1;31m--- 2 mesages dropped ---
[0m[00:00:06.207,000] [0m<inf> oresat_solar2: 6207 5293.750000 2900.000000 15.351875 -112500[0m
[1;31m--- 4 messages dropped ---
0m[00:00:06.220,000] [1;31m<err> dac_mcux_lpdac: unsupported alue 5281475[0m
[1;31m--- 2 messages droppe ---
[0m[00:00:06.226,000] [1;31m<err> dac_mcux_lpdac: unsupported value 5281472[0m
[1;31m--- 3 message dropped ---
[0m[00:00:06.238,000] [1;31m<err> dac_mcux_lpdac: unsupported value 5281466[0m
[1;31m--- 2messages dropped ---
[0m[00:00:06.253,000] [0m<inf> oresat_solar2: 6253 5292.500000 2900.000000 15.348250 1142500[0m
[1;31m--- 4 messages dropped ---
[0m[00:00:06.264,000] [0m<inf> oresat_solar2: 6264 5293.75000 2900.000000 15.351875 -1147500[0m
[1;31m-- 4 messages dropped ---
[0m[00:00:06.277,000] [1;31m<err>dac_mcux_lpdac: unsupported value 5281445[0m[1;31m--- 2 messages dropped ---
[0m[00:00:06.289,000] [1;31m<err> dac_mcux_lpdac: unsupported value 528138[0m
[1;31m--- 3 messages dropped ---
[0m[00:00:06.300,000] [1;31m<err> dac_mcux_lpdac: unsupported vaue 5281432[0m
[1;31m--- 3 messages dropped ---
[0m[00:00:06.306,000] [1;31m<err> dac_mcux_lpdac: unsupprted value 5281429[0m
[1;31m--- 2 messages ropped ---
[0m[00:00:06.317,000] [1;31m<err> dac_mcux_lpdac unsupported value 5281423[0m
[1;31m--- 3 mssages dropped ---
[0m[00:00:06.329,000] [1;31m<err> dac_mcx_lpdac: unsupported value 5281417[0m
[1;31--- 2 messages dropped ---
[0m[00:00:06.338,000] [0m<inf> oresat_solar2: 6338 5290.000000 2920.000000 15.46800 -1180000[0m
[1;31m--- 3 messages dropped ---
[0m[00:0:06.352,000] [1;31m<err> dac_mcux_lpdac: unspported value 5281405[0m
[1;31m--- 3 messages dropped ---
[0m[00:00:06.361,000] [0m<inf> oresat_solar2:6361 5292.500000 2960.000000 15.665800 -119000[0m
[1;31m--- 3 messages dropped ---
[0m[00:00:06.372,000 [0m<inf> oresat_solar2: 6372 5291.250000 296.000000 15.662100 -1195000[0m
[1;31m--- 3 messages dropped --
[0m[00:00:06.384,000] [0m<inf> oresat_soar2: 6384 5292.500000 2920.000000 15.454100 -1200000[0m
[1;31m--- 4 messages dropped ---
[0m[00:00:06.39,000] [1;31m<err> dac_mcux_lpdac: unsupported value 5281380[0m
[1;31m--- 2 messages dropped ---
[0m[00:0:06.406,000] [0m<inf> oresat_solar2: 6406 5292.500000 2960.000000 15.665800 -1210000[0m
[1;31m--- 3 messges dropped ---
[0m[00:00:06.418,000] [0m<inf> oresat_solar2: 6418 5292.500000 2920.000000 15.454100 -121500[0m
[1;31m--- 4 messages dropped ---
[0[00:00:06.431,000] [1;31m<err> dac_mcux_lpdac: unsupported vaue 5281361[0m
[1;31m--- 2 messages dropped --
[0m[00:00:06.443,000] [1;31m<err> dac_mcux_lpdac: unsupprted value 5281355[0m
[1;31m--- 2 messages ropped ---
[0m[00:00:06.446,000] [0m<inf> oresat_solar2: 6446 5293.750000 2960.000000 15.669500 -1227500[m
[1;31m--- 3 messages dropped ---
[0m[00:00:06.458,000] [0m<inf> oresat_solar2: 6458 5291.250000 2900.00000 15.344625 -1232500[0m
[1;31m--- 3 messages dropped ---
[0m[00:00:06.471,000] [1;31m<err> dac_mcux_pdac: unsupported value 5281340[0m
[1;31m-- 3 messages dropped ---
[0m[00:00:06.483,000] [1;31m<err> dc_mcux_lpdac: unsupported value 5281334[0m
1;31m--- 2 messages dropped ---
[0m[00:00:06.492,000] [0m<if> oresat_solar2: 6492 5291.250000 2960.00000015.662100 -1247500[0m
[1;31m--- 4 messages dropped ---
[0m[00:00:06.503,000] [0m<inf> oresat_solar2: 653 5291.250000 2920.000000 15.450450 -1252500[0m
[1;31m--- 3 messages dropped ---
[0m[00:00:06.515,000] 0m<inf> oresat_solar2: 6515 5291.250000 2960.000000 15.662100 -1257500[0m
[1;31m--- 3 messages dropped ---
[0m[00:00:06.526,000] [0m<inf> oresat_solar2: 6526 5292.500000 2920.000000 15.454100 -1262500[0m
[1;31m-- 2 messages dropped ---
[0m[00:00:06.538,00] [0m<inf> oresat_solar2: 6538 5291.250000 2960.000000 15.66100 -1267500[0m
[1;31m--- 4 messages droppe ---
[0m[00:00:06.549,000] [0m<inf> oresat_solar2: 6549 529.250000 2920.000000 15.450450 -1272500[0m
[;31m--- 3 messages dropped ---
[0m[00:00:06.562,000] [1;31m<err> dac_mcux_lpdac: unsupported value 5281291[0m
[1;31m--- 3 messages dropped ---
[0m[00:00:06.572,000][0m<inf> oresat_solar2: 6572 5291.250000 2900000000 15.344625 -1282500[0m
[1;31m--- 2 messages dropped ---
[0m[00:00:06.583,000] [0m<inf> oresat_solr2: 6583 5291.250000 2920.000000 15.450450 -1287500[0m
[1;31m--- 4 messages dropped ---
[0m[00:00:06.597000] [1;31m<err> dac_mcux_lpdac: unsupported alue 5281272[0m
[1;31m--- 3 messages dropped ---
[0m[00:0:06.608,000] [1;31m<err> dac_mcux_lpdac: unsuported value 5281266[0m
[1;31m--- 3 messages dropped ---
0m[00:00:06.619,000] [1;31m<err> dac_mcux_lpdc: unsupported value 5281260[0m
[1;31m--- 3 messages droppe ---
[0m[00:00:06.629,000] [0m<inf> oresat_olar2: 6629 5292.500000 2920.000000 15.454100 -1307500[0m
[1;31m--- 2 messages dropped ---
[0m[00:00:06.42,000] [1;31m<err> dac_mcux_lpdac: unsupported value 5281248[0m
[1;31m--- 3 messages dropped ---
[0m[0:00:06.654,000] [1;31m<err> dac_mcux_lpdac: unsupported value 5281242[0m
[1;31m--- 4 messages dropped ---
[0m[00:00:06.663,000] [0m<inf> oresat_solar: 6663 5288.750000 2960.000000 15.654700 -1322500[0m
[1;31m-- 2 messages dropped ---
[0m[00:00:06.676,00] [1;31m<err> dac_mcux_lpdac: unsupported value 5281229[0m[1;31m--- 2 messages dropped ---
[0m[00:00:6.682,000] [1;31m<err> dac_mcux_lpdac: unsupported value 5281226[0m
[1;31m--- 3 messages dropped ---
[0[00:00:06.694,000] [1;31m<err> dac_mcux_lpdac: unsupported value 5281220[0m
[1;31m--- 3 messages dropped --
[0m[00:00:06.705,000] [1;31m<err> dac_mcux_lpdac: unsupported value 5281214[0m
[1;31m--- 3 messages ropped ---
[0m[00:00:06.714,000] [0m<inf> oesat_solar2: 6714 5290.000000 2920.000000 15.446800 -1345000[m
[1;31m--- 3 messages dropped ---
[0m[00:0:06.728,000] [1;31m<err> dac_mcux_lpdac: unsupported value 581202[0m
[1;31m--- 2 messages dropped ---
[0m[00:00:06.737,000] [0m<inf> oresat_solar2: 6737 5292.50000 2920.000000 15.454100 -1355000[0m
[1;31m-- 4 messages dropped ---
[0m[00:00:06.751,000] [1;31m<err> dac_mcux_lpdac: unsupported value 5281189[0m
1;31m--- 2 messages dropped ---
[0m[00:00:06.760,000] [0m<inf> oresat_solar2: 6760 5291.250000 2920.00000015.450450 -1365000[0m
[1;31m--- 3 messages dropped ---
[0m[00:00:06.768,000] [1;31m<err> dac_mcux_lpdac unsupported value 5281180[0m
[1;31m--- 3 mssages dropped ---
[0m[00:00:06.779,000] [1;31m<err> dac_mcx_lpdac: unsupported value 5281174[0m
[1;31--- 2 messages dropped ---
[0m[00:00:06.790,000] [1;31m<err dac_mcux_lpdac: unsupported value 5281168[0m
[1;31m--- 2 messages dropped ---
[0m[00:00:06.800,000] [0<inf> oresat_solar2: 6800 5291.250000 2920.00000 15.450450 -1382500[0m
[1;31m--- 4 messages dropped ---
[0m[00:00:06.813,000] [1;31m<err> dac_mcux_lpac: unsupported value 5281155[0m
[1;31m--- 2 messages droppd ---
[0m[00:00:06.823,000] [0m<inf> oresatsolar2: 6823 5293.750000 2920.000000 15.457750 -1392500[0m
[1;31m--- 4 messages dropped ---
[0m[00:00:06836,000] [1;31m<err> dac_mcux_lpdac: unsupported value 5281143[0m
[1;31m--- 3 messages dropped ---
[0m[0:00:06.847,000] [1;31m<err> dac_mcux_lpdac: nsupported value 5281137[0m
[1;31m--- 2 messages dropped --
[0m[00:00:06.853,000] [1;31m<err> dac_mcuxlpdac: unsupported value 5281134[0m
[1;31m--- 2 messages drpped ---
[0m[00:00:06.865,000] [1;31m<err> ac_mcux_lpdac: unsupported value 5281128[0m
[1;31m--- 3 mesages dropped ---
[0m[00:00:06.876,000] [1;3m<err> dac_mcux_lpdac: unsupported value 5281122[0m
[1;31m--- 3 messages dropped ---
[0m[00:00:06.885,00] [0m<inf> oresat_solar2: 6885 5291.250000 2920.000000 15.450450 -1420000[0m
[1;31m--- 2 messages dropped---
[0m[00:00:06.897,000] [0m<inf> oresat_solar2: 6897 5292.500000 2960.000000 15.665800 -1425000[0m
[131m--- 3 messages dropped ---
[0m[00:00:06.90,000] [1;31m<err> dac_mcux_lpdac: unsupported value 52811030m
[1;31m--- 4 messages dropped ---
[0m[0000:06.922,000] [1;31m<err> dac_mcux_lpdac: unsupported value 281097[0m
[1;31m--- 2 messages dropped ---[0m[00:00:06.927,000] [1;31m<err> dac_mcux_lpdac: unsupported value 5281094[0m
[1;31m--- 3 messages droped ---
[0m[00:00:06.939,000] [1;31m<err> dac_mcux_lpdac: unsupported value 5281088[0m
[1;31m--- 2 messaes dropped ---
[0m[00:00:06.950,000] [1;31m<err> dac_mcux_lpdac: unsupported value 5281082[0m
[1;31m---3 messages dropped ---
[0m[00:00:06.961,000] [1;31m<err> dac_mcux_lpdac: unsupported value 5281076[0m
[;31m--- 3 messages dropped ---
[0m[00:00:06.973,000] [1;31m<err> dac_mcux_lpdac: unsupported value 5281069[0m
[1;31m--- 2 messages dropped ---
[0m[0:00:06.982,000] [0m<inf> oresat_solar2: 6982 5291.250000 2920000000 15.450450 -1462500[0m
[1;31m--- 4 mesages dropped ---
[0m[00:00:06.994,000] [0m<inf> oresat_solar2: 6994 5290.000000 2900.000000 15.341000 -147500[0m
[1;31m--- 4 messages dropped ---
[0m[00:00:07.007,000] [1;31m<err> dac_mcux_lpdac: unsupported alue 5281051[0m
[1;31m--- 2 messages dropped ---
[0m[00:00:07.016,000] [0m<inf> oresat_solar2: 7016 529.500000 2960.000000 15.665800 -1477500[0m
[1;31m--- 3 messages dropped ---
[0m[00:00:07.028,000] [0m<in> oresat_solar2: 7028 5293.750000 2960.000000 15.669500 -1482500[0m
[1;31m--- 4 messages dropped ---
[0m00:00:07.039,000] [0m<inf> oresat_solar2: 7039 5292.500000 2920.000000 15.454100 -1487500[0m
[1;31m--- 3 essages dropped ---
[0m[00:00:07.053,000] [;31m<err> dac_mcux_lpdac: unsupported value 5281026[0m
[1;3m--- 2 messages dropped ---
[0m[00:00:07.062000] [0m<inf> oresat_solar2: 7062 5291.250000 2900.000000 15.44625 -1497500[0m
[1;31m--- 3 messages droped ---
[0m[00:00:07.073,000] [0m<inf> oresat_solar2: 7073 5293.750000 2920.000000 15.457750 -1502500[0m
[1;31m--- 5 messages dropped ---
[0m[00:00:07.087,000] [1;3m<err> dac_mcux_lpdac: unsupported value 528108[0m
[1;31m--- 3 messages dropped ---
[0m[00:00:07.098,000] [1;31m<err> dac_mcux_lpdac: unsupported vale 5281002[0m
[1;31m--- 1 messages dropped ---
[0m[00:00:07.110,000] [1;31m<err> dac_mcux_lpdac: unsuppoted value 5280996[0m
[1;31m--- 3 messages dopped ---
[0m[00:00:07.119,000] [0m<inf> oresat_solar2: 711 5292.500000 2900.000000 15.348250 -1522500[0
[1;31m--- 3 messages dropped ---
[0m[00:00:07.132,000] [1;31m<err> dac_mcux_lpdac: unsupported value 520983[0m
[1;31m--- 3 messages dropped ---
[0m[00:00:07.144000] [1;31m<err> dac_mcux_lpdac: unsupported alue 5280977[0m
[1;31m--- 3 messages dropped ---
[0m[00:00:07.150,000] [1;31m<err> dac_mcux_lpdac: unsuported value 5280974[0m
[1;31m--- 3 messages dropped ---
[0m[00:00:07.161,000] [1;31m<err> dac_mcux_lpdc: unsupported value 5280968[0m
[1;31m--- 1 messages dropped ---
[0m[00:00:07.172,000] [1;31m<err> dac_cux_lpdac: unsupported value 5280962[0m
[1;31m--- 3 messages dropped ---
[0m[00:00:07.182,000] [0m<inf>oresat_solar2: 7182 5293.750000 2960.000000 15669500 -1550000[0m
[1;31m--- 2 messages dropped ---
[0m[0:00:07.193,000] [0m<inf> oresat_solar2: 7193 292.500000 2900.000000 15.348250 -1555000[0m
[1;31m--- 3 mesages dropped ---
[0m[00:00:07.204,000] [0minf> oresat_solar2: 7204 5292.500000 2900.000000 15.348250 -150000[0m
[1;31m--- 3 messages dropped ---
0m[00:00:07.216,000] [0m<inf> oresat_solar2: 7216 5292.500000 2960.000000 15.665800 -1565000[0m
[1;31m---4 messages dropped ---
[0m[00:00:07.227,000] [0m<inf> oresat_solar2: 7227 5293.750000 2900.000000 15.35187 -1570000[0m
[1;31m--- 4 messages dropped ---
[0m[00:00:07.239,000] [0m<inf> oresat_solar2: 7239 5291.20000 2920.000000 15.450450 -1575000[0m
[1;3m--- 3 messages dropped ---
[0m[00:00:07.250,000] [0m<inf> resat_solar2: 7250 5291.250000 2900.000000 15.44625 -1580000[0m
[1;31m--- 3 messages dropped ---
[0m[0000:07.264,000] [1;31m<err> dac_mcux_lpdac: unupported value 5280913[0m
[1;31m--- 3 messages dropped ---[0m[00:00:07.275,000] [1;31m<err> dac_mcux_ldac: unsupported value 5280906[0m
[1;31m--- 3 messages dropped ---
[0m[00:00:07.286,000] [1;31m<err> da_mcux_lpdac: unsupported value 5280900[0m
[1;31m--- 2 messages dropped ---
[0m[00:00:07.296,000] [0m<in> oresat_solar2: 7296 5291.250000 2960.000000 15.662100 -1600000[0m
[1;31m--- 3 messages dropped ---
[0m00:00:07.307,000] [0m<inf> oresat_solar2: 7307 5293.750000 2920.000000 15.457750 -1605000[0m
[1;31m--- 3 essages dropped ---
[0m[00:00:07.318,000] [m<inf> oresat_solar2: 7318 5292.500000 2920.000000 15.454100 -610000[0m
[1;31m--- 4 messages dropped ---[0m[00:00:07.332,000] [1;31m<err> dac_mcux_lpdac: unsupporte value 5280876[0m
[1;31m--- 2 messages droped ---
[0m[00:00:07.341,000] [0m<inf> oresat_solar2: 7341 592.500000 2900.000000 15.348250 -1620000[0m
[1;31m--- 3 messages dropped ---
[0m[00:00:07.353,000] [0m<inf> oresat_solar2: 7353 5291.250000 2900.00000 15.344625 -1625000[0m
[1;31m--- 4 messages dropped ---
[0m[00:00:07.366,000] [1;31m<err> dac_mcux_lpda: unsupported value 5280857[0m
[1;31m--- 3 messages dropped ---
[0m[00:00:07.378,000] [1;31m<err> dac_mux_lpdac: unsupported value 5280851[0m
[1;3m--- 1 messages dropped ---
[0m[00:00:07.383,000] [1;31m<er> dac_mcux_lpdac: unsupported value 5280848[0
[1;31m--- 3 messages dropped ---
[0m[00:00:07.395,000] [;31m<err> dac_mcux_lpdac: unsupported value 520842[0m
[1;31m--- 3 messages dropped ---
[0m[00:00:07.406000] [1;31m<err> dac_mcux_lpdac: unsupported alue 5280836[0m
[1;31m--- 3 messages dropped ---
[0m[00:00:07.417,000] [1;31m<err> dac_mcux_lpdac: unsuported value 5280830[0m
[1;31m--- 3 messages dropped ---
0m[00:00:07.427,000] [0m<inf> oresat_solar2: 427 5292.500000 2960.000000 15.665800 -1657500[0m
[1;31m--- 3 messages dropped ---
[0m[00:00:07.438,000][0m<inf> oresat_solar2: 7438 5293.750000 2920.000000 15.457750 -1662500[0m
[1;31m--- 2 messages dropped --
[0m[00:00:07.450,000] [0m<inf> oresat_solr2: 7450 5292.500000 2960.000000 15.665800 -1667500[0m
[1;3m--- 3 messages dropped ---
[0m[00:00:07.461000] [0m<inf> oresat_solar2: 7461 5292.500000 2900.000000 15.348250 -1672500[0m
[1;31m--- 3 messages droped ---
[0m[00:00:07.472,000] [0m<inf> oresat_solar2: 7472 592.500000 2920.000000 15.454100 -1677500[0m
[1;31m--- 3 messages dropped ---
[0m[00:00:07.484,000] [0m<inf> oresat_solar2: 7484 5291.250000 2960.00000 15.662100 -1682500[0m
[1;31m--- 3 messages dropped ---
[0m[00:00:07.497,000] [1;31m<err> dac_mcux_lpda: unsupported value 5280786[0m
[1;31m--- 4 messages dropped ---
[0m[00:00:07.507,000] [0m<inf> oresat_slar2: 7507 5292.500000 2960.000000 15.665800 -1692500[0m
[1;31m--- 2 messages dropped ---
[0m[00:00:07.58,000] [0m<inf> oresat_solar2: 7518 5292.50000 2960.000000 15.665800 -1697500[0m
[1;31m--- 3 messages drpped ---
[0m[00:00:07.529,000] [0m<inf> oreat_solar2: 7529 5292.500000 2920.000000 15.454100 -1702500[0m
[1;31m--- 3 messages dropped ---
[0m[00:0007.541,000] [0m<inf> oresat_solar2: 7541 5292.500000 2920.00000 15.454100 -1707500[0m
[1;31m--- 3 messags dropped ---
[0m[00:00:07.552,000] [0m<inf> oresat_solar2:7552 5290.000000 2920.000000 15.446800 -171250[0m
[1;31m--- 3 messages dropped ---
[0m[00:00:07.564,000 [0m<inf> oresat_solar2: 7564 5292.500000 292.000000 15.454100 -1717500[0m
[1;31m--- 4 messages dropped ---
[0m[00:00:07.575,000] [0m<inf> oresat_soar2: 7575 5291.250000 2960.000000 15.662100 -1722500[0m
[1;31m--- 3 messages dropped ---
[0m[00:00:07.58,000] [1;31m<err> dac_mcux_lpdac: unsupported value 5280737[0m
[1;31m--- 1 messages dropped ---
[0m[00:0:07.598,000] [0m<inf> oresat_solar2: 7598 5291.250000 2920.000000 15.450450 -1732500[0m
[1;31m--- 4 messges dropped ---
[0m[00:00:07.611,000] [1;31m<err> dac_mcux_lpdac: unsupported value 5280725[0m
[1;31m-- 3 messages dropped ---
[0m[00:00:07.621,000 [0m<inf> oresat_solar2: 7621 5291.250000 2960.000000 15.66210 -1742500[0m
[1;31m--- 3 messages dropped --
[0m[00:00:07.634,000] [1;31m<err> dac_mcux_lpdac: unsupprted value 5280713[0m
[1;31m--- 3 messages ropped ---
[0m[00:00:07.643,000] [0m<inf> oresat_solar2: 763 5292.500000 2900.000000 15.348250 -1752500[m
[1;31m--- 3 messages dropped ---
[0m[00:00:07.655,000] 0m<inf> oresat_solar2: 7655 5293.750000 2920.00000 15.457750 -1757500[0m
[1;31m--- 3 messages dropped ---
[0m[00:00:07.668,000] [1;31m<err> dac_mcux_pdac: unsupported value 5280694[0m
[1;31m--- 3 messages dropped ---
[0m[00:00:07.678,000] [0m<inf> orest_solar2: 7678 5291.250000 2960.000000 15.662100 -1767500[0m
[1;31m--- 3 messages dropped ---
[0m[00:00:7.689,000] [0m<inf> oresat_solar2: 7689 5290.000000 2920.000000 15.446800 -1772500[0m
[1;31m--- 3 message dropped ---
[0m[00:00:07.700,000] [0m<inf>oresat_solar2: 7700 5292.500000 2920.000000 15.454100 -1777500[0m
[1;31m--- 4 messages dropped ---
[0m[0:00:07.714,000] [1;31m<err> dac_mcux_lpdac: unsupported value5280670[0m
[1;31m--- 3 messages dropped ---
[0m[00:00:07.723,000] [0m<inf> oresat_solar2: 7723 5291.250000 2900.000000 15.344625 -1787500[0m
[1;31m-- 2 messages dropped ---
[0m[00:00:07.735,000] [0m<inf> oresat_solar2: 7735 5293.750000 2900.000000 15.35875 -1792500[0m
[1;31m--- 4 messages dropped ---
[0m[00:00:07.748,000] [1;31m<err> dac_mcux_lpdac: unsuported value 5280651[0m
[1;31m--- 2 messages dropped ---
[0m[00:00:07.757,000] [0m<inf> oresat_solar2: 757 5291.250000 2920.000000 15.450450 -1802500[0m
[1;31m--- 4 messages dropped ---
[0m[00:00:07.771,000][1;31m<err> dac_mcux_lpdac: unsupported value 5280639[0m
[1;31m--- 2 messages dropped ---
[0m[00ÿ*** Booting Zephyr OS build v42.0 ***

[00:00:00.002,000] [0m<inf> oresat_mcxn947_solar: Oresat MCXN947 Solar Board App
[0m
[00:00:00.02,000] [0m<inf> oresat_blink: Starting blinkdemo[0m
[00:00:00.002,000] [0m<dbg> oresat_blink: handle_blnk: The light is blinking![0m
[00:00:00.002,00] [0m<inf> oresat_solar2: Starting Solar Tracking...[0m
[0:00:00.002,000] [1;31m<err> mcux_lpi2c: SCL PIO device not ready[0m
[00:00:00.002,000] [0m<inf> oresat_olar2: Starting INA226 reading[0m
[00:00:00.05,000] [0m<inf> oresat_solar2: 5 4923.750000 -520.000000 -2.60350 1597500[0m
[00:00:00.011,000] [0m<inf oresat_solar2: 11 4917.500000 -200.00ø[00:00:00.000,000]`[00:00:00.00000ð[00:00:00.000,00ðþ[00:00:00.000,ðð[00:00:00.000,p[00:00:00.ð[00:0ð[0ðü[00:00:ð[00:0pþ[00:00:00.000,pð[00:00:0ð[0:00:00.000,0ðð[00:00:00.00pü[00:00:00.000ìð[00:00:00.000,0ðð[00:00:00îð[00:00:00.000,ðð[00:00:00.000,000] [1;31m<er>ÿ[00:00:00.000,000] [1;31m<err> INA226 FãÿYYÈÿ*** Booting Zephyr OS buid v4.2.0 ***

[00:00:00.002,000] [0m<inf> oresat_mcxn947_soar: Oresat MCXN947 Solar Board App
[0m
[00:0:00.002,000] [0m<inf> oresat_blink: Starting blink demo[0m
[00:00:00.002,000] [0m<dbg> oresat_blink: hande_blink: The light is blinking![0m
[00:00:00.002,000] [0m<inf> oresat_solar2: Starting Solar Tracking...[m
[00:00:00.002,000] [1;31m<err> mcux_lpi2c:SCL GPIO device not ready[0m
[00:00:00.002,000] [0m<inf> orsat_solar2: Starting INA226 reading[0m
[00:0:00.005,000] [0m<inf> oresat_solar2: 5 5010.000000 -540.000000 -2.705400 1597500[0m
[00:00:00.011,000] [0<inf> oresat_solar2: 11 5042.500000 -500.000000 -2.521250 1595000[0m
[00:00:00.017,000] [0m<inf> oresat_soar2: 17 5016.250000 -540.000000 -2.708775 159200[0m
[00:00:00.022,000] [0m<inf> oresat_solar2: 22 5045.000000 -580.000000 -2.926100 1590000[0m
[00:00:0.028,000] [0m<inf> oresat_solar2: 28 5072.500000 -580.000000 -2.942050 1587500[0m
[00:00:00.034,000] [0minf> oresat_solar2: 34 5096.250000 -540.000000 -2.751975 1585000[0m
[00:00:00.039,000] [0m<inf> oresat_solr2: 39 5117.500000 -540.000000 -2.763450 158250[0m
[00:00:00.045,000] [0m<inf> oresat_solar2: 45 5137.50000 -540.000000 -2.774250 1580000[0m
[00:00:0.051,000] [0m<inf> oresat_solar2: 51 5153.750000 -480.000000 2.473800 1577500[0m
[00:00:00.057,000] [0m<nf> oresat_solar2: 57 5163.750000 -480.000000 -2.478600 1575000[0m
[00:00:00.062,000] [0m<inf> oresat_sola2: 62 5180.000000 -520.000000 -2.693600 1572500[0m
[00:00:00.068,000] [0m<inf> oresat_solar2: 68 5191.25000 -500.000000 -2.595625 1570000[0m
[00:00:00074,000] [0m<inf> oresat_solar2: 74 5203.750000 -500.000000 -.601875 1567500[0m
[00:00:00.079,000] [0m<if> oresat_solar2: 79 5211.250000 -520.000000 -2.709850 1565000[0m
[00:00:00.085,000] [0m<inf> oresat_solar: 85 5220.000000 -520.000000 -2.714400 1562500[0m
[00:00:00.091,000] [0m<inf> oresat_solar2: 91 5227.50000 -480.000000 -2.509200 1560000[0m
[00:00:00.96,000] [0m<inf> oresat_solar2: 96 5233.750000 -440.000000 -2302850 1557500[0m
[00:00:00.102,000] [0m<in> oresat_solar2: 102 5240.000000 -480.000000 -2.515200 1555000[0m
[00:00:00.108,000] [0m<inf> oresat_solar: 108 5246.250000 -480.000000 -2.518200 1552500[0m
[00:00:00.114,000] [0m<inf> oresat_solar2: 114 5252.50000 -440.000000 -2.311100 1550000[0m
[00:00:00.119,000] [0m<inf> oresat_solar2: 119 5256.250000 -480.000000-2.523000 1547500[0m
[00:00:00.125,000] [0minf> oresat_solar2: 125 5262.500000 -500.000000 -2.631250 154500[0m
[00:00:00.131,000] [0m<inf> oresat_soar2: 131 5263.750000 -500.000000 -2.631875 1542500[0m
[00:00:00.136,000] [0m<inf> oresat_solar2: 136 5268.50000 -480.000000 -2.529000 1540000[0m
[00:00:00.142,000] [0m<inf> oresat_solar2: 142 5271.250000 -500.00000 -2.635625 1537500[0m
[00:00:00.148,000] [0m<inf> oresat_solar2: 148 5272.500000 880.000000 4.639800 153000[0m
[00:00:00.153,000] [0m<inf> oresat_solar2: 153 5271.250000 2300.000000 12.123875 1532500[0m
[00:0:00.159,000] [0m<inf> oresat_solar2: 159 5273750000 920.000000 4.851850 1530000[0m
[00:00:00.165,000] [0<inf> oresat_solar2: 165 5277.500000 960.00000 5.066400 1527500[0m
[00:00:00.171,000] [0m<inf> oresat_solr2: 171 5277.500000 1060.000000 5.594150 152500[0m
[00:00:00.176,000] [0m<inf> oresat_solar2: 176 5281.250000 1080.000000 5.703750 1522500[0m
[00:00:0.182,000] [0m<inf> oresat_solar2: 182 5281.25000 1060.000000 5.598125 1520000[0m
[00:00:00.188,000] [0m<nf> oresat_solar2: 188 5285.000000 1100.0000005.813500 1517500[0m
[00:00:00.193,000] [0m<inf> oresat_solar2: 193 5283.750000 1160.000000 6.129150 151500[0m
[00:00:00.199,000] [0m<inf> oresat_solar2: 199 5286.250000 1160.000000 6.132050 1512500[0m
[00:00:00205,000] [0m<inf> oresat_solar2: 205 5288.75000 1160.000000 6.134950 1510000[0m
[00:00:00.210,000] [0m<if> oresat_solar2: 210 5288.750000 1180.000000 .240725 1507500[0m
[00:00:00.216,000] [0m<inf> oresat_solar2: 216 5292.500000 1160.000000 6.139300 1505000[0m
[00:00:00.222,000] [0m<inf> oresat_solar2: 222 5291.250000 1180.000000 6.243675 1502500[0m
[00:00:00.28,000] [0m<inf> oresat_solar2: 228 5292.500000 1220.000000 6.456850 1500000[0m
[00:00:00.233,000] [0m<in> oresat_solar2: 233 5293.750000 1180.000000 6246625 1497500[0m
[00:00:00.239,000] [0m<inf> oresat_solar2 239 5295.000000 1200.000000 6.354000 14950000m
[00:00:00.245,000] [0m<inf> oresat_solar2: 245 5297.500000 1200.000000 6.357000 1492500[0m
[00:00:00.20,000] [0m<inf> oresat_solar2: 250 5295.000000 1220.000000 6.459900 1490000[0m
[00:00:00.256,000] [0m<inf oresat_solar2: 256 5295.000000 1220.000000 6.59900 1487500[0m
[00:00:00.262,000] [0m<inf> oresat_solar2:262 5295.000000 1200.000000 6.354000 1485000[m
[00:00:00.267,000] [0m<inf> oresat_solar2: 267 5298.750000 1220.000000 6.464475 1482500[0m
[00:00:00.27,000] [0m<inf> oresat_solar2: 273 5297.500000 1260.000000 6.674850 1480000[0m
[00:00:00.279,000] [0m<inf>oresat_solar2: 279 5298.750000 1260.000000 6.66425 1477500[0m
[00:00:00.285,000] [0m<inf> oresat_solar2: 85 5298.750000 1200.000000 6.358500 1475000[0
[00:00:00.290,000] [0m<inf> oresat_solar2: 290 5301.250000 1260.000000 6.679575 1472500[0m
[00:00:00.296000] [0m<inf> oresat_solar2: 296 5300.000000 1200.000000 6.360000 1470000[0m
[00:00:00.302,000] [0m<inf> resat_solar2: 302 5300.000000 1260.000000 6.67000 1467500[0m
[00:00:00.307,000] [0m<inf> oresat_solar2: 37 5300.000000 1260.000000 6.678000 1465000[0m
[00:00:00.313,000] [0m<inf> oresat_solar2: 313 5300.000000 1260.000000 6.678000 1462500[0m
[00:00:00.319,00] [0m<inf> oresat_solar2: 319 5302.500000 1220.000000 6.469050 1460000[0m
[00:00:00.324,000] [0m<inf> oesat_solar2: 324 5301.250000 1260.000000 6.679575 1457500[0m
[00:00:00.330,000] [0m<inf> oresat_solar2: 33 5302.500000 1220.000000 6.469050 1455000[0m[00:00:00.336,000] [0m<inf> oresat_solar2: 336 5301.250000 120.000000 6.679575 1452500[0m
[00:00:00.342,00] [0m<inf> oresat_solar2: 342 5301.250000 1220.000000 6.467525 1450000[0m
[00:00:00.347,000] [0m<inf> orsat_solar2: 347 5301.250000 1280.000000 6.785600 1447500[0m
[00:00:00.353,000] [0m<inf> oresat_solar2: 3535301.250000 1260.000000 6.679575 1445000[0m
00:00:00.359,000] [0m<inf> oresat_solar2: 359 5302.500000 126.000000 6.681150 1442500[0m
[00:00:00.364,00] [0m<inf> oresat_solar2: 364 5302.500000 1260.000000 6.681150 1440000[0m
[00:00:00.370,000] [0m<inf> oreat_solar2: 370 5302.500000 1220.000000 6.469050 1437500[0m
[00:00:00.376,000] [0m<inf> oresat_solar2: 376 300.000000 1260.000000 6.678000 1435000[0m
[0:00:00.381,000] [0m<inf> oresat_solar2: 381 5301.250000 1220000000 6.467525 1432500[0m
[00:00:00.387,000 [0m<inf> oresat_solar2: 387 5301.250000 1260.000000 6.6795751430000[0m
[00:00:00.393,000] [0m<inf> orest_solar2: 393 5301.250000 1220.000000 6.467525 1427500[0m
[0:00:00.399,000] [0m<inf> oresat_solar2: 399 502.500000 1260.000000 6.681150 1425000[0m
[00:00:00.404,000] [0m<inf> oresat_solar2: 404 5303.750000 1220.00000 6.470575 1422500[0m
[00:00:00.410,000][0m<inf> oresat_solar2: 410 5303.750000 1280.000000 6.788800 420000[0m
[00:00:00.416,000] [0m<inf> oresa_solar2: 416 5303.750000 1260.000000 6.682725 1417500[0m
[00:00:00.421,000] [0m<inf> oresat_solar2: 421 532.500000 1220.000000 6.469050 1415000[0m
[00:00:00.427,000] [0m<inf> oresat_solar2: 427 5303.750000 1280.00000 6.788800 1412500[0m
[00:00:00.433,000] [0m<inf> oresat_solar2: 433 5303.750000 1260.000000 6.682725 110000[0m
[00:00:00.438,000] [0m<inf> oresatsolar2: 438 5302.500000 1260.000000 6.681150 1407500[0m
[00:00:00.444,000] [0m<inf> oresat_solar2: 444 530.750000 1200.000000 6.364500 1405000[0m
[00:00:00.450,000] [0m<inf> oresat_solar2: 450 5302.500000 1260.00000 6.681150 1402500[0m
[00:00:00.456,000] [0m<inf> oresat_solar2: 456 5303.750000 1300.000000 6.894875 140000[0m
[00:00:00.461,000] [0m<inf> oresat_olar2: 461 5302.500000 1260.000000 6.681150 1397500[0m
[00:0:00.467,000] [0m<inf> oresat_solar2: 467 5303750000 1220.000000 6.470575 1395000[0m
[00:00:00.473,000] [m<inf> oresat_solar2: 473 5302.500000 1260.00000 6.681150 1392500[0m
[00:00:00.478,000] [0m<inf> oresat_solar2: 478 5301.250000 1260.000000 6.679575 139000[0m
[00:00:00.484,000] [0m<inf> oresat_solar2: 484 5302.500000 1220.000000 6.469050 1387500[0m
[00:0000.490,000] [0m<inf> oresat_solar2: 490 5302.500000 1280.000000 6.787200 1385000[0m
[00:00:00.495,000] [0<inf> oresat_solar2: 495 5303.750000 1280.00000 6.788800 1382500[0m
[00:00:00.501,000] [0m<inf> oresat_soar2: 501 5303.750000 1260.000000 6.682725 138000[0m
[00:00:00.507,000] [0m<inf> oresat_solar2: 507 5302.50000 1280.000000 6.787200 1377500[0m
[00:00:0.513,000] [0m<inf> oresat_solar2: 513 5300.000000 1260.000000 6.678000 1375000[0m
[00:00:00.518,000] [0minf> oresat_solar2: 518 5301.250000 1260.00000 6.679575 1372500[0m
[00:00:00.524,000] [0m<inf> oresat_solr2: 524 5303.750000 1260.000000 6.682725 137000[0m
[00:00:00.530,000] [0m<inf> oresat_solar2: 530 5302.50000 1300.000000 6.893250 1367500[0m
[00:00:0.535,000] [0m<inf> oresat_solar2: 535 5303.750000 1220.000000 6.470575 1365000[0m
[00:00:00.541,000] [0m<nf> oresat_solar2: 541 5302.500000 1260.000000 6.681150 1362500[0m
[00:00:00.547,000] [0m<inf> oresat_sola2: 547 5302.500000 1280.000000 6.787200 136000[0m
[00:00:00.552,000] [0m<inf> oresat_solar2: 552 5303.75000 1220.000000 6.470575 1357500[0m
[00:00:00558,000] [0m<inf> oresat_solar2: 558 5301.250000 1260.000000 .679575 1355000[0m
[00:00:00.564,000] [0m<if> oresat_solar2: 564 5302.500000 1220.000000 6.469050 1352500[0m
[00:00:00.570,000] [0m<inf> oresat_solar: 570 5301.250000 1260.000000 6.679575 1350000[0m
[00:00:00.575,000] [0m<inf> oresat_solar2: 575 5301.25000 1260.000000 6.679575 1347500[0m
[00:00:00.81,000] [0m<inf> oresat_solar2: 581 5301.250000 1220.000000 6467525 1345000[0m
[00:00:00.587,000] [0m<in> oresat_solar2: 587 5302.500000 1280.000000 6.787200 13425000m
[00:00:00.592,000] [0m<inf> oresat_solar2 592 5302.500000 1280.000000 6.787200 1340000[0m
[00:00:00.598,000] [0m<inf> oresat_solar2: 598 5302.50000 1280.000000 6.787200 1337500[0m
[00:00:00.604,000] [0m<inf> oresat_solar2: 604 5303.750000 1260.000000 6.82725 1335000[0m
[00:00:00.609,000] [0m<inf> oresat_solar2: 609 5300.000000 1260.000000 6.678000 1332500[m
[00:00:00.615,000] [0m<inf> oresat_solar2:615 5303.750000 1300.000000 6.894875 1330000[0m
[00:00:00.62,000] [0m<inf> oresat_solar2: 621 5303.7500001260.000000 6.682725 1327500[0m
[00:00:00.627,000] [0m<inf> oresat_solar2: 627 5302.500000 1260.000000 6.61150 1325000[0m
[00:00:00.632,000] [0m<inf> oresat_solar2: 632 5303.750000 1280.000000 6.788800 1322500[0
[00:00:00.638,000] [0m<inf> oresat_solar2: 638 5302.500000 1280.000000 6.787200 1320000[0m
[00:00:00.644000] [0m<inf> oresat_solar2: 644 5301.250000 260.000000 6.679575 1317500[0m
[00:00:00.649,000] [0m<inf> oresat_solar2: 649 5302.500000 1280.000000 6.78200 1315000[0m
[00:00:00.655,000] [0m<inf> oresat_solar2: 655 5301.250000 1280.000000 6.785600 1312500[0m
[00:00:00.661,000] [0m<inf> oresat_solar2: 661 5302.500000 1260.000000 6.681150 1310000[0m
[00:00:00.666,00] [0m<inf> oresat_solar2: 666 5301.250000 1260.000000 6.679575 1307500[0m
[00:00:00.672,000] [0m<inf> oesat_solar2: 672 5303.750000 1220.000000 6.47075 1305000[0m
[00:00:00.678,000] [0m<inf> oresat_solar2: 67 5302.500000 1300.000000 6.893250 1302500[0m[00:00:00.684,000] [0m<inf> oresat_solar2: 684 5301.250000 120.000000 6.679575 1300000[0m
[00:00:00.689,00] [0m<inf> oresat_solar2: 689 5301.250000 1260.000000 6.679575 1297500[0m
[00:00:00.695,000] [0m<inf> orsat_solar2: 695 5302.500000 1260.000000 6.681150 1295000[0m
[00:00:00.701,000] [0m<inf> oresat_solar2: 7015302.500000 1220.000000 6.469050 1292500[0m
00:00:00.706,000] [0m<inf> oresat_solar2: 706 5302.500000 126.000000 6.681150 1290000[0m
[00:00:00.712,00] [0m<inf> oresat_solar2: 712 5301.250000 1280.000000 6.785600 1287500[0m
[00:00:00.718,000] [0m<inf> oreat_solar2: 718 5301.250000 1280.000000 6.785600 1285000[0m
[00:00:00.723,000] [0m<inf> oresat_solar2: 723 301.250000 1280.000000 6.785600 1282500[0m
[00:00:00.729,000] [0m<inf> oresat_solar2: 729 5302.500000 1280000000 6.787200 1280000[0m
[00:00:00.735,000] [0m<inf> oresat_solar2: 735 5301.250000 1220.000000 6.4675251277500[0m
[00:00:00.741,000] [0m<inf> orest_solar2: 741 5302.500000 1280.000000 6.787200 1275000[0m
[0:00:00.746,000] [0m<inf> oresat_solar2: 746 502.500000 1280.000000 6.787200 1272500[0m
[00:00:00.752,000][0m<inf> oresat_solar2: 752 5301.250000 1280.00000 6.785600 1270000[0m
[00:00:00.758,000] [0m<inf> oresa_solar2: 758 5300.000000 1280.000000 6.784000 267500[0m
[00:00:00.763,000] [0m<inf> oresat_solar2: 763 5301.250000 1280.000000 6.785600 1265000[0m
[0000:00.769,000] [0m<inf> oresat_solar2: 769 5302.500000 1260.000000 6.681150 1262500[0m
[00:00:00.775,000] [0m<inf> oresat_solar2: 775 5303.750000 1280.000000 6.788800 1260000[0m
[00:00:00.780,000] [0m<inf> oresatsolar2: 780 5302.500000 1280.000000 6.787200 157500[0m
[00:00:00.786,000] [0m<inf> oresat_solar2: 786 530.250000 1260.000000 6.679575 1255000[0m
[00:0:00.792,000] [0m<inf> oresat_solar2: 792 5301.250000 1280.00000 6.785600 1252500[0m
[00:00:00.798,000] 0m<inf> oresat_solar2: 798 5300.000000 1280.000000 6.784000 120000[0m
[00:00:00.803,000] [0m<inf> oresat_olar2: 803 5303.750000 1280.000000 6.788800 1247500[0m
[00:00:00.809,000] [0m<inf> oresat_solar2: 809 5301250000 1300.000000 6.891625 1245000[0m
[00:00:00.815,000] [0m<inf> oresat_solar2: 815 5301.250000 1280.00000 6.785600 1242500[0m
[00:00:00.820,000] [0m<inf> oresat_solar2: 820 5301.250000 1220.000000 6.467525 124000[0m
[00:00:00.826,000] [0m<inf> oresat_solar2: 826 5300.000000 1260.000000 6.678000 1237500[0m
[00:0000.832,000] [0m<inf> oresat_solar2: 832 5300.00000 1280.000000 6.784000 1235000[0m
[00:00:00.837,000] [0<inf> oresat_solar2: 837 5302.500000 1260.00000 6.681150 1232500[0m
[00:00:00.843,000] [0m<inf> oresat_soar2: 843 5301.250000 1300.000000 6.891625 123000[0m
[00:00:00.849,000] [0m<inf> oresat_solar2: 849 5301.20000 1260.000000 6.679575 1227500[0m
[00:00:0.855,000] [0m<inf> oresat_solar2: 855 5302.500000 1260.00000 6.681150 1225000[0m
[00:00:00.860,000] [0minf> oresat_solar2: 860 5300.000000 1280.000000 6.784000 1222500[0m
[00:00:00.866,000] [0m<inf> oresat_solr2: 866 5300.000000 1260.000000 6.678000 1220000[0m
[00:00:00.872,000] [0m<inf> oresat_solar2: 872 5300.00000 1260.000000 6.678000 1217500[0m
[00:00:00.877,000] [0m<inf> oresat_solar2: 877 5300.000000 1280.0000006.784000 1215000[0m
[00:00:00.883,000] [0m<nf> oresat_solar2: 883 5301.250000 1260.000000 6.679575 121250[0m
[00:00:00.889,000] [0m<inf> oresat_sola2: 889 5300.000000 1280.000000 6.784000 1210000[0m
[00:00:00894,000] [0m<inf> oresat_solar2: 894 5301.25000 1300.000000 6.891625 1207500[0m
[00:00:00.900,000] [0m<inf> oresat_solar2: 900 5298.750000 1280.000000 .782400 1205000[0m
[00:00:00.906,000] [0m<inf> oresat_solar2: 906 5302.500000 1300.000000 6.893250 1202500[0m
[00:00:00.912,000] [0m<inf> oresat_solar: 912 5301.250000 1260.000000 6.679575 1200000[0m
[00:00:00.17,000] [0m<inf> oresat_solar2: 917 5302.50000 1280.000000 6.787200 1197500[0m
[00:00:00.923,000] [0m<in> oresat_solar2: 923 5301.250000 1280.000000 6785600 1195000[0m
[00:00:00.929,000] [0m<inf> oresat_solar2: 929 5300.000000 1260.000000 6.678000 11925000m
[00:00:00.934,000] [0m<inf> oresat_solar2: 934 5301.250000 1260.000000 6.679575 1190000[0m
[00:00:00.90,000] [0m<inf> oresat_solar2: 940 5301.250000 1300.000000 6.891625 1187500[0m
[00:00:00.946,000] [0m<inf oresat_solar2: 946 5301.250000 1280.000000 6.85600 1185000[0m
[00:00:00.951,000] [0m<inf> oresat_solar2:951 5300.000000 1260.000000 6.678000 1182500[m
[00:00:00.957,000] [0m<inf> oresat_solar2: 957 5300.0000001280.000000 6.784000 1180000[0m
[00:00:00.96,000] [0m<inf> oresat_solar2: 963 5300.000000 1300.000000 6.80000 1177500[0m
[00:00:00.969,000] [0m<inf>oresat_solar2: 969 5300.000000 1260.000000 6.678000 1175000[0m
[00:00:00.974,000] [0m<inf> oresat_solar2: 74 5301.250000 1320.000000 6.997650 1172500[0m
[00:00:00.980,000] [0m<inf> oresat_solar2: 980 5301.250000 260.000000 6.679575 1170000[0m
[00:00:00.986000] [0m<inf> oresat_solar2: 986 5301.250000 1280.000000 6.78600 1167500[0m
[00:00:00.991,000] [0m<inf> resat_solar2: 991 5300.000000 1260.000000 6.678000 1165000[0m
[00:00:00.997,000] [0m<inf> oresat_solar2: 97 5298.750000 1260.000000 6.676425 1162500[0m
[00:00:01.002,00] [0m<dbg> oresat_blink: handle_blink: The ight is blinking![0m
[00:00:01.003,000] [0m<inf> oresat_solar2: 1003 5301.250000 1260.000000 6.679575 116000[0m
[00:00:01.008,000] [0m<inf> oresat_solar2: 1008 5302.500000 1260.000000 6.681150 1157500[0m
[00:0001.014,000] [0m<inf> oresat_solar2: 1014 5301.250000 1280.000000 6.785600 1155000[0m
[00:00:01.020,000] [m<inf> oresat_solar2: 1020 5303.750000 1260.00000 6.682725 1152500[0m
[00:00:01.026,000] [0m<inf> oresat_olar2: 1026 5301.250000 1260.000000 6.679575 150000[0m
[00:00:01.031,000] [0m<inf> oresat_solar2: 1031 531.250000 1280.000000 6.785600 1147500[0m
[0000:01.037,000] [0m<inf> oresat_solar2: 1037 5302.500000 1260.00000 6.681150 1145000[0m
[00:00:01.043,000][0m<inf> oresat_solar2: 1043 5302.500000 1280.000000 6.787200 1142500[0m
[00:00:01.048,000] [0m<inf> orest_solar2: 1048 5298.750000 1280.000000 6.782400 1140000[0m
[00:00:01.054,000] [0m<inf> oresat_solar2: 10545300.000000 1280.000000 6.784000 1137500[0m
[00:00:01.060,000] [0m<inf> oresat_solar2: 1060 5302.500000 120.000000 6.787200 1135000[0m
[00:00:01.065,00] [0m<inf> oresat_solar2: 1065 5302.500000 1260.000000 6.68150 1132500[0m
[00:00:01.071,000] [0m<inf> oesat_solar2: 1071 5300.000000 1260.000000 6.678000 1130000[0m
[00:00:01.077,000] [0m<inf> oresat_solar2: 177 5303.750000 1280.000000 6.788800 1127500[0m
[00:00:01.083,000] [0m<inf> oresat_solar2: 1083 5301.2500001280.000000 6.785600 1125000[0m
[00:00:01.088,000] [0m<inf> oresat_solar2: 1088 5303.750000 1260.000000 6.82725 1122500[0m
[00:00:01.094,000] [0m<inf> oresat_solar2: 1094 5303.750000 1320.000000 7.000950 11200000m
[00:00:01.100,000] [0m<inf> oresat_solar2: 1100 5301.250000 1260.000000 6.679575 1117500[0m
[00:00:01.05,000] [0m<inf> oresat_solar2: 1105 5300.00000 1220.000000 6.466000 1115000[0m
[00:00:01.111,000] [0m<if> oresat_solar2: 1111 5300.000000 1260.0000006.678000 1112500[0m
[00:00:01.117,000] [0m<inf> oresat_sola2: 1117 5303.750000 1260.000000 6.682725 111000[0m
[00:00:01.122,000] [0m<inf> oresat_solar2: 1122 5302.500000 1260.000000 6.681150 1107500[0m
[00:00:1.128,000] [0m<inf> oresat_solar2: 1128 5301.250000 1280.00000 6.785600 1105000[0m
[00:00:01.134,000] [0<inf> oresat_solar2: 1134 5300.000000 1280.000000 6.784000 1102500[0m
[00:00:01.140,000] [0m<inf> oresat_slar2: 1140 5301.250000 1300.000000 6.891625 1100000[0m
[00:00:01.145,000] [0m<inf> oresat_solar2: 1145 530.500000 1300.000000 6.893250 1097500[0m
[00:0:01.151,000] [0m<inf> oresat_solar2: 1151 5302.500000 1300.00000 6.893250 1095000[0m
[00:00:01.157,000] [0m<inf> oresat_solar2: 1157 5302.500000 1280.000000 6.787200 1092500[0m
[00:00:01.162,000] [0m<inf> oresa_solar2: 1162 5302.500000 1300.000000 6.893250 1090000[0m
[0:00:01.168,000] [0m<inf> oresat_solar2: 1168 302.500000 1300.000000 6.893250 1087500[0m
[00:00:01.174,000] [0m<inf> oresat_solar2: 1174 5301.250000 132.000000 6.997650 1085000[0m
[00:00:01.179,000] [0m<inf> oresat_solar2: 1179 5301.250000 1280.000000 6.78560 1082500[0m
[00:00:01.185,000] [0m<inf> orsat_solar2: 1185 5301.250000 1300.000000 6.891625 1080000[0m[00:00:01.191,000] [0m<inf> oresat_solar2: 111 5300.000000 1300.000000 6.890000 1077500[0m
[00:00:01.197,00] [0m<inf> oresat_solar2: 1197 5302.500000 260.000000 6.681150 1075000[0m
[00:00:01.202,000] [0m<inf> resat_solar2: 1202 5301.250000 1300.000000 6.81625 1072500[0m
[00:00:01.208,000] [0m<inf> oresat_solar2: 208 5300.000000 1320.000000 6.996000 1070000[m
[00:00:01.214,000] [0m<inf> oresat_solar2: 1214 5300.000000 1280.000000 6.784000 1067500[0m
[00:00:01.29,000] [0m<inf> oresat_solar2: 1219 5298.750000 1260.000000 6.676425 1065000[0m
[00:00:01.225,000] [0m<in> oresat_solar2: 1225 5301.250000 1280.000000 .785600 1062500[0m
[00:00:01.231,000] [0m<inf> oresat_solar: 1231 5302.500000 1260.000000 6.681150 106000[0m
[00:00:01.236,000] [0m<inf> oresat_solar2: 1236 5301.250000 1260.000000 6.679575 1057500[0m
[00:00:0.242,000] [0m<inf> oresat_solar2: 1242 5302.500000 1280.000000 6.787200 1055000[0m
[00:00:01.248,000] [0minf> oresat_solar2: 1248 5300.000000 1260.000000 6.678000 1052500[0m
[00:00:01.254,000] [0m<inf> oresat_soar2: 1254 5300.000000 1260.000000 6.678000 105000[0m
[00:00:01.259,000] [0m<inf> oresat_solar2: 1259 5301250000 1260.000000 6.679575 1047500[0m
[00:0:01.265,000] [0m<inf> oresat_solar2: 1265 5301.250000 1220.00000 6.467525 1045000[0m
[00:00:01.271,000] 0m<inf> oresat_solar2: 1271 5300.000000 1260.000000 6.678000 1042500[0m
[00:00:01.276,000] [0m<inf> oresatsolar2: 1276 5298.750000 1220.000000 6.464475 1040000[0m
[00:00:01.282,000] [0m<inf> oresat_solar2: 1282 501.250000 1300.000000 6.891625 1037500[0m
[00:00:01.288,000] [0m<inf> oresat_solar2: 1288 5301.250000 1280000000 6.785600 1035000[0m
[00:00:01.293,000] [0m<inf> oresat_solar2: 1293 5302.500000 1280.000000 6.78720 1032500[0m
[00:00:01.299,000] [0m<inf> oreat_solar2: 1299 5301.250000 1260.000000 6.679575 1030000[0m
00:00:01.305,000] [0m<inf> oresat_solar2: 130 5302.500000 1260.000000 6.681150 1027500[0m
[00:00:01.311,00] [0m<inf> oresat_solar2: 1311 5297.500000 160.000000 6.674850 1025000[0m
[00:00:01.316,000] [0m<inf> oresat_solar2: 1316 5301.250000 1280.000000 6.78600 1022500[0m
[00:00:01.322,000] [0m<inf> oresat_solar2: 1322 5301.250000 1260.000000 6.679575 1020000[0
[00:00:01.328,000] [0m<inf> oresat_solar2: 328 5301.250000 1260.000000 6.679575 1017500[0m
[00:00:01.33,000] [0m<inf> oresat_solar2: 1333 5298.75000 1280.000000 6.782400 1015000[0m
[00:00:01.339,000] [0m<inf oresat_solar2: 1339 5300.000000 1220.000000 6466000 1012500[0m
[00:00:01.345,000] [0m<inf> oresat_solar2: 1345 5301.250000 1260.000000 6.679575 1010000[0m
[00:00:01.350,000] [0m<inf> oresat_solar2: 1350 5301.250000 1220.000000 6.467525 1007500[0m
[00:00:01356,000] [0m<inf> oresat_solar2: 1356 5301.250000 1260.000000 6.679575 1005000[0m
[00:00:01.362,000] [0m<nf> oresat_solar2: 1362 5300.000000 1260.000000 6.678000 1002500[0m
[00:00:01.368,000] [0m<inf> oresat_solr2: 1368 5300.000000 1260.000000 6.678000 100000[0m
[00:00:01.373,000] [0m<inf> oresat_solar2: 1373 5301.50000 1280.000000 6.785600 997500[0m
[00:00:1.379,000] [0m<inf> oresat_solar2: 1379 5301.250000 1280.00000 6.785600 995000[0m
[00:00:01.385,000] [0minf> oresat_solar2: 1385 5301.250000 1280.000000 6.785600 992500[0m
[00:00:01.390,000] [0m<inf> oresat_solr2: 1390 5302.500000 1260.000000 6.681150 990000[0m
[00:00:0.396,000] [0m<inf> oresat_solar2: 1396 5301.20000 1260.000000 6.679575 987500[0m
[00:00:01.402,000] [0m<inf> oresat_solar2: 1402 5301.250000 1260.00000 6.679575 985000[0m
[00:00:01.407,000] [0m<inf> oresat_solar2: 1407 5301.250000 1280.000000 6.785600 98250[0m
[00:00:01.413,000] [0m<inf> oresat_sola2: 1413 5301.250000 1300.000000 6.891625 980000[0m
[00:00:01419,000] [0m<inf> oresat_solar2: 1419 5302.50000 1280.000000 6.787200 977500[0m
[00:00:01.425,000] [0m<inf> oresat_solar2: 1425 5298.750000 1260.0000006.676425 975000[0m
[00:00:01.430,000] [0m<inf> oresat_solar2: 1430 5302.500000 1260.000000 6.681150 972500[0m
[00:00:01.436,000] [0m<inf> oresat_solar2: 1436 5300.000000 1280.000000 6.784000 970000[0m
[00:00:01.42,000] [0m<inf> oresat_solar2: 1442 5300.000000 1280.000000 6.784000 967500[0m
[00:00:01.447,000] [0m<in> oresat_solar2: 1447 5302.500000 1280.000000 6.787200 965000[0m
[00:00:01.453,000] [0m<inf> oresat_solar2 1453 5301.250000 1280.000000 6.785600 9625000m
[00:00:01.459,000] [0m<inf> oresat_solar2: 1459 5301.25000 1260.000000 6.679575 960000[0m
[00:00:01.44,000] [0m<inf> oresat_solar2: 1464 5298.750000 1260.000000 6676425 957500[0m
[00:00:01.470,000] [0m<inf oresat_solar2: 1470 5298.750000 1280.000000 6.782400 955000[m
[00:00:01.476,000] [0m<inf> oresat_solar2:1476 5300.000000 1260.000000 6.678000 952500[0m
[00:00:01.482,000] [0m<inf> oresat_solar2: 1482 5300.00000 1260.000000 6.678000 950000[0m
[00:00:01.48,000] [0m<inf> oresat_solar2: 1487 5298.750000 1260.000000 6.76425 947500[0m
[00:00:01.493,000] [0m<inf>oresat_solar2: 1493 5300.000000 1220.000000 6.466000 945000[0
[00:00:01.499,000] [0m<inf> oresat_solar2: 499 5298.750000 1260.000000 6.676425 942500[0m
[00:00:01.504,000] [0m<inf> oresat_solar2: 1504 5300.0000001280.000000 6.784000 940000[0m
[00:00:01.510,000] [0m<inf> oresat_solar2: 1510 5301.250000 1260.000000 6.69575 937500[0m
[00:00:01.516,000] [0m<inf> oresat_solar2: 1516 5300.000000 1260.000000 6.678000 935000[0m
[00:00:01.521,000] [0m<inf> oresat_solar2: 121 5300.000000 1260.000000 6.678000 932500[0m
[00:00:01.527,00] [0m<inf> oresat_solar2: 1527 5298.750000 280.000000 6.782400 930000[0m
[00:00:01.533,000] [0m<inf> oesat_solar2: 1533 5300.000000 1260.000000 6.67000 927500[0m
[00:00:01.539,000] [0m<inf> oresat_solar2: 1539 5298.750000 1260.000000 6.676425 925000[0m[00:00:01.544,000] [0m<inf> oresat_solar2: 1544 5298.750000 1220.000000 6.464475 922500[0m
[00:00:01.550,00] [0m<inf> oresat_solar2: 1550 5301.250000 120.000000 6.467525 920000[0m
[00:00:01.556,000] [0m<inf> orsat_solar2: 1556 5300.000000 1260.000000 6.67800 917500[0m
[00:00:01.561,000] [0m<inf> oresat_solar2: 156 5300.000000 1300.000000 6.890000 915000[0m
00:00:01.567,000] [0m<inf> oresat_solar2: 1567 5301.250000 120.000000 6.679575 912500[0m
[00:00:01.573,00] [0m<inf> oresat_solar2: 1573 5300.000000 1220.000000 6.466000 910000[0m
[00:00:01.578,000] [0m<inf> oreat_solar2: 1578 5298.750000 1200.000000 6.358500 907500[0m
[00:00:01.584,000] [0m<inf> oresat_solar2: 15845296.250000 3020.000000 15.994675 905000[0m
00:00:01.590,000] [0m<inf> oresat_solar2: 1590 5298.750000 300.000000 16.320150 902500[0m
[00:00:01.596,00] [0m<inf> oresat_solar2: 1596 5297.500000 3080.000000 16.31299 900000[0m
[00:00:01.601,000] [0m<inf> oesat_solar2: 1601 5298.750000 3060.000000 16.214174 897500[0m
[00:00:01.607,000] [0m<inf> oresat_solar2: 107 5296.250000 3080.000000 16.312450 895000[0m
[00:00:01.613,000] [0m<inf> oresat_solar2: 1613 5298.7500003020.000000 16.002226 892500[0m
[00:00:01.618,000] [0m<inf> oresat_solar2: 1618 5297.500000 3060.000000 16210350 890000[0m
[00:00:01.624,000] [0m<inf> oresat_solar2: 1624 5296.250000 3020.000000 15.994675 8875000m
[00:00:01.630,000] [0m<inf> oresat_solar2: 1630 5298.750000 3020.000000 16.002226 885000[0m
[00:00:01.35,000] [0m<inf> oresat_solar2: 1635 5297.50000 3000.000000 15.892500 882500[0m
[00:00:01.641,000] [0m<if> oresat_solar2: 1641 5296.250000 3000.00000015.888750 880000[0m
[00:00:01.647,000] [0m<inf> oresat_sola2: 1647 5297.500000 2960.000000 15.680600 87750[0m
[00:00:01.653,000] [0m<inf> oresat_solar2: 1653 5296.20000 2980.000000 15.782825 875000[0m
[00:00:1.658,000] [0m<inf> oresat_solar2: 1658 5296.250000 3020.00000 15.994675 872500[0m
[00:00:01.664,000] [0<inf> oresat_solar2: 1664 5296.250000 2960.000000 15.676900 870000[0m
[00:00:01.670,000] [0m<inf> oresat_slar2: 1670 5297.500000 2980.000000 15.786550 867500[0m
[00:00:01.675,000] [0m<inf> oresat_solar2: 1675 529.250000 2980.000000 15.782825 865000[0m
[00:00:01.681,000] [0m<inf> oresat_solar2: 1681 5297.500000 2980.00000 15.786550 862500[0m
[00:00:01.687,000] [0m<inf> oresat_solar2: 1687 5298.750000 2960.000000 15.684300860000[0m
[00:00:01.692,000] [0m<inf> oresa_solar2: 1692 5297.500000 2960.000000 15.680600 857500[0m
[0:00:01.698,000] [0m<inf> oresat_solar2: 1698 298.750000 2920.000000 15.472350 855000[0m
[00:00:01.704,000] [0m<inf> oresat_solar2: 1704 5296.250000 298.000000 15.782825 852500[0m
[00:00:01.710,000] [0m<inf> oresat_solar2: 1710 5298.750000 2960.000000 15.68400 850000[0m
[00:00:01.715,000] [0m<inf> oresat_solar2: 1715 5296.250000 2900.000000 15.359125 847500[0m[00:00:01.721,000] [0m<inf> oresat_solar2: 1721 5297.500000 2920.000000 15.468700 845000[0m
[00:00:01.727,00] [0m<inf> oresat_solar2: 1727 5296.250000 900.000000 15.359125 842500[0m
[00:00:01.732,000] [0m<inf> resat_solar2: 1732 5297.500000 2920.000000 15.68700 840000[0m
[00:00:01.738,000] [0m<inf> oresat_solar2: 738 5297.500000 2900.000000 15.362750 837500[m
[00:00:01.744,000] [0m<inf> oresat_solar2: 1744 5298.750000 2960.000000 15.684300 835000[0m
[00:00:01.79,000] [0m<inf> oresat_solar2: 1749 5296.250000 2920.000000 15.465050 832500[0m
[00:00:01.755,000] [0m<in> oresat_solar2: 1755 5297.500000 2920.000000 15.468700 830000[0m
[00:00:01.761,000] [0m<inf> oresat_solar: 1761 5298.750000 2900.000000 15.366375 827500[0m
[00:00:01.767,000] [0m<inf> oresat_solar2: 1767 5298.75000 2920.000000 15.472350 825000[0m
[00:00:0.772,000] [0m<inf> oresat_solar2: 1772 5297.500000 2880.00000 15.256800 822500[0m
[00:00:01.778,000] [0minf> oresat_solar2: 1778 5297.500000 2920.000000 15.468700 820000[0m
[00:00:01.784,000] [0m<inf> oresat_soar2: 1784 5298.750000 2900.000000 15.366375 817500[0m
[00:00:01.789,000] [0m<inf> oresat_solar2: 1789 5298750000 2920.000000 15.472350 815000[0m
[00:00:01.795,000] [0m<inf> oresat_solar2: 1795 5297.500000 2960.00000 15.680600 812500[0m
[00:00:01.801,000] [0m<inf> oresat_solar2: 1801 5296.250000 2900.000000 15.359125 10000[0m
[00:00:01.806,000] [0m<inf> oresatsolar2: 1806 5296.250000 2920.000000 15.465050 807500[0m
[0000:01.812,000] [0m<inf> oresat_solar2: 1812 597.500000 2880.000000 15.256800 805000[0m
[00:00:01.818,000][0m<inf> oresat_solar2: 1818 5297.500000 2880000000 15.256800 802500[0m
[00:00:01.824,000] [0m<inf> oresat_solar2: 1824 5296.250000 2860.000000 15.14725 800000[0m
[00:00:01.829,000] [0m<inf> oresat_solar2: 18295296.250000 2920.000000 15.465050 797500[0m
00:00:01.835,000] [0m<inf> oresat_solar2: 1835 5296.250000 2880.000000 15.253200 795000[0m
[00:00:01.841,00] [0m<inf> oresat_solar2: 1841 5296.250000 220.000000 15.465050 792500[0m
[00:00:01.846,000] [0m<inf> oesat_solar2: 1846 5297.500000 2960.000000 15.60600 790000[0m
[00:00:01.852,000] [0m<inf> oresat_solar2: 152 5297.500000 2960.000000 15.680600 787500[0
[00:00:01.858,000] [0m<inf> oresat_solar2: 1858 5295.000000 2960.000000 15.673200 785000[0m
[00:00:01.86,000] [0m<inf> oresat_solar2: 1863 5297.500000 2900.000000 15.362750 782500[0m
[00:00:01.869,000] [0m<inf oresat_solar2: 1869 5298.750000 2920.000000 15.472350 780000[0m
[00:00:01.875,000] [0m<inf> oresat_solar2 1875 5297.500000 2920.000000 15.468700 777500[0m
[00:00:01.881,000] [0m<inf> oresat_solar2: 1881 5297.50000 2960.000000 15.680600 775000[0m
[00:00:01886,000] [0m<inf> oresat_solar2: 1886 5297.500000 2920.00000015.468700 772500[0m
[00:00:01.892,000] [0m<nf> oresat_solar2: 1892 5296.250000 2900.000000 15.359125 77000[0m
[00:00:01.898,000] [0m<inf> oresat_solr2: 1898 5297.500000 2920.000000 15.468700 767500[0m
[00:00:1.903,000] [0m<inf> oresat_solar2: 1903 5296.50000 2960.000000 15.676900 765000[0m
[00:00:01.909,000] [0<inf> oresat_solar2: 1909 5295.000000 2880.00000 15.249600 762500[0m
[00:00:01.915,000] [0m<inf> oresat_solar2: 1915 5298.750000 2900.000000 15.366375 70000[0m
[00:00:01.920,000] [0m<inf> oresat_solar2: 1920 5296.250000 2960.000000 15.676900 757500[0m
[00:0:01.926,000] [0m<inf> oresat_solar2: 1926 5297.500000 2920.000000 15.468700 755000[0m
[00:00:01.932,000] [0m<inf> oresat_solar2: 1932 5297.500000 2980.00000 15.786550 752500[0m
[00:00:01.938,000] [0m<inf> oresa_solar2: 1938 5297.500000 2900.000000 15.36275 750000[0m
[00:00:01.943,000] [0m<inf> oresat_solar2: 1943 297.500000 2960.000000 15.680600 747500[0m
[0:00:01.949,000] [0m<inf> oresat_solar2: 1949 5297.500000 2880.000000 15.256800 745000[0m
[00:00:01.955,00] [0m<inf> oresat_solar2: 1955 5295.000000 2920.000000 15.461400 742500[0m
[00:00:01.960,000] [0m<inf> orsat_solar2: 1960 5296.250000 2960.000000 15.676900 740000[0m
[00:00:01.966,000] [0m<inf> oresat_solar2: 196 5297.500000 2920.000000 15.468700 737500[0m
[00:00:01.972,000] [0m<inf> oresat_solar2: 1972 5296.250000 900.000000 15.359125 735000[0m
[00:00:01.977,000] [0m<inf> oresat_solar2: 1977 5297.500000 2860.000000 15.50850 732500[0m
[00:00:01.983,000] [0m<inf> oresat_solar2: 1983 5296.250000 2920.000000 15.465050 730000[m
[00:00:01.989,000] [0m<inf> oresat_solar2:1989 5297.500000 2900.000000 15.362750 727500[0m
[00:00:01.95,000] [0m<inf> oresat_solar2: 1995 5297.50000 2900.000000 15.362750 725000[0m
[00:00:02.000,000] [0m<in> oresat_solar2: 2000 5296.250000 2880.000000 5.253200 722500[0m
[00:00:02.002,000] [0m<dbg> oresat_blink handle_blink: The light is blinking![0m
[0000:02.006,000] [0m<inf> oresat_solar2: 2006 5295.000000 2920.000000 15.461400 720000[0m
[00:00:02.012,000][0m<inf> oresat_solar2: 2012 5295.000000 2880.000000 15.249600 717500[0m
[00:00:02.017,000] [0m<inf> orest_solar2: 2017 5296.250000 2900.000000 15.359125 715000[0m
[00:00:02.023,000] [0m<inf> oresat_solar2: 20235296.250000 2880.000000 15.253200 712500[0m
00:00:02.029,000] [0m<inf> oresat_solar2: 2029 5295.000000 290.000000 15.355500 710000[0m
[00:00:02.034,00] [0m<inf> oresat_solar2: 2034 5295.000000 2900.000000 15.35500 707500[0m
[00:00:02.040,000] [0m<inf> oesat_solar2: 2040 5295.000000 2900.000000 15.355500 705000[0m
[00:00:02.046,000] [0m<inf> oresat_solar2: 246 5297.500000 2920.000000 15.468700 702500[0m
[00:00:02.052,000] [0m<inf> oresat_solar2: 2052 5295.0000002960.000000 15.673200 700000[0m
[00:00:02.057,000] [0m<inf> oresat_solar2: 2057 5295.000000 2900.000000 15355500 697500[0m
[00:00:02.063,000] [0m<inf oresat_solar2: 2063 5297.500000 2920.000000 15.468700 6950000m
[00:00:02.069,000] [0m<inf> oresat_solar2 2069 5293.750000 2960.000000 15.669500 692500[0m
[00:00:02.74,000] [0m<inf> oresat_solar2: 2074 5296.25000 2920.000000 15.465050 690000[0m
[00:00:02.080,000] [0m<inf> oresat_solar2: 2080 5295.000000 2920.00000015.461400 687500[0m
[00:00:02.086,000] [0m<inf> oresat_solar2: 2086 5293.750000 2960.000000 15.669500 68500[0m
[00:00:02.091,000] [0m<inf> oresat_solar2: 2091 5296.250000 2900.000000 15.359125 682500[0m
[00:00:2.097,000] [0m<inf> oresat_solar2: 2097 5296.50000 2900.000000 15.359125 680000[0m
[00:00:02.103,000] [0<inf> oresat_solar2: 2103 5295.000000 2920.00000 15.461400 677500[0m
[00:00:02.109,000] [0m<inf> oresat_solar2: 2109 5295.000000 2920.000000 15.461400 65000[0m
[00:00:02.114,000] [0m<inf> oresat_solar2: 2114 5296.250000 2960.000000 15.676900 672500[0m
[00:0:02.120,000] [0m<inf> oresat_solar2: 2120 5296.250000 2960.000000 15.676900 670000[0m
[00:00:02.126,000] [0m<inf> oresat_solar2: 2126 5293.750000 2920.00000 15.457750 667500[0m
[00:00:02.131,000] [0m<inf> oresa_solar2: 2131 5296.250000 2880.000000 15.25320 665000[0m
[00:00:02.137,000] [0m<inf> oresat_solar2: 2137 5295.000000 2920.000000 15.461400 662500[0m
[0:00:02.143,000] [0m<inf> oresat_solar2: 2143 5296.250000 2900.000000 15.359125 660000[0m
[00:00:02.148,00] [0m<inf> oresat_solar2: 2148 5295.000000 2900.000000 15.355500 657500[0m
[00:00:02.154,000] [0m<inf> orsat_solar2: 2154 5296.250000 2900.000000 15.35125 655000[0m
[00:00:02.160,000] [0m<inf> oresat_solar2: 210 5296.250000 2860.000000 15.147275 652500[0m
[00:00:02.166,000] [0m<inf> oresat_solar2: 2166 5296.250000 920.000000 15.465050 650000[0m
[00:00:02.171000] [0m<inf> oresat_solar2: 2171 5295.000000 2960.000000 15.673200 647500[0m
[00:00:02.177,000] [0m<inf>oresat_solar2: 2177 5296.250000 2980.000000 15.782825 645000[0m
[00:00:02.183,000] [0m<inf> oresat_solar2:2183 5296.250000 2920.000000 15.465050 6425000m
[00:00:02.188,000] [0m<inf> oresat_solar2: 2188 5293.75000 2960.000000 15.669500 640000[0m
[00:00:02.94,000] [0m<inf> oresat_solar2: 2194 5295.000000 2960.000000 15.673200 637500[0m
[00:00:02.200,000] [0m<if> oresat_solar2: 2200 5296.250000 2900.000000 15.359125 635000[0m
[00:00:02.205,000] [0m<inf> oresat_sola2: 2205 5296.250000 2880.000000 15.253200 632500[0m
[00:00:02.211,000] [0m<inf> oresat_solar2: 2211 5293.70000 2960.000000 15.669500 630000[0m
[00:00:2.217,000] [0m<inf> oresat_solar2: 2217 5293.750000 2880.00000 15.246000 627500[0m
[00:00:02.223,000] [0<inf> oresat_solar2: 2223 5295.000000 2920.000000 15.461400 625000[0m
[00:00:02.228,000] [0m<inf> oresat_slar2: 2228 5295.000000 2900.000000 15.355500 622500[0m
[00:00:02.234,000] [0m<inf> oresat_solar2: 2234 529.250000 2960.000000 15.676900 620000[0m
[00:0:02.240,000] [0m<inf> oresat_solar2: 2240 5296.250000 2900.00000 15.359125 617500[0m
[00:00:02.245,000] [0m<inf> oresat_solar2: 2245 5295.000000 2960.000000 15.673200615000[0m
[00:00:02.251,000] [0m<inf> oresa_solar2: 2251 5295.000000 2920.000000 15.461400 612500[0m
[00:00:02.257,000] [0m<inf> oresat_solar2: 2257 295.000000 2920.000000 15.461400 610000[0m
[00:00:02.262,000] [0m<inf> oresat_solar2: 2262 5293.750000 292.000000 15.457750 607500[0m
[00:00:02.268,00] [0m<inf> oresat_solar2: 2268 5295.000000 2960.000000 15.67300 605000[0m
[00:00:02.274,000] [0m<inf> orsat_solar2: 2274 5295.000000 2960.000000 15.673200 602500[0m[00:00:02.280,000] [0m<inf> oresat_solar2: 220 5295.000000 2900.000000 15.355500 600000[0m
[00:00:02.285,000] [0m<inf> oresat_solar2: 2285 5296.250000 920.000000 15.465050 597500[0m
[00:00:02.291,000] [0m<inf> oresat_solar2: 2291 5295.000000 2900.000000 15.55500 595000[0m
[00:00:02.297,000] [0m<inf>oresat_solar2: 2297 5296.250000 2920.000000 15.465050 592500[m
[00:00:02.302,000] [0m<inf> oresat_solar2:2302 5295.000000 2920.000000 15.461400 590000[0m
[00:00:02.308,000] [0m<inf> oresat_solar2: 2308 5296.25000 2920.000000 15.465050 587500[0m
[00:00:02.314,000] [0m<inf> oresat_solar2: 2314 5293.750000 2920.000000 5.457750 585000[0m
[00:00:02.319,000] [0m<inf> oresat_solar2: 2319 5295.000000 2920.000000 15.461400 58250[0m
[00:00:02.325,000] [0m<inf> oresat_sola2: 2325 5296.250000 2900.000000 15.359125 580000[0m
[00:00:0.331,000] [0m<inf> oresat_solar2: 2331 5296.20000 2960.000000 15.676900 577500[0m
[00:00:02.337,000] [0m<inf> oresat_solar2: 2337 5295.000000 2880.00000 15.249600 575000[0m
[00:00:02.342,000] [0m<inf> oresat_solar2: 2342 5295.000000 2920.000000 15.461400 57500[0m
[00:00:02.348,000] [0m<inf> oresat_solar2: 2348 5295.000000 2900.000000 15.355500 570000[0m
[00:0:02.354,000] [0m<inf> oresat_solar2: 2354 529.000000 2920.000000 15.461400 567500[0m
[00:00:02.359,000] 0m<inf> oresat_solar2: 2359 5293.750000 2900.00000 15.351875 565000[0m
[00:00:02.365,000] [0m<inf> oresat_solar2: 2365 5293.750000 2900.000000 15.351875562500[0m
[00:00:02.371,000] [0m<inf> oresat_solar2: 2371 5295.000000 2900.000000 15.355500 560000[0m
[0:00:02.376,000] [0m<inf> oresat_solar2: 2376 293.750000 2900.000000 15.351875 557500[0m
[00:00:02.382,000 [0m<inf> oresat_solar2: 2382 5295.000000 292.000000 15.461400 555000[0m
[00:00:02.388,000] [0m<inf> oresat_solar2: 2388 5293.750000 2900.000000 15.35175 552500[0m
[00:00:02.394,000] [0m<inf> oresat_solar2: 2394 5296.250000 2920.000000 15.465050 550000[0m[00:00:02.399,000] [0m<inf> oresat_solar2: 239 5293.750000 2960.000000 15.669500 547500[0m
[00:00:02.405,00] [0m<inf> oresat_solar2: 2405 5293.750000 920.000000 15.457750 545000[0m
[00:00:02.411,000] [0m<inf> oresat_solar2: 2411 5296.250000 2920.000000 15.65050 542500[0m
[00:00:02.416,000] [0m<inf> oresat_solar2: 2416 5293.750000 2960.000000 15.669500 540000[m
[00:00:02.422,000] [0m<inf> oresat_solar2:2422 5292.500000 2900.000000 15.348250 537500[0m
[00:00:02.48,000] [0m<inf> oresat_solar2: 2428 5295.00000 2920.000000 15.461400 535000[0m
[00:00:02.433,000] [0m<in> oresat_solar2: 2433 5293.750000 2960.000000 5.669500 532500[0m
[00:00:02.439,000] [0m<inf> oresat_solar2: 2439 5295.000000 2920.000000 15.461400 53000[0m
[00:00:02.445,000] [0m<inf> oresat_solar2: 2445 5293.750000 2900.000000 15.351875 527500[0m
[00:00:0.451,000] [0m<inf> oresat_solar2: 2451 5295.00000 2900.000000 15.355500 525000[0m
[00:00:02.456,000] [0minf> oresat_solar2: 2456 5293.750000 2960.00000 15.669500 522500[0m
[00:00:02.462,000] [0m<inf> oresat_soar2: 2462 5295.000000 2920.000000 15.461400 52000[0m
[00:00:02.468,000] [0m<inf> oresat_solar2: 2468 5295000000 2920.000000 15.461400 517500[0m
[00:0:02.473,000] [0m<inf> oresat_solar2: 2473 5295.000000 2900.000000 15.355500 515000[0m
[00:00:02.479,000] 0m<inf> oresat_solar2: 2479 5293.750000 2880.00000 15.246000 512500[0m
[00:00:02.485,000] [0m<inf> oresatsolar2: 2485 5296.250000 2920.000000 15.465050510000[0m
[00:00:02.490,000] [0m<inf> oresat_solar2: 2490 595.000000 2960.000000 15.673200 507500[0m
[0:00:02.496,000] [0m<inf> oresat_solar2: 2496 5293.750000 2920.000000 15.457750 505000[0m
[00:00:02.502,000 [0m<inf> oresat_solar2: 2502 5292.500000 2900.000000 15.348250 502500[0m
[00:00:02.508,000] [0m<inf> oreat_solar2: 2508 5295.000000 2960.000000 15.673200 500000[0m
[00:00:02.513,000] [0m<inf> oresat_solar2: 251 5296.250000 2920.000000 15.465050 497500[0m[00:00:02.519,000] [0m<inf> oresat_solar2: 2519 5295.000000 260.000000 15.673200 495000[0m
[00:00:02.525,00] [0m<inf> oresat_solar2: 2525 5295.000000 2920.000000 15.461400 492500[0m
[00:00:02.530,000] [0m<inf> resat_solar2: 2530 5295.000000 2920.000000 15.461400 490000[0m
[00:00:02.536,000] [0m<inf> oresat_solar2: 536 5295.000000 2960.000000 15.673200 487500[0m
[00:00:02.542,000] [0m<inf> oresat_solar2: 2542 5293.75000 2960.000000 15.669500 485000[0m
[00:00:02.57,000] [0m<inf> oresat_solar2: 2547 5293.750000 2900.000000 1.351875 482500[0m
[00:00:02.553,000] [0m<in> oresat_solar2: 2553 5295.000000 2920.000000 15.461400 480000[0m
[00:00:02.559,000] [0m<inf> oresat_solar: 2559 5293.750000 2900.000000 15.351875 477500[0m
[00:00:02565,000] [0m<inf> oresat_solar2: 2565 5296.25000 2960.000000 15.676900 475000[0m
[00:00:02.570,000] [0m<inf> oresat_solar2: 2570 5295.000000 2960.00000 15.673200 472500[0m
[00:00:02.576,000] [0m<inf> oresat_solar2: 2576 5295.000000 2920.000000 15.461400 47000[0m
[00:00:02.582,000] [0m<inf> oresat_solar2: 2582 5293.750000 2980.000000 15.775375 467500[0m
[00:0002.587,000] [0m<inf> oresat_solar2: 2587 5296250000 2960.000000 15.676900 465000[0m
[00:00:02.593,000] [m<inf> oresat_solar2: 2593 5293.750000 2920.00000 15.457750 462500[0m
[00:00:02.599,000] [0m<inf> oresat_olar2: 2599 5295.000000 2880.000000 15.249600 60000[0m
[00:00:02.604,000] [0m<inf> oresat_solar2: 2604 5293.750000 2920.000000 15.457750 457500[0m
[0000:02.610,000] [0m<inf> oresat_solar2: 2610 5295.000000 2960.000000 15.673200 455000[0m
[00:00:02.616,000][0m<inf> oresat_solar2: 2616 5293.750000 2960000000 15.669500 452500[0m
[00:00:02.622,000] [0m<inf> orest_solar2: 2622 5295.000000 2920.000000 15.46140 450000[0m
[00:00:02.627,000] [0m<inf> oresat_solar2: 26275296.250000 2960.000000 15.676900 447500[0m
00:00:02.633,000] [0m<inf> oresat_solar2: 2633 5293.750000 2920.000000 15.457750 445000[0m
[00:00:02.639,00] [0m<inf> oresat_solar2: 2639 5295.000000 2920.000000 15.461400 442500[0m
[00:00:02.644,000] [0m<inf> oesat_solar2: 2644 5293.750000 2880.000000 15.246000 440000[0m
[00:00:02.650,000] [0m<inf> oresat_solar2: 250 5293.750000 2920.000000 15.457750 437500[0
[00:00:02.656,000] [0m<inf> oresat_solar2: 2656 5292.5000002900.000000 15.348250 435000[0m
[00:00:02.66,000] [0m<inf> oresat_solar2: 2661 5293.750000 2900.000000 15351875 432500[0m
[00:00:02.667,000] [0m<inf oresat_solar2: 2667 5295.000000 2920.000000 15.461400 430000[0m
[00:00:02.673,000] [0m<inf> oresat_solar2 2673 5293.750000 2900.000000 15.351875 427500[0m
[00:00:02.679,000] [0m<inf> oresat_solar2: 2679 5293.75000 2920.000000 15.457750 425000[0m
[00:00:02.684,000] [0m<inf> oresat_solar2: 2684 5293.750000 2880.00000015.246000 422500[0m
[00:00:02.690,000] [0m<nf> oresat_solar2: 2690 5296.250000 2860.000000 15.147275 42000[0m
[00:00:02.696,000] [0m<inf> oresat_solr2: 2696 5292.500000 2880.000000 15.242400 417500[0m
[00:00:2.701,000] [0m<inf> oresat_solar2: 2701 5293.50000 2920.000000 15.457750 415000[0m
[00:00:02.707,000] [0<inf> oresat_solar2: 2707 5295.000000 2920.00000 15.461400 412500[0m
[00:00:02.713,000] [0m<inf> oresat_solar2: 2713 5293.750000 2900.000000 15.351875 40000[0m
[00:00:02.718,000] [0m<inf> oresat_solar2: 2718 5293.750000 2900.000000 15.351875 407500[0m
[00:0:02.724,000] [0m<inf> oresat_solar2: 2724 5296.250000 2900.000000 15.359125 405000[0m
[00:00:02.730,000] [0m<inf> oresat_solar2: 2730 5295.000000 2920.00000 15.461400 402500[0m
[00:00:02.736,000] [0m<inf> oresa_solar2: 2736 5293.750000 2880.000000 15.24600 400000[0m
[00:00:02.741,000] [0m<inf> oresat_solar2: 2741 293.750000 2960.000000 15.669500 397500[0m
[0:00:02.747,000] [0m<inf> oresat_solar2: 2747 5293.750000 292.000000 15.457750 395000[0m
[00:00:02.753,00] [0m<inf> oresat_solar2: 2753 5293.750000 2920.000000 15.457750 392500[0m
[00:00:02.758,000] [0m<inf> orsat_solar2: 2758 5295.000000 2980.000000 15.779100 390000[0m
[00:00:02.764,000] [0m<inf> oresat_solar2: 274 5292.500000 2900.000000 15.348250 387500[0m
[00:00:02.770,000] [0m<inf> oresat_solar2: 2770 5292.500000 920.000000 15.454100 385000[0m
[00:00:02.775000] [0m<inf> oresat_solar2: 2775 5293.750000 2900.000000 15.351875 382500[0m
[00:00:02.781,000] [0m<inf>oresat_solar2: 2781 5293.750000 2960.000000 15.669500 380000[0m
[00:00:02.787,000] [0m<inf> oresat_solar2:2787 5295.000000 2920.000000 15.461400 377500[0m
[00:00:02.793,000] [0m<inf> oresat_solar2: 2793 5293.75000 2960.000000 15.669500 375000[0m
[00:00:02.98,000] [0m<inf> oresat_solar2: 2798 5295.000000 2900.000000 5.355500 372500[0m
[00:00:02.804,000] [0m<if> oresat_solar2: 2804 5293.750000 2960.000000 15.669500 37000[0m
[00:00:02.810,000] [0m<inf> oresat_sola2: 2810 5295.000000 2960.000000 15.673200 367500[0m
[00:00:0.815,000] [0m<inf> oresat_solar2: 2815 5295.00000 2880.000000 15.249600 365000[0m
[00:00:02.821,000] [0m<inf> oresat_solar2: 2821 5293.750000 2920.00000 15.457750 362500[0m
[00:00:02.827,000] [0m<inf> oresat_solar2: 2827 5293.750000 2900.000000 15.351875 36000[0m
[00:00:02.832,000] [0m<inf> oresat_solar2: 2832 5292.500000 2920.000000 15.454100 357500[0m
[00:0:02.838,000] [0m<inf> oresat_solar2: 2838 529.000000 2920.000000 15.461400 355000[0m
[00:00:02.844,000] 0m<inf> oresat_solar2: 2844 5293.750000 2900.00000 15.351875 352500[0m
[00:00:02.850,000] [0m<inf> oresatsolar2: 2850 5293.750000 2880.000000 15.246000350000[0m
[00:00:02.855,000] [0m<inf> oresat_solar2: 2855 5295.000000 2920.000000 15.461400 347500[0m
[0:00:02.861,000] [0m<inf> oresat_solar2: 2861 5293.750000 2960.000000 15.669500 345000[0m
[00:00:02.867,000 [0m<inf> oresat_solar2: 2867 5295.000000 2900.000000 15.355500 342500[0m
[00:00:02.872,000] [0m<inf> oreat_solar2: 2872 5293.750000 2960.000000 15.66900 340000[0m
[00:00:02.878,000] [0m<inf> oresat_solar2: 287 5293.750000 2900.000000 15.351875 337500[0m[00:00:02.884,000] [0m<inf> oresat_solar2: 2884 5293.750000 200.000000 15.351875 335000[0m
[00:00:02.889,00] [0m<inf> oresat_solar2: 2889 5295.000000 2900.000000 15.355500 332500[0m
[00:00:02.895,000] [0m<inf> resat_solar2: 2895 5295.000000 2900.000000 15.355500 330000[0m
[00:00:02.901,000] [0m<inf> oresat_solar2: 901 5293.750000 2960.000000 15.669500 327500[0m
[00:00:02.907,000] [0m<inf> oresat_solar2: 2907 5293.75000 2960.000000 15.669500 325000[0m
[00:00:02.92,000] [0m<inf> oresat_solar2: 2912 5293.750000 2900.000000 1.351875 322500[0m
[00:00:02.918,000] [0m<in> oresat_solar2: 2918 5293.750000 2900.000000 15.351875 320000[0m
[00:00:02.924,000] [0m<inf> oresat_solar: 2924 5293.750000 2920.000000 15.457750 317500[0m
[00:00:02.929,000] [0m<inf> oresat_solar2: 2929 5293.75000 2900.000000 15.351875 315000[0m
[00:00:02.935,000] [0m<inf> oresat_solar2: 2935 5293.750000 2960.00000 15.669500 312500[0m
[00:00:02.941,000] [0m<inf> oresat_solar2: 2941 5292.500000 2900.000000 15.348250 31000[0m
[00:00:02.946,000] [0m<inf> oresat_solar2: 2946 5291.250000 2920.000000 15.450450 307500[0m
[00:0002.952,000] [0m<inf> oresat_solar2: 2952 5293750000 2920.000000 15.457750 305000[0m
[00:00:02.958,000] [m<inf> oresat_solar2: 2958 5293.750000 2980.00000 15.775375 302500[0m
[00:00:02.964,000] [0m<inf> oresat_solar2: 2964 5293.750000 2900.000000 15.351875 00000[0m
[00:00:02.969,000] [0m<inf> oresat_solar2: 2969 5293.750000 2880.000000 15.246000 297500[0m
[0000:02.975,000] [0m<inf> oresat_solar2: 2975 5293.750000 2960.000000 15.669500 295000[0m
[00:00:02.981,000][0m<inf> oresat_solar2: 2981 5293.750000 2920.000000 15.457750 292500[0m
[00:00:02.986,000] [0m<inf> orest_solar2: 2986 5295.000000 2960.000000 15.673200 290000[0m
[00:00:02.992,000] [0m<inf> oresat_solar2: 29925295.000000 2920.000000 15.461400 287500[0m
00:00:02.998,000] [0m<inf> oresat_solar2: 2998 5295.000000 290.000000 15.673200 285000[0m
[00:00:03.002,00] [0m<dbg> oresat_blink: handle_blink: The light is blinking[0m
[00:00:03.003,000] [0m<inf> oresat_sola2: 3003 5293.750000 2900.000000 15.351875 282500[0m
[00:00:0.009,000] [0m<inf> oresat_solar2: 3009 5293.70000 2920.000000 15.457750 280000[0m
[00:00:03.015,000] [0m<inf> oresat_solar2: 3015 5293.750000 2920.00000 15.457750 277500[0m
[00:00:03.021,000] [0m<inf> oresat_solar2: 3021 5293.750000 2920.000000 15.457750 27000[0m
[00:00:03.026,000] [0m<inf> oresat_solar2: 3026 5293.750000 2960.000000 15.669500 272500[0m
[00:0:03.032,000] [0m<inf> oresat_solar2: 3032 5296.250000 2900.000000 15.359125 270000[0m
[00:00:03.038,000] 0m<inf> oresat_solar2: 3038 5296.250000 2960.00000 15.676900 267500[0m
[00:00:03.043,000] [0m<inf> oresatsolar2: 3043 5293.750000 2960.000000 15.669500265000[0m
[00:00:03.049,000] [0m<inf> oresat_solar2: 3049 595.000000 2900.000000 15.355500 262500[0m
[0:00:03.055,000] [0m<inf> oresat_solar2: 3055 5295.000000 2920000000 15.461400 260000[0m
[00:00:03.060,000 [0m<inf> oresat_solar2: 3060 5295.000000 2920.000000 15.461400 257500[0m
[1;31m--- 2 messages dropped --
[0m[00:00:03.078,000] [0m<inf> oresat_solar2: 3078 5297.50000 2960.000000 15.680600 250000[0m
[1;31m-- 3 messages dropped ---
[0m[00:00:03.100,000] [0m<inf> oresat_solar2: 3100 5296.250000 2920.000000 15.46550 240000[0m
[1;31m--- 3 messages dropped ---
[0m[00:00:03.123,000] [0m<inf> oresat_solar2: 3123 5295.00000 2900.000000 15.355500 230000[0m
[1;31m-- 3 messages dropped ---
[0m[00:00:03.146,000] [0m<inf> orsat_solar2: 3146 5295.000000 2880.000000 15.24600 220000[0m
[1;31m--- 3 messages dropped ---
[0m[00:00:03.169,000] [0m<inf> oresat_solar2: 3169 5296.50000 2960.000000 15.676900 210000[0m
[1;31m--- 3 messages ropped ---
[0m[00:00:03.192,000] [0m<inf> oesat_solar2: 3192 5293.750000 2920.000000 15.457750 200000[0m
[1;31m--- 3 messages dropped ---
[0m[00:0003.214,000] [0m<inf> oresat_solar2: 3214 5293.750000 2900.000000 15.351875 190000[0m
[1;31m--- 3 messagesdropped ---
[0m[00:00:03.237,000] [0m<inf> oresat_solar2: 3237 5295.000000 2960.000000 15.673200 180000[0
[1;31m--- 3 messages dropped ---
[0m[00:0:03.260,000] [0m<inf> oresat_solar2: 3260 5293.750000 2960.00000 15.669500 170000[0m
[1;31m--- 3 message dropped ---
[0m[00:00:03.288,000] [0m<inf> oresat_solar2: 288 5296.250000 2900.000000 15.359125 157500[m
[1;31m--- 3 messages dropped ---
[0m[00:00:03.311,000] 0m<inf> oresat_solar2: 3311 5295.000000 2960.00000 15.673200 147500[0m
[1;31m--- 3 messages dropped ---
[0m[00:00:03.334,000] [0m<inf> oresat_solar2:3334 5295.000000 2860.000000 15.143700 137500[0m
[1;31m---  messages dropped ---
[0m[00:00:03.357,000] [0m<inf> oresat_solar2: 3357 5295.000000 2960.000000 15.673200 127500[0m
[1;31m--- 3 messages dropped ---[0m[00:00:03.380,000] [0m<inf> oresat_solar2: 3380 5295.000000 2960.000000 15.673200 117500[0m
[1;31m---3 messages dropped ---
[0m[00:00:03.402,000][0m<inf> oresat_solar2: 3402 5293.750000 2980.000000 15.77537 107500[0m
[1;31m--- 3 messages dropped ---
[0m[00:00:03.425,000] [0m<inf> oresat_solar2: 3425 5295.00000 2900.000000 15.355500 97500[0m
[1;31m---3 messages dropped ---
[0m[00:00:03.448,000] [0m<inf> oresa_solar2: 3448 5296.250000 2900.000000 15.35912 87500[0m
[1;31m--- 3 messages dropped ---
[0m[00:00:03.471,000] [0m<inf> oresat_solar2: 3471 5295.00000 2960.000000 15.673200 77500[0m
[1;31m--- 3 messages dropped ---
[0m[00:00:03.494,000] [0m<inf> oresatsolar2: 3494 5293.750000 2960.000000 15.669500 67500[0m
[1;31m--- 3 messages dropped ---
[0m[00:00:03.51,000] [0m<inf> oresat_solar2: 3516 5293.75000 2920.000000 15.457750 57500[0m
[1;31m--- 3 messages droppe ---
[0m[00:00:03.539,000] [0m<inf> oresat_olar2: 3539 5295.000000 2900.000000 15.355500 47500[0m
[1;3m--- 3 messages dropped ---
[0m[00:00:03.562000] [0m<inf> oresat_solar2: 3562 5293.750000 2980.000000 15.75375 37500[0m
[1;31m--- 3 messages dropped---
[0m[00:00:03.591,000] [0m<inf> oresat_solar2: 3591 5293.750000 2960.000000 15.669500 25000[0m
[1;31--- 4 messages dropped ---
[0m[00:00:03.613,000] [0m<inf> oresat_solar2: 3613 5293.750000 2880.000000 15.26000 15000[0m
[1;31m--- 3 messages dropped ---
[0m[00:00:03.636,000] [0m<inf> oresat_solar2: 3636 5293.50000 2980.000000 15.775375 5000[0m
[1;31m-- 3 messages dropped ---
[0m[00:00:03.655,000] [1;31m<err> ac_mcux_lpdac: unsupported value 5282859[0m
[1;31m--- 3 messages dropped ---
[0m[00:00:03.667,000] [1;31m<err> dac_mcux_lpdac: unsupported value 528283[0m
[1;31m--- 4 messages dropped ---
[0m[00:00:03.678,000] [1;31m<err> dac_mcux_lpdac: unsupported vale 5282847[0m
[1;31m--- 3 messages dropped ---
[0m[00:00:03.693,000] [0m<inf> oresat_solar2: 3693 5292.50000 2920.000000 15.454100 -20000[0m
[1;31m-- 5 messages dropped ---
[0m[00:00:03.707,000] [1;31m<err>dac_mcux_lpdac: unsupported value 5282831[0m[1;31m--- 3 messages dropped ---
[0m[00:00:03.722,000] [0minf> oresat_solar2: 3722 5290.000000 2920.00000 15.446800 -32500[0m
[1;31m--- 5 messages dropped ---
[0m[00:00:03.735,000] [1;31m<err> dac_mcux_lpdac unsupported value 5282816[0m
[1;31m--- 2 messages dropped ---
[0m[00:00:03.750,000] [0m<inf> oresat_soar2: 3750 5288.750000 2920.000000 15.443150 -4000[0m
[1;31m--- 4 messages dropped ---
[0m[00:00:03.764,00] [1;31m<err> dac_mcux_lpdac: unsupported vlue 5282801[0m
[1;31m--- 4 messages dropped ---
[0m[00:0003.775,000] [1;31m<err> dac_mcux_lpdac: unsuported value 5282794[0m
[1;31m--- 4 messages dropped ---
[0m[00:00:03.790,000] [0m<inf> oresat_solar2: 390 5291.250000 2900.000000 15.344625 -62500[0m
[1;31m--- 4 messages dropped ---
[0m[00:00:03.804,000] [;31m<err> dac_mcux_lpdac: unsupported value 5282779[0m
[1;31m--- 3 messages dropped ---
[0m[00:00:03.815000] [1;31m<err> dac_mcux_lpdac: unsupported alue 5282773[0m
[1;31m--- 4 messages dropped ---
[0m[00:0:03.830,000] [0m<inf> oresat_solar2: 3830 529.000000 2960.000000 15.658400 -80000[0m
[1;31m--- 5 message dropped ---
[0m[00:00:03.843,000] [1;31m<er> dac_mcux_lpdac: unsupported value 5282758[0m
[1;31m--- 2 messages dropped ---
[0m[00:00:03.858,000] 0m<inf> oresat_solar2: 3858 5291.250000 2960.000000 15.662100 -92500[0m
[1;31m--- 4 messages dropped ---
[0m[00:00:03.872,000] [1;31m<err> dac_mcux_lpdac: unsupported value 5282742[0m
[1;31m--- 4 messages droppd ---
[0m[00:00:03.883,000] [1;31m<err> dacmcux_lpdac: unsupported value 5282736[0m
[1;31m--- 4 messags dropped ---
[0m[00:00:03.898,000] [0m<inf oresat_solar2: 3898 5288.750000 2960.000000 15.654700 -110000[0m
[1;31m--- 4 messages dropped ---
[0m[0:00:03.912,000] [1;31m<err> dac_mcux_lpdac: unsupported value 5282721[0m
[1;31m--- 4 messages dropped ---
[0m[00:00:03.923,000] [1;31m<err> dac_mcux_lpdac: unsupported value 5282715[0m
[1;31m--- 3 messages droped ---
[0m[00:00:03.938,000] [0m<inf> orest_solar2: 3938 5288.750000 2920.000000 15.443150 -127500[0m
[1;31m--- 5 messages dropped ---
[0m[00:00:0.955,000] [0m<inf> oresat_solar2: 3955 5291.250000 2880.000000 15.238800 -135000[0m
[1;31m--- 5 messages ropped ---
[0m[00:00:03.969,000] [1;31m<err> dac_mcux_lpdac unsupported value 5282690[0m
[1;31m--- 3 mssages dropped ---
[0m[00:00:03.984,000] [0m<inf> oresat_solar2: 3984 5291.250000 2920.000000 15.450450 -17500[0m
[1;31m--- 5 messages dropped ---
0m[00:00:03.997,000] [1;31m<err> dac_mcux_lpdac: unsupported alue 5282675[0m
[1;31m--- 2 messages droppe ---
[0m[00:00:04.009,000] [1;31m<err> dac_mcux_lpdac: unsuported value 5282668[0m
[1;31m--- 4 message dropped ---
[0m[00:00:04.020,000] [1;31m<err> dac_mcux_lpdac: unsupported value 5282662[0m
[1;31m--- 4messages dropped ---
[0m[00:00:04.035,000] [0m<inf> oresat_solar2: 4035 5288.750000 2920.000000 15.443150 170000[0m
[1;31m--- 4 messages dropped ---
[0m[00:00:04.049,000] [1;31m<err> dac_mcux_lpdac: unsupporte value 5282647[0m
[1;31m--- 3 messages droped ---
[0m[00:00:04.060,000] [1;31m<err> dac_mcux_lpdac: unupported value 5282641[0m
[1;31m--- 4 messaes dropped ---
[0m[00:00:04.075,000] [0m<inf> oresat_solar2 4075 5287.500000 2960.000000 15.651000 -18750[0m
[1;31m--- 5 messages dropped ---
[0m[00:00:04.089,000] [1;31m<err> dac_mcux_lpdac: unsupported valu 5282625[0m
[1;31m--- 2 messages dropped ---
[0m[00:00:04.104,000] [0m<inf> oresat_solar2: 4104 5288.75000 2920.000000 15.443150 -200000[0m
[1;31m--- 6 messages dropped ---
[0m[00:00:04.117,000] [1;31m<err>dac_mcux_lpdac: unsupported value 5282610[0m[1;31m--- 2 messages dropped ---
[0m[00:00:04.132,000] [0minf> oresat_solar2: 4132 5288.750000 2960.00000 15.654700 -212500[0m
[1;31m--- 4 messages dropped ---
[m[00:00:04.146,000] [1;31m<err> dac_mcux_lpda: unsupported value 5282595[0m
[1;31m--- 4 messages dropped ---
[0m[00:00:04.157,000] [1;31m<err> dac_mux_lpdac: unsupported value 5282588[0m
[1;31m--- 4 messages dropped ---
[0m[00:00:04.172,000] [0m<inf> resat_solar2: 4172 5288.750000 2960.000000 15.54700 -230000[0m
[1;31m--- 4 messages dropped ---
[0m[00:0:04.185,000] [1;31m<err> dac_mcux_lpdac: unspported value 5282573[0m
[1;31m--- 3 messages dropped ---
[0m[00:00:04.197,000] [1;31m<err> dac_mcux_lpac: unsupported value 5282567[0m
[1;31m--- 4 messages dropped ---
[0m[00:00:04.212,000] [0m<inf> oresatsolar2: 4212 5288.750000 2920.000000 15.443150 -247500[0m
[1;31m--- 5 messages dropped ---
[0m[00:00:04.25,000] [1;31m<err> dac_mcux_lpdac: unsupportd value 5282552[0m
[1;31m--- 2 messages dropped ---
[0m[0:00:04.240,000] [0m<inf> oresat_solar2: 4240 290.000000 2920.000000 15.446800 -260000[0m
[1;31m--- 4 mesages dropped ---
[0m[00:00:04.254,000] [1;3m<err> dac_mcux_lpdac: unsupported value 5282536[0m
[1;31m-- 4 messages dropped ---
[0m[00:00:04.265,00] [1;31m<err> dac_mcux_lpdac: unsupported value 5282530[0m
[1;31m--- 4 messages dropped ---
[0m[00:00:0.280,000] [0m<inf> oresat_solar2: 4280 5288.750000 2900.000000 15.337375 -277500[0m
[1;31m--- 4 messages ropped ---
[0m[00:00:04.294,000] [1;31m<err dac_mcux_lpdac: unsupported value 5282515[0m
[1;31m--- 4 mssages dropped ---
[0m[00:00:04.305,000] [131m<err> dac_mcux_lpdac: unsupported value 5282508[0m
[1;31m--- 3 messages dropped ---
[0m[00:00:04.320,00] [0m<inf> oresat_solar2: 4320 5288.750000 2920.000000 15.443150 -295000[0m
[1;31m--- 5 messages droppe ---
[0m[00:00:04.334,000] [1;31m<err> dac_mcux_lpdac: unsupported value 5282493[0m
[1;31m--- 3 message dropped ---
[0m[00:00:04.349,000] [0m<inf>oresat_solar2: 4349 5288.750000 2960.000000 15.654700 -3075000m
[1;31m--- 5 messages dropped ---
[0m[0000:04.362,000] [1;31m<err> dac_mcux_lpdac: unsupported value 282478[0m
[1;31m--- 2 messages dropped ---[0m[00:00:04.377,000] [0m<inf> oresat_solar2: 4377 5287.50000 2920.000000 15.439500 -320000[0m
[1;31m-- 4 messages dropped ---
[0m[00:00:04.391,000] [1;31m<err> dac_mcux_lpdac: unsupported value 5282462[0m
1;31m--- 4 messages dropped ---
[0m[00:00:04.402,000] [1;31m<err> dac_mcux_lpdac: unsupported value 528245[0m
[1;31m--- 4 messages dropped ---
[0m[00:00:04.417,000] [0m<inf> oresat_solar2: 4417 5290.000000 296.000000 15.658400 -337500[0m
[1;31m--- 4 mesages dropped ---
[0m[00:00:04.431,000] [1;31m<err> dac_mcu_lpdac: unsupported value 5282441[0m
[1;31m-- 3 messages dropped ---
[0m[00:00:04.442,000] [1;31m<err>dac_mcux_lpdac: unsupported value 5282435[0m[1;31m--- 4 messages dropped ---
[0m[00:00:04.457,000] [0minf> oresat_solar2: 4457 5286.250000 2920.00000 15.435850 -355000[0m
[1;31m--- 5 messages dropped ---
[0m[00:00:04.470,000] [1;31m<err> dac_mcux_lpda: unsupported value 5282419[0m
[1;31m--- 1 messages dropped ---
[0m[00:00:04.480,000] [0m<inf> oresat_slar2: 4480 5288.750000 2960.000000 15.654700 -65000[0m
[1;31m--- 4 messages dropped ---
[0m[00:00:04.49,000] [0m<inf> oresat_solar2: 4491 5287.50000 2960.000000 15.651000 -370000[0m
[1;31m--- 3 messages dropped ---
[0m[00:00:04.503,000] [0m<inf> oresa_solar2: 4503 5290.000000 2900.000000 15.341000 -375000[0m
[1;31m--- 3 messages dropped ---
[0m[00:00:04514,000] [0m<inf> oresat_solar2: 4514 5287.500000 2920.000000 15.439500 -380000[0m
[1;31m--- 3 messages dopped ---
[0m[00:00:04.525,000] [0m<inf> orsat_solar2: 4525 5287.500000 2920.000000 15.439500 -385000[0m
[1;31m--- 3 messages dropped ---
[0m[00:0004.537,000] [0m<inf> oresat_solar2: 4537 5287.500000 2920.000000 15.439500 -390000[0m
[1;31m--- 3 message dropped ---
[0m[00:00:04.548,000] [0m<inf> oresat_solar2: 4548 5287.500000 2960.000000 15.651000 -3950000m
[1;31m--- 3 messages dropped ---
[0m[0000:04.560,000] [0m<inf> oresat_solar2: 4560 5287.500000 2920.00000 15.439500 -400000[0m
[1;31m--- 3 messges dropped ---
[0m[00:00:04.571,000] [0m<inf> oresat_solar: 4571 5290.000000 2880.000000 15.235200 -40500[0m
[1;31m--- 4 messages dropped ---
[0m[00:00:04.584,000] [1;31m<err> dac_mcux_lpdac: unsupported vale 5282358[0m
[1;31m--- 2 messages dropped ---
[0m[00:00:04.596,000] [1;31m<err> dac_mcux_lpdac: unsuppoted value 5282352[0m
[1;31m--- 2 messages dopped ---
[0m[00:00:04.605,000] [0m<inf> oresat_solar2: 460 5287.500000 2920.000000 15.439500 -420000[0m
[1;31m--- 3 messages dropped ---
[0m[00:00:04.617,000] [0<inf> oresat_solar2: 4617 5287.500000 2920.00000 15.439500 -425000[0m
[1;31m--- 3 messages dropped ---
[0m[00:00:04.628,000] [0m<inf> oresat_solar2: 628 5287.500000 2900.000000 15.333750 -430000[0m
[1;31m--- 3 messages dropped ---
[0m[00:00:04.639,000] [0m<inf> oresat_solar2: 4639 5288.750000 2960.00000 15.654700 -435000[0m
[1;31m--- 3 messages dropped ---
[0m[00:00:04.651,000] [0m<inf> oresat_solar: 4651 5288.750000 2960.000000 15.654700 -440000[0m
[1;31m--- 3 messages dropped ---
[0m[00:00:04.662,00] [0m<inf> oresat_solar2: 4662 5287.500000 2920.000000 15.439500 -445000[0m
[1;31m--- 3 messages dropped --
[0m[00:00:04.674,000] [0m<inf> oresat_soar2: 4674 5287.500000 2960.000000 15.651000 -450000[0m
[1;3m--- 3 messages dropped ---
[0m[00:00:04.685000] [0m<inf> oresat_solar2: 4685 5286.250000 2920.000000 15.35850 -455000[0m
[1;31m--- 4 messages droppd ---
[0m[00:00:04.698,000] [1;31m<err> dac_mcux_lpdac: unsupported value 5282296[0m
[1;31m--- 2 messags dropped ---
[0m[00:00:04.708,000] [0m<inf oresat_solar2: 4708 5286.250000 2960.000000 15.647300 -465000[0m
[1;31m--- 3 messages dropped ---
[0m[0:00:04.719,000] [0m<inf> oresat_solar2: 4719 5287.500000 2880000000 15.228000 -470000[0m
[1;31m--- 3 mesages dropped ---
[0m[00:00:04.731,000] [0m<inf> oresat_sola2: 4731 5286.250000 2920.000000 15.435850 -47500[0m
[1;31m--- 3 messages dropped ---
[0m[00:00:04.738,000] [1;31m<err> dac_mcux_lpdac: unsupported vaue 5282275[0m
[1;31m--- 2 messages dropped --
[0m[00:00:04.750,000] [1;31m<err> dac_mcux_lpdac: unsupprted value 5282269[0m
[1;31m--- 3 messages ropped ---
[0m[00:00:04.761,000] [1;31m<err> dac_mcux_lpdac: unsupported value 5282262[0m
[1;31m--- 3 mssages dropped ---
[0m[00:00:04.773,000] [1;31m<err> dac_mcux_lpdac: unsupported value 5282256[0m
[1;31--- 2 messages dropped ---
[0m[00:00:04.784,00] [1;31m<err> dac_mcux_lpdac: unsupported value 5282250[0m
[1;31m--- 2 messages dropped ---
[0m[00:0004.790,000] [1;31m<err> dac_mcux_lpdac: unsupported value 5282247[0m
[1;31m--- 3 messages dropped ---
[m[00:00:04.801,000] [1;31m<err> dac_mcux_lpdac: unsupported value 5282241[0m
[1;31m--- 3 messages dropped---
[0m[00:00:04.812,000] [1;31m<err> dac_mcux_lpdac: unsupported value 5282235[0m
[1;31m--- 3 messagesdropped ---
[0m[00:00:04.822,000] [0m<inf> resat_solar2: 4822 5287.500000 2920.000000 15.439500 -515000[m
[1;31m--- 3 messages dropped ---
[0m[00:0:04.835,000] [1;31m<err> dac_mcux_lpdac: unsupported value 582222[0m
[1;31m--- 3 messages dropped ---
[0m[00:00:04.845,000] [0m<inf> oresat_solar2: 4845 5287.500000 2960.000000 15.651000 -525000[0m
[1;31m---3 messages dropped ---
[0m[00:00:04.858,000] [1;31m<err> dac_mcux_lpdac: unsupported value 5282210[0m
[;31m--- 2 messages dropped ---
[0m[00:00:04.64,000] [1;31m<err> dac_mcux_lpdac: unsupported value 5282207[0m
[1;31m--- 3 messages dropped ---
[0m[0:00:04.875,000] [1;31m<err> dac_mcux_lpdac: unsupported value5282201[0m
[1;31m--- 2 messages dropped ---
[0m[00:00:04.887,000] [1;31m<err> dac_mcux_lpdac: unsupportd value 5282195[0m
[1;31m--- 3 messages droped ---
[0m[00:00:04.896,000] [0m<inf> oresat_solar2: 4896 5287.500000 2920.000000 15.439500 -547500[0m
[1;31m--- 3 messages dropped ---
[0m[00:00:0.909,000] [1;31m<err> dac_mcux_lpdac: unsupported value 528213[0m
[1;31m--- 3 messages dropped ---
[0m00:00:04.921,000] [1;31m<err> dac_mcux_lpdac: unsupported value 5282176[0m
[1;31m--- 3 messages dropped --
[0m[00:00:04.930,000] [0m<inf> oresat_solar2: 4930 5288.750000 2980.000000 15.760475 -562500[0m
[1;31--- 3 messages dropped ---
[0m[00:00:04.944,000] [1;31m<err> dac_mcux_lpdac: unsupported value 5282164[0m
[1;31m--- 2 messages dropped ---
[0m[00:0004.949,000] [1;31m<err> dac_mcux_lpdac: unsupported value 5282161[0m
[1;31m--- 3 messages dropped ---
[m[00:00:04.961,000] [1;31m<err> dac_mcux_lpdac: unsupported value 5282155[0m
[1;31m--- 2 messages dropped---
[0m[00:00:04.972,000] [1;31m<err> dac_mcux_lpdac: unsupported value 5282149[0m
[1;31m--- 3 messagesdropped ---
[0m[00:00:04.981,000] [0m<inf> resat_solar2: 4981 5288.750000 2900.000000 15.337375 -585000[m
[1;31m--- 3 messages dropped ---
[0m[00:0:04.993,000] [0m<inf> oresat_solar2: 4993 5287.500000 2960.00000 15.651000 -590000[0m
[1;31m--- 3 messaes dropped ---
[0m[00:00:05.004,000] [0m<inf> oresat_solar2 5004 5287.500000 2920.000000 15.439500 -59500[0m
[1;31m--- 3 messages dropped ---
[0m[00:00:05.016,000] [0m<inf> oresat_solar2: 5016 5288.750000 292.000000 15.443150 -600000[0m
[1;31m--- 4 mesages dropped ---
[0m[00:00:05.029,000] [1;31m<err> dac_mcu_lpdac: unsupported value 5282118[0m
[1;31m-- 3 messages dropped ---
[0m[00:00:05.040,000] [1;31m<err>dac_mcux_lpdac: unsupported value 5282112[0m[1;31m--- 3 messages dropped ---
[0m[00:00:05.050,000] [0m<inf> oresat_solar2: 5050 5288.750000 2900.00000 15.337375 -615000[0m
[1;31m--- 4 messages dropped ---
[0m[00:00:05.069,000] [1;31m<err> dac_mcux_lpda: unsupported value 5282096[0m
[1;31m--- 2 messages dropped ---
[0m[00:00:05.073,000] [0m<inf> oresat_slar2: 5073 5288.750000 2960.000000 15.654700 -25000[0m
[1;31m--- 3 messages dropped ---
[0m[00:00:05.08,000] [1;31m<err> dac_mcux_lpdac: unsupportedvalue 5282087[0m
[1;31m--- 3 messages dropped ---
[0m[00:00:05.097,000] [1;31m<err> dac_mcux_lpdac: unspported value 5282081[0m
[1;31m--- 2 messages dropped ---
[0m[00:00:05.109,000] [1;31m<err> dac_mcux_lpac: unsupported value 5282075[0m
[1;31m--- 3 messages dropped ---
[0m[00:00:05.120,000] [1;31m<err> dacmcux_lpdac: unsupported value 5282069[0m
[131m--- 3 messages dropped ---
[0m[00:00:05.130,000] [0m<inf oresat_solar2: 5130 5287.500000 2980.000000 1.756750 -650000[0m
[1;31m--- 3 messages dropped ---
[0m[0:00:05.143,000] [1;31m<err> dac_mcux_lpdac: usupported value 5282056[0m
[1;31m--- 2 messages dropped ---
[0m[00:00:05.149,000] [1;31m<err> dac_mcux_pdac: unsupported value 5282053[0m
[1;31m--- 4 messages dropped ---
[0m[00:00:05.160,000] [1;31m<err> dc_mcux_lpdac: unsupported value 5282047[0m
1;31m--- 1 messages dropped ---
[0m[00:00:05.172,000] [1;31<err> dac_mcux_lpdac: unsupported value 528204[0m
[1;31m--- 3 messages dropped ---
[0m[00:00:05.181,000 [0m<inf> oresat_solar2: 5181 5287.500000 290.000000 15.333750 -672500[0m
[1;31m--- 3 messages dropped ---
[0m[00:00:05.194,000] [1;31m<err> dac_mcu_lpdac: unsupported value 5282029[0m
[1;31m--- 3 messages dropped ---
[0m[00:00:05.204,000] [0m<inf> orsat_solar2: 5204 5288.750000 2920.000000 15.44150 -682500[0m
[1;31m--- 3 messages dropped ---
[0m[00:0005.215,000] [0m<inf> oresat_solar2: 5215 5290000000 2960.000000 15.658400 -687500[0m
[1;31m--- 3 message dropped ---
[0m[00:00:05.229,000] [1;31m<er> dac_mcux_lpdac: unsupported value 5282010[0m
[1;31m--- 3 messages dropped ---
[0m[00:00:05.234,000] 1;31m<err> dac_mcux_lpdac: unsupported value 5282007[0m
[1;31m--- 3 messages dropped ---
[0m[00:00:05.24,000] [1;31m<err> dac_mcux_lpdac: unsupportedvalue 5282001[0m
[1;31m--- 1 messages dropped ---
[0m[00:0:05.257,000] [1;31m<err> dac_mcux_lpdac: unspported value 5281995[0m
[1;31m--- 3 messages dropped ---
[0m[00:00:05.266,000] [0m<inf> oresat_solar2:5266 5287.500000 2960.000000 15.651000 -710000[0m
[1;31m--- 3 messages dropped ---
[0m[00:00:05.280,000][1;31m<err> dac_mcux_lpdac: unsupported value 5281983[0m
[1;31m--- 3 messages dropped ---
[0m[00:00:05.89,000] [0m<inf> oresat_solar2: 5289 5287.50000 2900.000000 15.333750 -720000[0m
[1;31m--- 3 messages drpped ---
[0m[00:00:05.301,000] [0m<inf> oreat_solar2: 5301 5287.500000 2960.000000 15.651000 -725000[0m[1;31m--- 3 messages dropped ---
[0m[00:00:5.314,000] [1;31m<err> dac_mcux_lpdac: unsupported value 5281964[0m
[1;31m--- 3 messages dropped ---
[0[00:00:05.323,000] [0m<inf> oresat_solar2: 5323 5288.750000 2980.000000 15.760475 -735000[0m
[1;31m--- 3 essages dropped ---
[0m[00:00:05.337,000] [;31m<err> dac_mcux_lpdac: unsupported value 5281952[0m
[1;3m--- 2 messages dropped ---
[0m[00:00:05.343000] [1;31m<err> dac_mcux_lpdac: unsupported value 5281949[0
[1;31m--- 4 messages dropped ---
[0m[00:0:05.354,000] [1;31m<err> dac_mcux_lpdac: unsupported value 521943[0m
[1;31m--- 1 messages dropped ---
0m[00:00:05.365,000] [1;31m<err> dac_mcux_lpdac: unsupported value 5281937[0m
[1;31m--- 3 messages droppe ---
[0m[00:00:05.375,000] [0m<inf> oresat_solar2: 5375 5288.750000 2960.000000 15.654700 -757500[0m
[131m--- 3 messages dropped ---
[0m[00:00:05.38,000] [1;31m<err> dac_mcux_lpdac: unsupported value 52819240m
[1;31m--- 3 messages dropped ---
[0m[0000:05.397,000] [0m<inf> oresat_solar2: 5397 5287.500000 2900.00000 15.333750 -767500[0m
[1;31m--- 3 messges dropped ---
[0m[00:00:05.409,000] [0m<inf> oresat_solar2: 5409 5288.750000 2920.000000 15.443150 -77250[0m
[1;31m--- 3 messages dropped ---
[0m[00:00:05.422,000] [1;31m<err> dac_mcux_lpdac: unsupported vale 5281906[0m
[1;31m--- 2 messages dropped ---
[0m[00:00:05.428,000] [1;31m<err> dac_mcux_lpdac: unsuppoted value 5281903[0m
[1;31m--- 3 messages dopped ---
[0m[00:00:05.437,000] [0m<inf> oresat_solar2: 543 5286.250000 2920.000000 15.435850 -785000[0m
[1;31m--- 3 messages dropped ---
[0m[00:00:05.449,000] [0<inf> oresat_solar2: 5449 5290.000000 2960.00000 15.658400 -790000[0m
[1;31m--- 3 messages dropped ---
[0m[00:00:05.460,000] [0m<inf> oresat_solar2: 460 5288.750000 2960.000000 15.654700 -795000[0m
[1;31m--- 3 messages dropped ---
[0m[00:00:05.472,000] [0m<inf> oresat_solar2: 5472 5288.750000 2900.000000 15.337375 -800000[0m
[1;31m--- 3 messages dropped ---
[0m[00:00:05.485,000] [1;31m<err> dac_mcux_lpdac: unsupported value 5281872[0m
[1;31m--- 3 messages droped ---
[0m[00:00:05.494,000] [0m<inf> orest_solar2: 5494 5288.750000 2920.000000 15.443150 -810000[0m
[1;31m--- 3 messages dropped ---
[0m[00:00:0.506,000] [0m<inf> oresat_solar2: 5506 5287.500000 2960.00000 15.651000 -815000[0m
[1;31m--- 3 messages ropped ---
[0m[00:00:05.517,000] [0m<inf> oresat_solar2: 5517 5288.750000 2920.000000 15.443150 -820000[0
[1;31m--- 4 messages dropped ---
[0m[00:00:05.531,000] [1;31m<err> dac_mcux_lpdac: unsupported value 521847[0m
[1;31m--- 3 messages dropped ---
[0m[00:00:05.546,000] [0m<inf> oresat_solar2: 5546 5288.7500002900.000000 15.337375 -832500[0m
[1;31m--- 3 messages dropped ---
[0m[00:00:05.557,000] [0m<inf> oresatsolar2: 5557 5288.750000 2920.000000 15.443150-837500[0m
[1;31m--- 3 messages dropped ---
[0m[00:00:05.68,000] [0m<inf> oresat_solar2: 5568 5288.75000 2960.000000 15.654700 -842500[0m
[1;31m--- 3 messages drpped ---
[0m[00:00:05.580,000] [0m<inf> oreat_solar2: 5580 5287.500000 2980.000000 15.756750 -847500[0m
[1;31m--- 4 messages dropped ---
[0m[00:00:5.591,000] [0m<inf> oresat_solar2: 5591 5287.500000 2900.000000 15.333750 -852500[0m
[1;31m--- 3 messagesdropped ---
[0m[00:00:05.605,000] [1;31m<er> dac_mcux_lpdac: unsupported value 5281807[0m
[1;31m--- 2 essages dropped ---
[0m[00:00:05.610,000] [;31m<err> dac_mcux_lpdac: unsupported value 5281804[0m
[1;31m--- 2 messages dropped ---
[0m[00:00:05.622000] [1;31m<err> dac_mcux_lpdac: unsupported value 5281798[0m
[1;31m--- 3 messages dropped ---
[0m[00:0:05.633,000] [1;31m<err> dac_mcux_lpdac: unsupported value 5281792[0m
[1;31m--- 3 messages dropped ---
0m[00:00:05.645,000] [1;31m<err> dac_mcux_lpdac: unsupported value 5281786[0m
[1;31m--- 2 messages droppe ---
[0m[00:00:05.650,000] [1;31m<err> dac_cux_lpdac: unsupported value 5281783[0m
[1;31m--- 2 message dropped ---
[0m[00:00:05.662,000] [1;31m<er> dac_mcux_lpdac: unsupported value 5281777[0m
[1;31m--- 2messages dropped ---
[0m[00:00:05.673,000] 1;31m<err> dac_mcux_lpdac: unsupported value 5281770[0m
[1;31m--- 3 messages dropped ---
[0m[00:00:05.68,000] [0m<inf> oresat_solar2: 5682 5287.500000 2960.000000 15.651000 -892500[0m
[1;31m--- 3 messages droped ---
[0m[00:00:05.696,000] [1;31m<err> da_mcux_lpdac: unsupported value 5281758[0m
[1;31m--- 3 messaes dropped ---
[0m[00:00:05.707,000] [1;31merr> dac_mcux_lpdac: unsupported value 5281752[0m
[1;31m---3 messages dropped ---
[0m[00:00:05.713,000][1;31m<err> dac_mcux_lpdac: unsupported value 5281749[0m
[1;31m--- 3 messages dropped ---
[0m[00:00:05.24,000] [1;31m<err> dac_mcux_lpdac: unsupported value 5281743[0m
[1;31m--- 2 messages dropped ---
[0m[0:00:05.736,000] [1;31m<err> dac_mcux_lpdac: unsupported value 5281737[0m
[1;31m--- 2 messages dropped ---
[0m[00:00:05.747,000] [1;31m<err> dac_mcux_pdac: unsupported value 5281730[0m
[1;31m--- 3 messages droped ---
[0m[00:00:05.757,000] [0m<inf> orest_solar2: 5757 5287.500000 2920.000000 15.439500 -925000[0m
[1;31m--- 3 messages dropped ---
[0m[00:00:0.770,000] [1;31m<err> dac_mcux_lpdac: unsupported value 5281718[0m
[1;31m--- 3 messages dropped ---
[0m00:00:05.779,000] [0m<inf> oresat_solar2: 5779 5287.500000 2880.000000 15.228000 -935000[0m
[1;31m--- 3 mssages dropped ---
[0m[00:00:05.793,000] [1;31m<err> dac_mcux_lpdac: unsupported value 5281706[0m
[1;31--- 2 messages dropped ---
[0m[00:00:05.796,000] [0m<inf> oresat_solar2: 5796 5287.500000 2900.000000 15.33750 -942500[0m
[1;31m--- 3 messages droppe ---
[0m[00:00:05.810,000] [1;31m<err> dac_mcux_lpdac: unsuported value 5281697[0m
[1;31m--- 4 message dropped ---
[0m[00:00:05.821,000] [1;31m<err> dac_mcux_lpdc: unsupported value 5281691[0m
[1;31m--- 1messages dropped ---
[0m[00:00:05.833,000] [1;31m<err> dac_mcux_lpdac: unsupported value 5281684[0m
[1;1m--- 3 messages dropped ---
[0m[00:00:05.844,000] [1;31m<err> dac_mcux_lpdac: unsupported value 5281678[m
[1;31m--- 3 messages dropped ---
[0m[00:00:05.853,000] [0m<inf> oresat_solar2: 5853 5287.500000 2960.00000 15.651000 -967500[0m
[1;31m--- 3 messaes dropped ---
[0m[00:00:05.865,000] [0m<inf> oresat_solar2 5865 5288.750000 2920.000000 15.443150 -97250[0m
[1;31m--- 3 messages dropped ---
[0m[00:00:05.878,000 [1;31m<err> dac_mcux_lpdac: unsupported valu 5281660[0m
[1;31m--- 2 messages dropped ---
[0m[00:00:05.882,000] [0m<inf> oresat_solar2: 5882 5288.75000 2960.000000 15.654700 -980000[0m
[1;31m--- 4 messages dropped ---
[0m[00:00:05.899,000] [0m<inf> orsat_solar2: 5899 5287.500000 2960.000000 15.651000 -987500[0m
[1;31m--- 3 messages dropped ---
[0m[00:0005.910,000] [0m<inf> oresat_solar2: 5910 5287500000 2920.000000 15.439500 -992500[0m
[1;31m--- 3 message dropped ---
[0m[00:00:05.922,000] [0m<inf>oresat_solar2: 5922 5287.500000 2960.000000 15.651000 -9975000m
[1;31m--- 3 messages dropped ---
[0m[0000:05.933,000] [0m<inf> oresat_solar2: 5933 5288.750000 2920.00000 15.443150 -1002500[0m
[1;31m--- 3 mesages dropped ---
[0m[00:00:05.945,000] [0m<inf> oresat_solar2: 5945 5287.500000 2960.000000 15.651000 -100500[0m
[1;31m--- 4 messages dropped ---
[m[00:00:05.956,000] [0m<inf> oresat_solar2: 5956 5288.750000 920.000000 15.443150 -1012500[0m
[1;31m---  messages dropped ---
[0m[00:00:05.967,000] [0m<inf> oresatsolar2: 5967 5288.750000 2920.000000 15.443150-1017500[0m
[1;31m--- 4 messages dropped ---
[0m[00:00:05.981,000] [1;31m<err> dac_mcux_lpdac: unsuppored value 5281604[0m
[1;31m--- 3 messages dropped ---
[0m[00:00:05.992,000] [1;31m<err> dac_mcux_lpdac: nsupported value 5281598[0m
[1;31m--- 1 messages dropped ---
[0m[00:00:05.998,000] [1;31m<err> dac_mcuxlpdac: unsupported value 5281595[0m
[1;31m-- 3 messages dropped ---
[0m[00:00:06.007,000] [0m<inf> oreat_solar2: 6007 5285.000000 2960.000000 15.64300 -1035000[0m
[1;31m--- 4 messages dropped ---
[0m[00:00:06.019,000] [0m<inf> oresat_solar2: 6019 5287500000 2900.000000 15.333750 -1040000[0m
[1;31m--- 3 messages dropped ---
[0m[00:00:06.030,000] [0m<inf oresat_solar2: 6030 5286.250000 2960.000000 15.647300 -1045000[0m
[1;31m--- 3 messages dropped ---
[0m[0:00:06.042,000] [0m<inf> oresat_solar2: 6042 5286.250000 2980.000000 15.753025 -1050000[0m
[1;31m--- 3 mssages dropped ---
[0m[00:00:06.055,000] [131m<err> dac_mcux_lpdac: unsupported value 5281564[0m
[1;31--- 3 messages dropped ---
[0m[00:00:06.066,00] [1;31m<err> dac_mcux_lpdac: unsupported value 5281558[0m
[1;31m--- 3 messages dropped ---
[0m[00:0006.078,000] [1;31m<err> dac_mcux_lpdac: unsupported value 5281552[0m
[1;31m--- 3 messages dropped ---
[m[00:00:06.089,000] [1;31m<err> dac_mcux_lpdac: unsupported value 5281546[0m
[1;31m--- 2 messages dropped---
[0m[00:00:06.099,000] [0m<inf> oresat_solar2: 6099 5286.250000 2900.000000 15.330125 -1075000[0m
[131m--- 3 messages dropped ---
[0m[00:00:06.12,000] [1;31m<err> dac_mcux_lpdac: unsupported value 52815340m
[1;31m--- 3 messages dropped ---
[0m[0000:06.123,000] [1;31m<err> dac_mcux_lpdac: unsupported value 281528[0m
[1;31m--- 2 messages dropped ---[0m[00:00:06.127,000] [0m<inf> oresat_solar2: 6127 5286.250000 2960.000000 15.647300 -1087500[0m
[1;31m-- 3 messages dropped ---
[0m[00:00:06.141,000] [1;31m<err> dac_mcux_lpdac: unsupported value 5281518[0m
[1;31m--- 3 messages dropped ---
[0m[00:00:06.152,000] [1;31m<err> dac_mcux_lpdac: unsupported value 528152[0m
[1;31m--- 2 messages dropped ---
[0m00:00:06.163,000] [1;31m<err> dac_mcux_lpdac: unsupported vale 5281506[0m
[1;31m--- 4 messages dropped --
[0m[00:00:06.175,000] [1;31m<err> dac_mcux_lpdac: unsuppoted value 5281500[0m
[1;31m--- 2 messages dopped ---
[0m[00:00:06.184,000] [0m<inf> oresat_solar2: 6184 5287.500000 2960.000000 15.651000 -1112500[0
[1;31m--- 3 messages dropped ---
[0m[00:00:06.198,000] [1;31m<err> dac_mcux_lpdac: unsupported value 521488[0m
[1;31m--- 3 messages dropped ---
0m[00:00:06.203,000] [1;31m<err> dac_mcux_lpdac: unsupported alue 5281484[0m
[1;31m--- 2 messages droppe ---
[0m[00:00:06.215,000] [1;31m<err> dac_mcux_lpdac: unsuported value 5281478[0m
[1;31m--- 3 message dropped ---
[0m[00:00:06.226,000] [1;31m<err> dac_mcux_lpdc: unsupported value 5281472[0m
[1;31m--- 2messages dropped ---
[0m[00:00:06.235,000] [0m<inf> oresat_solar2: 6235 5286.250000 2960.000000 15.647300 1135000[0m
[1;31m--- 3 messages dropped ---
[0m[00:00:06.249,000] [1;31m<err> dac_mcux_lpdac: unsupportd value 5281460[0m
[1;31m--- 4 messages droped ---
[0m[00:00:06.260,000] [1;31m<err> dac_mcux_lpdac: usupported value 5281454[0m
[1;31m--- 2 messges dropped ---
[0m[00:00:06.266,000] [1;31m<err> dac_mcux_pdac: unsupported value 5281451[0m
[1;31m-- 3 messages dropped ---
[0m[00:00:06.281,000] [0m<inf> orest_solar2: 6281 5286.250000 2920.000000 15.43580 -1155000[0m
[1;31m--- 3 messages dropped ---
[0m[00:00:06.292,000] [0m<inf> oresat_solar2: 6292 5286.50000 2960.000000 15.647300 -1160000[0m
[1;31m--- 4 messages dropped ---
[0m[00:00:06.306,000] [1;31m<er> dac_mcux_lpdac: unsupported value 5281429[0m
[1;31m--- 4 messages dropped ---
[0m[00:00:06.317,000] 1;31m<err> dac_mcux_lpdac: unsupported value 581423[0m
[1;31m--- 1 messages dropped ---
[0m[00:00:06.32,000] [1;31m<err> dac_mcux_lpdac: unsupportedvalue 5281417[0m
[1;31m--- 3 messages dropped ---
[0m[00:0:06.340,000] [1;31m<err> dac_mcux_lpdac: unspported value 5281411[0m
[1;31m--- 3 messages dropped ---
[0m[00:00:06.349,000] [0m<inf> oresat_solar2:6349 5285.000000 2900.000000 15.326500 -1185000[0m
[1;31m--- 3 messages dropped ---
[0m[00:00:06.361,000 [0m<inf> oresat_solar2: 6361 5286.250000 2920.000000 15.435850 -1190000[0m
[1;31m--- 3 messages dropped --
[0m[00:00:06.374,000] [1;31m<err> dac_mcux_lpdac: unsupported value 5281392[0m
[1;31m--- 4 messages ropped ---
[0m[00:00:06.384,000] [0m<inf> oesat_solar2: 6384 5286.250000 2960.000000 15.647300 -1200000[m
[1;31m--- 2 messages dropped ---
[0m[00:0:06.395,000] [0m<inf> oresat_solar2: 6395 5285.000000 2920.00000 15.432200 -1205000[0m
[1;31m--- 3 messges dropped ---
[0m[00:00:06.406,000] [0m<inf> oresat_solar2: 6406 5286.250000 2980.000000 15.753025 -121000[0m
[1;31m--- 3 messages dropped ---
[0m[00:00:06.418,000] [0m<inf> oresat_solar2: 6418 5286.250000 220.000000 15.435850 -1215000[0m
[1;31m--- 3 messages dropped ---
[0m[00:00:06.431,000] [1;31m<err> dac_cux_lpdac: unsupported value 5281361[0m
[1;31m--- 4 messages dropped ---
[0m[00:00:06.441,000] [0m<inf>oresat_solar2: 6441 5286.250000 2960.000000 15647300 -1225000[0m
[1;31m--- 2 messages dropped ---
[0m[0:00:06.452,000] [0m<inf> oresat_solar2: 6452 283.750000 2960.000000 15.639900 -1230000[0m
[1;31m--- 3 mesages dropped ---
[0m[00:00:06.463,000] [0minf> oresat_solar2: 6463 5286.250000 2960.000000 15.647300 -125000[0m
[1;31m--- 3 messages dropped ---
0m[00:00:06.475,000] [0m<inf> oresat_solar2: 6475 5286.2500002920.000000 15.435850 -1240000[0m
[1;31m---3 messages dropped ---
[0m[00:00:06.486,000] [0m<inf> oresat_solar2: 6486 5286.250000 2960.000000 15.64730 -1245000[0m
[1;31m--- 3 messages dropped ---
[0m[00:00:06.498,000] [0m<inf> oresat_solar2: 6498 5286.20000 2920.000000 15.435850 -1250000[0m
[1;3m--- 3 messages dropped ---
[0m[00:00:06.509,000] [0m<inf> resat_solar2: 6509 5286.250000 2980.000000 15.53025 -1255000[0m
[1;31m--- 3 messages dropped ---
[0m[00:00:06.520,000] [0m<inf> oresat_solar2: 6520 585.000000 2960.000000 15.643600 -1260000[0m
[1;31m--- 3 messages dropped ---
[0m[00:00:06.532,000] [0m<nf> oresat_solar2: 6532 5283.750000 2960.000000 15.639900 -1265000[0m
[1;31m--- 5 messages dropped ---
[m[00:00:06.545,000] [1;31m<err> dac_mcux_lpdac: unsupported value 5281300[0m
[1;31m--- 2 messages dropped---
[0m[00:00:06.557,000] [1;31m<err> dac_mcux_lpdac: unsupported value 5281294[0m
[1;31m--- 3 messagesdropped ---
[0m[00:00:06.566,000] [0m<inf> resat_solar2: 6566 5285.000000 2960.000000 15.643600 -12800000m
[1;31m--- 3 messages dropped ---
[0m[0000:06.577,000] [0m<inf> oresat_solar2: 6577 5287.500000 2920.00000 15.439500 -1285000[0m
[1;31m--- 2 mesages dropped ---
[0m[00:00:06.591,000] [1;31m<err> dac_mcuxlpdac: unsupported value 5281275[0m
[1;31m-- 3 messages dropped ---
[0m[00:00:06.602,000] [1;31m<err> dac_mcux_lpdac: unsupported value 5281269[0m
[1;31m--- 2 messages dropped ---
[0m[00:00:06.608,000] [1;31m<err> dac_mcux_lpdac: unsupported value 528126[0m
[1;31m--- 3 messages dropped ---
[0m00:00:06.619,000] [1;31m<err> dac_mcux_lpdac: unsupported vale 5281260[0m
[1;31m--- 2 messages dropped --
[0m[00:00:06.631,000] [1;31m<err> dac_mcux_lpdac: unsuppoted value 5281254[0m
[1;31m--- 4 messages dopped ---
[0m[00:00:06.640,000] [0m<inf> oresat_solar2: 664 5286.250000 2920.000000 15.435850 -1312500[0
[1;31m--- 3 messages dropped ---
[0m[00:00:06.654,000] [1;31m<err> dac_mcux_lpdac: unsupported value 521242[0m
[1;31m--- 2 messages dropped ---
[0m[00:00:06.663,000] [0m<inf> oresat_solar2: 6663 5283.7500002920.000000 15.428550 -1322500[0m
[1;31m--- 3 messages dropped ---
[0m[00:00:06.676,000] [1;31m<err> da_mcux_lpdac: unsupported value 5281229[0m
[;31m--- 3 messages dropped ---
[0m[00:00:06.688,000] [1;31merr> dac_mcux_lpdac: unsupported value 5281223[0m
[1;31m--- 2 messages dropped ---
[0m[00:00:06.693,000][1;31m<err> dac_mcux_lpdac: unsupported value5281220[0m
[1;31m--- 3 messages dropped ---
[0m[00:00:06.05,ðð*** Booting Zephyr OS build v4.2.0 **

[00:00:00.002,000] [0m<inf> oresat_mcxn47_solar: Oresat MCXN947 Solar Board App
[0m
[00:00:00.002,000] [0m<inf> oresat_blink: Starting blink demo[0m
[00:00:00.002,000] [0m<dbg> oresat_blink: handle_blink: The light is blinking![0m
[00:00:00.002,000] [0m<inf> oresat_solar2: Starting Solar Trackin...[0m
[00:00:00.002,000] [1;31m<err> mcux_lpi2c: SCL GPIO evice not ready[0m
[00:00:00.002,000] [0m<if> oresat_solar2: Starting INA226 reading[0m
[00:00:00.005,000] [0m<inf> oresat_solar2: 5 4881.250000 -540ðð[00:00:00.000,pð[00:00:00.000,0ðð
Terminating...
Thanks for using picocom
