picocom v2024-07

port is        : /dev/ttyACM2
flowcontrol    : none
baudrate is    : 115200
parity is      : none
databits are   : 8
stopbits are   : 1
txdelay is     : 0 ns
escape is      : C-a
local echo is  : no
noinit is      : no
noreset is     : no
hangup is      : no
nolock is      : no
send_cmd is    : sz -vv
receive_cmd is : rz -vv -E
imap is        : 
omap is        : 
emap is        : crcrlf,delbs,
logfile is     : none
initstring     : none
exit_after is  : not set
exit is        : no
minimal cmds is: no

Type [C-a] [C-h] to see available commands
Terminal ready
*** Booting Zephyr OS buil v4.2.0 ***

[00:00:00.005,0ð0] [pzËþŽ*** Booting Zephyr OS build v4.2.0 ***

[00:0000.005,000] [0m<inf> oresat_mcxn947_solar: Orsat MCXN947 Solar Board App
[0m
[00:00:00.013,000] [0m<inf>oresat_blink: Starting blink demo[0m
[00:00:0.019,000] [0m<dbg> oresat_blink: handle_blink: The light is linking![0m
[00:00:00.026,000] [0m<inf> oreat_solar2: Starting Solar Tracking...[0m
[00:00:00.033,000] [1;31m<err> mcux_lpi2c: SCL GPIO device not redy[0m
[00:00:00.039,000] [0m<inf> oresat_solar2: Starting INA226 reading[0m
[00:00:00.049,000] [0m<inf> oresat_solar2: -520.00000 5263.750000 -2.737150[0m
[00:00:00.062,000] [0m<inf> oresat_solar2: -50.000000 5291.250000 -3.068925[0m
[00:00:00.074,000] [0m<if> oresat_solar2: -500.000000 5316.250000 -2.658125[0m
[00:0:00.087,000] [0m<inf> oresat_solar2: -520.000000 5333.750000-2.773550[0m
[00:00:00.100,000] [0m<inf> oresat_solar2: -540.000000 5347.500000 -2.887650[0m
[00:00:00.112,000] [0m<inf> oresat_solar: -520.000000 5360.000000 -2.787200[0m
[00:00:00.125,000] 0m<inf> oresat_solar2: -540.000000 5367.500000 -2.898450[0m
[00:00:00.138,000] [0m<inf> oresat_solar2: -520.000000 5376.250000 -2.795650[0m
[00:00:00.151,000] [0m<inf> oresat_solar: -520.000000 5381.250000 -2.798250[0m
[00:00:00.163,000] 0m<inf> oresat_solar2: -520.000000 5386.250000 -2.800850[0m
[00:00:00.176,00] [0m<inf> oresat_solar2: -540.000000 5391.20000 -2.911275[0m
[00:00:00.189,000] [0m<inf> oresat_solar2: -540.000000 5392.500000 -2.911950[0m
[00:00:00.201,000] [0m<inf> oresat_olar2: -540.000000 5396.250000 -2.913975[0m
[00:00:00.214,00] [0m<inf> oresat_solar2: -540.000000 5398.750000 -2.915325[0m
[00:00:00.227,000] [0m<inf> oresat_solar2: -520.000000 598.750000 -2.807350[0m
[00:00:00.239,000] [0m<inf> oresat_olar2: -520.000000 5402.500000 -2.809300[0m
[00:00:00.252,000] [0m<inf> oresat_solar2: -520.000000 5402.500000 -2.8093000m
[00:00:00.65,000] [0m<inf> oresat_solar2: -520.000000 503.750000 -2.809950[0m
[00:00:00.278,000] [0m<inf> oresat_solar2: -580.000000 5403.750000 -3.134175[0m
[00:00:00.290,000] [0m<inf> orsat_solar2: -520.000000 5402.500000 -2.8093000m
[00:00:00.03,000] [0m<inf> oresat_solar2: -500.000000 5406.250000 -2.70125[0m
[00:00:00.316,000] [0m<inf> oresat_solar2: -480.00000 5403.750000 -2.593800[0m
[00:00:00.328,000] [0m<inf> orsat_solar2: -540.000000 5406.250000 -2.919375[0m
[00:00:00.341,000] [0m<in> oresat_solar2: -520.000000 5406.250000 -2.81250[0m
[00:0:00.354,000] [0m<inf> oresat_solar2: -540.00000 5405.000000 -2.918700[0m
[00:00:00.366,000] [0m<inf> oresat_solar2: 1200.000000 5403.750000 6.484500[0m
[00:00:00.379,000] [0m<inf> oresat_solar2: 2180.000000 5403.750000 11.780175[0m
[00:00:00.392,000] [0m<inf> oresat_solar2: 3280.000000 5402.500000 1.720200[0m
[0:00:00.404,000] [0m<inf> oresat_solar2: 4120.000000 5400.000000 22.247999[0m
[00:00:00.417,000] [0m<inf> oresat_solar2:4880.000000 5400.000000 26.351999[0m
[00:00:00.430,000] [0<inf> oresat_solar2: 5780.000000 5400.000000 31.212000[0m
[00:00:00.443,000] [0m<inf> oresat_solar2: 6700.000000 5398.75000 36.171623[0m
[00:00:00.455,000] [0m<inf> oresat_solar2:7400.000000 5397.500000 39.941502[0m
[00:00:00.468,000] [0m<inf> oresat_solar2: 8180.000000 5397.500000 44.151550[0m
[00:00:00.481,000 [0m<inf> oresat_solar2: 9000.000000 5392.500000 48.532501[0
[00:00:00.493,000] [0m<inf> oresat_solar2: 9860.000000 539.250000 53.207024[0m
[00:00:00.506,000] [0m<inf> oresat_soar2: 10660.000000 5395.000000 57.510700[0m
[00:00:00.519,00] [0m<inf> oresat_solar2: 11460.000000 5393.750000 61.812374[0m
[00:00:00.532,000] [0m<inf> oresat_solar: 12300.000000 5392.500000 66.327751[0m
[00:00:00.544,000] [0m<inf> oresat_solar2: 13060.000000 5390.000000 70.393402[0m
[00:00:00.557,000] [0m<inf> oresat_solar2: 3780.000000 5391.250000 74.291428[0m
[00:00:00.570,000] [0<inf> oresat_solar2: 14860.000000 5390.000000 80.095398[0m
[00:00:00.583,000] [0m<inf> oresat_solar2: 15720.000000 5387.500000 84.691498[0m
[00:00:00.596,000] [0m<if> oresat_solar2: 16560.000000 5387.500000 89.217003[0m
[0000:00.608,000] [0m<inf> oresat_solar2: 17320.000000 5387.500000 93.311501[0m
[00:00:00.621,000] [0m<inf> oresat_solar2: 18260.000000 5385.000000 98.330101[0m
[00:0000.634,000] [0m<inf> oresat_solar2: 18960.000000 5385.000000 102.099602[0m
[00:00:00.647,000] [0m<inf> oesat_solar2: 19780.000000 5383.750000 106.49058[0m
[00:00:00.660,000] [0m<inf> oresat_solar2: 20560.00000 5382.500000 110.664200[0m
[00:00:00.673,00] [0m<inf> oresat_solar2: 21280.000000 5382.500000 114.539597[0m
[00:00:00.686,000] [0m<inf> oresat_solr2: 22120.000000 5382.500000 119.060898[0m
[00:00:00.699,000] [0m<inf> oresat_solar2: 22960.000000 5380.000000 123.524803[0m
[00:00:00.711,000] [0m<nf> oresat_solar2: 23720.000000 5380.000000 12.613602[0m
[00:00:00.724,000] [0m<inf> oresat_solar2: 24560.000000 5378.750000 132.102097[0m
[00:00:00737,000] [0m<inf> oresat_solar2: 25600.0000005378.750000 137.695999[0m
[00:00:00.750,000 [0m<inf> oresat_solar2: 26460.000000 5376.250000 142.2555690m
[00:00:00.763,000] [0m<inf> oresat_solar: 27220.000000 5377.500000 146.375549[0m
[0:00:00.776,000] [0m<inf> oresat_solar2: 27960.000000 5376.25000 150.319946[0m
[00:00:00.789,000] [0m<in> oresat_solar2: 28780.000000 5376.250000 154.728470[0m
[00:00:00.802,000] [0m<inf> oresat_solar2: 29620.00000 5373.750000 159.170471[0m
[00:00:00.85,000] [0m<inf> oresat_solar2: 30380.000000 5373.750000 163.254532[0m
[00:00:00.828,000] [0m<inf> oresatsolar2: 31180.000000 5372.500000 167.514557[0
[00:00:00.840,000] [0m<inf> oresat_solar2: 32020.000000 5372.500000 172.027451[0m
[00:00:00.853,000] 0m<inf> oresat_solar2: 32760.000000 5371.25000 175.962143[0m
[00:00:00.866,000] [0m<inf> oresat_solar2: 33520.000000 5370.000000 180.002396[0m
[00:00:00.879,000] [0m<inf> oresat_solar2: 34320.00000 5367.500000 184.212601[0m
[00:00:00.892000] [0m<inf> oresat_solar2: 35220.000000 5368.750000 189.08772[0m
[00:00:00.905,000] [0m<inf> oresat_slar2: 36260.000000 5367.500000 194.625549[0m
[00:00:00.918,00] [0m<inf> oresat_solar2: 37020.000000 5367500000 198.704849[0m
[00:00:00.931,000] [0<inf> oresat_solar2: 37860.000000 5363.750000 203.071579[0m
[00:00:00.944,000] [0m<inf> oresat_solar2: 3800.000000 5366.250000 207.673874[0m
[00:00:0.957,000] [0m<inf> oresat_solar2: 39400.000000 5363.750000 211.331757[0m
[00:00:00.969,000] [0m<inf> orsat_solar2: 40220.000000 5362.500000 215.67974[0m
[00:00:00.982,000] [0m<inf> oresat_solar2: 41060.000000 5362.500000 220.184250[0m
[00:00:00.995,00] [0m<inf> oresat_solar2: 41860.000000 5362.50000 224.474243[0m
[00:00:01.008,000] [0m<inf> oresat_sola2: 42600.000000 5362.500000 228.442505[0m
[0:00:01.021,000] [0m<inf> oresat_solar2: 43320.000000 5358.750000 232.141052[0m
[00:00:01.028,000] [0m<db> oresat_blink: handle_blink: The light is blinking![0m
[00:00:01.09,000] [0m<inf> oresat_solar2: 44120.000000 560.000000 236.483200[0m
[00:00:01.052,000] [0m<inf> oresat_solar2: 44960.000000 5360.000000 240.985596[0
[00:00:01.065,000] [0m<inf> oresat_solar2:45720.000000 5357.500000 244.944901[0m
[00:0:01.078,000] [0m<inf> oresat_solar2: 46520.000000 5358.75000 249.289047[0m
[00:00:01.091,000] [0m<inf>oresat_solar2: 47580.000000 5355.000000 254.790894[0m
[00:00:01.104,000] [0m<inf> oresat_solar2: 48300.00000 5355.000000 258.646515[0m
[00:00:01.117000] [0m<inf> oresat_solar2: 49060.000000 5355.000000 262.716309[0m
[00:00:01.130,000] [0m<inf> oresat_slar2: 49800.000000 5352.500000 266.554504[0m[00:00:01.142,000] [0m<inf> oresat_solar2: 5660.000000 5352.500000 271.157654[0m
[00:00:01.155,000] [0m<inf> oresat_solar2: 51420.000000 5351.250000 75.161285[0m
[00:00:01.168,000] [0m<inf> oresat_solar2: 52200.000000 5351.250000 279.335236[0m
[00:00:1.181,000] [0m<inf> oresat_solar2: 52920.00000 5348.750000 283.055847[0m
[00:00:01.194,000] [0m<inf> oresat_solar2: 53800.000000 5347.500000 287.69549[0m
[00:00:01.207,000] [0m<inf> oresat_solr2: 54600.000000 5348.750000 292.041748[0m
[00:00:01.220,000] [0m<inf> oresat_solar2: 55360.000000 5346.20000 295.968414[0m
[00:00:01.233,000] [0m<nf> oresat_solar2: 56060.000000 5347.500000 299.780853[0m
[00:00:01.246,000] [0m<inf> oresat_solar2: 5682.000000 5347.500000 303.844940[0m
[00:00:01259,000] [0m<inf> oresat_solar2: 57860.000000 5342.500000 309.117035[0m
[00:00:01.271,000] [0m<inf> orest_solar2: 58580.000000 5342.500000 312.9636540m
[00:00:01.284,000] [0m<inf> oresat_solar2: 59480.000000 343.750000 317.846252[0m
[00:00:01.297,000][0m<inf> oresat_solar2: 60120.000000 5340.000000 321.040802[m
[00:00:01.310,000] [0m<inf> oresat_solar2 60980.000000 5341.250000 325.709412[0m
[0000:01.323,000] [0m<inf> oresat_solar2: 61780.000000 5338.750000 329.827972[0m
[00:00:01.336,000] [0m<inf oresat_solar2: 62520.000000 5338.750000 333.78656[0m
[00:00:01.349,000] [0m<inf> oresat_solar2: 63320.000000 5337.500000 337.970490[0m
[00:00:01.36,000] [0m<inf> oresat_solar2: 64100.000000 537.500000 342.133759[0m
[00:00:01.375,000] [0m<inf> oresat_solar2: 64880.000000 5337.500000 346.296997[0m
[00:00:01.388,000] [0m<inf> oresat_solar2: 5560.000000 5335.000000 349.762604[0m
[00:0:01.400,000] [0m<inf> oresat_solar2: 66360.000000 5332.500000353.864685[0m
[00:00:01.413,000] [0m<inf> oresat_solar2: 67080.000000 5332.500000 357.704102[0m
[00:0001.426,000] [0m<inf> oresat_solar2: 68100.00000 5332.500000 363.143250[0m
[00:00:01.439,00] [0m<inf> oresat_solar2: 68920.000000 5332.500000 367.51590[0m
[00:00:01.452,000] [0m<inf> oresat_soar2: 69600.000000 5330.000000 370.967987[0m
[00:00:01.465,000] [0m<inf> oresat_solar2: 70400.000000 5327.500000 375.056000[0m
[00:00:01.478,000] [0minf> oresat_solar2: 71160.000000 5330.000000 379.282806[0m
[00:00:01.491,000] [0m<inf> oresat_solar2: 7190.000000 5327.500000 383.153809[0m
[00:00:0.504,000] [0m<inf> oresat_solar2: 72700.00000 5323.750000 387.036621[0m
[00:00:01.517,000] [0m<inf> oresat_solar2: 73420.000000 5326.250000 391.053284[0m
[00:00:01.529,000] [0m<inf> oresat_solar2: 74220.000000 5323.750000 395.128723[0m
[00:00:01.542,000 [0m<inf> oresat_solar2: 74960.000000 5325.00000 399.161987[0m
[00:00:01.555,000] [0m<inf> oresat_solar2: 75760.000000 5321.250000 403.137909[0m
[0:00:01.568,000] [0m<inf> oresat_solar2: 76460000000 5322.500000 406.958344[0m
[00:00:01.81,000] [0m<inf> oresat_solar2: 77960.000000 5318.750000 414.49750[0m
[00:00:01.594,000] [0m<inf> oresa_solar2: 78680.000000 5318.750000 418.479248[0m
[00:00:01.607,000] [0m<inf> oresat_solar2: 79660.000000 518.750000 423.691620[0m
[00:00:01.620,000] [0m<inf> oresat_solar2: 80500.000000 5316.250000 427.958130[0m
[00:00:01.633,000] [0m<inf> oresat_solar2:81360.000000 5313.750000 432.326691[0m
[00:0:01.646,000] [0m<inf> oresat_solar2: 82100.000000 5313.750000 436.258881[0m
[00:00:01.658,000] [0m<inf>oresat_solar2: 82900.000000 5311.250000 440.302612[0m
[00:00:01.671,000] [0m<inf> oresat_solar2: 83620.00000 5311.250000 444.126740[0m
[00:00:01.684000] [0m<inf> oresat_solar2: 84480.000000 5312.500000 448.799988[0m
[00:00:01.697,000] [0m<inf> oresat_solar2: 85220.000000 5312.500000 452.731262[0m[00:00:01.710,000] [0m<inf> oresat_solar2: 8020.000000 5310.000000 456.766205[0m
[00:00:01.723,000] [0<inf> oresat_solar2: 86820.000000 5307.500000 60.797150[0m
[00:00:01.736,000] [0m<inf> oesat_solar2: 87560.000000 5306.250000 464.615265[0m
[00:00:01.749,000] [0m<inf> oresat_solar2: 88400.00000 5303.750000 468.851501[0m
[00:00:01.762,00] [0m<inf> oresat_solar2: 89100.000000 5305.000000 472.675507[0m
[00:00:01.775,000] [0m<inf> oresat_solr2: 90260.000000 5303.750000 478.716461[0m
00:00:01.787,000] [0m<inf> oresat_solar2: 90980.000000 5303.70000 482.535187[0m
[00:00:01.800,000] [0m<nf> oresat_solar2: 91800.000000 5300.000000 486.540009[0m
[00:00:01.813,000] [0m<inf> oresat_solar2: 9250.000000 5300.000000 490.250000[0m
[00:00:01826,000] [0m<inf> oresat_solar2: 93360.000000 5298.750000 494.691315[0m
[00:00:01.839,000] [0m<inf> orest_solar2: 94100.000000 5297.500000 498.4947510m
[00:00:01.852,000] [0m<inf> oresat_solar: 94980.000000 5296.250000 503.037811[0m
[00:00:01.865,000] [0m<inf> oresat_solar2: 95720.000000 5295.00000 506.837402[0m
[00:00:01.878,000] [0m<in> oresat_solar2: 96520.000000 5293.750000 510.952759[0m
[00:00:01.891,000] [0m<inf> oresat_solar2: 97320.00000 5295.000000 515.309387[0m
[00:00:01.904,000] [0m<inf> oresat_solar2: 98100.000000 5293.750000 519.36895[0m
[00:00:01.916,000] [0m<inf> oresatsolar2: 98860.000000 5291.250000 523.092957[0m
[00:00:01.929,000] [0m<inf> oresat_solar2: 99720.000000 528.750000 527.394165[0m
[00:00:01.942,000] 0m<inf> oresat_solar2: 100720.000000 5286.250000 532.431091[0
[00:00:01.955,000] [0m<inf oresat_solar2: 101480.000000 5286.250000 536.448669[0m
[00:00:01.968,000] [0m<inf> oresat_solar2: 102280.000000 5285.000000 540.549805[0m
[00:00:01.981,000] [0m<inf> oresat_solar2: 103020.0000005283.750000 544.331909[0m
[0:00:01.994,000] [0m<inf> oresat_solar2: 103860.000000 5286.20000 549.029907[0m
[00:00:02.007,000] [0m<nf> oresat_solar2: 104620.000000 5282.500000 52.655151[0m
[00:00:02.020,000] [0m<inf> orsat_solar2: 105400.000000 5281.250000 556.643738[0m
[00:00:02.033,000] [0m<inf> oresat_soar2: 106220.000000 5280.000000 560.841614[0m
[00:00:02.041,00] [0m<dbg> oresat_blink: handle_blink: The lght is blinking![0m
[00:00:02.052,000] [0m<inf> orsat_solar2: 107020.000000 5277.500000 564.798035[0m
[00:00:02.065,000] [0m<inf> oresat_soar2: 107720.000000 5273.750000 568.088379[0m
[00:00:02.078,000] [0m<inf> oresat_solar2: 108580.000000 5272.500000 572.488037[0m
[00:0:02.091,000] [0m<inf> oresat_solar2: 109220.000000 5275.000000 576.135498[0m
[00:00:02.104,000] [0m<inf>oresat_solar2: 110120.000000 5272.500000 580.67727[0m
[00:00:02.117,000] [0m<inf> oresat_solar2: 110900.000000 5271.250000 584.581604[m
[00:00:02.130,000] [0m<inf> oresat_solar2 111960.000000 5268.750000 589.889221[0m
[00:00:02.143,000] [0m<inf> oresat_solar2: 11270.000000 5267.500000 593.647278[0m
[00:00:02156,000] [0m<inf> oresat_solar2: 113500.00000 5268.750000 598.003113[0m
[00:00:02.169,00] [0m<inf> oresat_solar2: 114280.000000 5267.500000 601.969910[0m
[00:00:02.182,000] [0minf> oresat_solar2: 115120.000000 5263.750000 605.962891[0m
[00:00:02.195,000] [0m<inf> oesat_solar2: 115860.000000 5263.750000 609.858093[0m
[00:00:02.208,000] [0m<inf> oresat_slar2: 116560.000000 5262.500000 613.396973[0m
[00:00:02.221,000] [0m<inf> oresat_solar2: 117380.000000 520.000000 617.418823[0m
[00:0:02.234,000] [0m<inf> oresat_solar2: 118180.000000 5260.000000 621.626770[0m
[00:00:02.247,000] [0m<inf oresat_solar2: 119020.000000 5257.500000 625.47620[0m
[00:00:02.260,000] [0m<inf> oresat_solar2: 119860.000000 5257.500000 630.1639400m
[00:00:02.273,000] [0m<inf> oresat_solar: 120600.000000 5255.000000 633.752991[0m
[0:00:02.286,000] [0m<inf> oresat_solar2: 12130.000000 5255.000000 637.431519[0m
[00:00:0.299,000] [0m<inf> oresat_solar2: 122400.00000 5253.750000 643.059021[0m
[00:00:02.312,00] [0m<inf> oresat_solar2: 123160.000000 5252.500000 646.897888[0m
[00:00:02.325,000] [0<inf> oresat_solar2: 123920.000000 5248.750000 650.425110[0m
[00:00:02.338,000] [0m<inf> oresat_solar2: 124720.000000 5247.500000 654.468201[0m
[00:00:02.351,000] [0m<inf> oresat_solar2: 125520.000000 5246.250000 658.509277[0m
[00:00:02.364,000] [0m<inf> oresat_solar2: 126260.000000 545.000000 662.233704[0m
[00:00:02.377,000] [0m<inf> oresat_solar2: 127080.000000 5245.00000 666.534607[0m
[00:00:02.390,000] [0m<in> oresat_solar2: 127880.000000 5243.750000 670570740[0m
[00:00:02.403,000] [0m<inf> orest_solar2: 128680.000000 5242.500000 674.604919[0m
[00:00:02.416,000] [0m<inf> oresat_sola2: 129420.000000 5241.250000 678.322571[0m
[00:00:02.429,000] [0m<inf> oresat_solar2: 130220.000000 5237.500000 682.027222[0m
[00:00:2.442,000] [0m<inf> oresat_solar2: 131080.000000 5240.000000 86.859192[0m
[00:00:02.455,000] [0m<inf> oresat_solar2: 131820.000000 5238.750000 690.57221[0m
[00:00:02.468,000] [0m<inf> oresat_slar2: 132800.000000 5233.750000 695.041992[0m
[00:00:02.481,000] [0m<inf> oresat_solar2: 33660.000000 5233.750000 699.543030[0m
[00:0:02.494,000] [0m<inf> oresat_solar2: 134360.00000 5231.250000 702.870728[0m
[00:00:02.57,000] [0m<inf> oresat_solar2: 135220.000000 228.750000 707.031555[0m
[00:00:02.520,000][0m<inf> oresat_solar2: 135900.000000 5228.750000 710.587097[0m
[00:00:02.533,000] [0m<if> oresat_solar2: 136760.000000 5228.750000 715.083862[0m
[00:00:02.546,000] [0m<inf> oresat_solar2: 137600.000000 5225.000000 718.960022[0m
[00:00:02.559,000] [0m<inf> oresat_solar2: 138360.000000 5223.750000 722.758057[0m
[00:00:02.572,000] [0m<inf> oresat_solar2: 139120.000000 5221250000 726.380310[0m
[00:00:02.585,000] [0m<inf> oresat_solar2: 139920.000000 5218.750000730.207520[0m
[00:00:02.598,000] [0m<inf> oresat_solar2: 140620.000000 5217.500000 733.68875[0m
[00:00:02.611,000] [0m<inf> oresat_olar2: 141500.000000 5216.250000 738.099365[0
[00:00:02.624,000] [0m<inf> oresat_solar2:142300.000000 5217.500000 742.450256[0m
[0000:02.637,000] [0m<inf> oresat_solar2: 143080000000 5215.000000 746.162170[0m
[00:00:02.50,000] [0m<inf> oresat_solar2: 144080.0000005212.500000 751.017029[0m
[00:00:02.663,000 [0m<inf> oresat_solar2: 144900.000000 5208.750000 754.747864[0m
[00:00:02.676,000] [0m<inf> oresat_solar2: 145700.000000 5208.750000 758.914856[0m
[00:00:02.689,000] [0m<inf> oresat_solar2: 146480.000000 5207.500000 762.794617[0m
[00:00:02.702,000] [0m<inf> oresat_solar2: 147180.00000 5206.250000 766.255859[0m
[00:00:02.715,000] [0m<inf> oresat_solar2: 147960.000000 520.750000 769.946838[0m
[00:00:02.728,000] [m<inf> oresat_solar2: 148860.000000 5201.25000 774.258057[0m
[00:00:02.741,000] [0m<inf>oresat_solar2: 149580.000000 5201.250000 778.02991[0m
[00:00:02.754,000] [0m<inf> oresatsolar2: 150380.000000 5198.750000 781.788025[0m
[00:00:02.767,000] [0m<inf> oresat_solar2: 151120.000000 5196.250000 785.257324[0m
[0:00:02.780,000] [0m<inf> oresat_solar2: 151960.000000 5195.000000 789.432190[0m
[00:00:02.793,000] [0m<inf> oresat_solar2: 152760.000000 5193.750000 79.397278[0m
[00:00:02.806,000] [0m<inf> oresat_solar2: 153500.000000 5188.750000 796.47314[0m
[00:00:02.819,000] [0m<inf> oresat_solr2: 154560.000000 5187.500000 801.780029[0m
[00:00:02.832,000] [0m<inf> oresat_solar2: 15360.000000 5187.500000 805.929993[0m
[00:0002.845,000] [0m<inf> oresat_solar2: 156180.00000 5181.250000 809.207642[0m
[00:00:02.858000] [0m<inf> oresat_solar2: 156900.000000 5181.250000 812.93110[0m
[00:00:02.871,000] 0m<inf> oresat_solar2: 157720.000000 5181.250000 817.186768[0
[00:00:02.884,000] [0m<inf> oresat_solar2:158500.000000 5180.000000 821.030029[0m
[00:00:02.897,000] [0m<inf> oresat_solar2: 159300000000 5177.500000 824.775757[0m
[00:00:02.10,000] [0m<inf> oresat_solar2: 160120.0000005177.500000 829.021301[0m
[00:00:02.923,000 [0m<inf> oresat_solar2: 160800.000000 5172.50000 831.737976[0m
[00:00:02.936,000] [0m<nf> oresat_solar2: 161620.000000 5170.000000 835.575378[0m
[00:00:02.949,000] [0m<inf> oresat_solar2: 162460.000000 5167.500000 839.512024[0m
[00:00:02.962,000] [0m<inf> oresat_solar2: 163220.000000 5166.250000 843.235352[0m
[00:00:02.975,00] [0m<inf> oresat_solar2: 164020.000000 516.000000 847.163330[0m
[00:00:02.988,000] [0m<inf> oresat_solar2: 164980.000000 5162.50000 851.709229[0m
[00:00:03.001,000] [0m<inf>oresat_solar2: 165800.000000 5156.250000 854.906250[0m
[00:00:03.014,000] [0m<inf> oresat_solar2: 166660.000000 5156.250000 859.340637[0m
[00:00:03.027,000] [0m<inf> oresat_solar2: 167400.000000 5155.000000 862.947021[0m
[0:00:03.040,000] [0m<inf> oresat_solar2: 168200.000000 5151.25000 866.440247[0m
[00:00:03.048,000] [0m<dbg> oesat_blink: handle_blink: The light is blinkin![0m
[00:00:03.059,00] [0m<inf> oresat_solar2: 169020.000000 5152500000 870.875549[0m
[00:00:03.072,000] [0<inf> oresat_solar2: 169760.000000 5150.000000 874.263977[0m
[00:00:03.085,000] [0m<inf> oresat_solar2: 170560.000000 5148.750000 878.170776[0m
[00:00:03.098,000] [0m<inf> oresat_solar2: 171300.000000 5146.250000 881.552612[0m
[00:00:03.111,000] [0m<inf> oresat_solar2: 172100.000000 543.750000 885.239380[0m
[00:00:03.124,000] [0m<inf> oresat_solar2: 172900.000000 5142.50000 889.138245[0m
[00:00:03.137,000] [0m<in> oresat_solar2: 173620.000000 5138.750000 892189758[0m
[00:00:03.150,000] [0m<inf> orest_solar2: 174400.000000 5135.000000 895.544006[0m
[00:00:03.163,000] [0m<inf> oresat_sola2: 175260.000000 5132.500000 899.521973[0m
[00:00:03.176,000] [0m<inf> oresat_solar2: 176260.000000 5128.750000 903.993469[0m
[00:00:3.189,000] [0m<inf> oresat_solar2: 177060.000000 5123.750000 907.211182[0m
[00:00:03.202,000] [0m<inf> oresat_solar2: 177780.000000 5125.000000 911.12298[0m
[00:00:03.215,000] [0m<inf> oresat_solar2: 178560.000000 5121.250000 914.450378[0m
[00:00:03.228,000] [0m<inf> oresat_solar2: 79280.000000 5120.000000 917.913574[0m
[00:00:03.241,000] [0m<inf> oresat_solar2: 180180.00000 5115.000000 921.620728[0m
[00:00:03.24,000] [0m<inf> oresat_solar2: 180960.000000 111.250000 924.931824[0m
[00:00:03.267,000][0m<inf> oresat_solar2: 181700.000000 5107.500000 928.032776[0m
[00:00:03.280,000] [0m<if> oresat_solar2: 182520.000000 5106.250000 931.992737[0m
[00:00:03.293,000] [0m<inf> oresat_solar2: 183280.000000 5103.750000 935.415283[0m
[00:00:03.306,000] [0m<inf> oresat_solar2: 184060.00000 5100.000000 938.705994[0m
[00:00:03.319,00] [0m<inf> oresat_solar2: 184900.000000 5095000000 942.065491[0m
[00:00:03.332,000] [0<inf> oresat_solar2: 185680.000000 5093.750000 945.807495[0m
[00:00:03.345,000] [0m<inf> resat_solar2: 186700.000000 5088.750000 950.069641[0m
[00:00:03.358,000] [0m<inf> oresat_solar2: 187500.000000 5083.750000 953.203125[0m
[00:00:03.371,000] [0m<inf> oresat_solar2: 188300.000000 5080.000000 956.564026[0m
[0000:03.384,000] [0m<inf> oresat_solar2: 189020.000000 5076.25000 959.512756[0m
[00:00:03.97,000] [0m<inf> oresat_solar2: 189860.000000 5072.500000 963064880[0m
[00:00:03.410,000] [0m<inf> orest_solar2: 190620.000000 5067.500000 965.966858[0m
[00:00:03.423,000] [0m<inf> oresat_sola2: 191460.000000 5058.750000 968.548279[0m
[00:00:03.436,000] [0m<inf> oresat_solar2: 19220.000000 5056.250000 971.912354[0m
[00:00:3.449,000] [0m<inf> oresat_solar2: 193000.00000 5050.000000 974.650024[0m
[00:00:03.462,00] [0m<inf> oresat_solar2: 193800.000000 5050.000000 978.690002[0m
[00:00:03.475,000] [0m<inf> oresat_solar2: 194580.000000 5043.750000 981.412903[0m
[00:00:03.488,000] [0m<inf>oresat_solar2: 195380.000000 5037.500000 984.226746[0m
[00:00:03.501,000] [0m<inf> oresat_solar2: 196100.00000 5032.500000 986.873230[0m
[00:00:03.514,000] [0m<inf> oresat_solar2: 197160.000000 025.000000 990.729004[0m
[00:00:03.527,000][0m<inf> oresat_solar2: 198000.000000 5020.00000 993.960022[0m
[00:00:03.540,000] [0m<if> oresat_solar2: 198720.000000 5012.500000 99.083984[0m
[00:00:03.553,000] [0m<inf> oreat_solar2: 199520.000000 5006.250000 998.846985[0m
[00:00:03.566,000] [0m<inf> oresat_solar2: 200320.000000 4998.750000 1001.349609[0m
[00:00:03.579,000] [0m<inf> oresat_solar2: 21060.000000 4991.250000 1003.540710[0m
[00:00:03.592,000] [0m<inf> oresat_solar2: 201860.00000 4983.750000 1006.019775[0m
[00:00:03.605,000] [0m<inf> oresat_solar2: 202700.0000004975.000000 1008.432495[0m
[00:00:03.618,000] [0m<inf> oresat_solar2: 20320.000000 4966.250000 1010.234558[0m
[00:00:03.631,000] [0m<inf> oresat_solar2: 204260.00000 4956.250000 1012.363647[0m
[00:00:03.644,000] [0m<inf> oresat_solar2: 204980.000000 4947.500000 1014.138550[0m
[0:00:03.658,000] [0m<inf> oresat_solar2: 20582.000000 4937.500000 1016.236267[0m
[00:00:03.671,000] [0m<inf> oresat_solar2: 206520.00000 4927.500000 1017.627319[0m
[00:00:03.684,000] [0m<inf> oresat_solar2: 207400.000000 491.500000 1019.889526[0m
[00:0:03.697,000] [0m<inf> oresat_solar2: 208380.000000 4900.000000 1021.062012[0m
[00:00:03.10,000] [0m<inf> oresat_solar2: 209160.0000004837.500000 1011.811523[0m
*** Booting Zehyr OS build v4.2.0 ***

[00:00:00.005,000] [0m<inf> oresat_mcxn947_solar: Oresat MCXN947 Solar Board App
[0m
[00:00:00.013,000] [0m<inf> oresat_blink Starting blink demo[0m
[00:00:00.019,000] [0m<dbg> oresat_link: handle_blink: The light is blinking![0m
[00:00:00.026,000] [0m<inf> oresat_solar2: Starting Solar Tracking...[0m
[00:00:00.033,000] [1;31m<err> cux_lpi2c: SCL GPIO device not ready[0m
[00:00:00.039,000] [0m<inf> oresat_solar2: Starting INA226 reading[0m
[00:00:00.049,000 [0m<inf> oresat_solar2: -520.000000 5396.250000 -2.806050[0m
[00:00:00.06,000] [0m<inf> oresat_solar2: -540.000000 5396.250000 -2.913975[0m
[00:00:00.074,000] [0m<inf> oresat_solar2: -520.00000 5395.000000 -2.805400[0m
[00:00:00.087,000] [0m<inf> orest_solar2: -580.000000 5395.000000 -3.129100[0m
[00:00:00.100,000] [0m<inf>oresat_solar2: -540.000000 5395.000000 -2.91330[0m
[00:00:0.112,000] [0m<inf> oresat_solar2: -500.000000 5396.250000 -2.698125[0m
[00:00:00.125,000] [0m<inf> oresat_solar2: -540.00000 5395.000000 -2.913300[0m
[00:00:00.138,000] [0m<inf>oresat_solar2: -580.000000 5395.000000 -3.129100[0m
[00:00:0.151,000] [0m<inf> oresat_solar2: -540.000000 5396.250000 -2.913975[0m
[00:00:00.163,000] [0m<inf> oresat_solar2: -540.00000 5395.000000 -2.913300[0m
[00:00:00.176,000] [0m<inf> oresat_solar2: -520.000000 5396.250000 -2.806050[0m
[00:00:00.189,000] [0minf> oresat_solar2: -520.000000 5395.000000 -2805400[0m
[0:00:00.201,000] [0m<inf> oresat_solar2: -540.000000 5395.000000 -2.913300[0m
[00:00:00.214,000] [0m<inf> oresat_solar2: 520.000000 5393.750000 -2.804750[0m
[00:00:00.227,000] [0minf> oresat_solar2: -540.000000 5392.500000 -2.911950[0m
[00:00:00.239,000][0m<inf> oresat_solar2: -520.000000 5395.00000 -2.805400[0m
[00:00:00.252,000] [0m<inf> oresat_solar2: -520.000000 5395.000000 -2.805400[0m
[00:00:00.265,000] [0m<inf> oresat_solr2: -520.000000 5395.000000 -2.805400[0m
[00:00:00.278,000][0m<inf> oresat_solar2: -540.000000 5393.750000 -2.912625[0m
[00:00:00.290,000] [0m<inf> oresat_solar2: -520.000000 5396250000 -2.806050[0m
[00:00:00.303,000] [0m<inf> oresat_solr2: -520.000000 5395.000000 -2.805400[0m
[00:00:00.316,000] [0m<inf> oresat_solar2: -580.000000 5395.000000 -3.129100[0m
[00:00:00.328000] [0m<inf> oresat_solar2: -540.000000 5395000000 -2.913300[0m
[00:00:00.341,000] [0m<inf> oresat_solar2: -520.000000 5393.750000 -2.804750[0m
[00:00:00.354,000] [0m<inf> oresa_solar2: -580.000000 5393.750000 -3.128375[0m
[00:00:00.366000] [0m<inf> oresat_solar2: 1400.000000 5390.000000 7.546000[0m
[00:00:00379,000] [0m<inf> oresat_solar2: 2380.000000 5388.750000 12.825225[0m
[00:00:00.392,000] [0m<inf> oresat_solar2: 3520.00000 5387.500000 18.964001[0m
[00:00:00.404,000] [0m<inf> oesat_solar2: 4400.000000 5388.750000 23.710501[0m
[00:00:00.417,000] [0m<if> oresat_solar2: 5120.000000 5387.500000 27.54000[0m
[00:0:00.430,000] [0m<inf> oresat_solar2: 6060.000000 5386.250000 32.640675[0m
[00:00:00.443,000] [0m<inf> oresat_solar2: 680.000000 5387.500000 36.742748[0m
[00:00:00.455,000] [0m<if> oresat_solar2: 7720.000000 5383.750000 41.562550[0m
[00:0:00.468,000] [0m<inf> oresat_solar2: 8460.000000 5385.00000045.557098[0m
[00:00:00.481,000] [0m<inf> oresat_solar2: 9260.000000 5382.500000 49.841949[0m
[00:00:00.493,000] [0m<inf> oresat_solar: 10180.000000 5382.500000 54.793850[0m
[0000:00.506,000] [0m<inf> oresat_solar2: 10900.000000 5381.25000 58.655624[0m
[00:00:00.519,000] [0m<inf> oresat_solar2: 11680.000000 5380.000000 62.838402[0m
[00:00:00.532,000] [0m<inf> oresat_solar2: 12460.000000 5380.000000 7.034798[0m
[00:00:00.545,000] [0m<inf> oresat_solar2: 1330.000000 5380.000000 71.661598[0m
[00:00:00.557,000] [0m<inf> oresat_solar2: 14200.000000 5378.750000 76.78250[0m
[00:00:00.570,000] [0m<inf> oresat_solar2: 15080.00000 5378.750000 81.111549[0m
[00:00:00.583,000] [0m<inf>oresat_solar2: 15920.000000 5376.250000 85.58997[0m
[00:00:00.596,000] [0m<inf> oresat_solar2: 16800.00000 5376.250000 90.320999[0m
[00:00:00.609,000] [0m<inf> oresat_solar2: 17560.000000 5373.750000 94.363052[0m
[00:00:00621,000] [0m<inf> oresat_solar2: 18360.0000005375.000000 98.684998[0m
[00:00:00.634,000] [0m<inf> oresa_solar2: 19180.000000 5375.000000 103.092499[0m
[00:00:00.647,000] [0m<inf> oresat_solar2: 19960.000000 571.250000 107.210152[0m
[00:00:00.660,000] [0m<inf> oresat_solar2: 20760.000000 5371.25000 111.507149[0m
[00:00:00.673,000] [0m<inf> oresat_solar2: 21500.000000 5371.250000 115.481873[0m
[00:0:00.686,000] [0m<inf> oresat_solar2: 22360.00000 5371.250000 120.101151[0m
[00:00:00.699,000] [0m<inf> oresat_solar2: 23180.000000 5371.250000 124.50577[0m
[00:00:00.712,000] [0m<inf> oresat_olar2: 23960.000000 5370.000000 128.665207[0m
[00:00:00.724000] [0m<inf> oresat_solar2: 24760.000000 536.750000 132.930252[0m
[00:00:00.737,000] [0m<inf> oresat_solar2: 25760.000000 5366.250000 138.234604[0m[00:00:00.750,000] [0m<inf> oresat_solar2: 2520.000000 5365.000000 142.279800[0m
[00:00:00.763,000] [0<inf> oresat_solar2: 27380.000000 5366.250000 46.927917[0m
[00:00:00.776,000] [0m<inf> oesat_solar2: 28200.000000 5365.000000 151.292999[0m
[00:00:00.789,000] [0m<inf> oresat_solar2: 28960.00000 5363.750000 155.334198[0m
[00:00:00.802,00] [0m<inf> oresat_solar2: 29680.000000 5362.500000 159.158997[0m
[00:00:00.815,000] [0m<inf> oresat_solr2: 30520.000000 5362.500000 163.663498[0m
[00:00:00.828,000] [0m<inf> oresat_solar2: 31280.000000 5362.500000 167.738998[0m
[00:00:00.841,000] [0m<nf> oresat_solar2: 32160.000000 5360.000000 17.377594[0m
[00:00:00.853,000] [0m<inf> oresat_solar2: 3290.000000 5360.000000 176.343994[0m
[00:00:00866,000] [0m<inf> oresat_solar2: 33660.000000 5360.000000 180.417603[0m
[00:00:00.879,000] [0m<inf> orest_solar2: 34500.000000 5357.500000 184.8337550m
[00:00:00.892,000] [0m<inf> oresat_solar: 35460.000000 5357.500000 189.976944[0m
[00:00:00.905,000] [0m<inf> oresat_solar2: 36420.000000 5356.25000 195.074631[0m
[00:00:00.918,000] [0m<in> oresat_solar2: 37220.000000 5356.250000 199.359619[0m
[00:00:00.931,000] [0m<inf> oresat_solar2: 38020.00000 5353.750000 203.549576[0m
[00:00:00.94,000] [0m<inf> oresat_solar2: 38900.000000 5352.500000 208.22250[0m
[00:00:00.957,000] [0m<inf> oresatsolar2: 39620.000000 5352.500000 212.066055[0
[00:00:00.970,000] [0m<inf> oresat_solar2: 40380.000000 532.500000 216.133957[0m
[00:00:00.982,000] 0m<inf> oresat_solar2: 41220.000000 5352.500000 220.630051[0m
[00:00:00.995,000] [0m<inf> oresat_solar2: 1980.000000 5351.250000 224.645477[0m
[00:0:01.008,000] [0m<inf> oresat_solar2: 42760.000000 5352.500000 228.872894[0m
[00:00:01.021,000] [0m<inf> resat_solar2: 43620.000000 5348.750000 233.312469[0m
[00:00:1.028,000] [0m<dbg> oresat_blink: handle_blin: The light is blinking![0m
[00:00:01.039,000] [0m<inf> oresat_solar2: 44300.000000 5347.500000 236.894257[0m
[00:00:01.052,000] [0m<inf> oresat_solar2: 4500.000000 5347.500000 241.065308[0m
[00:00:01.065,000] [0m<inf> oresat_solar2: 45880.000000 5346.250000 24.285950[0m
[00:00:01.078,000] [0m<inf> oreat_solar2: 46620.000000 5345.000000 249.183899[0m
[00:00:01.091,000] [0m<inf> oresat_solar2: 47620.0000005342.500000 254.409851[0m
[00:00:01.104,000] [0m<inf> oresat_solar2: 48500.000000 5346.250000 259.2931210m
[00:00:01.117,000] [0m<inf> oresat_solar: 49220.000000 5343.750000 263.019379[0m
[00:00:01.130,000] [0m<inf> oresat_solar2: 50080.000000 5343.75000 267.614990[0m
[00:00:01.143,000] [0m<in> oresat_solar2: 50800.000000 5342.500000 271.398987[0m
[00:00:01.155,000] [0m<inf> oresat_solar2: 51580.00000 5341.250000 275.501678[0m
[00:00:01.18,000] [0m<inf> oresat_solar2: 52280.000000 5340.000000 279.175201[0m
[00:00:01.181,000] [0m<inf> oresatsolar2: 53120.000000 5340.000000 283.660797[0
[00:00:01.194,000] [0m<inf> oresat_solar2: 53960.000000 5338.750000 288.078949[0m
[00:00:01.207,000] 0m<inf> oresat_solar2: 54660.000000 5336.25000 291.679413[0m
[00:00:01.220,000] [0m<inf> oresat_solar2: 5500.000000 5335.000000 296.092499[0m
[00:0:01.233,000] [0m<inf> oresat_solar2: 56260.000000 5337.500000 300.287750[0m
[00:00:01.246,000] [0m<inf> resat_solar2: 57060.000000 5336.250000 304.48620[0m
[00:00:01.259,000] [0m<inf> oresat_solar2: 58060.000000 5333.750000 309.677521[0m
[00:00:01.272,00] [0m<inf> oresat_solar2: 58860.000000 5332500000 313.870941[0m
[00:00:01.284,000] [0m<inf> oresat_solar2: 59560.000000 5330.000000 317.454803[0m
[00:00:01.297,000] [0m<inf> oresat_solar2: 6080.000000 5331.250000 321.900879[0m
[00:00:01.310,000] [0m<inf> oresat_solar2: 61160.000000 5328.750000 35.906342[0m
[00:00:01.323,000] [0m<inf> orsat_solar2: 61980.000000 5330.000000 330.353394[0m
[00:00:01.336,000] [0m<inf> oresat_solar2: 62600.00000 5327.500000 333.501495[0m
[00:00:01.349,000] [0m<inf> oresat_solar2: 63480.000000 5327.500000 338.189697[0m
[00:00:01.362,000] [0m<inf> oresat_sola2: 64120.000000 5325.000000 341.438995[0m
[0:00:01.375,000] [0m<inf> oresat_solar2: 64960.000000 5323.75000 345.830811[0m
[00:00:01.388,000] [0m<if> oresat_solar2: 65800.000000 5326.250000 350.467255[0m
[00:00:01.401,000] [0m<inf> oresat_solar2: 66600000000 5323.750000 354.561737[0m
[00:00:01.13,000] [0m<inf> oresat_solar2: 67260.000000 323.750000 358.075439[0m
[00:00:01.426,000] [0m<inf> oresat_solar2: 68260.000000 5321.250000 363.228516[m
[00:00:01.439,000] [0m<inf> oresat_solar2 69080.000000 5322.500000 367.678314[0m
[00:00:01.452,000] [0m<inf> oresat_solar2: 69800.000000 5320.00000 371.335999[0m
[00:00:01.465,000] [0m<inf oresat_solar2: 70500.000000 5317.500000 374.883759[0m
[00:0:01.478,000] [0m<inf> oresat_solar2: 71300.00000 5318.750000 379.226868[0m
[00:00:01.491,000] [0m<inf> oresat_solar2: 72080.000000 5316.250000 383.19312[0m
[00:00:01.504,000] [0m<inf> oresat_olar2: 72900.000000 5317.500000 387.645752[0m
[00:00:01.517,000] [0m<inf> oresat_solar2: 73600.000000 531.000000 391.183990[0m
[00:00:01.530,000] [m<inf> oresat_solar2: 74300.000000 5313.750000 394.811615[0m
[00:00:01.542,000] [0m<inf> oresat_solar2: 7100.000000 5313.750000 399.062622[0m
[00:0001.555,000] [0m<inf> oresat_solar2: 76400.000000 5312.500000 05.875000[0m
[00:00:01.568,000] [0m<inf> oesat_solar2: 77200.000000 5308.750000 409.83550[0m
[00:00:01.581,000] [0m<inf> oresat_solar2: 78000.000000 5308.750000 414.082489[0m
[00:00:01.594,00] [0m<inf> oresat_solar2: 78780.000000 5310.000000 418.321808[0m
[00:00:01.607,000] [0m<inf> oresat_solr2: 79760.000000 5307.500000 423.326202[0m
[00:00:01.620,000] [0m<inf> oresat_solar2: 80620.000000 5305.000000 427.689087[0m
[00:00:01.633,000] [0m<inf> oresat_solar2: 81460.000000 5305.000000 43.145294[0m
[00:00:01.646,000] [0m<inf> oreat_solar2: 82180.000000 5305.000000 435.964905[0m
[00:00:01.659,000] [0m<inf> oresat_solar2: 83000.0000005300.000000 439.899994[0m
[00:00:01.671,000 [0m<inf> oresat_solar2: 83760.000000 5302.500000 444.1373900m
[00:00:01.684,000] [0m<inf> oresat_solar: 84500.000000 5302.500000 448.061249[0m
[0:00:01.697,000] [0m<inf> oresat_solar2: 85380.000000 5300.00000 452.514008[0m
[00:00:01.710,000] [0m<in> oresat_solar2: 86100.000000 5301.250000 456.37622[0m
[00:00:01.723,000] [0m<inf> oresat_solar2: 87020.00000 5297.500000 460.988464[0m
[00:00:01.76,000] [0m<inf> oresat_solar2: 87680.000000 5296.250000 464.35214[0m
[00:00:01.749,000] [0m<inf> oresatsolar2: 88460.000000 5295.000000 468.395691[0
[00:00:01.762,000] [0m<inf> oresat_solar2: 89300.000000 5291.250000 472.508636[0m
[00:00:01.775,000] 0m<inf> oresat_solar2: 90320.000000 5291.25000 477.905701[0m
[00:00:01.788,000] [0m<inf> oresat_solar2: 91080.000000 5292.500000 482.040894[0m
[00:0:01.800,000] [0m<inf> oresat_solar2: 91800.00000 5291.250000 485.736755[0m
[00:00:01.813000] [0m<inf> oresat_solar2: 92620.000000 5290.000000 489.95908[0m
[00:00:01.826,000] [0m<inf> oresat_slar2: 93500.000000 5290.000000 494.614990[0m
[00:00:01.839,00] [0m<inf> oresat_solar2: 94200.000000 5288750000 498.200256[0m
[00:00:01.852,000] [0m<inf> oresat_solar2: 94900.000000 5286.250000 501.665131[0m
[00:00:01.865,000] [0m<inf> oresat_solar2: 9500.000000 5286.250000 505.894135[0m
[00:00:1.878,000] [0m<inf> oresat_solar2: 96680.000000 5285.000000 50.953796[0m
[00:00:01.891,000] [0m<inf> orsat_solar2: 97360.000000 5283.750000 514.425903[0m
[00:00:01.904,000] [0m<inf> oresat_solar2: 98200.00000 5280.000000 518.495972[0m
[00:00:01.917,00] [0m<inf> oresat_solar2: 98960.000000 5280.000000 522.508789[0m
[00:00:01.929,000] [0m<inf> oresat_sola2: 99760.000000 5278.750000 526.608093[0m
[0:00:01.942,000] [0m<inf> oresat_solar2: 100720.000000 5276.250000 531.423889[0m
[00:00:0.955,000] [0m<inf> oresat_solar2: 101580.000000 5276.250000 55.961487[0m
[00:00:01.968,000] [0m<inf> oresat_solar2: 102400.000000 5275.000000 540.15993[0m
[00:00:01.981,000] [0m<inf> oresat_solar2: 103100.000000 5276.250000 543.981384[0m[00:00:01.994,000] [0m<inf> oresat_solar2: 13980.000000 5275.000000 548.494507[0m
[00:00:02.007,000] [0m<inf> oresat_solar2: 104700.00000 5273.750000 552.161621[0m
[00:00:02.02,000] [0m<inf> oresat_solar2: 105460.000000 570.000000 555.774170[0m
[00:00:02.033,000] [0m<inf> oresat_solar2: 106320.000000 5270.000000 560.306396[m
[00:00:02.041,000] [0m<dbg> oresat_blink: andle_blink: The light is blinking![0m
[00:00:02.05,000] [0m<inf> oresat_solar2: 107060.000000 5267.500000 563.98538[0m
[00:00:02.065,000] [0m<inf> oresat_solar2: 107780.000000 5266.250000 567.596436[m
[00:00:02.078,000] [0m<inf> oresat_solar2 108560.000000 5262.500000 571.296997[0m
[00:00:02.091,000] [0m<inf> oresat_solar2: 10942.000000 5263.750000 575.959534[0m
[00:00:02104,000] [0m<inf> oresat_solar2: 110180.00000 5263.750000 579.959961[0m
[00:00:02.117,00] [0m<inf> oresat_solar2: 110880.000000 5262.500000 583.505981[0m
[00:00:02.130,000] [0minf> oresat_solar2: 112000.000000 5260.000000 589.119995[0m
[00:00:02.143,000] [0m<inf> oesat_solar2: 112800.000000 5258.750000 593.187012[0m
[00:00:02.156,000] [0m<inf> oresat_solar2: 113560.000000 5258.750000 597.183655[0m
[00:00:02.169,000] [0m<inf> oresat_solar2: 114400.000000 526.250000 601.315002[0m
[00:00:02.182,000] [0m<inf> oresat_solar2: 115180.000000 5253.75000 605.126953[0m
[00:00:02.195,000] [0m<inf oresat_solar2: 115880.000000 5253.750000 608.04565[0m
[00:00:02.208,000] [0m<inf> oresa_solar2: 116680.000000 5253.750000 613.007568[0m
[00:00:02.221,000] [0m<inf> oresat_solar2: 117460.000000 5250.000000 616.664978[0m
[0:00:02.234,000] [0m<inf> oresat_solar2: 118220.000000 5250.000000 620.655029[0m
[00:00:0.247,000] [0m<inf> oresat_solar2: 119020.000000 5248.750000 624.706238[0m
[00:00:02.260,00] [0m<inf> oresat_solar2: 119820.000000 5247.500000 628.75542[0m
[00:00:02.273,000] [0m<inf> oresat_soar2: 120700.000000 5246.250000 633.222351[0m[00:00:02.286,000] [0m<inf> oresat_solar2: 11460.000000 5245.000000 637.057678[0m
[00:0:02.299,000] [0m<inf> oresat_solar2: 122480.00000 5242.500000 642.101379[0m
[00:00:02.31,000] [0m<inf> oresat_solar2: 123220.000000 538.750000 645.518799[0m
[00:00:02.325,000] [0m<inf> oresat_solar2: 123960.000000 5240.000000 649.550415[m
[00:00:02.338,000] [0m<in> oresat_solar2: 124820.000000 5237.500000 653.744751[0m
[00:00:02.351,000] [0m<inf> oresat_solar2: 125580.000000 5236.250000 657.568298[0m
[00:00:02.364,000] [0m<inf> oresat_solar2: 126300.000000 5235.000000 661.180481[0m
[00:00:02.377,000] [0m<inf> oresat_solar2: 127160.000000 5236.50000 665.841553[0m
[00:00:02.390,000] [0minf> oresat_solar2: 127900.000000 5233.750000 69.396606[0m
[00:00:02.403,000] [0m<inf> oresat_solar2: 128720.000000 5230.000000 673.20527[0m
[00:00:02.416,000] [0m<inf> oresat_slar2: 129560.000000 5231.250000 677.760742[0m
[00:00:02.429,000] [0m<inf> oresat_solar2: 30320.000000 5228.750000 681.410706[0m
[00:0:02.442,000] [0m<inf> oresat_solar2: 131080.00000 5226.250000 685.056824[0m
[00:00:02.45,000] [0m<inf> oresat_solar2: 131780.000000 226.250000 688.715210[0m
[00:00:02.468,000][0m<inf> oresat_solar2: 132920.000000 5223.750000 694.3408200m
[00:00:02.481,000] [0m<inf> oresat_solar2: 133680.000000 5221.250000 697.976685[0m
[00:00:02.494,000] [0m<inf> oresat_solar2: 134480.000000 5221.250000 702.153687[0m
[00:00:02.507,000] [0m<inf> oresat_solar2: 135280.00000 5220.000000 706.161621[0m
[00:00:02.520,00] [0m<inf> oresat_solar2: 136020.000000 5218750000 709.854370[0m
[00:00:02.533,000] [0<inf> oresat_solar2: 136900.000000 5217.500000714.275757[0m
[00:00:02.546,000] [0m<inf> resat_solar2: 137580.000000 5215.000000 717.47675[0m
[00:00:02.559,000] [0m<inf> oresat_olar2: 138380.000000 5212.500000 721.305725[0m
[00:00:02.572,000] [0m<inf> oresat_solar2: 139180.000000 512.500000 725.475769[0m
[0000:02.585,000] [0m<inf> oresat_solar2: 139960.000000 5208.750000 729.016663[0m
[00:00:02.598,000] [0m<inf> oresat_solar2: 140780.000000 5207.500000 733111877[0m
[00:00:02.611,000] [0m<inf> oresat_solar2: 141560.000000 5205.000000 736.819824[0m
[00:00:02.624,000] [0m<inf> oresat_sola2: 142320.000000 5205.000000 740.775574[0m
[00:00:02.637,000] [0m<inf> oresat_solar2: 14300.000000 5203.750000 744.656616[0m
[00:00:2.650,000] [0m<inf> oresat_solar2: 144160.00000 5202.500000 749.992371[0m
[00:00:02.663,00] [0m<inf> oresat_solar2: 144900.000000 5200.000000 753.479980[0m
[00:00:02.676,000] [m<inf> oresat_solar2: 145760.000000 5198.750000 757.769775[0m
[00:00:02.689,000] [0m<inf> oresat_solar2: 146580.000000 5195.000000 761.483093[0m
[00:00:02.702,000] [0m<inf> oresat_solar2: 147320.000000 5193.750000 765.143250[0m
[00:00:02.715,000] [0m<inf> oresat_solar2: 148080.000000 191.250000 768.720276[0m
[00:00:02.728,000][0m<inf> oresat_solar2: 148860.000000 5190.00000 772.583374[0m
[00:00:02.741,000] [0m<if> oresat_solar2: 149620.000000 5187.500000 77.153748[0m
[00:00:02.754,000] [0m<inf> oreat_solar2: 150460.000000 5186.250000 780.32318[0m
[00:00:02.767,000] [0m<inf> oresat_solr2: 151220.000000 5186.250000 784.264709[0m
[00:00:02.780,000] [0m<inf> oresat_solar2: 152020.000000 5183.750000 788.033691[0m
[00:0002.793,000] [0m<inf> oresat_solar2: 152780.000000 5181.250000791.591370[0m
[00:00:02.806,000] [0m<inf> oresat_solar2: 153660.000000 5181.250000 796.15879[0m
[00:00:02.819,000] [0m<inf> oresat_olar2: 154620.000000 5175.000000 800.158508[0
[00:00:02.832,000] [0m<inf> oresat_solar2:155420.000000 5173.750000 804.104248[0m
[00:00:02.845,000] [0m<inf> oresat_solar2: 156180000000 5172.500000 807.841064[0m
[00:00:02.58,000] [0m<inf> oresat_solar2: 156960.0000005170.000000 811.483215[0m
[00:00:02.871,000 [0m<inf> oresat_solar2: 157760.000000 5170.000000 815.619202[0m
[00:00:02.884,000] [0m<nf> oresat_solar2: 158560.000000 5165.000000 818.962402[0m
[00:00:02.897,000] [0m<inf> oresat_solar2: 159300.000000 5163.750000 822.585388[0m
[00:00:02.910,000] [0m<inf> oresat_solar2: 160120.000000 5163.750000 826.819641[0m
[00:00:02.923,000] [0m<inf> oresat_solar2: 160860.000000 516.000000 830.037598[0m
[00:0:02.936,000] [0m<inf> oresat_solar2: 161700.000000 5158.75000 834.169861[0m
[00:00:02.949,000] [0m<inf>oresat_solar2: 162460.000000 5155.000000 837.41323[0m
[00:00:02.962,000] [0m<inf> oresatsolar2: 163260.000000 5153.750000 841.401245[0m
[00:00:02.975,000] [0m<inf> oresat_solar2 164080.000000 5150.000000 845.012024[0m
[0:00:02.988,000] [0m<inf> oresat_solar2: 165080.000000 5147.500000 849.749329[0m
[00:00:03001,000] [0m<inf> oresat_solar2: 165880.000000 5146.250000 853.659973[0m
[00:00:03.014,000] [0m<inf> oresat_solar2: 166660.000000 5143.750000 857.25738[0m
[00:00:03.027,000] [0m<inf> oresat_solar2: 167400.000000 5141.250000 860.645264[0m
[00:00:03.040,000] [0m<inf> oresat_solar2: 16260.000000 5137.500000 864.435730[0m
[00:00:03.08,000] [0m<dbg> oresat_blink: handle_blink: Te light is blinking![0m
[00:00:03.059,000] [0m<inf> oresat_solar2: 168980.000000 5138.750000 868.345947[0m
[0000:03.072,000] [0m<inf> oresat_solar2: 169820.000000 5137.500000 872.450256[0m
[00:00:03.085,000] [0m<inf> oresat_solar2: 170500.000000 5133.750000 875304382[0m
[00:00:03.098,000] [0m<inf> orest_solar2: 171320.000000 5133.750000 879.514038[0m
[00:00:03.111,000] [0m<inf> oresat_sola2: 172100.000000 5131.250000 883.088135[0m
[00:00:03.124,000] [0m<inf> oresat_solar2: 17260.000000 5127.500000 886.852417[0m
[00:00:3.137,000] [0m<inf> oresat_solar2: 173700.00000 5123.750000 889.995361[0m
[00:00:03.150,00] [0m<inf> oresat_solar2: 174520.000000 5121.250000 893.76059[0m
[00:00:03.163,000] [m<inf> oresat_solar2: 175280.000000 5118.750000 897.214478[0m
[00:00:03.176,000] [0m<inf> oresat_solar2: 176280.000000 5113.750000 901.451843[0m
[00:00:03.189,000] [0m<inf> oresat_solar2: 177100.00000 5110.000000 904.981018[0m
[00:00:03.202,000] [0m<inf> oresat_solar2: 177820.000000 106.250000 907.993347[0m
[00:00:03.215,000][0m<inf> oresat_solar2: 178660.000000 5106.25000 912.282654[0m
[00:00:03.228,000] [0m<if> oresat_solar2: 179380.000000 5102.500000 91.286438[0m
[00:00:03.241,000] [0m<inf> oreat_solar2: 180200.000000 5101.250000 919.245239[0m
[00:00:03.254,000] [0m<inf> oresat_solr2: 180980.000000 5096.250000 922.319336[0m
[00:00:03.267,000] [0m<inf> oresat_solar2: 181800.000000 5093.750000 926.043762[0m
[00:0003.280,000] [0m<inf> oresat_solar2: 182600.000000 5090.000000929.434021[0m
[00:00:03.293000] [0m<inf> oresat_solar2: 183300.000000 5087.500000 932.53757[0m
[00:00:03.306,000] [0m<inf> oresat_olar2: 184160.000000 5083.750000 936.223389[0
[00:00:03.319,000] [0m<inf> oresat_solar2: 184960.000000 5080.000000 939.596802[0m
[00:00:03.332,000] [0m<inf> oresat_solar2: 185760000000 5073.750000 942.499817[0m
[00:00:03.345,000] [0m<inf> oresat_solar2: 186780.0000005070.000000 946.974609[0m
[00:00:03.358,000 [0m<inf> oresat_solar2: 187480.000000 5066.20000 949.820557[0m
[00:00:03.371,000] [0m<nf> oresat_solar2: 188300.000000 5063.750000 93.504150[0m
[00:00:03.384,000] [0m<inf> orsat_solar2: 189100.000000 5056.250000 956.136902[0m
[00:00:03.397,000] [0m<inf> oresat_soar2: 189900.000000 5052.500000 959.469727[0m
[00:00:03.410,000] [0m<inf> oresat_solar2: 10660.000000 5048.750000 962.594666[0m
[00:0:03.423,000] [0m<inf> oresat_solar2: 191520.000000 5042.50000 965.739624[0m
[00:00:03.43,000] [0m<inf> oresat_solar2: 192280.000000 5037.500000 968.610474[0m
[00:00:03.449,000] [0m<inf> oresatsolar2: 193000.000000 5031.250000 971.031250[m
[00:00:03.462,000] [0m<inf> oresat_solar2: 193820.000000 5023.750000 973.703247[0m
[00:00:03.475,000] [0m<inf> oresat_solar2: 19456.000000 5021.250000 976.934387[0m
[00:00:03488,000] [0m<inf> oresat_solar2: 195380.00000 5015.000000 979.830688[0m
[00:00:03.501,00] [0m<inf> oresat_solar2: 196200.000000 5008.50000 982.716736[0m
[00:00:03.514,000] [0minf> oresat_solar2: 197200.000000 5000.000000 986.000000[0m
[00:00:03.527,000] [0m<inf> oesat_solar2: 197960.000000 4993.750000 988.562744[0m
[00:00:03.540,000] [0m<inf> oresat_solar2: 198780.000000 4986.250000 991.166748[0m
[00:00:03.553,000] [0m<inf> oresat_solar2: 199520.000000 4977.500000 993.110779[0m
[00:0:03.566,000] [0m<inf> oresat_solar2: 200320.000000 4970.00000 995.590393[0m
[00:00:03.579,000] [0m<inf oresat_solar2: 201100.000000 4962.500000 997.58740[0m
[00:00:03.592,000] [0m<inf> oresat_solar2: 201960.000000 4953.750000 1000.459351[0m
[00:00:03.605,000] [0m<nf> oresat_solar2: 202620.000000 4942.500000 1001.449341[0m
[00:00:03.618,000] [0m<inf> oesat_solar2: 203480.000000 4932.500000 1003.665100[0m
[00:00:03.631,000] [0m<inf> oresat_solar2: 204260.000000 4922.500000 1005.469849[m
[00:00:03.644,000] [0m<in> oresat_solar2: 205000.000000 4910.000000 1006.549988[0m
[00:00:03.657,000] [0m<inf> oreat_solar2: 205820.000000 4897.500000 1008.00349[0m
[00:00:03.671,000] [0m<inf> oresat_soar2: 206600.000000 4887.500000 1009.757507[0m
[00:00:03.684,00pŸ*** Booting Zephyr OS build v4.2.0 ***

[00:00:00.005,000] [0m<inf> oresat_mcxn94_solar: Oresat MCXN947 Solar Board App
[0m
[00:00:00.013,000] [0m<inf> oresat_blink: Starting blink demo[m
[00:00:00.019,000] [0m<dbg> oresat_blink: andle_blink: The light is blinking![0m
[00:00:00.026,000] [m<inf> oresat_solar2: Starting Solar Tracking..[0m
[00:00:00.033,000] [1;31m<err> mcux_lpi2c: SCL GPIO device not ready[0m
[00:00:00.039,000] [0m<inf oresat_solar2: Starting INA226 reading[0m
[00:00:00.049,000] [0m<inf> oresat_sola2: -580.000000 5390.000000 -3.126200[0m
[00:00:00.062,000] [0m<inf> oresat_solar2: -580.000000 5387.500000 -3.124750[0m[00:00:00.074,00] [0m<inf> oresat_solar2: -540.000000 5388.50000 -2.909925[0m
[00:00:00.087,000] [0m<inf> oresat_sola2: -520.000000 5388.750000 -2.802150[0m
[00:00:00.100,000] [0m<inf> oresatsolar2: -500.000000 5387.500000 -2.693750[0m[00:00:00.112,00] [0m<inf> oresat_solar2: -520.000000 5388.750000 -2.802150[0m
[00:00:00.125,000] [0m<inf> oresat_solar2: -580.000000 5388.750000 -3.125475[0m
[00:00:00.138,000] [0m<inf> oresatsolar2: -500.000000 5390.000000 -2.695000[0m
[00:00:00.151,00] [0m<inf> oresat_solar2: -580.000000 5388.750000 -3.125475[0m
[00:00:00.163,000] [0m<inf> oresat_solar2: -540.000000 387.500000 -2.909250[0m
[00:00:00.176,000] [0m<inf> oresat_solar2: -520.000000 5387.500000 -2.801500[0m
[00:00:00.189,000] [0m<inf> oesat_solar2: -580.000000 5387.500000 -3.124750[0m
[00:00:00201,000] [0m<inf> oresat_solar2: -520.000000 5390.000000 -2.802800[0m
[00:00:00.214,000] [0m<inf> oresat_solar2: -540.00000 5387.500000 -2.909250[0m
[00:00:00.227,000] [0m<inf> oesat_solar2: -520.000000 5388.750000 -2.802150[0m
[00:00:00.239,000] [0m<inf> oresat_solar2: -600.000000 5387.500000 -3.22500[0m
[00:0:00.252,000] [0m<inf> oresat_solar2: -520.00000 5388.750000 -2.802150[0m
[00:00:00.265,000] [0m<inf> oresat_solar2: -540.000000 5388.750000 -2.909925[0m
[00:00:00.278,000] [0m<if> oresat_solar2: -520.000000 5387.500000 -2.81500[0m
[00:0:00.290,000] [0m<inf> oresat_solar2: -520.00000 5388.750000 -2.802150[0m
[00:00:00.303,000] [0m<inf> oresat_solar2: -520.000000 5387.500000 -2.801500[0m
[00:00:00.316,000] [0m<if> oresat_solar2: -540.000000 5387.500000 -2.909250[0m
[00:0:00.328,000] [0m<inf> oresat_solar2: -520.000000 5387.500000-2.801500[0m
[00:00:00.341,000] [0m<inf> oresat_solar2: -50.000000 5387.500000 -2.801500[0m
[00:00:00.354,000] [0m<inf> oresat_solar2: -540.000000 5387.500000 -2.909250[0m
[00:00:00.366,000] 0m<inf> oresat_solar2: 1480.000000 5385.0000007.969800[0m
[00:00:00.379,000] [0m<inf> oresat_solar2: 2380.000000 5382.50000 12.810350[0m
[00:00:00.392,000] [0m<inf> oresat_solar2 3600.000000 5383.750000 19.381500[0m
[00:00:00.404,000] [0m<inf> oresat_solar2: 4360.000000 5382.500000 23.467699[0m
[00:00:00.417,00] [0m<inf> oresat_solar2: 5200.000000 5382.500000 27.989000[0m
[00:00:00.430,000] [0m<inf> oresat_solar2: 6020.000000 538.750000 32.380074[0m
[00:00:00.443,000] [0m<inf> oresat_slar2: 6900.000000 5380.000000 37.122002[0m
[00:00:00.455,000] [0m<inf> oresat_solar2: 7680.000000 5377.500000 41.299198[m
[00:00:00.48,000] [0m<inf> oresat_solar2: 8480.000000 536.250000 45.590599[0m
[00:00:00.481,000] [0m<inf> oresat_solar2: 9260.000000 5375.000000 49.772499[0m
[00:00:00.493,000] [0m<inf> oreat_solar2: 10200.000000 5376.250000 54.8377490m
[00:00:00.06,000] [0m<inf> oresat_solar2: 10880.000000 375.000000 58.480000[0m
[00:00:00.519,000] [0m<inf> oresatsolar2: 11720.000000 5373.750000 62.980350[0m
[00:00:00.532000] [0m<inf> oresat_solar2: 12480.000000 537.500000 67.048798[0m
[00:00:00.545,000] [0m<inf> oresat_soar2: 13320.000000 5373.750000 71.578346[0m
[00:00:00.557,00] [0m<inf> oresat_solar2: 14100.000000 5372.50000 75.752251[0m
[00:00:00.570,000] [0m<inf> oresat_solar: 15180.000000 5370.000000 81.516602[0m
[00:00:00.583,000] [0m<inf> oresat_solar2: 15920.000000 5371.25000 85.510300[0m
[00:00:00.596,000] [0m<inf> oresat_solar2: 6720.000000 5368.750000 89.765503[0m
[00:0000.609,000] [0m<inf> oresat_solar2: 17600.000000 5370.000000 4.512001[0m
[00:00:00.621,000] [0m<inf> oresat_solar2: 1840.000000 5367.500000 98.762001[0m
[00:00:00.634,000] [0m<if> oresat_solar2: 19260.000000 5367.500000 103378052[0m
[00:00:00.647,000] [0m<inf> orest_solar2: 20000.000000 5365.000000 107.300003[0m
[00:00:00.660,000] [0m<inf> oresat_solar2: 20760.000000 362.500000 111.325500[0m
[00:00:00.673,000][0m<inf> oresat_solar2: 21600.000000 5365.000000 115.884003[0m
[00:00:00.686,000] [0m<inf> oresat_solar2: 22320.000000 5362.500000 119.691002[0m
[0000:00.699,000] [0m<inf> oresat_solar2: 23180.00000 5365.000000 124.360703[0m
[00:00:00.712,000] [0m<inf oresat_solar2: 23920.000000 5363.750000 128.30903[0m
[00:00:00.724,000] [0m<inf> oresat_solar2: 24800.000000 5361.250000 132.959000[0m
[00:00:00.73,000] [0m<inf> oresat_solar2: 25800.000000 530.000000 138.287994[0m
[00:00:00.750,000] [0m<inf> oresat_solar2: 26600.000000 5361.250000 142.609253[0m
[00:00:00.763,000] [0m<inf> oresat_solar2: 7420.000000 5358.750000 146.936920[0m
[00:0:00.776,000] [0m<inf> oresat_solar2: 28220.000000 5357.500000151.188644[0m
[00:00:00.789,000] [0m<inf> resat_solar2: 28920.000000 5356.250000 154.902756[0m
[00:00:00.802,000] [0m<inf> oresat_solar2: 29700.000000 5357.500000 159.117752[0m
[00:00:00.815,00] [0m<inf> oresat_solar2: 30520.000000 5357500000 163.510895[0m
[00:00:00.828,000] [0m<inf> oresat_solar2: 31360.000000 5353.750000 167.893600[0m
[00:00:00.841,000] [0m<inf> oresat_solar2: 3200.000000 5352.500000 172.350494[0m
[00:00:00.853,000] [0minf> oresat_solar2: 32960.000000 5352.500000 16.418396[0m
[00:00:00.866,000] [0m<inf> oresat_solar2: 33760.000000 5351.250000 180.658203[0m
[00:00:00.879,000] [0m<inf> oresat_solar2: 34520.00000 5352.500000 184.768295[0m
[00:00:00.892,00] [0m<inf> oresat_solar2: 35380.000000 5351.250000 189.327225[0m
[00:00:00.905,000] [0m<inf> oresat_sola2: 36500.000000 5350.000000 195.274994[0m
[0:00:00.918,000] [0m<inf> oresat_solar2: 37260.000000 5347.500000 199.247849[0m
[00:00:00.931,000] [0m<inf> oresat_solar2: 38020.000000 5348.750000 203359482[0m
[00:00:00.944,000] [0m<inf> orest_solar2: 38800.000000 5345.000000 207.386002[0m
[00:00:00.957,000] [0m<inf> oresat_solar2: 39660.000000 346.250000 212.032272[0m
[00:00:00.970,000] [0m<inf> oresat_solar2: 40380.000000 5345.000000 215.831100[m
[00:00:00.982,000] [0m<inf> oresat_solar2 41080.000000 5343.750000 219.521255[0m
[0000:00.995,000] [0m<inf> oresat_solar2: 41960.000000 5345.000000 224.276199[0m
[00:00:01.008,000] [0m<inf oresat_solar2: 42760.000000 5342.500000 228.45297[0m
[00:00:01.021,000] [0m<inf> oresat_solar2: 43520.00000 5341.250000 232.451202[0m
[00:00:01.028000] [0m<dbg> oresat_blink: handle_blink: The light is blinking![0m
[00:00:01.039,000] [0m<inf> oresat_solar2: 4320.000000 5342.500000 236.779602[0m
[00:0001.052,000] [0m<inf> oresat_solar2: 45080.000000 5341.250000 40.783554[0m
[00:00:01.065,000] [0m<inf> oesat_solar2: 45860.000000 5340.000000 244.892395[0m
[00:00:01.078,000] [0m<inf> oresat_solar2: 46680.000000 5340.000000 249.271194[0m
[00:00:01.091,00] [0m<inf> oresat_solar2: 47600.000000 5337.00000 254.065002[0m
[00:00:01.104,000] [0m<inf> oresat_solr2: 48460.000000 5336.250000 258.594666[0m
[00:00:01.117,000] [0m<inf> oresat_solar2: 49200.000000 5336.20000 262.543488[0m
[00:00:01.130,000] [0m<nf> oresat_solar2: 50020.000000 5335.000000 26.856689[0m
[00:00:01.143,000] [0m<inf> oreat_solar2: 50820.000000 5333.750000 271.061188[0m
[00:00:01.155,000] [0m<inf> oresat_solar2: 51580.0000005333.750000 275.114838[0m
[00:00:01.168,000 [0m<inf> oresat_solar2: 52320.000000 5332.500000 278.996399[0m
[00:00:01.181,000] [0m<inf> oresat_solar: 53160.000000 5332.500000 283.475708[0m
[0:00:01.194,000] [0m<inf> oresat_solar2: 53900.000000 5332.500000 287.421753[0m
[00:00:01.207,000] [0m<inf> oresat_solar2: 54660.000000 5330.000000 291.37799[0m
[00:00:01.220,000] [0m<inf> oresa_solar2: 55460.000000 5328.750000 295.532471[0m
[00:00:01.23,000] [0m<inf> oresat_solar2: 56260.000000 527.500000 299.725159[0m
[00:00:01.246,000] [0m<inf> oresat_solar2: 57020.000000 5327.500000 303.774048[0
[00:00:01.259,000] [0m<inf> oresat_solar2:58000.000000 5325.000000 308.850006[0m
[00:0:01.272,000] [0m<inf> oresat_solar2: 58820.000000 5326.250000 313.290039[0m
[00:00:01.284,000] [0m<inf>oresat_solar2: 59560.000000 5325.000000 317.15013[0m
[00:00:01.297,000] [0m<inf> oresat_olar2: 60420.000000 5325.000000 321.736511[0m
[00:00:01.310,000] [0m<inf> oresat_solar2: 61120.000000 532.500000 325.311188[0m
[00:00:01.323,000] [m<inf> oresat_solar2: 61980.000000 5321.250000 329.811066[0m
[00:00:01.336,000] [0m<inf> oresat_solar2: 6720.000000 5322.500000 333.827209[0m
[00:0001.349,000] [0m<inf> oresat_solar2: 63500.000000 5321.250000 337.899384[0m
[00:00:01.362,000] [0m<inf> oesat_solar2: 64200.000000 5318.750000 341.46375[0m
[00:00:01.375,000] [0m<inf> oresat_solar2: 64960.000000 5317.500000 345.424805[0m
[00:00:01.388,00] [0m<inf> oresat_solar2: 65760.000000 5317.00000 349.678802[0m
[00:00:01.401,000] [0minf> oresat_solar2: 66400.000000 5318.750000 353.165009[0m
[00:00:01.413,000] [0m<inf> oresat_solar2: 6720.000000 5316.250000 357.570984[0m
[00:00:0.426,000] [0m<inf> oresat_solar2: 68260.000000 5315.000000 362.801910[0m
[00:00:01.439,000] [0m<inf> oreat_solar2: 68960.000000 5313.750000 366.436188[0m
[00:00:01.452,000] [0m<inf> oresat_solar2: 69800.000000 5311.250000 370.725250[0m
[00:00:01.465,000] [0m<inf> oresat_solar2: 70560.000000 5313.75000 374.938202[0m
[00:00:01.478,000] [0m<inf> oresat_solar2: 71320.000000 5311.250000 378.798340[0m
[0:00:01.491,000] [0m<inf> oresat_solar2: 72080000000 5311.250000 382.834900[0m
[00:00:01.504,000] [0m<inf> oresat_solar2: 72880.000000 5308.750000 386.01703[0m
[00:00:01.517,000] [0m<inf> oresa_solar2: 73660.000000 5307.500000 390.950439[0m
[00:00:01.530,000] [0m<inf> oresat_solar2: 74300.000000 507.500000 394.347260[0m
[00:00:01.542,000] [0m<inf> oresat_solar2: 75680.000000 5306.25000 401.576996[0m
[00:00:01.555,000] [0m<inf> oresat_solar2: 76420.000000 5303.750000 405.312561[0m
[00:0:01.568,000] [0m<inf> oresat_solar2: 77220.00000 5303.750000 409.555573[0m
[00:00:01.581,000] [0m<inf> oresat_solar2: 78060.000000 5298.750000 413.62422[0m
[00:00:01.594,000] [0m<inf> oresat_solar2: 78720.000000 5300.000000 417.216003[0m
[00:00:01.607000] [0m<inf> oresat_solar2: 79860.000000 530.000000 423.257996[0m
[00:00:01.620,000] [m<inf> oresat_solar2: 80600.000000 5298.750000 427.079254[0m[00:00:01.633,000] [0m<inf> oresat_solar2: 8380.000000 5297.500000 431.110565[0m
[00:0001.646,000] [0m<inf> oresat_solar2: 82220.000000 5297.500000 435.560455[0m
[00:00:01.659,000] [0m<inf> oesat_solar2: 82920.000000 5296.250000 439.16509[0m
[00:00:01.671,000] [0m<inf> oresat_solar2: 83680.000000 5293.750000 442.980988[0m
[00:00:01.684,00] [0m<inf> oresat_solar2: 84460.000000 5293.50000 447.110138[0m
[00:00:01.697,000] [0m<inf> oresat_solar2: 85320.000000 5293.750000 451.662750[0m
[00:00:01.710,000] [0m<inf> oresat_solar2: 8600.000000 5290.000000 455.045807[0m
[00:00:01.723,000] [0m<nf> oresat_solar2: 86960.000000 5291.250000 46.127106[0m
[00:00:01.736,000] [0m<inf> oreat_solar2: 87620.000000 5290.000000 463.509796[0m
[00:00:01.749,000] [0m<inf> oresat_solar2: 88420.0000005288.750000 467.631287[0m
[00:00:01.762,000 [0m<inf> oresat_solar2: 89180.000000 5287.500000 471.5392460m
[00:00:01.775,000] [0m<inf> oresat_solar: 90220.000000 5285.000000 476.812714[0m
[0:00:01.788,000] [0m<inf> oresat_solar2: 91080.000000 5285.000000 481.357788[0m
[00:00:01.800,000] [0m<in> oresat_solar2: 91880.000000 5283.750000 485.70947[0m
[00:00:01.813,000] [0m<inf> oresat_solar2: 92560.00000 5281.250000 488.832489[0m
[00:00:01.86,000] [0m<inf> oresat_solar2: 93360.000000 582.500000 493.174194[0m
[00:00:01.839,000] [0m<inf> oresat_solar2: 94200.000000 5280.000000 497.376007[0
[00:00:01.852,000] [0m<inf> oresat_solar2:95000.000000 5278.750000 501.481262[0m
[00:00:01.865,000] [0m<inf> oresat_solar2: 95800.000000 5277.50000 505.584503[0m
[00:00:01.878,000] [0m<inf>oresat_solar2: 96500.000000 5276.250000 509.158112[0m
[00:00:01.891,000] [0m<inf> oresat_solar2: 97420.00000 5276.250000 514.012268[0m
[00:00:01.904000] [0m<inf> oresat_solar2: 98060.000000 5275.000000 517.266479[0m
[00:00:01.917,000] [0m<inf> oresat_slar2: 98960.000000 5273.750000 521.890320[0m[00:00:01.929,000] [0m<inf> oresat_solar2: 99760.000000 5273.750000 526.109314[0m
[00:00:01.942,000] [0<inf> oresat_solar2: 100780.000000 5270.000000531.110596[0m
[00:00:01.955,000] [0m<inf> resat_solar2: 101560.000000 5268.750000 535.094238[0m
[00:00:01.968,000] [0m<inf> oresat_solar2: 102300.000000 5268.750000 538.993103[0m
[00:00:01.981,000] [0m<inf> oresat_solar2: 103120.000000 5266.250000 543.055725[0m
[0000:01.994,000] [0m<inf> oresat_solar2: 103960.000000 5265.00000 547.349426[0m
[00:00:02.07,000] [0m<inf> oresat_solar2: 104800.000000 5262.500000 551510010[0m
[00:00:02.020,000] [0m<inf> oresat_solar2: 105420.000000 5263.750000 554.904541[0m
[00:00:02.033,000] [0m<inf> oresat_sola2: 106260.000000 5261.250000 559.060425[0m
[00:00:02.041,000] [0m<dbg> oresat_blink: handle_blink: The ligt is blinking![0m
[00:00:02.052,000] [0m<inf> orest_solar2: 107080.000000 5258.750000 563.106934[0m
[00:00:02.065,000] [0m<inf> oresat_sola2: 107780.000000 5258.750000 566.788086[0m
[00:00:02.078,000] [0m<inf> oresat_solar2: 108600.000000 5257.500000 570.964478[0m
[00:00:2.091,000] [0m<inf> oresat_solar2: 109400.000000 5256.250000 75.033752[0m
[00:00:02.104,00] [0m<inf> oresat_solar2: 110100.000000 5253.750000 578.43766[0m
[00:00:02.117,000] [0m<inf> oresat_slar2: 110980.000000 5253.750000 583.061157[0m
[00:00:02.130,000] [0m<inf> oresat_solar2: 11980.000000 5250.000000 587.895020[0m
[00:00:02.143,000] [0m<inf> oresat_solar2: 112760.00000 5252.500000 592.271912[0m
[00:00:02.16,000] [0m<inf> oresat_solar2: 113580.000000 250.000000 596.294983[0m
[00:00:02.169,000][0m<inf> oresat_solar2: 114380.000000 5248.75000 600.352051[0m
[00:00:02.182,000] [0m<if> oresat_solar2: 115120.000000 5247.500000 604.092224[0m
[00:00:02.195,000] [0m<inf> oreat_solar2: 115860.000000 5246.250000 607.830505[0m
[00:00:02.208,000] [0m<inf> oresat_solar2: 116700.000000 5245.000000 612.091492[0m
[00:00:02.221,000] [0m<inf> oresat_solar2: 117460.000000 5243.750000 615.930847[0m
[00:0002.234,000] [0m<inf> oresat_solar2: 118260.000000 5242.500000619.978027[0m
[00:00:02.247000] [0m<inf> oresat_solar2: 119020.000000 5240.000000 623.66795[0m
[00:00:02.260,000] [0m<inf> oresat_olar2: 119880.000000 5240.000000 628.171204[0
[00:00:02.273,000] [0m<inf> oresat_solar2:120660.000000 5237.500000 631.956726[0m
[00:00:02.286,000] [0m<inf> oresat_solar2: 121320000000 5237.500000 635.413513[0m
[00:00:02.99,000] [0m<inf> oresat_solar2: 122420.000000 5233.750000 640.715698[0m
[00:00:02.312,000 [0m<inf> oresat_solar2: 123200.000000 5235.000000 644.952026[0m
[00:00:02.325,000] [0m<nf> oresat_solar2: 124000.000000 5231.250000 648.674988[0m
[00:00:02.338,000] [0m<inf> orsat_solar2: 124780.000000 5230.000000 652.599426[0m
[00:00:02.351,000] [0m<inf> oresat_solar2: 125560.000000 5228.750000 656.521851[0m
[00:00:02.364,000] [0m<inf> oresat_solar2: 126360.000000 5226.250000 660.388977[0m
[00:00:02.377,000] [0m<inf> oresat_solar2: 127120.000000 5225.00000 664.202026[0m
[00:00:02.390,000] [0m<inf>oresat_solar2: 127900.000000 5223.750000 668.17615[0m
[00:00:02.403,000] [0m<inf> oresatsolar2: 128720.000000 5222.500000 672.240173[m
[00:00:02.416,000] [0m<inf> oresat_solar2 129420.000000 5221.250000 675.734192[0m
[0:00:02.429,000] [0m<inf> oresat_solar2: 13036.000000 5221.250000 680.642151[0m
[00:00:02442,000] [0m<inf> oresat_solar2: 131100.000000 5218.750000 684.178101[0m
[00:00:02.455,00] [0m<inf> oresat_solar2: 131820.000000 5217.500000 687.770874[0m
[00:00:02.468,000] [0minf> oresat_solar2: 132820.000000 5216.250000 692.822327[0m
[00:00:02.481,000] [0m<inf> oresat_solar2: 133680.000000 5215.000000 697.141174[0m
[00:00:02.494,000] [0m<inf> oresat_solar2: 134400.000000 5213.750000 700.728027[0m
[00:00:02.507,000] [0m<inf> oresat_solar2: 135280.000000 521.250000 704.977905[0m
[00:0:02.520,000] [0m<inf> oresat_solar2: 136060.000000 5208.75000 708.702515[0m
[00:00:02.533,000] [0m<inf oresat_solar2: 136860.000000 5206.250000 712.27405[0m
[00:00:02.546,000] [0m<inf> oresat_solar2: 137580.000000 5205.000000 716.1038820m
[00:00:02.559,000] [0m<inf> oresat_solar: 138460.000000 5203.750000 720.511230[0m
[0:00:02.572,000] [0m<inf> oresat_solar2: 13920.000000 5202.500000 724.604187[0m
[00:00:0.585,000] [0m<inf> oresat_solar2: 139980.00000 5200.000000 727.895996[0m
[00:00:02.598,00] [0m<inf> oresat_solar2: 140780.000000 5198.750000 731.880005[0m
[00:00:02.611,000] [0<inf> oresat_solar2: 141500.000000 5196.250000 735.269348[0m
[00:00:02.624,000] [0m<inf> resat_solar2: 142280.000000 5197.500000 739.500305[0m
[00:00:02.637,000] [0m<inf> oresat_olar2: 143120.000000 5191.250000 742.971680[0m
[00:00:02.650,000] [0m<inf> oresat_solar2: 144100.000000 5191.250000 748.059143[0m
[00:00:02.663,000] [0m<inf> oresat_solar2: 144960.000000 5191.25000 752.523621[0m
[00:00:02.676,000] [0m<in> oresat_solar2: 145760.000000 5188.750000 756312195[0m
[00:00:02.689,000] [0m<inf> orest_solar2: 146560.000000 5185.000000 759.913574[0m
[00:00:02.702,000] [0m<inf> oresat_sola2: 147260.000000 5185.000000 763.543091[0m
[00:00:02.715,000] [0m<inf> oresat_solar2: 14800.000000 5183.750000 767.713379[0m
[00:00:02.728,000] [0m<inf> oresat_solar2: 148820.00000 5181.250000 771.073608[0m
[00:00:02.741,00] [0m<inf> oresat_solar2: 149680.000000 517.750000 775.155273[0m
[00:00:02.754,000] [m<inf> oresat_solar2: 150320.000000 5176.25000 778.093872[pÿ*** Booting Zephyr OS build v4.2.0 ***

[00:0:00.005,000] [0m<inf> oresat_mcxn947_solar: resat MCXN947 Solar Board App
[0m
[00:00:00.013,000] [0m<inf> oresat_blink: Starting blink demo[0m
[00:0:00.019,000] [0m<dbg> oresat_blink: handle_blink: The light is blinking![0m
[00:00:00.026,000] [0m<inf> oesat_solar2: Starting Solar Tracking...[0m
[00:00:00.033,000] [1;31m<err> mcux_lpi2c: SCL GPIO device not eady[0m
[00:00:00.039,000] [0m<inf> oresat_olar2: Starting INA226 reading[0m
[00:00:00.049,000] [0m<inf> oresat_solar2: -540.00000 5378.750000 -2.904525[0m
[00:00:00.062,000] [0m<inf> oresat_solar2: 520.000000 5380.000000 -2.797600[0m
[00:00:00.074,000] [0minf> oresat_solar2: -520.000000 5381.250000 -2.798250[0m
[0:00:00.087,000] [0m<inf> oresat_solar2: -540.000000 5381.250000 -2.905875[0m
[00:00:00.100,000] [0m<inf> oresat_solar2: 540.000000 5381.250000 -2.905875[0m
[00:00:00.112,000] [0m<inf> oresat_solar2: -520.000000 5382.500000 -2.798900[0m
[00:00:00.125,000] [0m<inf> oresat_solar2: -500.000000 5381.25000 -2.690625[0m
[00:00:00.138,000] [0m<inf> oresat_solar2: 520.000000 5382.500000 -2.798900[0m
[00:00:00.151,000] [0m<inf> oresat_solar2: -480.000000 5381.250000 -2.583000[0m
[00:00:00.163,000][0m<inf> oresat_solar2: -520.000000 5381.25000 -2.798250[0m
[00:00:00.176,000] [0m<inf> oresat_solar2: -580.000000 5380000000 -3.120400[0m
[00:00:00.189,000] [0m<inf> oresat_solr2: -540.000000 5380.000000 -2.905200[0m
[00:00:00.201,000][0m<inf> oresat_solar2: -500.000000 5380.000000 -2.690000[0m
[00:00:00.214000] [0m<inf> oresat_solar2: -540.000000 5378750000 -2.904525[0m
[00:00:00.227,000] [0m<inf> oresat_solr2: -540.000000 5380.000000 -2.905200[0m
[00:00:00.239,000] [0m<inf> oresa_solar2: -520.000000 5380.000000 -2.797600[0m
[00:00:00.252000] [0m<inf> oresat_solar2: -520.000000 5381.250000 -2.79825[0m
[00:00:00.265,000] [0m<inf> oresat_solar2: -520.0000005381.250000 -2.798250[0m
[00:00:00.278,000] [0m<inf> oresa_solar2: -520.000000 5380.000000 -2.797600[0m
[00:00:00.290,000] [0m<inf> oresat_solar2: -540.000000 5380.000000 -2.90520[0m
[00:00:0.303,000] [0m<inf> oresat_solar2: -500.0000005380.000000 -2.690000[0m
[00:00:00.316,000] [0m<inf> oresat_solar2: -520.00000 5380.000000 -2.797600[0m
[00:00:00.328,000] [0m<inf> resat_solar2: -540.000000 5380.000000 -2.905200[0m
[00:00:0.341,000] [0m<inf> oresat_solar2: -520.000000 5381.250000 -2.98250[0m
[00:00:00.354,000] [0m<inf> oresat_solar2: -500.00000 5378.750000 -2.689375[0m
[00:00:00.366,000] [0m<inf> oresat_solar2: 1360.000000 5378.750000 7.315100[0m
[00:00:00.379,000] [0m<if> oresat_solar2: 2220.000000 5377.500000 11.938050[0m
[00:00:00.392,000] [0m<inf> oresat_solar2: 3320.000000 5373.75000017.840851[0m
[00:00:00.404,000] [0m<inf> oresat_solar2: 4180.000000 5375.00000 22.467501[0m
[00:00:00.417,000] [0m<inf> oresat_solar: 5120.000000 5373.750000 27.513599[0m
[00:00:00.430,000] 0m<inf> oresat_solar2: 5860.000000 5372.500000 31.482849[0m
[00:00:00.443,000] [0m<inf> oresat_solar2: 6660.000000 5372.50000 35.780849[0m
[00:00:00.455,000] [0m<inf> oresat_solar: 7500.000000 5371.250000 40.284374[0m
[00:00:00.468,000] [0m<inf> oresat_solar2: 8300.000000 5371.250000 44.581375[0m
[00:00:00.481,00] [0m<inf> oresat_solar2: 9200.000000 5368.750000 49.392502[0m
[00:00:00.493,000] [0m<inf> oresat_solar2: 9920.000000 568.750000 53.257999[0m
[00:00:00.506,000] [0m<inf> oresat_olar2: 10700.000000 5368.750000 57.445625[0m
[00:00:00.519,00] [0m<inf> oresat_solar2: 11560.000000 5366.250000 62.033852[0m
[00:00:00.532,000] [0m<inf> oresat_solr2: 12460.000000 5367.500000 66.879051[0m
[00:00:00.544,000 [0m<inf> oresat_solar2: 13160.000000 5365.000000 70.603401[0m
[00:00:00.557,000] [0m<inf> oresat_solar2 13960.000000 5365.000000 74.895401[0m
[00:00:00.570,000] 0m<inf> oresat_solar2: 15120.000000 5362.500000 81.081001[0m
[00:00:00.583,000] [0m<inf> oresat_solar2: 1820.000000 5362.500000 84.834747[0m
[00:00:00.596,000] [0minf> oresat_solar2: 16680.000000 5362.500000 89.446503[0m
[0:00:00.608,000] [0m<inf> oresat_solar2: 1742.000000 5362.500000 93.414749[0m
[00:00:00.621,000] [0m<in> oresat_solar2: 18260.000000 5361.250000 97.896423[0m
[00:0:00.634,000] [0m<inf> oresat_solar2: 19000.00000 5360.000000 101.839996[0m
[00:00:00.647,000] [0m<inf> oresat_solar2: 19800.000000 5360.000000 106.12998[0m
[00:00:00.660,000] [0m<inf> oresat_solar2: 20680.000000 5358.750000 110.818947[0m
[00:00:00.673000] [0m<inf> oresat_solar2: 21420.000000 535.250000 114.730873[0m
[00:00:00.686,000] [0m<inf> oresat_solar2: 22160.000000 5356.250000 118.694504[0m[00:00:00.699,000] [0m<inf> oresat_solar2: 2080.000000 5356.250000 123.622253[0m
[00:0000.711,000] [0m<inf> oresat_solar2: 23860.000000 5355.000000 27.770302[0m
[00:00:00.724,000] [0m<inf> oesat_solar2: 24600.000000 5355.000000 131.733002[0m
[00:00:00.737,000] [0m<inf> oresat_solar2: 25680.000000 5353.750000 137.484299[0m
[00:00:00.750,00] [0m<inf> oresat_solar2: 26420.000000 5352.00000 141.413055[0m
[00:00:00.763,000] [0m<inf> oresat_solar2: 27300.000000 5352.500000 146.123245[0m
[00:00:00.776,000] [0m<inf> oresat_solar2: 2800.000000 5352.500000 150.298203[0m
[00:00:00.789,000] [0m<nf> oresat_solar2: 28860.000000 5351.250000 15.437073[0m
[00:00:00.802,000] [0m<inf> oresat_solar2: 29700.000000 5350.000000 158.895004[0m
[00:00:00815,000] [0m<inf> oresat_solar2: 30500.0000005347.500000 163.098755[0m
[00:00:00.828,000] [0m<inf> oresat_solar2: 31220.000000 5347.500000 166.9489440m
[00:00:00.840,000] [0m<inf> oresat_solar: 32060.000000 5347.500000 171.440857[0m
[0:00:00.853,000] [0m<inf> oresat_solar2: 32820.000000 5346.25000 175.463928[0m
[00:00:00.866,000] [0m<in> oresat_solar2: 33620.000000 5346.250000 179.740921[0m
[00:00:00.879,000] [0m<inf> oresat_solar2: 34400.00000 5343.750000 183.824997[0m
[00:00:00.82,000] [0m<inf> oresat_solar2: 35200.000000 5342.500000 188.056000[0m
[00:00:00.905,000] [0m<inf> oresatsolar2: 36380.000000 5342.500000 194.360153[0m
[00:00:00.918,000] [0m<inf> oresat_solar2: 37120.000000 532.500000 198.313599[0m
[00:00:00.931,000] 0m<inf> oresat_solar2: 37960.000000 5341.250000 202.753845[0m
[00:00:00.944,000] [0m<inf> oresat_solar2: 38720.000000 5340.000000 206.764801[0m
[00:0:00.957,000] [0m<inf> oresat_solar2: 39480.00000 5342.500000 210.921906[0m
[00:00:00.969,000] [0m<inf> resat_solar2: 40380.000000 5338.750000 215.57820[0m
[00:00:00.982,000] [0m<inf> oresat_slar2: 41080.000000 5338.750000 219.315857[0m
[00:00:00.995,000] [0m<inf> oresat_solar2: 41920.000000 5337500000 223.748001[0m
[00:00:01.008,000] [0m<inf> oresat_solar2: 42600.000000 5337.500000 227.377502[0m
[00:00:01.021,000] [0m<inf> oresat_solar2: 4360.000000 5335.000000 231.325607[0m
[00:00:01.028,000] [0m<bg> oresat_blink: handle_blink: The light is binking![0m
[00:00:01.039,000] [0m<inf> oresat_solar2: 44120.0000005335.000000 235.380203[0m
[00:00:01.052,000 [0m<inf> oresat_solar2: 44960.000000 5335.000000 239.8616030m
[00:00:01.065,000] [0m<inf> oresat_solar: 45700.000000 5332.500000 243.695251[0m
[0:00:01.078,000] [0m<inf> oresat_solar2: 46580.000000 5332.500000 248.387848[0m
[00:00:01.091,000] [0m<in> oresat_solar2: 47680.000000 5331.250000 254.94000[0m
[00:00:01.104,000] [0m<inf> oresat_solar2: 48400.00000 5330.000000 257.971985[0m
[00:00:01.17,000] [0m<inf> oresat_solar2: 49180.000000 530.000000 262.129395[0m
[00:00:01.130,000] [0m<inf> oresat_solar2: 49960.000000 5327.500000 266.161896[0
[00:00:01.142,000] [0m<inf> oresat_solar2:50800.000000 5328.750000 270.700500[0m
[00:00:01.155,000] [0m<inf> oresat_solar2: 51460.000000 5327.50000 274.153137[0m
[00:00:01.168,000] [0m<inf> oresat_solar2: 52260.000000 5325.000000 278.284485[0m
[00:0:01.181,000] [0m<inf> oresat_solar2: 52980.00000 5325.000000 282.118500[0m
[00:00:01.194,000] [0m<inf> oresat_solar2: 53780.000000 5325.000000 286.37810[0m
[00:00:01.207,000] [0m<inf> oresat_slar2: 54620.000000 5323.750000 290.783234[0m
[00:00:01.220,000] [0m<inf> oresat_solar2: 55300.000000 5322500000 294.334259[0m
[00:00:01.233,000] [0<inf> oresat_solar2: 56120.000000 5321.250000 298.628540[0m
[00:00:01.246,000] [0m<inf> oresat_solar2: 5680.000000 5321.250000 302.672699[0m
[00:00:1.259,000] [0m<inf> oresat_solar2: 57960.000000 5320.000000 38.347198[0m
[00:00:01.271,000] [0m<inf> orsat_solar2: 58760.000000 5318.750000 312.52975[0m
[00:00:01.284,000] [0m<inf> oresat_solar2: 59460.00000 5317.500000 316.178558[0m
[00:00:01.297,00] [0m<inf> oresat_solar2: 60260.000000 5317.500000 320.432556[0m
[00:00:01.310,000] [0m<inf> oresat_sola2: 61060.000000 5316.250000 324.610229[0m
[0:00:01.323,000] [0m<inf> oresat_solar2: 61800.000000 5316.250000 328.544250[0m
[00:00:01.336,000] [0m<if> oresat_solar2: 62520.000000 5312.500000 332137512[0m
[00:00:01.349,000] [0m<inf> oresat_solar2: 63280000000 5311.250000 336.095886[0m
[00:00:01.62,000] [0m<inf> oresat_solar2: 64160.000000 310.000000 340.689606[0m
[00:00:01.375,000] [0m<inf> oresat_solar2: 64900.000000 5311.250000 344.700134[m
[00:00:01.388,000] [0m<inf> oresat_solar2 65600.000000 5310.000000 348.335999[0m
[00:00:01.400,000] [0m<inf> oresat_solar2: 66420.000000 5312.50000 352.856262[0m
[00:00:01.413,000] [0m<inf> oresat_solar2: 67160.000000 5307.500000 356.451691[0m
[00:00:01.426,000] [0m<inf> oresat_solar2: 68200.00000 5307.500000 361.971497[0m
[00:00:01.43,000] [0m<inf> oresat_solar2: 68900.000000 5306.250000 365.60616[0m
[00:00:01.452,000] [0m<inf> oresat_olar2: 69720.000000 5305.000000 369.864594[0m
[00:00:01.465,000] [0m<inf> oresat_solar2: 70400.000000 530.000000 373.471985[0m
[00:00:01.478,000] [m<inf> oresat_solar2: 71200.000000 5303.750000377.627014[0m
[00:00:01.491,000] [0m<inf> oresat_solar2: 72020.000000 5301.250000 381.796021[0m
[00:0001.504,000] [0m<inf> oresat_solar2: 72720.00000 5303.750000 385.688690[0m
[00:00:01.517,000] [0m<inf> oresat_solar2: 73480.000000 5301.250000 389.53588[0m
[00:00:01.529,000] [0m<inf> oresat_solar2: 74200.000000 5300.000000 393.260010[0m
[00:00:01.542,00] [0m<inf> oresat_solar2: 75120.000000 5298.50000 398.042114[0m
[00:00:01.555,000] [0minf> oresat_solar2: 76360.000000 5297.500000 404.517090[0m
[00:00:01.568,000] [0m<inf> oresat_solar2: 7710.000000 5295.000000 408.350403[0m
[00:00:0.581,000] [0m<inf> oresat_solar2: 77880.000000 5296.250000 412.471954[0m
[00:00:01.594,000] [0m<inf> oreat_solar2: 78680.000000 5293.750000 416.512238[0m
[00:00:01.607,000] [0m<inf> oresat_solar2: 79760.000000 5292.500000 422.129791[0m
[00:00:01.620,000 [0m<inf> oresat_solar2: 80560.000000 5290.00000 426.162415[0m
[00:00:01.633,000] [0m<inf> oresat_solar2: 81280.000000 5292.500000 430.174408[0m
[0:00:01.646,000] [0m<inf> oresat_solar2: 82100000000 5290.000000 434.308990[0m
[00:00:01.658,000] [0m<in> oresat_solar2: 82880.000000 5290.000000 438.35211[0m
[00:00:01.671,000] [0m<inf> oresat_solar2: 83680.000000 5287.500000 442.458008[0m
[00:00:01.64,000] [0m<inf> oresat_solar2: 84460.000000 587.500000 446.582245[0m
[00:00:01.697,000] [0m<inf> oresat_solar2: 85220.000000 5285.000000 450.387695[0
[00:00:01.710,000] [0m<inf> oresat_solar2:86080.000000 5283.750000 454.825195[0m
[00:0:01.723,000] [0m<inf> oresat_solar2: 86860.000000 5283.75000 458.946533[0m
[00:00:01.736,000] [0m<inf>oresat_solar2: 87620.000000 5282.500000 462.85661[0m
[00:00:01.749,000] [0m<inf> oresat_solar2: 88380.000000 5282.500000 466.867340[0m
[00:00:01.762000] [0m<inf> oresat_solar2: 89280.000000 528.000000 471.398407[0m
[00:00:01.775,000] [0m<inf> oresat_slar2: 90260.000000 5280.000000 476.572815[0m[00:00:01.787,000] [0m<inf> oresat_solar2: 91060.000000 5277.500000 480.569153[0m
[00:00:01.800,000] [0<inf> oresat_solar2: 91820.000000 5276.250000 84.465271[0m
[00:00:01.813,000] [0m<inf> oesat_solar2: 92500.000000 5275.000000 487.937500[0m
[00:00:01.826,000] [0m<inf> oresat_solar2: 93320.00000 5273.750000 492.146362[0m
[00:00:01.839,00] [0m<inf> oresat_solar2: 94100.000000 5273.750000 496.259888[0m
[00:00:01.852,000] [0m<inf> oresat_solr2: 94920.000000 5270.000000 500.228394[0m
[00:00:01.865,000] [0m<inf> oresat_solar2: 95720.000000 5271.20000 504.564056[0m
[00:00:01.878,000] [0m<nf> oresat_solar2: 96520.000000 5268.750000 50.539764[0m
[00:00:01.891,000] [0m<inf> oresat_solar2: 97280.000000 5270.000000 512.665588[0m
[00:00:01904,000] [0m<inf> oresat_solar2: 98100.000000 5266.250000 516.619141[0m
[00:00:01.916,000] [0m<inf> orest_solar2: 98860.000000 5267.500000 520.7450560m
[00:00:01.929,000] [0m<inf> oresat_solar2: 99700.000000 5265.000000 524.920471[0m
[00:00:01.942,000] [0m<inf> oresat_solar2: 100760.000000 5263.75000 530.375427[0m
[00:00:01.955,000] [0m<if> oresat_solar2: 101520.000000 5261.250000 53.122070[0m
[00:00:01.968,000] [0m<inf> oreat_solar2: 102280.000000 5261.250000 538.120667[0m
[00:00:01.981,000] [0m<inf> oresat_solr2: 103080.000000 5260.000000 542.200806[0m
[00:00:01.994,000] [0m<inf> oresat_solar2: 10900.000000 5260.000000 546.513977[0m
[00:0002.007,000] [0m<inf> oresat_solar2: 104620.000000 5258.750000550.170410[0m
[00:00:02.020,000] [0m<inf> resat_solar2: 105420.000000 5256.250000 554.11892[0m
[00:00:02.033,000] [0m<inf> oresat_olar2: 106180.000000 5255.000000 557.975891[0
[00:00:02.041,000] [0m<dbg> oresat_blink: handle_blink: Thelight is blinking![0m
[00:00:02.052,000] [0m<inf> resat_solar2: 107000.000000 5252.500000 562.01517[0m
[00:00:02.065,000] [0m<inf> oresat_olar2: 107780.000000 5251.250000 565.979736[0m
[00:00:02.078,000] [0m<inf> oresat_solar2:108560.000000 5248.750000 569.804321[0m
[0000:02.091,000] [0m<inf> oresat_solar2: 109300000000 5246.250000 573.415100[0m
[00:00:02.04,000] [0m<inf> oresat_solar2: 110120.000000 5247.500000 577.854675[0m
[00:00:02.117,000 [0m<inf> oresat_solar2: 110920.000000 5247.500000 582.052673[0m
[00:00:02.130,000] [0m<inf> oresat_solar2: 111980.000000 5243.750000 587.195129[0m
[00:00:02.143,000] [0m<inf> oresat_solar2: 112760.000000 5243.750000 591.285278[0m
[00:00:02.156,000] [0m<inf> oresat_solar2: 113500.00000 5243.750000 595.165649[0m
[00:00:02.169,00] [0m<inf> oresat_solar2: 114300.000000 524.000000 598.932007[0m
[00:00:02.182,000] [m<inf> oresat_solar2: 114980.000000 5240.00000 602.495178[0m
[00:00:02.195,000] [0m<inf>oresat_solar2: 115860.000000 5238.750000 606.961548[0m
[00:00:02.208,000] [0m<inf> oresatsolar2: 116620.000000 5237.500000 610.797241[0m
[00:00:02.221,000] [0m<inf> oresat_solar2: 117460.000000 5235.000000 614.903076[0m
[0:00:02.234,000] [0m<inf> oresat_solar2: 118220.000000 5236.250000 619.029480[0m
[00:00:02247,000] [0m<inf> oresat_solar2: 118980.000000 5232.500000 62.562866[0m
[00:00:02.260,00] [0m<inf> oresat_solar2: 119800.000000 5233.750000 627.003235[0m
[00:00:02.273,000] [0m<inf> oresat_solar2: 120580.000000 5231.250000 630.784119[0m
[00:00:02.286,000] [0m<inf> oresat_solar2: 12300.000000 5228.750000 634.247375[0m
[00:00:02.299,000] [0m<inf> oresat_solar2: 122420.00000 5228.750000 640.103577[0m
[00:00:02.312000] [0m<inf> oresat_solar2: 123160.000000 523.750000 643.357056[0m
[00:00:02.325,000] 0m<inf> oresat_solar2: 123980.000000 5222.50000 647.485535[0m
[00:00:02.338,000] [0m<inf oresat_solar2: 124780.000000 5218.750000 651.195618[0m
[00:00:02.351,000] [0m<inf> oresa_solar2: 125500.000000 5222.500000 655.423767[0m
[00:00:02.364,000] [0m<inf> oresat_solar2: 126360.000000 5218.750000 659.441223[0m
[0:00:02.377,000] [0m<inf> oresat_solar2: 127100.000000 5218.70000 663.303101[0m
[00:00:0.390,000] [0m<inf> oresat_solar2: 127820.000000 5217.500000 66.900879[0m
[00:00:02.403,000] [0m<inf> orsat_solar2: 128760.000000 5216.250000 671.64438[0m
[00:00:02.416,000] [0m<inf> oresat_soar2: 129400.000000 5216.250000 674.982727[0m[00:00:02.429,000] [0m<inf> oresat_solar2: 10260.000000 5213.750000 679.143066[0m
[00:00:02.442,000] [0m<inf> oresat_solar2: 131060.00000 5211.250000 682.986450[0m
[00:00:02.45,000] [0m<inf> oresat_solar2: 131800.000000 508.750000 686.513245[0m
[00:00:02.468,000] [0m<inf> oresat_solar2: 132880.000000 5207.500000 691.972595[m
[00:00:02.481,000] [0m<in> oresat_solar2: 133660.000000 5206.250000 695.867371[0m
[00:00:02.494,000] [0m<inf> oresat_solar2: 134380.000000 5205.000000 699.447876[0m
[00:00:02.507,000] [0m<inf> oresat_solar2: 135260.000000 5201.250000 703.521057[0m
[00:00:02.520,000] [0m<inf> oresat_solar2: 136000.000000 5201.50000 707.369995[0m
[00:00:02.533,000] [0m<inf> oresat_solar2: 136820.000000 5198.750000 11.292969[0m
[00:00:02.546,000] [0m<inf> oesat_solar2: 137580.000000 5198.750000 715.24419[0m
[00:00:02.559,000] [0m<inf> oresat_slar2: 138280.000000 5195.000000 718.364624[0m
[00:00:02.572,000] [0m<inf> oresat_solar2: 39160.000000 5193.750000 722.762268[0m
[00:0:02.585,000] [0m<inf> oresat_solar2: 139960.000000 5192.500000 726.742310[0m
[00:00:02.58,000] [0m<inf> oresat_solar2: 140720.000000 5190.000000 730.336792[0m
[00:00:02.611,000][0m<inf> oresat_solar2: 141580.000000 5190.000000 734.8001710m
[00:00:02.624,000] [0m<if> oresat_solar2: 142300.000000 5188.750000 738.359131[0m
[00:00:02.637,000] [0m<inf> oresat_solar2: 14300.000000 5186.250000 741.944946[0m
[00:00:02.650,000] [0m<inf> oresat_solar2: 144080.000000 5183.750000 746.874695[0m
[00:00:02.663,00] [0m<inf> oresat_solar2: 144900.000000 5182500000 750.944275[0m
[00:00:02.676,000] [0<inf> oresat_solar2: 145720.000000 5180.000000754.829590[0m
[00:00:02.689,000] [0m<inf> resat_solar2: 146480.000000 5180.000000 758.76418[0m
[00:00:02.702,000] [0m<inf> oresat_olar2: 147280.000000 5177.500000 762.542175[0m
[00:00:02.715,000] [0m<inf> oresat_solar2:148100.000000 5175.000000 766.417480[0m
[0000:02.728,000] [0m<inf> oresat_solar2: 148760.000000 5171.250000 769.275146[0m
[00:00:02.41,000] [0m<inf> oresat_solar2: 149680.000000 5170.000000 773.845581[0m
[00:00:02.754,000] [0m<inf> oresat_solar2: 150360.000000 5168.750000 777.173279[0m
[00:00:02.767,000] [0m<inf> oresat_sola2: 151260.000000 5168.750000 781.825134[0m
[00:00:02.780,000] [0m<inf> oresat_solar2: 15260.000000 5163.750000 785.199829[0m
[00:00:2.793,000] [0m<inf> oresat_solar2: 152760.00000 5163.750000 788.814453[0m
[00:00:02.806,00] [0m<inf> oresat_solar2: 153560.000000 516.250000 792.561523[0m
[00:00:02.819,000] [m<inf> oresat_solar2: 154600.000000 5157.500000 797.349487[0m
[00:00:02.832,000] [0m<inf>oresat_solar2: 155360.000000 5155.000000 800.880798[0m
[00:00:02.845,000] [0m<inf> oresat_solar2: 156160.000000 5152.500000 804.614380[0m
[00:00:02.858,000] [0m<inf> oresat_solar2: 156920.000000 148.750000 807.941833[0m
[0:00:02.871,000] [0m<inf> oresat_solar2: 157700.000000 5151.25000 812.352112[0m
[00:00:02.884,000] [0m<if> oresat_solar2: 158520.000000 5148.750000 81.179871[0m
[00:00:02.897,000] [0m<inf> oresat_solar2: 159300.000000 5145.000000 819.59851[0m
[00:00:02.910,000] [0m<inf> oresat_solr2: 160080.000000 5143.750000 823.411499[0m
[00:00:02.923,000] [0m<inf> oresat_solar2: 16820.000000 5141.250000 826.815796[0m
[00:0002.936,000] [0m<inf> oresat_solar2: 161680.00000 5137.500000 830.630981[0m
[00:00:02.949000] [0m<inf> oresat_solar2: 162460.000000 5137.500000 834.638245[0m
[00:00:02.962,000] 0m<inf> oresat_solar2: 163220.000000 5135.000000 838.134705[0m
[00:00:02.975,000] [0m<inf> oresat_solar2: 164060.000000 5132.500000 842.037964[0m
[00:00:02.988,000] [0m<inf> oresat_solar2: 165100.000000 5128.750000 846.756653[0m
[00:00:03.001,000] [0m<inf> oresat_solar2: 165880.0000005126.250000 850.342346[0m
[0:00:03.014,000] [0m<inf> oresat_solar2: 166620.000000 5122.50000 853.510925[0m
[00:00:03.027,000] [0m<inf> oresat_solar2: 167420.000000 5121.250000 87.399658[0m
[00:00:03.040,000] [0m<inf> orsat_solar2: 168260.000000 5117.500000 861.070557[0m
[00:00:03.048,000] [0m<dbg> oresat_blink: handle_blink: The light is blinking![0m
[00:00:03.059,000] [0m<inf> oresat_solar2: 168920.000000 5118.750000 864.659241[0m
[00:00:03.072,000] [0m<inf> oresat_solar2: 169720.00000 5118.750000 868.754272[0m
[00:00:03.05,000] [0m<inf> oresat_solar2: 170580.000000 113.750000 872.303467[0m
[00:00:03.098,000][0m<inf> oresat_solar2: 171280.000000 5112.50000 875.669006[0m
[00:00:03.111,000] [0m<if> oresat_solar2: 172120.000000 5108.750000 879.318054[0m
[00:00:03.124,000] [0m<inf> oreat_solar2: 172880.000000 5106.250000 882.768494[0m
[00:00:03.137,000] [0m<inf> oresat_solr2: 173600.000000 5102.500000 885.794006[0m
[00:00:03.150,000] [0m<inf> oresat_solar2: 17460.000000 5100.000000 889.745972[0m
[00:0003.163,000] [0m<inf> oresat_solar2: 175260.000000 5096.250000 893.168762[0m
[00:00:03.176,000] [0m<inf> oresat_solar2: 176260.000000 5088.750000 896.94054[0m
[00:00:03.189,000] [0m<inf> oresat_solar2: 177060.000000 5086.250000 900.571411[0
[00:00:03.202,000] [0m<inf> oresat_solar2:177780.000000 5086.250000 904.233521[0m
[00:00:03.215,000] [0m<inf> oresat_solar2: 178660.000000 5085.000000 908.486084[0m
[00:00:03.28,000] [0m<inf> oresat_solar2: 179400.0000005078.750000 911.127747[0m
[00:00:03.241,000] [0m<inf> oresat_solar2: 180160.000000 5076.20000 914.537170[0m
[00:00:03.254,000] [0m<nf> oresat_solar2: 180920.000000 5073.750000 97.942871[0m
[00:00:03.267,000] [0m<inf> orsat_solar2: 181760.000000 5068.750000 921.29601[0m
[00:00:03.280,000] [0m<inf> oresat_soar2: 182560.000000 5066.250000 924.894592[0m
[00:00:03.293,000] [0m<inf> oresat_solar2: 183300.000000 5060.000000 927.497986[0m
[00:0:03.306,000] [0m<inf> oresat_solar2: 184080.000000 5058.750000 931.214722[0m
[00:00:03.31,000] [0m<inf> oresat_solar2: 184960.000000 5053.750000 934.71577[0m
[00:00:03.332,000] [0m<inf> oresat_solar2: 185660.000000 5050.000000 937.583008[m
[00:00:03.345,000] [0m<inf> oresat_solar2 186660.000000 5043.750000 941.466370[0m
[00:00:03.358,000] [0m<inf> oresat_solar2: 187460.000000 5037.500000 944.329773[0m
[00:00:03.371,000] [0m<inf> oresat_solar2: 188260.00000 5032.500000 947.418457[0m
[00:00:03.384,00] [0m<inf> oresat_solar2: 189060.000000 5027.00000 950.499146[0m
[00:00:03.397,000] [0minf> oresat_solar2: 189800.000000 5022.500000 53.270508[0m
[00:00:03.410,000] [0m<inf> oesat_solar2: 190620.000000 5017.500000 956.435852[0m
[00:00:03.423,000] [0m<inf> oresat_slar2: 191460.000000 5011.250000 959.453918[0m
[00:00:03.436,000] [0m<inf> oresat_solar2: 192300.000000 5002.500000 961.980774[0m
[00:0:03.449,000] [0m<inf> oresat_solar2: 193080.000000 4993.750000 964.193237[0m
[00:00:03.462,000] [0m<inf> oresat_solar2: 193860.000000 4991.250000 967.03699[0m
[00:00:03.475,000] [0m<inf> oresa_solar2: 194600.000000 4985.000000 970.0809940m
[00:00:03.488,000] [0m<inf> oresat_solar: 195400.000000 4978.750000 972.847778[0m
[00:00:03.501,000] [0m<inf> oresat_solar2: 19610.000000 4968.750000 974.769348[0m
[00:00:0.514,000] [0m<inf> oresat_solar2: 197260.00000 4958.750000 978.163025[0m
[00:00:03.527,00] [0m<inf> oresat_solar2: 198060.000000 4948.750000 980.149414[0m
[00:00:03.540,000] [0<inf> oresat_solar2: 198820.000000 4940.000000 982.170776[0m
[00:00:03.553,000] [0m<inf> resat_solar2: 199600.000000 4930.000000 984.028015[0m
[00:00:03.566,000] [0m<inf> oresat_solar2: 200360.00000 4920.000000 985.771179[0m
[00:00:03.579,000] [0m<inf> oresat_solar2: 201120.000000 410.000000 987.499207[0m
[00:00:03.592,000] [0m<inf> oresat_solar2: 201920.000000 4898.75000 989.155579[0m
[00:00:03.605,000] [0m<inf> oresat_solar2: 202700.000000 4887.500000 990696228[0m
[00:00:03.618,000] [0m<inf> orest_solar2: 203500.000000 4877.500000 992.571228[0m
[00:00:03îþ*** Bootig Zephyr OS build v4.2.0 ***

[00:00:00.005,00] [0m<inf> oresat_mcxn947_solar: Oresat MCXN947 Solar Board App
[0m
[00:00:00.013,000] [0m<inf> oresat_link: Starting blink demo[0m
[00:00:00.019,000] [0m<dbg> oresat_blink: handle_blink: The light is blinking[0m
[00:00:00.026,000] [0m<inf> oresat_sola2: Starting Solar Tracking...[0m
[00:00:00.033,000] [1;31m<rr> mcux_lpi2c: SCL GPIO device not ready[0m[00:00:00.039,000] [0m<inf> oresat_solar2: Starting INA226 reading[0m
[00:00:00.04,000] [0m<inf> oresat_solar2: -500.000000 537.250000 -2.688125[0m
[00:00:0.062,000] [0m<inf> oresat_solar2: -580.00000 5376.250000 -3.118225[0m
[00:00:00.074,000] [0m<inf> oresat_solar2: -540.000000 5377.500000 -2.903850[0m
[00:00:00.087,000] [0m<inf>oresat_solar2: -540.000000 5376.250000 -2.90315[0m
[00:00:0.100,000] [0m<inf> oresat_solar2: -540.000000 5376.250000 -2903175[0m
[00:00:00.112,000] [0m<inf> oresat_solar2: -520.00000 5377.500000 -2.796300[0m
[00:00:00.125,000] [0m<inf>oresat_solar2: -500.000000 5376.250000 -2.688125[0m
[00:00:00.138,000] [0m<inf> oresat_solar2: -520.000000 5376.250000 -2795650[0m
[0:00:00.151,000] [0m<inf> oresat_solar2: -540.000000 5375.000000 -2.902500[0m
[00:00:00.163,000] [0m<inf> oresat_solar2: -500.000000 5376.250000 -2.688125[0m
[00:00:00.176,000] [0minf> oresat_solar2: -520.000000 5376.250000 -2.795650[0m
[0:00:00.189,000] [0m<inf> oresat_solar2: -540.000000 5375.00000 -2.902500[0m
[00:00:00.201,000] [0m<inf> oresat_solar2: 520.000000 5376.250000 -2.795650[0m
[00:00:00.214,000] [0minf> oresat_solar2: -520.000000 5376.250000 -2.795650[0m
[0:00:00.227,000] [0m<inf> oresat_solar2: -540.000000 5377.50000 -2.903850[0m
[00:00:00.239,000] [0m<inf> oresat_solar2: -540.000000 5376.250000 -2.903175[0m
[00:00:00.252,000] [0m<inf> oresat_solr2: -540.000000 5377.500000 -2.903850[0m
[00:00:00.265,000][0m<inf> oresat_solar2: -540.000000 5378.750000 -2.904525[0m
[00:00:00.278,000] [0m<inf> oresat_solar2: -520.000000 5377500000 -2.796300[0m
[00:00:00.290,000] [0m<inf> oresat_solr2: -520.000000 5376.250000 -2.795650[0m
[00:00:00.303,000][0m<inf> oresat_solar2: -520.000000 5376.250000 -2.795650[0m
[00:00:00.316000] [0m<inf> oresat_solar2: -540.000000 5376250000 -2.903175[0m
[00:00:00.328,000] [0m<inf> oresat_solar2: -520.0000005376.250000 -2.795650[0m
[00:00:00.341,000] [0m<inf> oresa_solar2: -580.000000 5375.000000 -3.117500[0m
[00:00:00.354,000] [0m<inf> oresat_solar2: -540.000000 5375.000000 -2.90250[0m
[00:00:00.366,000] [0m<inf> oresat_solar2: 1460.0000005372.500000 7.843850[0m
[00:00:00.379,000] [0m<inf> oresat_solar2: 2380.00000 5370.000000 12.780600[0m
[00:00:00.392,000] [0m<inf> oesat_solar2: 3560.000000 5368.750000 19.112749[0m
[00:00:00404,000] [0m<inf> oresat_solar2: 4400.000000 5371.250000 23.63499[0m
[00:0:00.417,000] [0m<inf> oresat_solar2: 5160.00000 5368.750000 27.702749[0m
[00:00:00.430,000] [0m<inf> oresat_solar2: 610.000000 5367.500000 32.741749[0m
[00:00:00.443,000] [0m<if> oresat_solar2: 6820.000000 5367.500000 36.66350[0m
[00:0:00.455,000] [0m<inf> oresat_solar2: 7600.000000 5367.50000040.792999[0m
[00:00:00.468,000] [0m<inf> oresat_solar2: 850.000000 5366.250000 45.613125[0m
[00:00:00.481,000] [0m<inf> oresat_solar2: 9260.000000 5363.750000 49.668324[0m
[00:00:00.493,000] 0m<inf> oresat_solar2: 10160.000000 5363.75000 54.495701[0m
[00:00:00.506,000] [0m<inf> oresat_solar2: 11000.000000 5363.750000 59.001251[0m
[00:00:00.519,000] [0m<inf> oresat_solar2: 11680.000000 5363.750000 6.648602[0m
[00:00:00.532,000] [0m<inf> oresat_solar2: 1248.000000 5362.500000 66.924004[0m
[00:00:00.545,000] [0m<in> oresat_solar2: 13320.000000 5361.250000 71.41850[0m
[00:00:00.557,000] [0m<inf> oresat_solar2: 14200.00000 5360.000000 76.112000[0m
[00:00:00.570,000] [0m<inf> resat_solar2: 15160.000000 5360.000000 81.25759[0m
[00:00:00.583,000] [0m<inf> oresat_solar2: 15920.00000 5357.500000 85.291397[0m
[00:00:00.596,000] [0m<inf> oreat_solar2: 16760.000000 5357.500000 89.7917020m
[00:00:00.609,000] [0m<inf> oresat_solar2: 17660.000000 355.000000 94.569298[0m
[00:00:00.621,000] [0m<inf> oresatsolar2: 18400.000000 5356.250000 98.555000[0m
[00:00:00.634000] [0m<inf> oresat_solar2: 19220.000000 535.250000 102.947128[0m
[00:00:00.647,000] [m<inf> oresat_solar2: 20060.000000 5355.000000 107.421303[0m
[00:00:00.660,000] [0m<inf> oresat_solar2: 2780.000000 5352.500000 111.224953[0m
[00:0000.673,000] [0m<inf> oresat_solar2: 21520.000000 5353.750000 15.212700[0m
[00:00:00.686,000] [0m<inf> oesat_solar2: 22360.000000 5352.500000 119.68190[0m
[00:00:00.699,000] [0m<inf> oresat_solar2: 23220.000000 5351.250000 124.256027[0m
[00:00:00.712,00] [0m<inf> oresat_solar2: 23960.000000 5351.50000 128.215942[0m
[00:00:00.724,000] [0m<inf> oresat_solr2: 24720.000000 5350.000000 132.251999[0m
[00:00:00.737,000] [0m<inf> oresat_solar2: 2570.000000 5348.750000 137.569855[0m
[00:00:00.750,000] [0m<inf> oresat_solar2: 26600.000000 5347.500000 14.243500[0m
[00:00:00.763,000] [0m<inf> oreat_solar2: 27380.000000 5347.500000 146.414551[0m
[00:00:00.776,000] [0m<inf> oresat_solar2: 28200.0000005347.500000 150.799500[0m
[00:00:00.789,000 [0m<inf> oresat_solar2: 28920.000000 5343.750000 154.5412450m
[00:00:00.802,000] [0m<inf> oresat_solar: 29780.000000 5345.000000 159.174103[0m
[0:00:00.815,000] [0m<inf> oresat_solar2: 30520.000000 5345.000000 163.129395[0m
[00:00:00.828,000] [0m<in> oresat_solar2: 31380.000000 5342.500000 167.47644[0m
[00:00:00.841,000] [0m<inf> oresat_solar2: 32120.00000 5343.750000 171.641251[0m
[00:00:00.83,000] [0m<inf> oresat_solar2: 32900.000000 5341.250000 175.727127[0m
[00:00:00.866,000] [0m<inf> oresatsolar2: 33680.000000 5338.750000 179.809097[0
[00:00:00.879,000] [0m<inf> oresat_solar2: 34500.000000 5340.000000 184.229996[0m
[00:00:00.892,000] 0m<inf> oresat_solar2: 35320.000000 5338.75000 188.564651[0m
[00:00:00.905,000] [0m<inf> oresat_solar2: 36480.000000 5337.500000 194.712006[0m
[00:0:00.918,000] [0m<inf> oresat_solar2: 37200.00000 5337.500000 198.554993[0m
[00:00:00.931000] [0m<inf> oresat_solar2: 38060.000000 5335.000000 203.05095[0m
[00:00:00.944,000] [0m<inf> oresat_slar2: 38900.000000 5333.750000 207.482880[0m
[00:00:00.957,000] [0m<inf> oresat_solar2: 39660.000000 5333.750000 211.536530[0m
[00:00:00.970,000] [0<inf> oresat_solar2: 40380.000000 5333.750000 215.376831[0m
[00:00:00.982,000] [0m<inf> oresat_solar2: 4100.000000 5332.500000 220.232254[0m
[00:00:0.995,000] [0m<inf> oresat_solar2: 42000.000000 5331.250000 223.912506[0m
[00:00:01.008,000] [0m<inf> orsat_solar2: 42700.000000 5330.000000 227.59100[0m
[00:00:01.021,000] [0m<inf> oresat_solar2: 43600.00000 5328.750000 232.333496[0m
[00:00:01.028,000 [0m<dbg> oresat_blink: handle_blink: The light is blinking!0m
[0:00:01.039,000] [0m<inf> oresat_solar2: 44360000000 5330.000000 236.438797[0m
[00:00:01.052,000] [0m<inf> oresat_solar2: 45100.000000 5330.000000 240.82996[0m
[00:00:01.065,000] [0m<inf> oresa_solar2: 45900.000000 5328.750000 244.589630[0m
[00:00:01.078,000] [0m<inf> oresat_solar2: 46680.000000 527.500000 248.687698[0m
[00:00:01.091,000] [0m<inf> oresat_solar2: 47680.000000 5325.000000 253.895996[0m
[00:00:01.104,000] [0m<inf> oresat_solar2:48420.000000 5325.000000 257.836487[0m
[00:00:01.117,000] 0m<inf> oresat_solar2: 49320.000000 5325.00000 262.628998[0m
[00:00:01.130,000] [0m<inf>oresat_solar2: 50060.000000 5323.750000 266.506927[0m
[00:00:01.143,000] [0m<inf> oresat_solar2: 50820.00000 5322.500000 270.489441[0m
[00:00:01.155000] [0m<inf> oresat_solar2: 51560.000000 5320.000000 274.29994[0m
[00:00:01.168,000] [0m<inf> oresat_slar2: 52280.000000 5320.000000 278.129608[0m[00:00:01.181,000] [0m<inf> oresat_solar2: 53080.000000 5318.750000 282.319244[0m
[00:00:01.194,000] [0<inf> oresat_solar2: 53860.000000 5317.500000 86.400543[0m
[00:00:01.207,000] [0m<inf> oresat_solar2: 54680.000000 5317.500000 290.760895[0m
[00:00:1.220,000] [0m<inf> oresat_solar2: 55460.00000 5317.500000 294.908539[0m
[00:00:01.233,000] [0m<inf> orsat_solar2: 56260.000000 5317.500000 299.16253[0m
[00:00:01.246,000] [0m<inf> oresat_solar2: 57060.000000 5315.000000 303.273895[0m
[00:00:01.259,00] [0m<inf> oresat_solar2: 58000.000000 5315.00000 308.269989[0m
[00:00:01.272,000] [0m<inf> oresat_solar2: 58860.000000 5311.250000 312.620178[0m
[0:00:01.284,000] [0m<inf> oresat_solar2: 5956.000000 5310.000000 316.263611[0m
[00:00:01297,000] [0m<inf> oresat_solar2: 60420.000000 5311.250000 320905731[0m
[00:00:01.310,000] [0m<inf> orest_solar2: 61180.000000 5311.250000 324.942261[0m
[00:00:01.323,000] [0m<inf> oresat_solar2: 61960.000000 310.000000 329.007599[0m
[00:00:01.336,000][0m<inf> oresat_solar2: 62720.000000 5308.750000 332.964813[0m
[00:00:01.349,000] [0m<inf> oresat_solar2 63460.000000 5308.750000 336.893280[0m
[0000:01.362,000] [0m<inf> oresat_solar2: 64180.000000 5307.50000 340.635345[0m
[00:00:01.375,000] [0m<inf oresat_solar2: 65000.000000 5303.750000 344.73744[0m
[00:00:01.388,000] [0m<inf> oresat_solar2: 65760.000000 5306.250000 348.938995[0m
[00:00:01.40,000] [0m<inf> oresat_solar2: 66620.000000 535.000000 353.419098[0m
[00:00:01.413,000] [0m<inf> oresat_solar2: 67360.000000 5303.750000 357.260590[0m
[00:00:01.426,000] [0m<inf> oresat_solar2: 8280.000000 5301.250000 361.969360[0m
[00:00:01.439,000] [0m<inf> oresat_solar2: 69160.000000 5298.750000366.461548[0m
[00:00:01.452,000] [0m<inf> resat_solar2: 69900.000000 5300.000000 370.470001[0m
[00:00:01.465,000] [0m<inf> oresat_solar2: 70660.00000 5298.750000 374.409668[0m
[00:00:01.478,00] [0m<inf> oresat_solar2: 71360.000000 5298.750000 378.11885[0m
[00:00:01.491,000] [0m<inf> oresat_soar2: 72180.000000 5297.500000 382.373535[0m
[00:00:01.504,000] [0m<inf> oresat_solar2: 72920.000000 5295.00000 386.111389[0m
[00:00:01.517,000] [0minf> oresat_solar2: 73660.000000 5295.000000 30.029694[0m
[00:00:01.530,000] [0m<inf> oresat_solar2: 74880.000000 5293.750000 396.395996[0m
[00:00:0.542,000] [0m<inf> oresat_solar2: 75720.00000 5292.500000 400.748108[0m
[00:00:01.555,000] [0m<inf> oreat_solar2: 76420.000000 5291.250000 404.357330[0m
[00:00:01.568,000] [0m<inf> oresat_sola2: 77180.000000 5288.750000 408.185730[0m
[00:00:01.581,000] [0m<inf> oresat_solar2: 78060.000000 5290.00000 412.937408[0m
[00:00:01.594,000] [0m<inf> oresat_solar2: 78820.000000 5288.750000 416.859283[0m
[0:00:01.607,000] [0m<inf> oresat_solar2: 79820000000 5286.250000 421.948486[0m
[00:00:01.620,000] [0m<inf> oresat_solar2: 80700.000000 5286.250000 426.00372[0m
[00:00:01.633,000] [0m<inf> oresa_solar2: 81500.000000 5283.750000 430.625610[0m
[00:00:01.646,000] [0m<inf> oresat_solar2: 82280.000000 583.750000 434.746948[0m
[00:00:01.659,000] [0m<inf> oresat_solar2: 83020.000000 5281.250000 438.449371[0m
[00:00:01.671,000] [0m<inf> oresat_solar2:83800.000000 5282.500000 442.673492[0m
[00:0:01.684,000] [0m<inf> oresat_solar2: 84560.000000 5278.75000 446.371094[0m
[00:00:01.697,000] [0m<inf>oresat_solar2: 85420.000000 5278.750000 450.91828[0m
[00:00:01.710,000] [0m<inf> oresat_solar2: 86080.000000 5277.500000 454.287201[0m
[00:00:01.723000] [0m<inf> oresat_solar2: 86920.000000 5278.750000 458.828949[0m
[00:00:01.736,000] [0m<inf> oresat_slar2: 87760.000000 5276.250000 463.043701[0m[00:00:01.749,000] [0m<inf> oresat_solar2: 8520.000000 5275.000000 466.942993[0m
[00:00:01.762,000] [0m<inf> oresat_solar2: 89280.000000 5275.000000 70.951996[0m
[00:00:01.775,000] [0m<inf> oesat_solar2: 90300.000000 5273.750000 476.219635[0m
[00:00:01.788,000] [0m<inf> oresat_solar2: 91180.00000 5271.250000 480.632568[0m
[00:00:01.800,00] [0m<inf> oresat_solar2: 91880.000000 5270.000000 484.207611[0m
[00:00:01.813,000] [0m<inf> oresat_solr2: 92620.000000 5268.750000 487.991638[0m
[00:00:01.826,000] [0m<inf> oresat_solar2: 93500.000000 5270.000000 492.744995[0m
[00:00:01.839,000] [0m<nf> oresat_solar2: 94300.000000 5266.250000 496.607361[0m
[00:00:01.852,000] [0m<inf> oresat_solar2: 9506.000000 5265.000000 500.490906[0m
[00:00:01865,000] [0m<inf> oresat_solar2: 95760.000000 5265.000000 504.176392[0m
[00:00:01.878,000] [0m<inf> orest_solar2: 96680.000000 5263.750000 508.8993530m
[00:00:01.891,000] [0m<inf> oresat_solar: 97480.000000 5262.500000 512.988525[0m
[00:00:01.904,000] [0m<inf> oresat_solar2: 98160.000000 5261.25000 516.444275[0m
[00:00:01.917,000] [0m<in> oresat_solar2: 98920.000000 5260.000000 520.319214[0m
[00:00:01.929,000] [0m<inf> oresat_solar2: 99820.00000 5258.750000 524.928406[0m
[00:00:01.92,000] [0m<inf> oresat_solar2: 100820.000000 5258.750000 530.187195[0m
[00:00:01.955,000] [0m<inf> oresat_solar2: 101500.000000 5256.250000 533.5093990m
[00:00:01.968,000] [0m<inf> oresat_solar2: 102400.000000 5253.750000 537.984009[0m
[00:00:01.981,000] [0m<inf> oresat_solar2: 10320.000000 5253.750000 542.187012[0m
[00:00:0.994,000] [0m<inf> oresat_solar2: 103960.00000 5251.250000 545.919922[0m
[00:00:02.007,00] [0m<inf> oresat_solar2: 104760.000000 5252500000 550.251892[0m
[00:00:02.020,000] [0<inf> oresat_solar2: 105580.000000 5248.750000 554.163025[0m
[00:00:02.033,000] [0m<inf> oresat_solar2: 106320.000000 5248.750000 558.047119[0m
[00:0002.041,000] [0m<dbg> oresat_blink: handle_blik: The light is blinking![0m
[00:00:02.052,000] [0m<inf> oresat_solar2: 107180.000000 5247.500000 562.427063[0m[00:00:02.065,000] [0m<inf> oresat_solar2: 107900.000000 5243.750000 565.800598[0m
[00:00:02.078,000] [0m<inf> oresat_solar2: 108620.00000 5241.250000 569.304565[0m
[00:00:02.09,000] [0m<inf> oresat_solar2: 109400.000000 542.500000 573.529480[0m
[00:00:02.104,000] [0m<inf> oresat_solar2: 110180.000000 5240.00000 577.343201[0m
[00:00:02.117,000] [0m<in> oresat_solar2: 111000.000000 5240.000000 581.640015[0m
[00:00:02.130,000] [0m<inf> orest_solar2: 112000.000000 5238.750000 586.739990[0m
[00:00:02.143,000] [0m<inf> oresat_sola2: 112820.000000 5236.250000 590.753723[0m
[00:00:02.156,000] [0m<inf> oresat_solar2: 11360.000000 5235.000000 595.010071[0m
[00:00:2.169,000] [0m<inf> oresat_solar2: 114360.000000 5235.000000 98.674622[0m
[00:00:02.182,000] [0m<inf> oesat_solar2: 115160.000000 5232.500000 602.57407[0m
[00:00:02.195,000] [0m<inf> oresat_solar2: 115920.000000 5232.500000 606.551392[0m
[00:00:02.208,000] [0m<inf> oresat_solar2: 16720.000000 5231.250000 610.591492[0m
[00:00:02.221,000] [0m<inf> oresat_solar2: 117560.00000 5230.000000 614.838806[0m
[00:00:02.24,000] [0m<inf> oresat_solar2: 118280.000000 228.750000 618.456543[0m
[00:00:02.247,000][0m<inf> oresat_solar2: 119100.000000 5227.50000 622.595276[0m
[00:00:02.260,000] [0m<if> oresat_solar2: 119900.000000 5225.000000 626.477478[0m
[00:00:02.273,000] [0m<inf> oresat_solar2: 120680.000000 5225.000000 630.552979[0m
[00:00:02.286,000] [0m<inf> oresat_solar2: 121480.000000 5221.250000 634.277466[0m
[00:00:02.299,000] [0m<inf> oresat_solar2: 122500.000000 5220.000000 639.450012[0m
[00:00:02.312,000] [0m<inf> oresat_solar2: 123280.000000 5218.750000643.367493[0m
[00:00:02.325,000] [0m<inf> oresat_solar2: 124020.000000 5216.250000 646.91312[0m
[00:00:02.338,000] [0m<inf> oresat_solar2: 124780.000000 5215.000000 650.727722[0
[00:00:02.351,000] [0m<inf> oresat_solar2:125620.000000 5213.750000 654.951294[0m
[00:00:02.364,000] [0m<inf> oresat_solar2: 126460000000 5213.750000 659.330811[0m
[00:00:02.77,000] [0m<inf> oresat_solar2: 127120.0000005211.250000 662.454102[0m
[00:00:02.390,000 [0m<inf> oresat_solar2: 127980.000000 5210.000000 666.775818[0m
[00:00:02.403,000] [0m<nf> oresat_solar2: 128760.000000 5211.250000 671.000549[0m
[00:00:02.416,000] [0m<inf> oresat_solar2: 129560.000000 5207.500000 674.683716[0m
[00:00:02.429,000] [0m<inf> oresat_solar2: 130320.000000 5205.000000 678.315613[0m
[00:00:02.442,000] [0m<inf> oresat_solar2: 131160.000000 520.750000 682.523865[0m
[00:00:02.455,000] [0m<inf> oresat_solar2: 131860.000000 5201.25000 685.836853[0m
[00:00:02.468,000] [0m<inf>oresat_solar2: 133000.000000 5198.750000 691.43777[0m
[00:00:02.481,000] [0m<inf> oresatsolar2: 133720.000000 5200.000000 695.343994[0m
[00:00:02.494,000] [0m<inf> oresat_solar2 134480.000000 5196.250000 698.791687[0m
[0:00:02.507,000] [0m<inf> oresat_solar2: 135380.000000 5196.250000 703.468323[0m
[00:00:02520,000] [0m<inf> oresat_solar2: 136120.000000 5195.000000 707.143372[0m
[00:00:02.533,00] [0m<inf> oresat_solar2: 136880.000000 5193.750000 710.92047[0m
[00:00:02.546,000] [0m<inf> oresat_solar2: 137660.000000 5190.000000 714.455383[0m
[00:00:02.559,000] [0m<inf> oresat_solar2: 13420.000000 5190.000000 718.399780[0m
[00:0002.572,000] [0m<inf> oresat_solar2: 139200.00000 5186.250000 721.926025[0m
[00:00:02.585000] [0m<inf> oresat_solar2: 140020.000000 515.000000 726.003723[0m
[00:00:02.598,000] 0m<inf> oresat_solar2: 140780.000000 5181.250000 729.416382[0m
[00:00:02.611,000] [0m<inf oresat_solar2: 141580.000000 5180.000000 733.384399[0m
[00:00:02.624,000] [0m<inf> oresat_solar2: 142400.000000 5181.250000 737.809998[0m
[00:00:02.637,000] [0m<inf> oresat_solar2: 143200.000000 5178.750000 741.596985[0m
[0:00:02.650,000] [0m<inf> oresat_solar2: 144180.000000 5177.50000 746.491943[0m
[00:00:02.663,000] [0m<nf> oresat_solar2: 145000.000000 5175.000000 70.375000[0m
[00:00:02.676,000] [0m<inf> orsat_solar2: 145860.000000 5172.500000 754.46086[0m
[00:00:02.689,000] [0m<inf> oresat_soar2: 146600.000000 5168.750000 757.738770[0m
[00:00:02.702,000] [0m<inf> oresat_solar2: 17300.000000 5168.750000 761.356873[0m
[00:0:02.715,000] [0m<inf> oresat_solar2: 148080.000000 5165.000000 764.833191[0m
[00:00:02.72,000] [0m<inf> oresat_solar2: 148880.000000 5167.500000 769.337402[0m
[00:00:02.741,000] [0m<inf> oresat_solar2: 149680.000000 5163.750000 772.910095[m
[00:00:02.754,000] [0m<in> oresat_solar2: 150460.000000 5162.500000 776.749756[0m
[00:00:02.767,000] [0m<inf> oresat_solar2: 151300.000000 5160.000000 780.708008[0m
[00:00:02.780,000] [0m<inf> oresat_solar2: 152020.00000 5157.500000 784.043152[0m
[00:00:02.793,000] [0m<inf> oresat_solar2: 152800.000000 5153.50000 787.492981[0m
[00:00:02.806,000] [0minf> oresat_solar2: 153660.000000 5153.750000 91.925232[0m
[00:00:02.819,000] [0m<inf> oesat_solar2: 154660.000000 5152.500000 796.88520[0m
[00:00:02.832,000] [0m<inf> oresat_slar2: 155460.000000 5146.250000 800.036011[0m
[00:00:02.845,000] [0m<inf> oresat_solar2: 56200.000000 5147.500000 804.039490[0m
[00:0:02.858,000] [0m<inf> oresat_solar2: 157020.00000 5142.500000 807.475342[0m
[00:00:02.81,000] [0m<inf> oresat_solar2: 157800.000000 5138.750000 810.94775[0m
[00:00:02.884,000][0m<inf> oresat_solar2: 158580.000000 5141.250000 815.299438[0m
[00:00:02.897,000] [0m<inf> oresat_solar2: 159400.000000 5137.500000 818.917480[0m
[00:00:02.910,000] [0m<inf> oresat_solar2: 160160.000000 5135.000000 822.421570[0m
[00:00:02.923,000] [0m<inf> oresat_solar2: 160980.00000 5135.000000 826.632324[0m
[00:00:02.936,000] [0m<inf> oresat_solar2: 161720.000000 5130000000 829.623596[0m
[00:00:02.949,000] [0<inf> oresat_solar2: 162560.000000 5127.500000833.526428[0m
[00:00:02.962,000] [0m<inf> resat_solar2: 163260.000000 5125.000000 836.707520[0m
[00:00:02.975,000] [0m<inf> oresat_olar2: 164120.000000 5122.500000 840.704712[0m
[00:00:02.988,000] [0m<inf> oresat_solar2:165160.000000 5121.250000 845.825623[0m
[0000:03.001,000] [0m<inf> oresat_solar2: 165980000000 5117.500000 849.402649[0m
[00:00:03.14,000] [0m<inf> oresat_solar2: 166700.000000 5115.000000 852670471[0m
[00:00:03.027,000 [0m<inf> oresat_solar2: 167480.000000 5113.750000 856.450867[0m
[00:00:03.040,000] [0m<inf> oresat_solar2: 168300.000000 5110.000000 860.013000[0m
[00:00:03.048,000] [0m<dbg> oresat_blink: handle_blnk: The light is blinking![0m
[00:00:03.059,000] [0m<inf> oresat_slar2: 169020.000000 5112.500000 864.114746[0m
[00:00:03.072,000] [0m<inf> oresat_solar2: 69800.000000 5108.750000 867.465759[0m
[00:0:03.085,000] [0m<inf> oresat_solar2: 170660.000000 5105.00000 871.219299[0m
[00:00:03.098,000] [0m<inf> oresat_solar2: 171420.000000 5101.250000 874.56299[0m
[00:00:03.111,000] [0m<inf> oresat_solar2: 172160.000000 5101.250000 878.2312010m
[00:00:03.124,000] [0m<inf> oresat_solar: 172960.000000 5097.500000 881.663574[0m
[00:00:03.137,000] [0m<inf> oresat_solar2: 17370.000000 5095.000000 885.307190[0m
[00:00:0.150,000] [0m<inf> oresat_solar2: 174520.00000 5090.000000 888.306824[0m
[00:00:03.163,00] [0m<inf> oresat_solar2: 175260.000000 5087500000 891.635254[0m
[00:00:03.176,000] [0<inf> oresat_solar2: 176420.000000 5082.500000 896.654663[0m[00:00:03.189,000] [0m<inf> oresat_solar2: 177120.000000 5078.750000 899.548218[0m
[00:00:03.202,000] [0m<inf> oresat_solar2: 177920.000000 5073.750000 902.721619[0m
[00:00:03.215,000] [0m<inf> oresat_solar2: 178660.000000 570.000000 905.806213[0m
[00:00:03.228,000] [0m<inf> oresat_solar2: 179500.000000 5071.25000 910.289368[0m
[00:00:03.241,000] [0m<in> oresat_solar2: 180200.000000 5065.000000 912713013[0m
[00:00:03.254,000] [0m<inf> orest_solar2: 181060.000000 5061.250000 916.389954[0m
[00:00:03.267,000] [0m<inf> oresat_sola2: 181780.000000 5060.000000 919.806824[0m
[00:00:03.280,000] [0m<inf> oresat_solar2: 182600.000000 5055.000000 923.043030[0m
[00:00:3.293,000] [0m<inf> oresat_solar2: 183360.000000 5051.250000 926.197205[0m
[00:00:03.306,000] [0m<inf> oesat_solar2: 184160.000000 5046.250000 929.31783[0m
[00:00:03.319,000] [0m<inf> oresat_solar2: 184980.000000 5042.500000 932.761658[0m
[00:00:03.332,000] [0m<inf> oresat_solar2: 85760.000000 5037.500000 935.765991[0m
[00:00:03.345,000] [0m<inf> oresat_solar2: 186720.00000 5030.000000 939.201599[0m
[00:00:03.38,000] [0m<inf> oresat_solar2: 187620.000000 027.500000 943.259521[0m
[00:00:03.371,000][0m<inf> oresat_solar2: 188420.000000 5020.00000 945.868408[0m
[00:00:03.384,000] [0m<if> oresat_solar2: 189180.000000 5013.750000 948.501221[0m
[00:00:03.397,000] [0m<inf> oresat_solar2: 189960.000000 5008.750000 951.462158[0m
[00:00:03.410,000] [0m<inf> oresat_solar2: 190700.000000 5003.750000 954.215149[0m
[00:00:03.423,000] [0m<inf> oresat_solar2: 191560.000000 4996250000 957.081665[0m
[00:00:03.436,000] [0m<inf> oresat_solar2: 192220.000000 4988.750000958.937500[0m
[00:00:03.449,000] [0m<inf> resat_solar2: 193020.000000 4981.250000 961.48896[0m
[00:00:03.462,000] [0m<inf> oresat_olar2: 193900.000000 4971.250000 963.925354[0
[00:00:03.475,000] [0m<inf> oresat_solar2:194580.000000 4968.750000 966.819397[0m
[0000:03.488,000] [0m<inf> oresat_solar2: 195400.000000 4960.000000 969.184021[0m
[00:00:03.01,000] [0m<inf> oresat_solar2: 196260.000000 4952.500000 971.977661[0m
[00:00:03.514,000] [0m<inf> oresat_solar2: 197300.000000 4940.000000 974.661987[0m
[00:00:03.527,000] [0m<inf> oresat_solar2: 198120.000000 4931.250000 976.979248[0m
[00:00:03.540,000] [0m<inf> oresat_solar2: 19860.000000 4920.000000 978.391174[0m
[00:00:03.553,000] [0m<inf> oresat_solar2: 199580.00000 4908.750000 979.688354[0m
[00:00:03.566,00] [0m<inf> oresat_solar2: 200420.000000 490.000000 982.057983[0m
[00:00:03.579,000] [m<inf> oresat_solar2: 201260.000000 4888.750000 983.909851[0m
[00:00:03.592,000] [0m<inf>oresat_solar2: 201980.000000 4877.500000 985.157471[0m
[00:00:03.605,000] [0m<inf> oresat_solar2: 203200.000000 4568.750000 928.369995[0m
*** Booting Zephyr OS build v4.2.0 ***

[00:0:00.005,000] [0m<inf> oresat_mcxn947_solar: resat MCXN947 Solar Board App
[0m
[00:00:00.013,000] [0m<inf> oresat_blink: Starting blink demo[0m
[00:0:00.019,000] [0m<dbg> oresat_blink: handle_blink: The light is blinking![0m
[00:00:00.026,000] [0m<inf> oesat_solar2: Starting Solar Tracking...[0m
[0:00:00.033,000] [1;31m<err> mcux_lpi2c: SCL GPIO device not eady[0m
[00:00:00.039,000] [0m<inf> oresat_olar2: Starting INA226 reading[0m
[00:00:00.049,000] [0m<inf> oresat_solar2: -540.00000 5371.250000 -2.900475[0m
[00:00:00.062,000] [0m<inf> oresat_solar2: 540.000000 5370.000000 -2.899800[0m
[00:00:00.074,000] [0minf> oresat_solar2: -540.000000 5370.000000 -2.899800[0m
[0:00:00.087,000] [0m<inf> oresat_solar2: -520.000000 5370.00000 -2.792400[0m
[00:00:00.100,000] [0m<inf> oresat_solar2: -540.000000 5372.500000 -2.901150[0m
[00:00:00.112,000] [0m<inf> oresat_solar2: -500.000000 5372.500000 -2.686250[0m
[00:00:00.125,000][0m<inf> oresat_solar2: -540.000000 5372.500000 -2.901150[0m
[00:00:00.138,000] [0m<inf> oresat_solar2: -540.000000 5371.250000 -2.900475[0m
[00:00:00.151,000] [0m<inf> oresat_solr2: -540.000000 5372.500000 -2.901150[0m
[00:00:00.163,000][0m<inf> oresat_solar2: -540.000000 5372.500000 -2.901150[0m
[00:00:00.176000] [0m<inf> oresat_solar2: -540.000000 5372500000 -2.901150[0m
[00:00:00.189,000] [0m<inf> oresat_solar2: -540.000000 5371.250000 -2.900475[0m
[00:00:00.201,000] [0m<inf> oresa_solar2: -520.000000 5371.250000 -2.793050[0m
[00:00:00.214000] [0m<inf> oresat_solar2: -540.000000 5370.000000 -2.899800[0m
[00:00:00.227,000] [0m<inf> oresat_solar2: -540.0000005372.500000 -2.901150[0m
[00:00:00.239,000] [0m<inf> oresat_solar2: -520.000000 5371.250000 -2.793050[0m
[00:00:00.252,000] [0m<inf> resat_solar2: -520.000000 5372.500000 -2.79370[0m
[00:00:0.265,000] [0m<inf> oresat_solar2: -520.000000 5372.500000 -2.793700[0m
[00:00:00.278,000] [0m<inf> oresat_solar2: -540.00000 5372.500000 -2.901150[0m
[00:00:00.290,000] [0m<inf> resat_solar2: -540.000000 5371.250000 -2.900475[0m
[00:00:0.303,000] [0m<inf> oresat_solar2: -540.000000 5371.250000 -2.00475[0m
[0000:00.316,000] [0m<inf> oresat_solar2: -520.000000 5371.250000 -2.793050[0m
[00:00:00.328,000] [0m<inf> oresat_solar2: -20.000000 5371.250000 -2.793050[0m
[00:00:00.341,000] [0m<nf> oresat_solar2: -540.000000 5370.000000 -2.899800[0m
[0000:00.354,000] [0m<inf> oresat_solar2: -520.000000 5368.75000 -2.791750[0m
[00:00:00.366,000] [0m<inf> oresat_solar2: 100.000000 5368.750000 8.053125[0m
[00:00:00.379,000] [0m<inf> oresat_solar: 2360.000000 5366.250000 12.664350[0m
[00:00:00.392,000] 0m<inf> oresat_solar2: 3500.000000 5363.750000 18.773125[0m
[00:00:00.404,000] [0m<inf> oresat_solar2: 4300.000000 5365.00000 23.069500[0m
[00:00:00.417,000] [0m<inf> oresat_solar2: 5120.000000 5362.500000 27.455999[0m
[00:00:00.430,000] [0m<inf> oresat_olar2: 6000.000000 5362.500000 32.174999[0m
[00:00:00.443,00] [0m<inf> oresat_solar2: 6820.000000 5363.750000 36.580776[0m
[00:00:00.455,000] [0m<inf> oresat_solar2: 7620.000000 562.500000 40.862251[0m
[00:00:00.468,000] [0m<inf> oresat_olar2: 8460.000000 5361.250000 45.356174[0m
[00:00:00.481,000] [0m<inf> oresat_solar2: 9320.000000 5358.750000 49.9435500m
[00:00:00.93,000] [0m<inf> oresat_solar2: 10100.000000 358.750000 54.123375[0m
[00:00:00.506,000] [0m<inf> oresatsolar2: 10880.000000 5357.500000 58.289600[0m
[00:00:00.519000] [0m<inf> oresat_solar2: 11660.000000 535.500000 62.468449[0m
[00:00:00.532,000] [0m<inf> oresat_soar2: 12560.000000 5355.000000 67.258797[0m
[00:00:00.545,00] [0m<inf> oresat_solar2: 13260.000000 5357.50000 71.040451[0m
[00:00:00.557,000] [0m<inf> oresat_solar: 14080.000000 5356.250000 75.416000[0m
[00:00:00.570,000] [0m<inf> oresat_solar2: 15160.000000 5355.000000 81.181801[0m
[00:00:00.583,000] [0m<inf> oresat_solar2: 6000.000000 5352.500000 85.639999[0m
[00:00:00.596,000] [0<inf> oresat_solar2: 16760.000000 5352.500000 89.707901[0m
[00:00:00.609,000] [0m<inf> oresat_solar2: 1750.000000 5352.500000 94.096947[0m
[00:00:00.621,000] [0m<if> oresat_solar2: 18360.000000 5350.000000 98.225998[0m
[0000:00.634,000] [0m<inf> oresat_solar2: 19220.000000 5350.000000 102.827003[0m
[00:00:00.647,000] [0m<inf oresat_solar2: 19960.000000 5347.500000 106.76099[0m
[00:00:00.660,000] [0m<inf> oresat_solar2: 20800.000000 5347.500000 111.227997[0m
[00:00:00.67,000] [0m<inf> oresat_solar2: 21580.000000 537.500000 115.399048[0m
[00:00:00.686,000] [0m<inf> oresat_solar2: 22320.000000 5345.000000 119.300400[0m
[00:00:00.699,000] [0m<inf> oresat_solar2: 3100.000000 5346.250000 123.498375[0m
[00:0:00.712,000] [0m<inf> oresat_solar2: 23880.000000 5346.250000127.668449[0m
[00:00:00.724,000] [0m<inf> resat_solar2: 24780.000000 5343.750000 132.418121[0m
[00:00:00.737,000] [0m<inf> oresat_solar2: 25780.00000 5343.750000 137.761871[0m
[00:00:00.750,00] [0m<inf> oresat_solar2: 26620.000000 5343.750000 142.25066[0m
[00:00:00.763,000] [0m<inf> oresat_soar2: 27320.000000 5340.000000 145.888794[0m
[00:00:00.776,000] [0m<inf> oresat_solar2: 28120.000000 5340.00000 150.160797[0m
[00:00:00.789,000] [0minf> oresat_solar2: 28860.000000 5340.000000 14.112396[0m
[00:00:00.802,000] [0m<inf> oresat_solar2: 29720.000000 5340.000000 158.704803[0m
[00:00:0.815,000] [0m<inf> oresat_solar2: 30520.00000 5338.750000 162.938644[0m
[00:00:00.828,000] [0m<inf> oresat_solar2: 31300.000000 5337.500000 167.063751[0m
[00:00:00.841,000] [0m<inf> oresat_sola2: 32180.000000 5336.250000 171.720520[0m
[00:00:00.853,000 [0m<inf> oresat_solar2: 32960.000000 5337.50000 175.923996[0m
[00:00:00.866,000] [0m<inf> oresat_solar2: 33700.000000 5333.750000 179.747375[0m
[0:00:00.879,000] [0m<inf> oresat_solar2: 34500000000 5335.000000 184.057495[0m
[00:00:00.892,000] [0m<in> oresat_solar2: 35280.000000 5333.750000 188.74698[0m
[00:00:00.905,000] [0m<inf> oresa_solar2: 36460.000000 5332.500000 194.422943[0m
[00:00:00.918,000] [0m<inf> oresat_solar2: 37220.000000 530.000000 198.382599[0m
[00:00:00.931,000] [0m<inf> oresat_solar2: 38020.000000 5330.000000 202.646606[0m
[00:00:00.944,000] [0m<inf> oresat_solar2:38880.000000 5327.500000 207.133194[0m
[00:0:00.957,000] [0m<inf> oresat_solar2: 39620.000000 5330.00000 211.174606[0m
[00:00:00.970,000] [0m<inf>oresat_solar2: 40360.000000 5327.500000 215.017899[0m
[00:00:00.982,000] [0m<inf> oresat_solar2: 41200.00000 5327.500000 219.492996[0m
[00:00:00.995000] [0m<inf> oresat_solar2: 41960.000000 5325.000000 223.436996[0m
[00:00:01.008,000] [0m<inf> oresat_slar2: 42760.000000 5327.500000 227.803894[0m[00:00:01.021,000] [0m<inf> oresat_solar2: 43480.000000 5325000000 231.531006[0m
[00:00:01.028,000] [0m<dbg> oresat_blink: handle_blink: The light is blinking![0m
[00:00:0.039,000] [0m<inf> oresat_solar2: 44280.000000 5325.000000 235.791000[0m
[00:00:01.052,000] [0m<inf> oreat_solar2: 45100.000000 5322.500000 240.044754[0m
[00:00:01.065,000] [0m<inf> oresat_sola2: 45860.000000 5323.750000 244.147171[0m
[00:00:01.078,000] [0m<inf> oresat_solar2: 46620.000000 5321.25000 248.076675[0m
[00:00:01.091,000] [0m<if> oresat_solar2: 47660.000000 5321.250000 253.610779[0m
[0:00:01.104,000] [0m<inf> oresat_solar2: 48420000000 5320.000000 257.594391[0m
[00:00:01.117,000] [0m<inf> oresat_solar2: 49220.000000 5320.000000 261.50403[0m
[00:00:01.130,000] [0m<inf> oresa_solar2: 49920.000000 5318.750000 265.511993[0m
[00:00:01.143,000] [0m<inf> oresat_solar2: 50800.000000 517.500000 270.128998[0m
[00:00:01.155,000] [0m<inf> oresat_solar2: 51520.000000 5316.250000 273.893188[0
[00:00:01.168,000] [0m<inf> oresat_solar2:52280.000000 5316.250000 277.933563[0m
[00:0:01.181,000] [0m<inf> oresat_solar2: 53160.000000 5313.750000 282.478943[0m
[00:00:01.194,000] [0m<inf>oresat_solar2: 53900.000000 5313.750000 286.41133[0m
[00:00:01.207,000] [0m<inf> oresat_solar2: 54660.000000 5313.750000 290.449585[0m
[00:00:01.220000] [0m<inf> oresat_solar2: 55460.000000 5312.500000 294.631256[0m
[00:00:01.233,000] [0m<inf> oresat_solar2: 56260.000000 5312.500000 298.881256[0m[00:00:01.246,000] [0m<inf> oresat_solar2: 57000.000000 5310.000000 302.670013[0m
[00:00:01.259,000] [0<inf> oresat_solar2: 57980.000000 5310.000000 07.873810[0m
[00:00:01.272,000] [0m<inf> oresat_solar2: 58820.000000 5306.250000 312.113617[0m
[00:00:1.284,000] [0m<inf> oresat_solar2: 59620.00000 5306.250000 316.358612[0m
[00:00:01.297,00] [0m<inf> oresat_solar2: 60400.000000 5305.000000 320.42199[0m
[00:00:01.310,000] [0m<inf> oresat_solr2: 61120.000000 5303.750000 324.165192[0m
[00:00:01.323,000] [0m<inf> oresat_solar2: 62020.000000 5306.20000 329.093628[0m
[00:00:01.336,000] [0m<nf> oresat_solar2: 62720.000000 5302.500000 33.572815[0m
[00:00:01.349,000] [0m<inf> oresat_solar2: 6346.000000 5303.750000 336.575989[0m
[00:00:01362,000] [0m<inf> oresat_solar2: 64200.000000 5301.250000 340.340240[0m
[00:00:01.375,000] [0m<inf> orest_solar2: 65000.000000 5298.750000 344.4187620m
[00:00:01.388,000] [0m<inf> oresat_solar2: 65720.000000 5298.750000 348.233856[0m
[00:00:01.401,000][0m<inf> oresat_solar2: 66500.000000 5300.00000 352.450012[0m
[00:00:01.413,000] [0m<in> oresat_solar2: 67360.000000 5297.500000 356.839600[0m
[00:00:01.426,000] [0m<inf> oresat_solar2: 68320.00000 5295.000000 361.754395[0m
[00:00:01.49,000] [0m<inf> oresat_solar2: 69020.000000 5295.000000 365.460907[0m
[00:00:01.452,000] [0m<inf> oresatsolar2: 69820.000000 5293.750000 369.609619[0
[00:00:01.465,000] [0m<inf> oresat_solar2: 70600.000000 5295.000000 373.826996[0m
[00:00:01.478,000] 0m<inf> oresat_solar2: 71360.000000 5293.750000 377.761993[0m
[00:00:01.491,000] [0m<inf> oresat_solar2: 2160.000000 5292.500000 381.906799[0m
[00:0:01.504,000] [0m<inf> oresat_solar2: 72900.000000 5291.250000 385.732117[0m
[00:00:01.517,000] [0m<inf> oresat_solar2: 73680.000000 5288.750000 389.67510[0m
[00:00:01.530,000] [0m<inf> oresat_slar2: 74760.000000 5287.500000 395.293488[0m
[00:00:01.542,00] [0m<inf> oresat_solar2: 75620.000000 5286250000 399.746216[0m
[00:00:01.555,000] [0<inf> oresat_solar2: 76480.000000 5285.000000 404.196808[0m
[00:00:01.568,000] [0m<inf> oresat_solar2: 7780.000000 5285.000000 408.424805[0m
[00:00:1.581,000] [0m<inf> oresat_solar2: 78000.000000 5285.000000 412.230011[0m
[00:00:01.594,000] [0m<inf> orsat_solar2: 78780.000000 5283.750000 416.253815[0m
[00:00:01.607,000] [0m<inf> oresat_solar2: 79860.00000 5282.500000 421.860443[0m
[00:00:01.620,00] [0m<inf> oresat_solar2: 80580.000000 5280.000000 425.462402[0m
[00:00:01.633,000] [0m<inf> oresat_solar2: 81360.000000 5280.000000 429.580811[0m
[0:00:01.646,000] [0m<inf> oresat_solar2: 8216.000000 5277.500000 433.599396[0m
[00:00:01.659,000] [0m<if> oresat_solar2: 83000.000000 5277.500000 438032501[0m
[00:00:01.671,000] [0m<inf> orest_solar2: 83780.000000 5276.250000 442.044220[0m
[00:00:01.684,000] [0m<inf> oresat_solar2: 84580.000000 275.000000 446.159485[0m
[00:00:01.697,000][0m<inf> oresat_solar2: 85280.000000 5275.000000 449.851990[0m
[00:00:01.710,000] [0m<inf> oresat_solar2 86180.000000 5271.250000 454.276337[0m
[0000:01.723,000] [0m<inf> oresat_solar2: 86900.000000 5273.75000 458.288879[0m
[00:00:01.736,000] [0m<inf oresat_solar2: 87700.000000 5268.750000 462.069366[0m
[00:00:01.749,000] [0m<inf> oresat_solar2: 88460.000000 5271.250000 466.294769[0m
[00:00:01.76,000] [0m<inf> oresat_solar2: 89220.000000 5267.500000 469.966339[0m
[00:00:01.775,000] [0m<inf> oresat_solar2: 90320.000000 5267.500000 475.760590[0m
[00:00:01.788,000] [0m<inf> oresat_solar2: 1100.000000 5266.250000 479.755371[0m
[00:00:01.800,000] [0m<inf> oresat_solar2: 91880.000000 5265.000000483.748199[0m
[00:00:01.813,000] [0m<inf> resat_solar2: 92580.000000 5265.000000 487.433685[0m
[00:00:01.826,000] [0m<inf> oresat_solar2: 93500.00000 5263.750000 492.160614[0m
[00:00:01.839,000] [0m<inf> oresat_solar2: 94220.000000 5262.500000 495.83274[0m
[00:00:01.852,000] [0m<inf> oresat_soar2: 95000.000000 5258.750000 499.581238[0m
[00:00:01.865,000] [0m<inf> oresat_solar2: 95760.000000 5260.00000 503.697601[0m
[00:00:01.878,000] [0minf> oresat_solar2: 96600.000000 5258.750000 507.995239[0m
[00:00:01.891,000] [0m<inf> oresat_solar2: 9730.000000 5257.500000 511.975342[0m
[00:00:0.904,000] [0m<inf> oresat_solar2: 98160.000000 5257.500000 516.076172[0m
[00:00:01.917,000] [0m<inf> oreat_solar2: 99000.000000 5252.500000 519.997498[0m
[00:00:01.929,000] [0m<inf> oresat_sola2: 99780.000000 5253.750000 524.219177[0m
[00:00:01.942,000] [0m<inf> oresat_solar2: 100860.000000 5251.20000 529.641052[0m
[00:00:01.955,000] [0m<nf> oresat_solar2: 101660.000000 5248.750000 533.587952[0m
[00:00:01.968,000] [0m<inf> orsat_solar2: 102360.000000 5248.750000 537.262024[0m
[00:00:01.981,000] [0m<inf> oresat_soar2: 103120.000000 5248.750000 541.251099[0m
[00:00:01.994,000] [0m<inf> oresat_solar2: 103920.000000 524.750000 545.450073[0m
[00:0:02.007,000] [0m<inf> oresat_solar2: 104800.000000 5245.00000 549.676025[0m
[00:00:02.020,000] [0m<inf>oresat_solar2: 105460.000000 5245.000000 553.17695[0m
[00:00:02.033,000] [0m<inf> oresatsolar2: 106300.000000 5242.500000 557.277771[0m
[00:00:02.041,000] [0m<dbg> oresat_blink: handle_blink: Th light is blinking![0m
[00:00:02.052,000] [0m<inf>oresat_solar2: 107100.000000 5241.250000 561.337891[0m
[00:00:02.065,000] [0m<inf> oresatsolar2: 107860.000000 5237.500000 564.916748[0m
[00:00:02.078,000] [0m<inf> oresat_solar2: 108680.000000 5238.750000 569.347351[0m
[0:00:02.091,000] [0m<inf> oresat_solar2: 109400.000000 5237.50000 572.982483[0m
[00:00:02104,000] [0m<inf> oresat_solar2: 110160.000000 5236.250000 57.825317[0m
[00:00:02.117,000] [0m<inf> oreat_solar2: 110980.000000 5233.750000 580.84155[0m
[00:00:02.130,000] [0m<inf> oresat_solr2: 111980.000000 5233.750000 586.075317[0m
[00:00:02.143,000] [0m<inf> oresat_solar2: 11760.000000 5232.500000 590.016724[0m
[00:0002.156,000] [0m<inf> oresat_solar2: 113620.00000 5231.250000 594.374634[0m
[00:00:02.169000] [0m<inf> oresat_solar2: 114360.000000 5227.500000 597.816895[0m
[00:00:02.182,000] 0m<inf> oresat_solar2: 115100.000000 5228.750000 601.829102[0
[00:00:02.195,000] [0m<inf oresat_solar2: 115960.000000 5226.250000 606.035950[0m
[00:00:02.208,000] [0m<inf> oresat_solar2: 116780000000 5226.250000 610.321472[0m
[00:00:02.221,000] [0m<inf> oresat_solar2: 117420.0000005223.750000 613.372742[0m
[00:00:02.234,000] [0m<inf> oresat_solar2: 118320.000000 5220.00000 617.630371[0m
[00:00:02.247,000] [0m<nf> oresat_solar2: 119160.000000 5220.000000 62.015198[0m
[00:00:02.260,000] [0m<inf> orsat_solar2: 119920.000000 5220.000000 625.982422[0m
[00:00:02.273,000] [0m<inf> oresat_solar2: 120660.000000 5217.500000 629.543579[0m
[00:00:02.286,000] [0m<inf> oresat_solar2: 121380.000000 5216.250000 633.148438[0m
[00:0:02.299,000] [0m<inf> oresat_solar2: 122500.000000 5213.75000 638.684387[0m
[00:00:02.312,000] [0m<inf> oresat_solar2: 123280.000000 5213.750000 642.71099[0m
[00:00:02.325,000] [0m<inf> oresatsolar2: 124020.000000 5210.000000 646.144226[m
[00:00:02.338,000] [0m<inf> oresat_solar2 124820.000000 5208.750000 650.156189[0m
[0:00:02.351,000] [0m<inf> oresat_solar2: 12562.000000 5210.000000 654.480225[0m
[00:00:02364,000] [0m<inf> oresat_solar2: 126380.00000 5206.250000 657.965881[0m
[00:00:02.377,00] [0m<inf> oresat_solar2: 127160.000000 5205.000000 661.867798[0m
[00:00:02.390,000] [0m<inf> oresat_solar2: 127980.000000 5203.750000 665.975952[0m
[00:00:02.403,000] [0m<inf> oresat_solar2: 128700.000000 5203.750000 669.722595[0m
[00:00:02.416,000] [0m<inf> oresat_solar2: 129500.00000 5201.250000 673.561890[0m
[00:00:02.429000] [0m<inf> oresat_solar2: 130320.000000 521.250000 677.826904[0m
[00:00:02.442,000] 0m<inf> oresat_solar2: 131120.000000 5196.250000 681.332275[0m
[00:00:02.455,000] [0m<inf oresat_solar2: 131880.000000 5197.500000 685.446289[0m
[00:00:02.468,000] [0m<inf> oresat_solar2: 132920.000000 5193.750000 690.353271[0m
[00:00:02.481,000] [0m<inf> oresat_solar2: 133680.0000005193.750000 694.300476[0m
[0:00:02.494,000] [0m<inf> oresat_solar2: 134520.000000 5191.20000 698.326965[0m
[00:00:02.507,000] [0m<nf> oresat_solar2: 135360.000000 5188.750000 72.349182[0m
[00:00:02.520,000] [0m<inf> orsat_solar2: 136160.000000 5187.500000 706.330017[0m
[00:00:02.533,000] [0m<inf> oresat_soar2: 136880.000000 5186.250000 709.893921[0m
[00:00:02.546,000] [0m<inf> oresat_solar2: 17620.000000 5185.000000 713.559692[0m
[00:0:02.559,000] [0m<inf> oresat_solar2: 138400.000000 5183.750000 717.431030[0m
[00:00:02.57,000] [0m<inf> oresat_solar2: 139180.000000 5181.250000 721.16404[0m
[00:00:02.585,000] [0m<inf> oresat_solar2: 140000.000000 5178.750000 725.025024[m
[00:00:02.598,000] [0m<inf> oresat_solar2 140780.000000 5177.500000 728.888428[0m
[00:00:02.611,000] [0m<inf> oresat_solar2: 14152.000000 5175.000000 732.366028[0m
[00:00:02624,000] [0m<inf> oresat_solar2: 142400.00000 5173.750000 736.742004[0m
[00:00:02.637,00] [0m<inf> oresat_solar2: 143160.000000 5172.00000 740.495117[0m
[00:00:02.650,000] [0minf> oresat_solar2: 144200.000000 5171.250000 745.694275[0m
[00:00:02.663,000] [0m<inf> oresat_solar2: 144920.000000 5168.750000 749.055237[0m
[00:00:02.676,000] [0m<inf> oresat_solar2: 145780.000000 5166.250000 753.135925[0m
[00:00:02.689,000] [0m<inf> oresat_solar2: 146480.000000 513.750000 756.386108[0m
[00:00:02.702,000] 0m<inf> oresat_solar2: 147300.000000 5162.50000 760.436279[0m
[00:00:02.715,000] [0m<inf oresat_solar2: 148120.000000 5160.000000 764.99194[0m
[00:00:02.728,000] [0m<inf> oresa_solar2: 148880.000000 5158.750000 768.0347290m
[00:00:02.741,000] [0m<inf> oresat_solar: 149620.000000 5157.500000 771.665161[0m
[0:00:02.754,000] [0m<inf> oresat_solar2: 15050.000000 5155.000000 775.930603[0m
[00:00:0.767,000] [0m<inf> oresat_solar2: 151320.000000 5153.750000 79.865479[0m
[00:00:02.780,000] [0m<inf> oresat_solar2: 152080.000000 5150.000000 783.21195[0m
[00:00:02.793,000] [0m<inf> oresat_soar2: 152780.000000 5148.750000 786.626038[0m[00:00:02.806,000] [0m<inf> oresat_solar2: 13660.000000 5147.500000 790.964844[0m
[00:00:02.819,000] [0m<inf> oresat_solar2: 154660.00000 5145.000000 795.725708[0m
[00:00:02.83,000] [0m<inf> oresat_solar2: 155420.000000 5138.750000 798.664551[0m
[00:00:02.845,000] [0m<inf> oresat_solar2: 156260.000000 5137.500000 802.785767[0m
[00:00:02.858,000] [0m<inf> oresat_solar2: 156980.000000 5137.500000 806.484741[0m
[00:00:02.871,000] [0m<inf> oresat_solar2: 15782.000000 5137.500000 810.800232[0m
[00:00:02.884,000] [0m<inf> oresat_solar2: 158520.00000 5133.750000 813.802063[0m
[00:00:02.897,00] [0m<inf> oresat_solar2: 159420.000000 5130.00000 817.824585[0m
[00:00:02.910,000] [0minf> oresat_solar2: 160180.000000 5130.000000 21.723389[0m
[00:00:02.923,000] [0m<inf> oesat_solar2: 160960.000000 5126.250000 825.121216[0m
[00:00:02.936,000] [0m<inf> oresat_slar2: 161720.000000 5121.250000 828.208557[0m
[00:00:02.949,000] [0m<inf> oresat_solar2: 162500.000000 511.250000 832.203125[0m
[00:00:02.962,000] 0m<inf> oresat_solar2: 163320.000000 5118.75000 835.994263[0m
[00:00:02.975,000] [0m<inf> oresat_solar2: 164060.000000 5115.000000 839.66870[0m
[00:00:02.988,000] [0m<inf> oresa_solar2: 165160.000000 5113.750000 844.586975[0m
[00:00:03.001,000] [0m<inf> oresat_solar: 165960.000000 5111.250000 848.263062[0m
[0:00:03.014,000] [0m<inf> oresat_solar2: 166760.000000 5108.750000 851.935120[0m
[00:00:0.027,000] [0m<inf> oresat_solar2: 167460.000000 5103.750000 854.673950[0m
[00:00:03.040,000] [0m<inf> oresat_solar2: 168280.000000 5102.500000 858.64862[0m
[00:00:03.048,000] [0m<dbg> oresat_blink: andle_blink: The light is blinking![0m
[00:00:03.059,000] [0m<inf>oresat_solar2: 169060.000000 5101.250000 862.417297[0m
[00:00:03.072,000] [0m<inf> oresatsolar2: 169780.000000 5102.500000 866.302429[0m
[00:00:03.085,000] [0m<inf> oresat_solar2: 170620.000000 097.500000 869.735474[0m
[00:00:03.098,000][0m<inf> oresat_solar2: 171380.000000 5095.00000 873.181091[0m
[00:00:03.111,000] [0m<if> oresat_solar2: 172160.000000 5092.500000 87.724792[0m
[00:00:03.124,000] [0m<inf> oreat_solar2: 172920.000000 5090.000000 880.162781[0m
[00:00:03.137,000] [0m<inf> oresat_solr2: 173720.000000 5086.250000 883.583374[0m
[00:00:03.150,000] [0m<inf> oresat_solar2: 174560.000000 5081.250000 886.982971[0m
[00:0003.163,000] [0m<inf> oresat_solar2: 175320.000000 5077.500000 890.187317[0m
[00:00:03.176,000] [0m<inf> oresat_solar2: 176280.000000 5071.250000 893.95961[0m
[00:00:03.189,000] [0m<inf> oresat_olar2: 177080.000000 5067.500000 897.352905[0
[00:00:03.202,000] [0m<inf> oresat_solar2:177920.000000 5067.500000 901.609619[0m
[0000:03.215,000] [0m<inf> oresat_solar2: 178580000000 5065.000000 904.507690[0m
[00:00:03.28,000] [0m<inf> oresat_solar2: 179480.0000005061.250000 908.393127[0m
[00:00:03.241,000 [0m<inf> oresat_solar2: 180280.000000 5057.500000 911.766113[0m
[00:00:03.254,000] [0m<nf> oresat_solar2: 181060.000000 5052.500000 914.805664[0m
[00:00:03.267,000] [0m<inf> oresat_solar2: 181860.000000 5048.750000 918.165649[0m
[00:00:03.280,000] [0m<inf> oresat_solar2: 182580.00000 5045.000000 921.116089[0m
[00:00:03.293,00] [0m<inf> oresat_solar2: 183420.000000 504.000000 924.436829[0m
[00:00:03.306,000] [m<inf> oresat_solar2: 184080.000000 5036.250000 927.072876[0m
[00:00:03.319,000] [0m<inf>oresat_solar2: 184960.000000 5030.000000 930.348816[0m
[00:00:03.332,000] [0m<inf> oresat_solar2: 185760.000000 5027.500000 933.908386[0m
[00:00:03.345,000] [0m<inf> oresat_solar2: 186820.000000 5020.000000 937.836426[0m
[0:00:03.358,000] [0m<inf> oresat_solar2: 187620.000000 5013.75000 940.679749[0m
[00:00:03.371,000] [0m<inf> oresat_solar2: 188420.000000 5008.750000 94.748657[0m
[00:00:03.384,000] [0m<inf> oreat_solar2: 189220.000000 5001.250000 946.33654[0m
[00:00:03.397,000] [0m<inf> oresat_solr2: 189880.000000 4996.250000 948.687927[0m
[00:00:03.410,000] [0m<inf> oresat_solar2: 19720.000000 4986.250000 950.977600[0m
[00:0003.423,000] [0m<inf> oresat_solar2: 191500.000000 4980.000000953.669983[0m
[00:00:03.436000] [0m<inf> oresat_solar2: 192320.000000 4972.500000 956.31218[0m
[00:00:03.449,000] [0m<inf> oresat_solar2: 193100.000000 4968.750000 959.465637[0
[00:00:03.462,000] [0m<inf> oresat_solar2:193920.000000 4960.000000 961.843201[0m
[00:00:03.475,000] [0m<inf> oresat_solar2: 194720000000 4953.750000 964.594177[0m
[00:00:03.88,000] [0m<inf> oresat_solar2: 195460.000000 4945.000000 966.549683[0m
[00:00:03.501,000 [0m<inf> oresat_solar2: 196220.000000 4933.750000 968.100403[0m
[00:00:03.514,000] [0m<nf> oresat_solar2: 197300.000000 4922.500000 971.209229[0m
[00:00:03.527,000] [0m<inf> orsat_solar2: 198100.000000 4913.750000 973.413879[0m
[00:00:03.540,000] [0m<inf> oresat_solar2: 198820.000000 4902.500000 974.715027[0m
[00:00:03.553,000] [0m<inf> oresat_solar2: 199680.000000 489.250000 976.684814[0m
[00:00:03.566,000] [0m<inf> oresat_solar2: 200400.000000 4877.50000 977.450989[0m
[00:00:03.579,000] [0m<inf>oresat_solar2: 201200.000000 4867.500000 979.31003[0m
[00:00:03.59ò0*** Booting Zephr OS build v4.2.0 ***

[00:00:00.005,000] [0m<inf> oresat_mxn947_solar: Oresat MCXN947 Solar Board App
[m
[00:00:00.013,000] [0m<inf> oresat_blink: Starting blink dmo[0m
[00:00:00.019,000] [0m<dbg> oresat_blnk: handle_blink: The light is blinking![0m
[00:00:00.026,000] [0m<inf> oresat_solar2: Starting Solar Tracing...[0m
[00:00:00.033,000] [1;31m<err> mcx_lpi2c: SCL GPIO device not ready[0m
[00:00:00.039,000] [0<inf> oresat_solar2: Starting INA226 reading[m
[00:00:00.049,000] [0m<inf> oresat_solar2: -540.000000 5366.250000 -2.897775[0m[00:00:00.062,00] [0m<inf> oresat_solar2: -540.000000 5368.750000 -2.899125[0m
[00:00:00.074,000] [0m<inf> oresat_solar2: -540.000000 367.500000 -2.898450[0m
[00:00:00.087,000] [0m<inf> oresatsolar2: -520.000000 5367.500000 -2.791100[0m
[00:00:00.100,000] [0m<inf> oesat_solar2: -540.000000 5366.250000 -2.897775[0m
[00:00:00112,000] [0m<inf> oresat_solar2: -520.000000 5366.250000 -2.70450[0m
[00:00:00.125,000] [0m<inf> oresat_solar2: -520.00000 5367.500000 -2.791100[0m
[00:00:00.138,000] [0m<inf> oesat_solar2: -580.000000 5368.750000 -3.113875[0m
[00:00:00151,000] [0m<inf> oresat_solar2: -480.000000 5370.000000 -2.57600[0m
[00:00:00.163,000] [0m<inf> oresat_solar2: -580.00000 5367.500000 -3.113150[0m
[00:00:00.176,000] [0m<inf> oresat_solar2: -50.000000 5367.500000 -2.683750[0m
[00:00:00.189,000] [0m<if> oresat_solar2: -520.000000 5366.250000 -2.790450[0m
[00:0:00.201,000] [0m<inf> oresat_solar2: -540.000000 5367.500000-2.898450[0m
[00:00:00.214,000] [0m<inf> oresat_solar2: -50.000000 5367.500000 -2.791100[0m
[00:00:00.227,000] [0m<if> oresat_solar2: -540.000000 5365.000000 -2.897100[0m
[00:00:00.239,000] 0m<inf> oresat_solar2: -540.000000 5365.000000-2.897100[0m
[00:00:00.252,000] [0m<inf> oresat_solar2: -520.000000 5367.500000 -2.791100[0m
[00:00:00.265,000] [0m<inf> oresat_solar: -500.000000 5367.500000 -2.683750[0m
[00:00:00.278,000] 0m<inf> oresat_solar2: -520.000000 5366.250000 -2.790450[0m
[00:00:00.290,000] [0m<inf> oresat_solar2: -520.000000 5366.20000 -2.790450[0m
[00:00:00.303,000] [0m<inf> oresat_solar: -540.000000 5367.500000 -2.898450[0m
[00:00:00.316,000] [0m<inf> oresat_olar2: -540.000000 5367.500000 -2.898450[0m
[00:00:00.328,00] [0m<inf> oresat_solar2: -580.000000 5366.250000 -3.1124250m
[00:00:00.341,000] [0m<inf> oresat_solar2: -540.000000 567.500000 -2.898450[0m
[00:00:00.354,000] [0m<inf> oresat_solar2: -540.000000 5366.250000 -2.897775[0m
[00:00:00.366,000] [0m<inf> orsat_solar2: 1460.000000 5362.500000 7.829250[m
[00:00:00.379,000] [0m<inf oresat_solar2: 2460.000000 5362.500000 13.191
Terminating...
Thanks for using picocom
