picocom v2024-07

port is        : /dev/ttyACM2
flowcontrol    : none
baudrate is    : 115200
parity is      : none
databits are   : 8
stopbits are   : 1
txdelay is     : 0 ns
escape is      : C-a
local echo is  : no
noinit is      : no
noreset is     : no
hangup is      : no
nolock is      : no
send_cmd is    : sz -vv
receive_cmd is : rz -vv -E
imap is        : 
omap is        : 
emap is        : crcrlf,delbs,
logfile is     : none
initstring     : none
exit_after is  : not set
exit is        : no
minimal cmds is: no

Type [C-a] [C-h] to see available commands
Terminal ready
***Booting Zephyr OS build v4.2.0 ***

[00:00:0.005,000] [0m<inf> oresat_mcxn947_solar: Oresat MCXN947 SolaÚBoar‰ App
;˛pm
[0p¸È¡¡π‡¸»¯¯èåü/Ïˇœ8œüË ﬂ7ˇÒáÀœÈÅ◊|X.ÂªùÅ-úAL&íWVVÀÎk¥j5)ˇ*** Booting Zephyr OS build v4.2.0 ***

[0000:00.005,000] [0m<inf> oresat_mcxn947_solar: Oresat MCXN947 Solar Board App
[0m
[00:00:00.013,000] [0m<if> oresat_blink: Starting blink demo[0m
[00:0:00.019,000] [0m<dbg> oresat_blink: handle_blink: The light s blinking![0m
[00:00:00.026,000] [0m<inf> resat_solar2: Starting Solar Tracking...[0m
[00:00:00.033,000] [1;31m<err> mcux_lpi2c: SCL GPIO device notready[0m
[00:00:00.039,000] [0m<inf> oresat_solar2: Starting INA226 reading[0m
[0:00:00.049,000] [0m<inf> oresat_solar2: -500000000 5308.750000 -2.654375[0m
[00:00:00.062,000] [0m<inf> oresat_solar2:-520.000000 5331.250000 -2.772250[0m
[00:00:00.074,000] [0m<inf> oresat_solar2: -500.000000 5347.500000 -2.673750[0m
[00:00:00.087,000] [0m<inf> oresat_solar2: -540.000000 5362.50000 -2.895750[0m
[00:00:00.100,000] [0m<inf> oresat_solar2: -520.000000 537.750000 -2.794350[0m
[00:00:00.112,000] [0m<inf> oresat_soar2: -540.000000 5383.750000 -2.907225[0m
[00:00:00.125,000 [0m<inf> oresat_solar2: -540.000000 5388.750000 -2.909925[0
[00:00:00.138,000] [0m<inf> oresat_solar2: -520.000000 539.250000 -2.806050[0m
[00:00:00.151,000] [0m<inf> oresat_soar2: -520.000000 5402.500000 -2.809300[0m
[00:00:00.163,000] [0m<inf> oresat_solar2: -520.000000 5405.000000 -2.810600[0
[00:00:00.17,000] [0m<inf> oresat_solar2: -500.000000 5407.500000 -2.70370[0m
[00:00:00.189,000] [0m<inf> oresat_solar2: -540.00000 5410.000000 -2.921400[0m
[00:00:00.201,000] [0m<inf> orest_solar2: -520.000000 5411.250000 -2.813850[0m
[00:00:00.214,000] [0m<inf> oresat_solar2: -540.000000 5412.500000 -2.92270[0m
[00:00:0.227,000] [0m<inf> oresat_solar2: -520.00000 5413.750000 -2.815150[0m
[00:00:00.239,000] [0m<inf> oresat_solar2: -500.00000 5415.000000 -2.707500[0m
[00:00:00.252,000] [0m<inf>oresat_solar2: -540.000000 5416.250000 -2.924775[0m
[00:00:00.265,000] [0m<inf> oresat_solar2: -520.000000 5416.250000 -2816450[0m
[0:00:00.278,000] [0m<inf> oresat_solar2: -540.00000 5416.250000 -2.924775[0m
[00:00:00.290,000] [0m<inf> oresat_solar2: -500.000000 5417.500000 -2.708750[0m
[00:00:00.303,000] [0minf> oresat_solar2: -540.000000 5417.500000 -2925450[0m
[0:00:00.316,000] [0m<inf> oresat_solar2: -500.000000 5416.25000 -2.708125[0m
[00:00:00.328,000] [0m<inf> oresat_solar2: 540.000000 5416.250000 -2.924775[0m
[00:00:00.341,000] [0m<inf> oresat_solar2: -520.000000 5418.750000 -2.817750[0m
[00:00:00.354,000][0m<inf> oresat_solar2: -500.000000 5416.25000 -2.708125[0m
[00:00:00.366,000] [0m<inf> oresat_solar2: 1200.000000 5413.750000 6.496500[0m
[00:00:00.379,000] [0m<inf> oresat_solar2: 2160.000000 5413.750000 11.693700[0m
[00:00:00.392,000] [0m<inf> oresatsolar2: 3260.000000 5411.250000 17.640675[0m
[00:00:00.404,00] [0m<inf> oresat_solar2: 4120.000000 5411.250000 22.294350[0m
[00:00:00417,000] [0m<inf> oresat_solar2: 5000.000000 411.250000 27.056250[0m
[00:00:00.430,000] [0m<inf> oresat_solar2: 5800.000000 5410.000000 31.378000[0m
[00:00:00.443,000] [0m<inf> oesat_solar2: 6600.000000 5410.000000 35.706001[0m
[00:00:00455,000] [0m<inf> oresat_solar2: 7400.000000 5410.000000 40.034000[0m
[00:00:00.468,000] [0m<inf> oresat_solar2: 8220.00000 5408.750000 44.459927[0m
[00:00:00.481,000] [0m<inf> oresat_solar2: 9080.000000 5406.250000 49.088749[0m
[00:00:00.493,000] [0m<if> oresat_solar2: 9880.000000 5407.500000 53.46102[0m
[00:0:00.506,000] [0m<inf> oresat_solar2: 10620.000000 5406.250000 57.414375[0m
[00:00:00.519,000] [0m<inf> oresat_solar2: 11400.000000 5406.250000 61.631248[0m
[00:00:0.532,000] [0m<inf> oresat_solar2: 12220.000000 5405.000000 6.049103[0m
[00:00:00.544,000] [0m<inf> oresat_solar2: 1306.000000 5402.500000 70.556648[0m
[00:00:00.57,000] [0m<inf> oresat_solar2: 13860.000000 5403.750000 74.85973[0m
[00:00:00.570,000] [0m<inf> oresat_solar2: 14900.000000 5401.250000 80.478622[0m
[00:00:00.583,000] [0m<inf> resat_solar2: 15720.000000 5398.750000 84.86837[0m
[00:00:00.596,000] [0m<inf> oresat_solar2: 16500.00000 5400.000000 89.099998[0m
[00:00:00.608,000] [0m<inf> oreat_solar2: 17380.000000 5400.000000 93.8519970m
[00:00:00.21,000] [0m<inf> oresat_solar2: 18120.000000 401.250000 97.870651[0m
[00:00:00.634,000] [0m<inf> oresatsolar2: 18960.000000 5397.500000 102.336601[0
[00:00:00.647,000] [0m<inf> oresat_solar2: 19700.000000 5397.500000 106.330750[0m
[00:00:00.660,000] 0m<inf> oresat_solar2: 20560.000000 5396.250000 110.946899[0m
[00:00:00.673,000] [0m<inf> oresat_solar2: 1300.000000 5397.500000 114.966751[0m
[00:0:00.686,000] [0m<inf> oresat_solar2: 22120.0*** Booting Zephyr OS build v4.2.0 ***

[00:00:00.005,000 [0m<inf> oresat_mcxn947_solar: Oresat MCXN94 Solar Board App
[0m
[00:00:00.013,000] [0m<inf> oresat_blink: Starting blink demo[0m
[00:00:00.019,000][0m<dbg> oresat_blink: handle_blink: The light is blinking![0m
[00:00:00.026,000] [0m<inf> oresat_solar2:Starting Solar Tracking...[0m
[00:00:00.033,000] [1;31m<err> mcux_lpi2c: SCL GPIO device not ready[0m
[0:00:00.039,000] [0m<inf> oresat_solar2: Starting INA226 reading[0m
[00:00:00.049,00] [0m<inf> oresat_solar2: -520.000000 5410.00000 -2.813200[0m
[00:00:00.062,000] [0m<inf> oresat_solar2: -540.000000 510.000000 -2.921400[0m
[00:00:00.074,000] [0m<inf> oresat_olar2: -540.000000 5408.750000 -2.920725[0m
[00:00:00.087,000] [0m<inf> oresat_solar2: -520.000000 5411.250000 -2.8138500m
[00:00:00.00,000] [0m<inf> oresat_solar2: -540.000000 5408.750000 -2.92725[0m
[00:00:00.112,000] [0m<inf> oresat_solar2: -500.00000 5411.250000 -2.705625[0m
[00:00:00.125,000] [0m<inf> orsat_solar2: -520.000000 5410.000000 -2.813200[0m
[00:00:00.138,000] [0m<inf> oresat_solar2: -520.000000 5410.000000 -2.81200[0m
[00:0:00.151,000] [0m<inf> oresat_solar2: -500.00000 5408.750000 -2.704375[0m
[00:00:00.163,000] [0m<inf> oresat_solar2: -500.000000 5408.750000 -2.704375[0m
[00:00:00.176,000] [0m<in> oresat_solar2: -540.000000 5408.750000 -2.920725[0m
[00:00:00.189,000] [0m<inf> oresat_solar2: -520.000000 5408.750000 2.812550[0m
[00:00:00.201,000] [0m<inf> oresat_solar2: -54.000000 5406.250000 -2.919375[0m
[00:00:00.214,000] [0m<inf> oresat_solar2: -540.000000 5410.000000 -2.921400[0m
[00:00:00.227,000] [m<inf> oresat_solar2: -540.000000 5407.500000 2.920050[0m
00:00:00.239,000] [0m<inf> oresat_solar2: -520.000000 5410.00000 -2.813200[0m
[00:00:00.252,000] [0m<inf> oresat_solar2 -540.000000 5410.000000 -2.921400[0m
[00:00:00.265,000] [0m<inf> oresat_solar2: -500.000000 5408.750000 -2.704375[0m
[00:00:00.278,00] [0m<inf> oresat_solar2: -580.000000 5410.00000 -3.137800[0m
[00:00:00.290,000] [0m<inf> oresat_solar2: -540.000000 5408.750000 -2.920725[0m
[00:00:00.303,000] [0m<inf> oresat_slar2: -520.000000 5408.750000 -2.812550[0m
[00:00:00.316,000] [0m<inf> oresat_solar2: -520.000000 5407.500000 -2.811900[m
[00:00:00.38,000] [0m<inf> oresat_solar2: -500.000000 548.750000 -2.704375[0m
[00:00:00.341,000] [0m<inf> oresat_solar2: -520.000000 5410.000000 -2.813200[0m
[00:00:00.354,000] [0m<inf> oreat_solar2: -520.000000 5407.500000 -2.811900[m
[00:00:00.36,000] [0m<inf> oresat_solar2: 1200.000000 5407.500000 6.489000[0m
[00:00:0.379,000] [0m<inf> oresat_solar2: 2080.000000 5405.000000 11.242400[0m
[00:00:00.392,000] [0m<inf> oresat_solar2: 3300.00000 5405.000000 17.836500[0m
[00:00:00.404,000] [0m<inf>oresat_solar2: 4100.000000 5402.500000 22.150249[0m
[00:00:00.417,000] [0minf> oresat_solar2: 4880.000000 5402.500000 26364201[0m
[0:00:00.430,000] [0m<inf> oresat_solar2: 5700.000000 5400.000000 30.780001[0m
[00:00:00.443,000] [0m<inf> oresat_solar2: 660.000000 5401.250000 35.972324[0m
[00:00:00.455,000] [0minf> oresat_solar2: 7520.000000 5401.250000 40.617401[0m
[0:00:00.468,000] [0m<inf> oresat_solar2: 8300.000000 5400.00000 44.820000[0m
[00:00:00.481,000] [0m<inf> oresat_solar2: 9100.000000 5398.750000 49.128624[0m
[00:00:00.493,000] [0m<inf> oresat_solr2: 9960.000000 5397.500000 53.759102[0m
[00:00:00.506,000][0m<inf> oresat_solar2: 10660.000000 5397.500000 57.537350[0m
[00:00:00.519,000] [0m<inf> oresat_solar2:11480.000000 5397.500000 61.963299[0m
[00:00:00.532,000] [m<inf> oresat_solar2: 12260.000000 5396.250000 66.158028[0m
[00:00:00.544,000] [0m<inf> oresat_solar2: 1300.000000 5396.250000 70.690872[0m
[00:00:00.557,000] [0m<nf> oresat_solar2: 13880.000000 5396.250000 74.899948[0m
[0:00:00.570,000] [0m<inf> oresat_solar2: 14980000000 5396.250000 80.835823[0m
[00:00:00.583,000] [0m<inf oresat_solar2: 15860.000000 5393.750000 85.544876[0m
[00:0:00.596,000] [0m<inf> oresat_solar2: 16580.00000 5392.500000 89.407654[0m
[00:00:00.608,000] [0m<inf> oesat_solar2: 17380.000000 5392.500000 93.721649[0m
[00:00:0.621,000] [0m<inf> oresat_solar2: 18220.000000 5392.500000 98251350[0m
[00:00:00.634,000] [0m<inf> orest_solar2: 18960.000000 5391.250000 102.218102[0m
[00:00:00.647,000] [0m<inf> oresat_solar2: 19820.000000 390.000000 106.829803[0m
[00:00:00.660,000] [0m<inf> oresat_solar2: 20600.000000 5391.250000 111.059753[m
[00:00:00.673,000] [0m<inf> oresat_solar2 21380.000000 5390.000000 115.238197[0m
[00:00:00.686,000] [0m<inf> oresat_solar2: 22220.000000 5388.75000 119.738022[0m
[00:00:00.699,000] [0m<inf oresat_solar2: 22960.000000 5388.750000 123.725700[0m
[00:00:00.711,000] [0m<inf> oresat_solar2: 23800.00000 5387.500000 128.222504[0m
[00:00:00.72,000] [0m<inf> oresat_solar2: 24560.000000 5386.250000 132.28301[0m
[00:00:00.737,000] [0m<inf> oresat_olar2: 25680.000000 5386.250000 138.318893[0m
[00:00:00.750,000] [0m<inf> oresat_solar2: 26380.000000 538.750000 142.023331[0m
[00:00:00.763,000] [m<inf> oresat_solar2: 27180.000000 5383.750000 146.330322[0m
[00:00:00.776,000] [0m<inf> oresat_solar2: 28020.000000 5383.750000 150.852676[0m
[00:0000.789,000] [0m<inf> oresat_solar2: 28780.000000 5382.500000 54.908356[0m
[00:00:00.802,000] [0m<inf> oesat_solar2: 29580.000000 5382.500000 159.214355[0m
[00:00:00.815,000] [0m<inf> oresat_solar2: 30480.00000 5381.250000 164.020493[0m
[00:00:00.828,00] [0m<inf> oresat_solar2: 31260.000000 5378.50000 168.139725[0m
[00:00:00.840,000] [0m<inf> oresat_solar2: 31920.000000 5377.500000 171.649796[0m
[00:00:00.853,000] [0m<inf> oresat_solar2: 32760.000000 5380.000000 176.248795[0m
[00:00:00.866,000] [0m<inf> oresat_solar2: 33580.000000 5377.500000 18.576447[0m
[00:00:00.879,000] [0m<inf> oreat_solar2: 34460.000000 5378.750000 185.351730[0m
[00:00:00.892,000] [0m<inf> oresat_solar2: 35280.0000005377.500000 189.718201[0m
[00:00:00.905,000] [0m<inf> oresat_solar2: 36220.000000 5377.500000 194.7730560m
[00:00:00.918,000] [0m<inf> oresat_solar: 37020.000000 5375.000000 198.982498[0m
[00:00:00.931,000][0m<inf> oresat_solar2: 37920.000000 5373.75000 203.772598[0m
[00:00:00.944,000] [0m<in> oresat_solar2: 38620.000000 5375.000000 207.582504[0m
[00:00:00.957,000] [0m<inf> oresat_solar2: 39480.00000 5372.500000 212.106293[0m
[00:00:00.99,000] [0m<inf> oresat_solar2: 40300.000000 5372.500000 216.51749[0m
[00:00:00.982,000] [0m<inf> oresatsolar2: 41020.000000 5373.750000 220.431229[0m
[00:00:00.995,000] [0m<inf> oresat_solar2: 41920.000000 531.250000 225.162796[0m
[00:00:01.008,000] [0m<inf> oresat_solar2: 42620.000000 5371.250000 228.922668[0m
[00:00:01.021,000] [0m<inf> oresat_solar2: 3420.000000 5371.250000 233.219681[0m
[00:00:01.028,000] [0m<dbg> oresat_blink: handle_blink: The light isblinking![0m
[00:00:01.039,000] [0m<inf> oresat_solar2: 44180.00000 5371.250000 237.301819[0m
[00:00:01.052,00] [0m<inf> oresat_solar2: 44960.000000 5370.000000 241.43519[0m
[00:00:01.065,000] [0m<inf> oresat_solr2: 45780.000000 5370.000000 245.838593[0m
[00:00:01.078,000] [0m<inf> oresat_solar2: 46600.000000 5367.50000 250.125504[0m
[00:00:01.091,000] [0m<nf> oresat_solar2: 47500.000000 5368.750000 255.015625[0m
[00:00:01.104,000] [0m<inf> oresat_solar2: 4832.000000 5366.250000 259.297211[0m
[00:00:01117,000] [0m<inf> oresat_solar2: 49160.000000 5365.000000 263743408[0m
[00:00:01.130,000] [0m<inf> orest_solar2: 49880.000000 5366.250000 267.6685490m
[00:00:01.142,000] [0m<inf> oresat_solar2: 50680.000000 5365.000000 271.898193[0m
[00:00:01.155,000][0m<inf> oresat_solar2: 51480.000000 5365.00000 276.190186[0m
[00:00:01.168,000] [0m<inf> oresat_solar2 52120.000000 5365.000000 279.623810[0m
[0000:01.181,000] [0m<inf> oresat_solar2: 52960.000000 5362.500000 283.997986[0m
[00:00:01.194,000] [0m<inf oresat_solar2: 53680.000000 5362.500000 287.89009[0m
[00:00:01.207,000] [0m<inf> oresat_solar2: 54500.000000 5360.000000 292.119995[0m
[00:00:01.22,000] [0m<inf> oresat_solar2: 55320.000000 531.250000 296.584351[0m
[00:00:01.233,000] [0m<inf> oresat_olar2: 55980.000000 5361.250000 300.122772[0m
[00:00:01.246,000] [0m<inf> oresat_solar2: 6920.000000 5358.750000 305.020050[0m
[00:00:01.259,000] [0m<inf> oresat_solar2: 57780.000000 5358.750000309.628571[0m
[00:00:01.271,000] [0m<inf> resat_solar2: 58660.000000 5357.500000 314.270935[0m
[00:0001.284,000] [0m<inf> oresat_solar2: 59380.00000 5357.500000 318.128357[0m
[00:00:01.297,000] [0m<inf> oresat_solar2: 60200.000000 5356.250000 322.44629[0m
[00:00:01.310,000] [0m<inf> oresat_soar2: 60920.000000 5356.250000 326.302765[0m
[00:00:01.323,00] [0m<inf> oresat_solar2: 61700.000000 5353.50000 330.326385[0m
[00:00:01.336,000] [0minf> oresat_solar2: 62560.000000 5353.750000 334.930603[0m
[00:00:01.349,000] [0m<inf> oresat_solar2: 6320.000000 5352.500000 338.385040[0m
[00:00:0.362,000] [0m<inf> oresat_solar2: 64000.000000 5351.250000 34.480011[0m
[00:00:01.375,000] [0m<inf> oreat_solar2: 64800.000000 5351.250000 346.760986[0m
[00:00:01.388,000] [0m<inf> oresat_solar2: 65620.000000 5351.250000 351.149017[0m
[00:00:01.400,000 [0m<inf> oresat_solar2: 66400.000000 5350.00000 355.239990[0m
[00:00:01.413,000] [0m<inf> oresat_solar: 67100.000000 5348.750000 358.901123[0m
[0:00:01.426,000] [0m<inf> oresat_solar2: 68080.000000 5347.500000 364.057800[0m
[00:00:01.439,000] [0m<in> oresat_solar2: 68920.000000 5347.500000 368.49713[0m
[00:00:01.452,000] [0m<inf> oresat_solar2: 69600.000000 5347.500000 372.186005[0m
[00:00:01.45,000] [0m<inf> oresat_solar2: 70480.000000 547.500000 376.891815[0m
[00:00:01.478,000] [0m<inf> oresatsolar2: 71100.000000 5346.250000 380.118378[0
[00:00:01.491,000] [0m<inf> oresat_solar2:71900.000000 5345.000000 384.305511[0m
[00:00:01.504,000] [0m<inf> oresat_solar2: 72660.000000 5345.00000 388.367706[0m
[00:00:01.517,000] [0m<inf>oresat_solar2: 73480.000000 5342.500000 392.566895[0m
[00:0:01.529,000] [0m<inf> oresat_solar2: 74260.00000 5341.250000 396.641235[0m
[00:00:01.542,000] [0m<inf> oresat_solar2: 75020.000000 5341.250000 400.70062[0m
[00:00:01.555,000] [0m<inf> oresat_slar2: 76300.000000 5341.250000 407.537384[0m
[00:00:01.568,00] [0m<inf> oresat_solar2: 77200.000000 5340000000 412.247986[0m
[00:00:01.581,000] [0<inf> oresat_solar2: 77900.000000 5340.000000 415.985992[0m
[00:00:01.594,000] [0m<inf> oresat_solar2: 7860.000000 5338.750000 420.479950[0m
[00:00:1.607,000] [0m<inf> oresat_solar2: 79720.000000 5337.500000 45.505493[0m
[00:00:01.620,000] [0m<inf> orsat_solar2: 80580.000000 5336.250000 429.995026[0m
[00:00:01.633,000] [0m<inf> oresat_solar2: 81360.00000 5337.500000 434.259003[0m
[00:00:01.646,00] [0m<inf> oresat_solar2: 82100.000000 5335.000000 438.003510[0m
[00:00:01.658,000] [0m<inf> oresat_sola2: 82900.000000 5333.750000 442.167877[0m
[0:00:01.671,000] [0m<inf> oresat_solar2: 83700.000000 5332.50000 446.330261[0m
[00:00:01.684,000] [0m<if> oresat_solar2: 84420.000000 5333.750000 450.275177[0m
[00:00:01.697,000] [0m<inf> oresat_solar2: 85260000000 5332.500000 454.648956[0m
[00:00:01.10,000] [0m<inf> oresat_solar2: 86060.000000 5330.000000 458.699799[0m
[00:00:01.723,000] [0m<inf> oresa_solar2: 86820.000000 5330.000000 462.750610[m
[00:00:01.736,000] [0m<inf> oresat_solar2: 87580.000000 5328.750000 466.691925[0m
[00:00:01.749,000] [0m<inf> oresat_solar2: 88380.000000 5330.00000 471.065399[0m
[00:00:01.762,000] [0m<inf> oresat_solar2: 89200.000000 5327.500000 475.213013[0m
[00:0:01.775,000] [0m<inf> oresat_solar2: 90200.000000 5327.50000 480.540497[0m
[00:00:01.787,000] [0m<inf>oresat_solar2: 91060.000000 5327.500000 485.12162[0m
[00:00:01.800,000] [0m<inf> oresat_solar2: 91880.000000 5326.250000 489.375854[0m
[00:00:01.813000] [0m<inf> oresat_solar2: 92520.000000 532.000000 492.669006[0m
[00:00:01.826,000] [0m<inf> oresat_solar2: 93380.000000 5323.750000 497.131775[0m[00:00:01.839,000] [0m<inf> oresat_solar2: 9160.000000 5322.500000 501.166595[0m
[00:00:01.852,000] [0m<inf> oresat_solar2: 94980.000000 5321.250000 05.412323[0m
[00:00:01.865,000] [0m<inf> oesat_solar2: 95760.000000 5321.250000 509.562897[0m
[00:00:01.878,000] [0m<inf> oresat_solar2: 96620.00000 5320.000000 514.018372[0m
[00:00:01.891,00] [0m<inf> oresat_solar2: 97300.000000 5318.750000 517.51440[0m
[00:00:01.904,000] [0m<inf> oresat_solar2: 98160.000000 5317.500000 521.965820[0m
[00:00:01.916,00] [0m<inf> oresat_solar2: 98900.000000 5317.50000 525.900757[0m
[00:00:01.929,000] [0m<inf> oresat_solar2: 99700.000000 5317.500000 530.154724[0m
[0:00:01.942,000] [0m<inf> oresat_solar2: 10060.000000 5317.500000 535.365906[0m
[00:00:0.955,000] [0m<inf> oresat_solar2: 101480.00000 5316.250000 539.493042[0m
[00:00:01.968,00] [0m<inf> oresat_solar2: 102320.000000 5315.000000 543.83081[0m
[00:00:01.981,000] [0m<inf> oresat_solar2: 103100.000000 5311.250000 547.589905[0m[00:00:01.994,000] [0m<inf> oresat_solar2: 13900.000000 5311.250000 551.838867[0m
[00:0:02.007,000] [0m<inf> oresat_solar2: 104680.00000 5311.250000 555.981628[0m
[00:00:02.02,000] [0m<inf> oresat_solar2: 105380.000000 5310.000000 559.567810[0m
[00:00:02.033,000] [0m<inf> oresat_solar2: 106180.000000 5307.500000 563.550354[m
[00:00:02.041,000] [0m<dbg> oresat_blink: handle_blink: The light is blinking![0m
[00:00:02.05,000] [0m<inf> oresat_solar2: 107000.000000 5308.750000 568.06255[0m
[00:00:02.065,000] [0m<inf> oresat_solar2: 107880.000000 5306.250000 572.438232[m
[00:00:02.078,000] [0m<inf> oresat_solar2 108580.000000 5307.500000 576.288330[0m
[00:00:02.091,000] [0m<inf> oresat_solar2: 10936.000000 5306.250000 580.291504[0m
[00:00:02104,000] [0m<inf> oresat_solar2: 110120.000000 5305.000000 584.186584[0m
[00:00:02.117,00] [0m<inf> oresat_solar2: 111000.000000 5303.750000 588.716248[0m
[00:00:02.130,000] [0m<inf> oresat_solar2: 112020.000000 5302.500000 593.986023[0m
[00:00:02.143,000] [0m<inf> oresat_solar2: 112700.000000 5303.750000 597.732605[0m
[00:00:02.156,000] [0m<inf> oresat_solar2: 113580.00000 5300.000000 601.973999[0m
[00:00:02.169000] [0m<inf> oresat_solar2: 114400.000000 528.750000 606.177002[0m
[00:00:02.182,000] 0m<inf> oresat_solar2: 115180.000000 5297.50000 610.166077[0m
[00:00:02.195,000] [0m<inf oresat_solar2: 115900.000000 5298.750000 614.125122[0m
[00:00:02.208,000] [0m<inf> oresa_solar2: 116760.000000 5296.250000 618.390137[0m
[00:00:02.221,000] [0m<inf> oresat_solar2: 117480.000000 5296.250000 622.203430[0m
[0:00:02.234,000] [0m<inf> oresat_solar2: 118220.000000 5295.00000 625.974915[0m
[00:00:02.247,000] [0m<inf> oresat_solar2: 119020.000000 5293.750000 60.062134[0m
[00:00:02.260,000] [0m<inf> orsat_solar2: 119880.000000 5293.750000 634.61476[0m
[00:00:02.273,000] [0m<inf> oresat_soar2: 120660.000000 5291.250000 638.442200[0m
[00:00:02.286,000] [0m<inf> oresat_solar2: 11380.000000 5290.000000 642.100220[0m
[00:0:02.299,000] [0m<inf> oresat_solar2: 122460.000000 5288.750000 647.660339[0m
[00:00:02.31,000] [0m<inf> oresat_solar2: 123180.000000 5288.750000 651.48201[0m
[00:00:02.325,000] [0m<inf> oresat_solar2: 123960.000000 5287.500000 655.438477[m
[00:00:02.338,000] [0m<inf> oresat_solar2 124760.000000 5286.250000 659.512573[0m
[00:00:02.351,000] [0m<inf> oresat_solar2: 12558.000000 5285.000000 663.690308[0m
[00:00:02364,000] [0m<inf> oresat_solar2: 126360.00000 5283.750000 667.654663[0m
[00:00:02.377,00] [0m<inf> oresat_solar2: 127060.000000 5285.000000 671.512085[0m
[00:00:02.390,000] [0minf> oresat_solar2: 127920.000000 5282.500000 675.737427[0m
[00:00:02.403,000] [0m<inf> oresat_solar2: 12720.000000 5281.250000 679.802490[0m
[00:00:02.416,000] [0m<inf> oresat_solar2: 129520.000000 5282.500000 684.189392[0m
[00:00:02.429000] [0m<inf> oresat_solar2: 130280.000000 520.000000 687.878418[0m
[00:00:02.442,000] 0m<inf> oresat_solar2: 131080.000000 5278.75000 691.938538[0m
[00:00:02.455,000] [0m<inf oresat_solar2: 131820.000000 5277.500000 695.680054[0m
[00:00:02.468,000] [0m<inf> oresat_solar2: 132860.000000 5277.500000 701.168640[0m
[00:00:02.481,000] [0m<inf> oresat_solar2: 133660.000000 5275.000000 705.056519[0m
[0:00:02.494,000] [0m<inf> oresat_solar2: 134460.000000 5275.00000 709.276489[0m
[00:00:0.507,000] [0m<inf> oresat_solar2: 135260.000000 5273.750000 73.327454[0m
[00:00:02.520,000] [0m<inf> orsat_solar2: 136080.000000 5273.750000 717.65197[0m
[00:00:02.533,000] [0m<inf> oresat_soar2: 136800.000000 5268.750000 720.765015[0m[00:00:02.546,000] [0m<inf> oresat_solar2: 17600.000000 5268.750000 724.979980[0m
[00:0:02.559,000] [0m<inf> oresat_solar2: 138300.000000 5271.25000 729.013855[0m
[00:00:02.57,000] [0m<inf> oresat_solar2: 139180.000000 5268.750000 733.34626[0m
[00:00:02.585,000] [0m<inf> oresatsolar2: 140000.000000 5266.250000 737.275024[m
[00:00:02.598,000] [0m<inf> oresat_solar2 140700.000000 5265.000000 740.785522[0m
[00:00:02.611,000] [0m<inf> oresat_solar2: 14150.000000 5266.250000 745.174377[0m
[00:00:02624,000] [0m<inf> oresat_solar2: 142380.00000 5266.250000 749.808655[0m
[00:00:02.637,00] [0m<inf> oresat_solar2: 143160.000000 5263.750000 753.55847[0m
[00:00:02.650,000] [0minf> oresat_solar2: 144080.000000 5262.500000 758.221008[0m
[00:00:02.663,000] [0m<inf> oresat_solar2: 144920.000000 5261.250000 762.460327[0m
[00:00:02.676,000] [0m<inf> oresat_solar2: 145780.00000 5260.000000 766.802795[0m
[00:00:02.689,000] [0m<inf> oresat_solar2: 146480.000000 520.000000 770.484802[0m
[00:00:02.702,000] 0m<inf> oresat_solar2: 147300.000000 5258.750000 774.613892[0m
[00:00:02.715,000] [0m<inf oresat_solar2: 148060.000000 5257.500000 778.425476[0m
[00:00:02.728,000] [0m<inf> oresat_solar2: 148860.000000 5255.000000 782.259277[0m
[00:00:02.741,000] [0m<inf> oresat_solar2: 149660.000000 5253.750000 786.276245[0m
[0:00:02.754,000] [0m<inf> oresat_solar2: 150460.000000 5253.70000 790.479248[0m
[00:00:02.767,000] [0m<nf> oresat_solar2: 151220.000000 5251.250000 74.094055[0m
[00:00:02.780,000] [0m<inf> orsat_solar2: 151980.000000 5250.000000 797.895020[0m
[00:00:02.793,000] [0m<inf> oresat_soar2: 152760.000000 5248.750000 801.799072[0m
[00:00:02.806,000] [0m<inf> oresat_solar2: 153600.000000 5248.750000 806.208008[0m
[00:0:02.819,000] [0m<inf> oresat_solar2: 154600.000000 5247.50000 811.263489[0m
[00:00:02.832,000] [0m<inf> oresat_solar2: 155400.000000 5245.000000 815.02998[0m
[00:00:02.845,000] [0m<inf> oresatsolar2: 156180.000000 5245.000000 819.164124[m
[00:00:02.858,000] [0m<inf> oresat_solar2 156960.000000 5243.750000 823.059021[0m
[0:00:02.871,000] [0m<inf> oresat_solar2: 15776.000000 5241.250000 826.859619[0m
[00:00:02884,000] [0m<inf> oresat_solar2: 158560.000000 5241.250000 83.052612[0m
[00:00:02.897,00] [0m<inf> oresat_solar2: 159300.000000 5241.250000 834.93115[0m
[00:00:02.910,000] [0m<inf> oresat_solr2: 160060.000000 5240.000000 838.714417[0m
[00:00:02.923,000] [0m<inf> oresat_solar2: 16880.000000 5238.750000 842.810120[0m
[00:0002.936,000] [0m<inf> oresat_solar2: 161680.00000 5237.500000 846.799011[0m
[00:00:02.949000] [0m<inf> oresat_solar2: 162420.000000 5237.500000 850.674744[0m
[00:00:02.962,000] 0m<inf> oresat_solar2: 163180.000000 5236.250000 854.451294[0
[00:00:02.975,000] [0m<inf> oresat_solar2:164000.000000 5235.000000 858.539978[0m
[00:00:02.988,000] [0m<inf> oresat_solar2: 165100000000 5233.750000 864.092102[0m
[00:00:03.01,000] [0m<inf> oresat_solar2: 165860.0000005230.000000 867.447815[0m
[00:00:03.014,000] [0m<inf> oresat_solar2: 166680.000000 5230.00000 871.736389[0m
[00:00:03.027,000] [0m<nf> oresat_solar2: 167460.000000 5228.750000 875.606445[0m
[00:00:03.040,000] [0m<inf> orsat_solar2: 168220.000000 5225.000000 878.949524[0m
[00:00:03.048,000] [0m<dbg> oresat_blink: handle_blink: Th light is blinking![0m
[00:00:03.059,000] [0m<inf> oresat_solar2: 68960.000000 5227.500000 883.238403[0m
[00:0:03.072,000] [0m<inf> oresat_solar2: 169860.00000 5226.250000 887.730835[0m
[00:00:03.05,000] [0m<inf> oresat_solar2: 170560.000000 5225.000000 891.176025[0m
[00:00:03.098,000][0m<inf> oresat_solar2: 171320.000000 5222.500000 894.718689[0m
[00:00:03.111,000] [0m<inf> oresat_solar2: 172100.000000 5222.500000 898.792236[0m
[00:00:03.124,000] [0m<inf> oresat_solar2: 172960.000000 5220.000000 902.851196[0m
[00:00:03.137,000] [0m<inf> oresat_solar2: 173680.00000 5217.500000 906.175415[0m
[00:00:03.150,00] [0m<inf> oresat_solar2: 174420.000000 5218750000 910.254395[0m
[00:00:03.163,000] [0<inf> oresat_solar2: 175180.000000 5217.500000914.001648[0m
[00:00:03.176,000] [0m<inf> resat_solar2: 176280.000000 5215.000000 919.300171[0m
[00:00:03.189,000] [0m<inf> oresat_olar2: 177100.000000 5213.750000 923.355103[0m
[00:00:03.202,000] [0m<inf> oresat_solar2: 177820.000000 5215.000000 927.331299[0m
[0000:03.215,000] [0m<inf> oresat_solar2: 178600.000000 5212.500000 930.952515[0m
[00:00:03.228,000] [0m<inf> oresat_solar2: 179400.000000 5208.750000 934449768[0m
[00:00:03.241,000] [0m<inf> oresat_solar2: 180120.000000 5208.750000 938.200073[0m
[00:00:03.254,000] [0m<inf> oresat_sola2: 180920.000000 5208.750000 942.367065[0m
[00:00:03.267,000] [0m<inf> oresat_solar2: 18160.000000 5207.500000 946.515198[0m
[00:00:3.280,000] [0m<inf> oresat_solar2: 182520.00000 5203.750000 949.788452[0m
[00:00:03.293,00] [0m<inf> oresat_solar2: 183380.000000 5202.500000 954.03424[0m
[00:00:03.306,000] [m<inf> oresat_solar2: 184060.000000 5201.250000 957.342102[0m
[00:00:03.319,000] [0m<inf> oresat_solar2: 184880.000000 5200.000000 961.375977[0m
[00:00:03.332,000] [0m<inf> oresat_solar2: 185760.000000 5198.750000 965.719788[0m
[00:00:03.35,000] [0m<inf> oresat_solar2: 186760.000000 197.500000 970.685120[0m
[00:00:03.358,000][0m<inf> oresat_solar2: 187480.000000 5195.00000 973.958618[0m
[00:00:03.371,000] [0m<if> oresat_solar2: 188300.000000 5193.750000 977.983154[0m
[00:00:03.384,000] [0m<inf> oreat_solar2: 189060.000000 5192.500000 981.694031[0m
[00:00:03.397,000] [0m<inf> oresat_solar2: 189820.000000 5191.250000 985.403076[0m
[00:00:03.410,000] [0m<inf> oresat_solar2: 190620.000000 5191250000 989.556091[0m
[00:0003.423,000] [0m<inf> oresat_solar2: 191420.000000 5188.750000993.230530[0m
[00:00:03.436,000] [0m<inf> resat_solar2: 192180.000000 5187.500000 996.93777[0m
[00:00:03.449,000] [0m<inf> oresat_olar2: 193000.000000 5186.250000 1000.946228[m
[00:00:03.462,000] [0m<inf> oresat_solar2: 193800.000000 5183.750000 1004.610779[0m
[00:00:03.475,000] [0m<inf> oreat_solar2: 194600.000000 5182.500000 1008.514526[0m
[00:00:03.488,000] [0m<inf> oresat_soar2: 195380.000000 5181.250000 1012.312622[0m
[00:00:03.501,000] [0m<inf> oresat_solar2: 96080.000000 5178.750000 1015.449280[0m
[00:00:03.514,000] [0m<inf> oresat_solar2: 197260000000 5177.500000 1021.313660[0m
[00:00:03.527,000] [0m<inf> oresat_sola2: 198000.000000 5175.000000 1024.650024[0m
[00:00:03.541,000] [0m<inf> oresat_solar2: 19760.000000 5173.750000 1028.334595[0m
[00:00:03.554,000] [0m<inf> oresat_solar2: 199560.00000 5168.750000 1031.475708[0m
[00:00:03.567,000] [0m<inf> oresat_solar2: 200260.000000 5168.750000 1035.093872[0m
[00:00:03.580,000] [0m<inf> oresat_solar2: 20100.000000 5166.250000 1038.829590[0m
[00:00:03.593,000] [0m<inf> oresat_solar2: 201820.00000 5166.250000 1042.652588[0m
[00:00:03.606,000] [0m<inf> oresat_solar2: 202600.000000 5163.750000 1046.175781[0m
[0000:03.619,000] [0m<inf> oresat_solar2: 203480000000 5162.500000 1050.465454[0m
[00:00:03.632,000] [0m<inf> oresat_solar2: 204200.00000 5161.250000 1053.927246[0m
[00:00:03.645,000] [0m<inf> oresat_solar2: 205000.000000 5160.000000 1057.800049[0m
[00:0:03.658,000] [0m<inf> oresat_solar2: 205800.00000 5158.750000 1061.670776[0m
[00:00:03.672,000] [0m<inf> oresat_solar2: 206600.000000 157.500000 1065.539551[0m
[0:00:03.685,000] [0m<inf> oresat_solar2: 207360.000000 5155.000000 1068.940796[0m
[00:00:3.698,000] [0m<inf> oresat_solar2: 208360.00000 5151.250000 1073.314453[0m
[00:00:03.711,000] [0m<inf> oresat_solar2: 209200.000000 510.000000 1077.380005[0m
[0000:03.724,000] [0m<inf> oresat_solar2: 209900.000000 5147.500000 1080.460205[0m
[00:00:03737,000] [0m<inf> oresat_solar2: 210620.00000 5147.500000 1084.166504[0m
[00:00:03.750,000] [0m<inf> oresat_solar2: 211480.000000 5145000000 1088.064575[0m
[00:0:03.763,000] [0m<inf> oresat_solar2: 212280.000000 5143.750000 1091.915283[0m
[00:00:03.76,000] [0m<inf> oresat_solar2: 213080.000000 141.250000 1095.497559[0m
[00:00:03.789,000 [0m<inf> oresat_solar2: 213820.000000 5137.50000 1098.500244[0m
[00:00:3.803,000] [0m<inf> oresat_solar2: 214620.000000 5135.000000 1102.073730[0m
[00:00:03.816000] [0m<inf> oresat_solar2: 215420.000000 513.750000 1105.912476[0m
[00:00:03.829,000] [0m<inf> oresat_solar2: 216180.000000 5132.50000 1109.543823[0m
[00:00:03842,000] [0m<inf> oresat_solar2: 216920.000000 5128.750000 112.528442[0m
[00:00:03.855,00] [0m<inf> oresat_solar2: 217700.000000 5128750000 1116.528931[0m
[00:00:03.868,000] [0m<inf> oresat_solar2: 218780.000000 5123.75000 1120.973999[0m
[00:00:03.81,000] [0m<inf> oresat_solar2: 219620.000000 5122.500000 1125.003418[0m
[00:00:03.894,000 [0m<inf> oresat_solar2: 220280.000000 5120.00000 1127.833618[0m
[00:00:03.907,000] [0m<inf> oresat_solar2: 221100.000000 5117.500000 131.479248[0m
[00:00:03.920000] [0m<inf> oresat_solar2: 221880.000000 5116.250000 1135.13604[0m
[00:00:03.934,000] [0m<inf> oresat_solar2: 222760.000000 5113.750000 1139.138916[0m
[00:00:03.947,000] [0m<if> oresat_solar2: 223460.000000 5108.750000 1141.601318[0m
[00:00:03.960,000] [0m<inf> orsat_solar2: 224180.000000 5106.250000 1144.71916[0m
[00:00:03.973,000] [m<inf> oresat_solar2: 224980.000000 5105.000000 1148.522949[0
[00:00:03.986,000] [0m<inf oresat_solar2: 225780.000000 5103.750000 1152.324707[0m
[00:00:03.999,000] [0m<inf> orest_solar2: 226660.000000 5098.750000 1155.68261[0m
[00:00:04.012,000] [0m<inf> oresat_solar2: 227360.000000 5098.750000 1159.251831[0m[00:00:04.025,000] [0m<inf> resat_solar2: 228160.000000 5096.250000 1162.760376[0m
[00:00:04.038,000] [0m<inf> oresatsolar2: 229220.000000 5093.750000 1167.589355[0m
[00:00:04.051,000] [0m<inf> oresat_solar: 230020.000000 5090.000000 1170.801758[0m
[00:00:04.059,000] [0m<dbg> oresat_blink: handle_blink: The ligt is blinking![0m
[00:00:04.070,000] [0m<inf> oresa_solar2: 230780.000000 5083.750000 1173.227783[0m
[00:00:04.083,000] [0m<inf> oresat_solar2: 231580.000000 5081.250000 1176.715820[0m
[00:00:04.096,000] [0m<inf> oesat_solar2: 232360.000000 5078.750000 1180.098389[0m
[00:00:04.109,000] [0m<inf> oresat_olar2: 233160.000000 5073.750000 1182.995605[m
[00:00:04.122,000] [0m<inf> oresat_solar2: 233900.000000 5070.000000 1185.873047[0m
[00:00:04.135,000] [0m<inf> oreat_solar2: 234700.000000 5067.500000 1189.342285[0m
[00:00:04.148,000] [0m<inf> oresat_soar2: 235480.000000 5063.750000 1192.411865[0m
[00:00:04.161,000] [0m<inf> oresat_solar2: 36280.000000 5061.250000 1195.872192[0m
[00:00:04.175,000] [0m<inf> oresat_solar2: 237000.000000 5057.500000 1198.627441[0m
[00:00:04.188,000] [0m<inf> oresat_sola2: 237760.000000 5052.500000 1201.282349[0m
[00:00:04.201,000] [0m<inf> oresat_solar2: 23600.000000 5047.500000 1204.333496[0m
[00:00:04.214,000] [0m<inf> oresat_solar2: 239360.00000 5042.500000 1206.972778[0m
[00:00:04.227,000] [0m<inf> oresat_solar2: 240380.000000 5040.000000 1211.515259[0m
[0:00:04.240,000] [0m<inf> oresat_solar2: 24120.000000 5036.250000 1214.844238[0m
[00:00:4.253,000] [0m<inf> oresat_solar2: 241920.00000 5030.000000 1216.857544[0m
[00:00:04.266,000] [0m<inf> oresat_solar2: 242700.000000 508.750000 1220.477661[0m
[0000:04.279,000] [0m<inf> oresat_solar2: 243500.000000 5023.75000 1223.283081[0m
[00:00:04292,000] [0m<inf> oresat_solar2: 244200.00000 5018.750000 1225.578735[0m
[00:00:04.306,00] [0m<inf> oresat_solar2: 245020.000000 5016250000 1229.081543[0m
[00:0:04.319,000] [0m<inf> oresat_solar2: 245860.000000 5010.00000 1231.758545[0m
[00:00:04.32,000] [0m<inf> oresat_solar2: 246620.000000 5005.000000 1234.333130[0m
[00:00:04.345,000 [0m<inf> oresat_solar2: 247400.000000 4998.70000 1236.690796[0m
[00:00:04.358,000] [0m<inf> oresat_solar2: 248200.000000 4993.750000 239.448730[0m
[00:00:04.371000] [0m<inf> oresat_solar2: 249080.000000 4988.750000 1242.597900[0m
[00:00:04.384,000] [0m<inf> oresat_solar2: 249800.000000 4982.500000 1244.628540[0m
[00:00:04.397,000] [0m<if> oresat_solar2: 250860.000000 4972.500000 127.401367[0m
[00:00:04.410,000] [0m<inf> oresat_solar2: 251600.000000 4966.250000 1249.50845[0m
[00:00:04.423,000] [m<inf> oresat_solar2: 252280.000000 4958.750000 1250.993408[0m
[00:00:04.437,000] [0m<inf oresat_solar2: 253180.000000 4951.250000 1253557495[0m
[00:00:04.450,000] [0m<inf> oresat_solar2: 254000.000000 4943.750000 1255.71252[0m
[00:00:04.463,000] [0minf> oresat_solar2: 254700.000000 4932.500000 1256.307739[0m[00:00:04.476,000] [0m<inf> resat_solar2: 255500.000000 4923.750000 1258.018066[0m
[00:00:04.489,000] [0m<inf> oresatsolar2: 256280.000000 4912.500000 1258.9754640m
[00:00:04.502,000] [0m<inf> oresat_solar2: 257120.000000 4905.000000 1261.173584[0m
[00:00:04.515,000] [0m<inf> orsat_solar2: 257780.000000 4895.000000 1261.833130[0m
[00:00:04.528,000] [0m<inf> oresat_slar2: 258680.000000 4885.000000 1263.651855[0m
[00:00:04.541,000] [0m<inf> oresat_solar2:259400.000000 4875.000000 1264.574951[0m
[00:00*** Booting Zephyr OS build v4.2.0 ***

[00:00:00.005,000] [0m<inf> oresat_mcxn947solar: Oresat MCXN947 Solar Board App
[0m
[00:00:00.013,000] [0m<inf> oresat_blink: Starting blink demo[0
[00:00:00.019,000] [0m<dbg> oresat_blink: handle_blink: The light is blinking![0m
[00:00:00.026,000] [0<inf> oresat_solar2: Starting Solar Tracking...[0m
[00:00:00.033,000] [1;31m<err> mcux_lpi2c: SCL GPIO devce not ready[0m
[00:00:00.039,000] [0m<inf> oresat_solar2: Starting INA226 reading[0m
[00:00:00.049,000] [0m<inf> oresat_solar: -540.000000 5402.500000 -2.917350[0m
[00:00:00.062,000] [0m<inf> oresat_olar2: -540.000000 5402.500000 -2.917350[0m
[00:00:00.074,00] [0m<inf> oresat_solar2: -520.000000 5400.000000 -2.8080000m
[00:00:00.087,000] [0m<inf> oresat_solar2: -540.000000 502.500000 -2.917350[0m
[00:00:00.100,000] [0m<inf> oresat_solar2: -520.000000 5401.250000 -2.808650[0m
[00:00:00.112,000] [0m<inf> orsat_solar2: -500.000000 5402.500000 -2.701250[0m
[00:00:00.25,000] [0m<inf> oresat_solar2: -540.000000 5400.000000 -2.916000[0m
[00:00:00.138,000] [0m<inf> oresat_solar2: -540.00000 5401.250000 -2.916675[0m
[00:00:00.151,000] [0m<inf> orsat_solar2: -540.000000 5400.000000 -2.916000[0m
[00:00:00.163,000] [0m<inf> oresat_solar2: -500.000000 5401.250000 -2.70625[0m
[00:0:00.176,000] [0m<inf> oresat_solar2: -540.000000 5401.250000 2.916675[0m
[00:00:00.189,000] [0m<inf> oresat_solar2: -50.000000 5401.250000 -2.700625[0m
[00:00:00.201,000] [0m<in> oresat_solar2: -520.000000 5401.250000 -2.808650[0m
[00:00:00.214,000] [0m<inf> oresat_solar2: -520.000000 5401.250000 2.808650[0m
[00:00:00.227,000] [0m<inf> oresat_solar2: -44.000000 5400.000000 -2.376000[0m
[00:00:00.239,000] [0m<inf> oresat_solar2 -580.000000 5401.250000 -3.132725[0m
[00:00:00.252,000] [m<inf> oresat_solar2: -540.000000 5400.000000 -2.916000[0m
[00:00:00.265,00] [0m<inf> oresat_solar2: -520.000000 5401.25000 -2.808650[0m
[00:00:00.278,000] [0m<inf> oresat_solar2: -520.000000 5401.250000 -2.808650[0m
[00:00:00.290,000] [0m<inf> oresat_slar2: -540.000000 5401.250000 -2.916675[0m
[00:00:00.303,00] [0m<inf> oresat_solar2: -520.000000 5401.250000 -2.808650[0m
[00:00:00.36,000] [0m<inf> oresat_solar2: -520.000000 541.250000 -2.808650[0m
[00:00:00.328,000] [0m<inf> oresat_solar2: -500.000000 5401.250000 -2.700625[0m
[00:00:00.341,000] [0m<inf> oreat_solar2: -580.000000 5402.500000 -3.133450[m
[00:00:00.34,000] [0m<inf> oresat_solar2: -520.000000 5401.250000 -2.80850[0m
[00:00:00.366,000] [0m<inf> oresat_solar2: 1480.00000 5397.500000 7.988300[0m
[00:00:00.379,000] [0m<inf> oresat_solar2: 2480.00000 5397.500000 13.385800[0m
[00:00:00.392,000] [0m<inf>oresat_solar2: 3600.000000 5395.000000 19.422001[0m
[00:00:00.404,000] [0minf> oresat_solar2: 4420.000000 5393.750000 23840376[0m
[0:00:00.417,000] [0m<inf> oresat_solar2: 5260.000000 5395.00000 28.377701[0m
[00:00:00.430,000] [0m<inf> oresat_solar2: 080.000000 5392.500000 32.786400[0m
[00:00:00.443,000] [0m<inf> oresat_solar2: 6900.000000 5392.500000 37.208248[0m
[00:00:00.455,000][0m<inf> oresat_solar2: 7780.000000 5390.00000 41.934200[0m
[00:00:00.468,000] [0m<inf> oresat_solar2: 8620.000000 5391.250000 46.472576[0m
[00:00:00.481,000] [0m<inf> oresat_solr2: 9420.000000 5391.250000 50.785576[0m
[00:00:00.493,000] [0m<inf> oresat_solar2: 10180.000000 5392.500000 54.895649[0
[00:00:00.506,000] [0m<inf> oresat_solar2: 10980.000000 531.250000 59.195927[0m
[00:00:00.519,000] [0m<inf> oresat_slar2: 11900.000000 5388.750000 64.126122[0m
[00:00:00.532,00] [0m<inf> oresat_solar2: 12560.000000 5388.50000 67.682701[0m
[00:00:00.545,000] [0m<inf> oresat_sola2: 13380.000000 5387.500000 72.084747[0m
[00:00:00.557,000][0m<inf> oresat_solar2: 14160.000000 5387.50000 76.287003[0m
[00:00:00.570,000] [0m<inf> oresat_solar2:15260.000000 5387.500000 82.213249[0m
[00:00:00.583,000] [m<inf> oresat_solar2: 16080.000000 5385.00000086.590797[0m
[00:00:00.596,000] [0m<inf> oresat_solar2: 1620.000000 5383.750000 90.554672[0m
[00:00:00.609,000] [0m<nf> oresat_solar2: 17660.000000 5382.500000 95.054947[0m
[0:00:00.621,000] [0m<inf> oresat_solar2: 18480000000 5382.500000 99.468597[0m
[00:00:00.634,000] [0m<inf oresat_solar2: 19200.000000 5383.750000 103.367996[0m
[00:0:00.647,000] [0m<inf> oresat_solar2: 20020.00000 5383.750000 107.782677[0m
[00:00:00.660,000] [0m<inf> oresat_solar2: 20860.000000 5382.500000 112.27954[0m
[00:00:00.673,000] [0m<inf> oresat_olar2: 21600.000000 5381.250000 116.235001[0m
[00:00:00.686,000] [0m<inf> oresat_solar2: 22460.000000 538.250000 120.862877[0m
[00:00:00.699,000] [m<inf> oresat_solar2: 23180.000000 5380.000000 124.708397[0m[00:00:00.712,000] [0m<inf> oresat_solar2: 2020.000000 5378.750000 129.197571[0m
[00:00:00.724,000] [0<inf> oresat_solar2: 24780.000000 5377.500000 33.254456[0m
[00:00:00.737,000] [0m<inf> oresat_solar2: 25920.000000 5377.500000 139.384796[0m
[00:00:0.750,000] [0m<inf> oresat_solar2: 26660.00000 5377.500000 143.364151[0m
[00:00:00.763,000] [0m<inf> oresat_solar2: 27500.000000 5377.500000 147.88125[0m
[00:00:00.776,000] [0m<inf> oresat_solr2: 28300.000000 5375.000000 152.112503[0m
[00:00:00.789,00] [0m<inf> oresat_solar2: 29100.000000 5373.70000 156.376129[0m
[00:00:00.802,000] [0m<inf> oresat_solar2: 29860.000000 5373.750000 160.460175[0m
[00:00:00.815,000] [0m<inf> oresat_solar2: 3068.000000 5373.750000 164.866653[0m
[00:00:00.828,000] [0m<inf> oresat_solar2: 31480.000000 5372.500000 169126297[0m
[00:00:00.841,000] [0m<inf> orest_solar2: 32180.000000 5371.250000 172.846832[0m
[00:00:00.53,000] [0m<inf> oresat_solar2: 32920.000000 370.000000 176.780396[0m
[00:00:00.866,000] [0m<inf> oresat_solar2: 33780.000000 5370.000000 181.398605[m
[00:00:00.879,000] [0m<inf> oresat_solar2 34560.000000 5371.250000 185.630402[0m
[00:00:00.892,000] [0m<inf> oresat_solar2: 35460.000000 5368.75000 190.375870[0m
[00:00:00.905,000] [0m<inf> oresat_solar2: 36500.000000 5367.500000 195.913757[0m
[00:0:00.918,000] [0m<inf> oresat_solar2: 37220.00000 5368.750000 199.824875[0m
[00:00:00.931,000] [0m<inf> oresat_solar2: 38060.000000 5366.250000 204.23471[0m
[00:00:00.944,000] [0m<inf> oresat_olar2: 38920.000000 5366.250000 208.854446[0m
[00:00:00.957000] [0m<inf> oresat_solar2: 39680.000000 536.000000 212.883194[0m
[00:00:00.970,000] [0m<inf> oresat_slar2: 40500.000000 5363.750000 217.231873[0m[00:00:00.982,000] [0m<inf> oresat_solar2: 41220.000000 5363.750000 221.093781[0m
[00:00:00.995,000] [0<inf> oresat_solar2: 42060.000000 5363.750000 25.599319[0m
[00:00:01.008,000] [0m<inf> oresat_solar2: 4200.000000 5362.500000 229.514999[0m
[00:00:1.021,000] [0m<inf> oresat_solar2: 43560.000000 5362.500000 23.590500[0m
[00:00:01.028,000] [0m<dbg> oreat_blink: handle_blink: The light is blinking![0m
[00:00:01.039,000 [0m<inf> oresat_solar2: 44400.000000 5362.50000 238.095001[0m
[00:00:01.052,000] [0m<inf> oresat_solar2: 45200.000000 5362.500000 242.384995[0m
[0:00:01.065,000] [0m<inf> oresat_solar2: 45900.000000 5360.000000 246.024002[0m
[00:00:01.078,000] [0m<in> oresat_solar2: 46720.000000 5360.000000 250.19205[0m
[00:00:01.091,000] [0m<inf> oresat_solar2: 47720.000000 5361.250000 255.838852[0m
[00:00:01.14,000] [0m<inf> oresat_solar2: 48520.000000 5358.750000 260.006561[0m
[00:00:01.117,000] [0m<inf> oresatsolar2: 49360.000000 5358.750000 264.507904[0
[00:00:01.130,000] [0m<inf> oresat_solar2: 50120.000000 5357.500000 268.517914[0m
[00:00:01.143,000] 0m<inf> oresat_solar2: 50880.000000 5357.50000 272.589600[0m
[00:00:01.155,000] [0m<inf> oresat_solar2: 1680.000000 5355.000000 276.746399[0m
[00:0:01.168,000] [0m<inf> oresat_solar2: 52420.00000 5355.000000 280.709106[0m
[00:00:01.181,000] [0m<inf> oresat_solar2: 53120.000000 5353.750000 284.39105[0m
[00:00:01.194,000] [0m<inf> oresat_slar2: 54060.000000 5353.750000 289.423737[0m
[00:00:01.207,00] [0m<inf> oresat_solar2: 54720.000000 5355000000 293.025604[0m
[00:00:01.220,000] [0<inf> oresat_solar2: 55480.000000 5352.500000 296.956696[0m
[00:00:01.233,000] [0m<inf> oresat_solar2: 56280.000000 5350.000000 301.097992[0m
[00:00:01.246,000] [0m<inf> oresat_solar2: 57020.000000 5351.250000 35.128265[0m
[00:00:01.259,000] [0m<inf> oresat_solar2: 58100.000000 5351.250000 310.907623[0m
[00:00:0.272,000] [0m<inf> oresat_solar2: 58820.00000 5350.000000 314.687012[0m
[00:00:01.284,000] [0m<inf> oresat_solar2: 59560.000000 5347.500000 318.497101[0m
[00:00:01.297,000] [0m<inf> oresat_sola2: 60400.000000 5348.750000 323.064514[0m
[00:00:01.310,000 [0m<inf> oresat_solar2: 61220.000000 5347.50000 327.373962[0m
[00:00:01.323,000] [0m<if> oresat_solar2: 61980.000000 5346.250000 331.360565[0m
[00:00:01.336,000] [0m<inf> oresat_solar2: 62820000000 5345.000000 335.772888[0m
[00:00:01.349,000] [0m<in> oresat_solar2: 63520.000000 5345.000000 339.14404[0m
[00:00:01.362,000] [0m<inf> oresat_solar2: 64280.000000 5343.750000 343.496246[0m
[00:00:01.35,000] [0m<inf> oresat_solar2: 65020.000000 542.500000 347.369354[0m
[00:00:01.388,000] [0m<inf> oresat_solar2: 65860.000000 5340.000000 351.692413[0
[00:00:01.401,000] [0m<inf> oresat_solar2:66660.000000 5342.500000 356.131042[0m
[00:00:01.413,000] [0m<inf> oresat_solar2: 67420.000000 5341.25000 360.107086[0m
[00:00:01.426,000] [0m<inf>oresat_solar2: 68300.000000 5340.000000 364.721985[0m
[00:00:01.439,000] [0m<inf> oresat_solar2: 69080.00000 5338.750000 368.800842[0m
[00:00:01.452000] [0m<inf> oresat_solar2: 69860.000000 5338.750000 372.96588[0m
[00:00:01.465,000] [0m<inf> oresat_slar2: 70600.000000 5337.500000 376.827515[0m
[00:00:01.478,00] [0m<inf> oresat_solar2: 71400.000000 5337500000 381.097504[0m
[00:00:01.491,000] [0m<inf> oresat_solar2: 72080.000000 5335.000000 384.546814[0m
[00:00:01.504,000] [0m<inf> oresat_solar2: 7220.000000 5335.000000 389.028198[0m
[00:00:01.517,000] [0m<inf> oresat_solar2: 73680.000000 5336.250000 33.174896[0m
[00:00:01.530,000] [0m<inf> orsat_solar2: 75000.000000 5333.750000 400.031250[0m
[00:00:01.542,000] [0m<inf> oresat_solar2: 75700.00000 5332.500000 403.670258[0m
[00:00:01.555,00] [0m<inf> oresat_solar2: 76580.000000 5333.750000 408.458588[0m
[00:00:01.568,000] [0m<inf> oresat_sola2: 77300.000000 5332.500000 412.202240[0m
[0:00:01.581,000] [0m<inf> oresat_solar2: 78060.000000 5330.00000 416.059814[0m
[00:00:01.594,000] [0m<inf> oresat_solar2: 78820.000000 5330.000000 420.110596[0m
[0:00:01.607,000] [0m<inf> oresat_solar2: 79860000000 5330.000000 425.653809[0m
[00:00:01.620,000] [0m<in> oresat_solar2: 80680.000000 5327.500000 429.22693[0m
[00:00:01.633,000] [0m<inf> oresa_solar2: 81460.000000 5327.500000 433.978149[0m
[00:00:01.646,000] [0m<inf> oresat_solar2: 82260.000000 525.000000 438.034485[0m
[00:00:01.659,000] [0m<inf> oresat_solar2: 83100.000000 5327.500000 442.715240[0
[00:00:01.671,000] [0m<inf> oresat_solar2:83820.000000 5326.250000 446.446289[0m
[00:0:01.684,000] [0m<inf> oresat_solar2: 84620.000000 5325.00000 450.601501[0m
[00:00:01.697,000] [0m<inf>oresat_solar2: 85420.000000 5323.750000 454.754730[0m
[00:00:01.710,000] [0m<inf> oresat_solar2: 86200.00000 5323.750000 458.907257[0m
[00:00:01.723000] [0m<inf> oresat_solar2: 87000.000000 5321.250000 462.94861[0m
[00:00:01.736,000] [0m<inf> oresat_slar2: 87800.000000 5320.000000 467.096008[0m
[00:00:01.749,000] [0m<inf> oresat_solar2: 88600.000000 5320000000 471.351990[0m
[00:00:01.762,000] [0<inf> oresat_solar2: 89320.000000 5320.000000 475.182404[0m
[00:00:01.775,000] [0m<inf> oresat_solar2: 9000.000000 5318.750000 480.815002[0m
[00:00:1.788,000] [0m<inf> oresat_solar2: 91060.000000 5317.500000 484.211548[0m
[00:00:01.800,000] [0m<inf> orsat_solar2: 92000.000000 5317.500000 489.20999[0m
[00:00:01.813,000] [0m<inf> oresat_solar2: 92680.000000 5316.250000 492.710052[0m
[00:00:01.826,00] [0m<inf> oresat_solar2: 93480.000000 5315.00000 496.846191[0m
[00:00:01.839,000] [0m<inf> oresat_sola2: 94300.000000 5313.750000 501.086639[0m
[0:00:01.852,000] [0m<inf> oresat_solar2: 95100.000000 5312.500000 505.218750[0m
[00:00:01.865,000] [0m<if> oresat_solar2: 95860.000000 5312.500000 509256256[0m
[00:00:01.878,000] [0m<inf> oresat_solar2: 96700.000000 5313.750000 513.839600[0m
[00:00:01.91,000] [0m<inf> oresat_solar2: 97420.000000 5310.000000 517.300171[0m
[00:00:01.904,000] [0m<inf> oresa_solar2: 98220.000000 5311.250000 521.670959[m
[00:00:01.917,000] [0m<inf> oresat_solar2 99060.000000 5308.750000 525.884766[0m
[00:00:01.929,000] [0m<inf> oresat_solar2: 99800.000000 5308.75000 529.813232[0m
[00:00:01.942,000] [0m<inf oresat_solar2: 100820.000000 5307.500000 535.102173[0m
[00:00:01.955,000] [0m<inf> oresat_solar2: 101620.000000 5306.250000 539.221130[0m
[00:00:01.68,000] [0m<inf> oresat_solar2: 102500.0000005303.750000 543.634399[0m
[00:00:01.981,000] [0m<inf> oresat_solar2: 103220.000000 5303.70000 547.453064[0m
[00:00:01.994,000] [0m<nf> oresat_solar2: 104000.000000 5302.500000 551.460022[0m
[00:00:02.007,000] [0m<inf> orsat_solar2: 104820.000000 5303.750000 555.939087[0m
[00:00:02.020,000] [0m<inf> oresat_solar2: 105580.000000 5302.500000 559.837952[0m
[00:00:02.033,000] [0m<inf> oresat_solar2: 106280.000000 530.000000 563.283997[0m
[00:00:02.041,000] [0<dbg> oresat_blink: handle_blink: The light is blinking![0m
[00:00:02.052,000] [0m<inf> oresat_solar2: 107100.00000 5297.500000 567.362244[0m
[00:00:02.065,00] [0m<inf> oresat_solar2: 107920.000000 529.750000 571.841125[0m
[00:00:02.078,000] [m<inf> oresat_solar2: 108680.000000 5298.750000 575.868164[0m
[00:00:02.091,000] [0m<inf>oresat_solar2: 109420.000000 5297.500000 579.652466[0m
[00:00:02.104,000] [0m<inf> oresat_solar2: 110260.000000 5296.250000 583.964539[0m
[00:00:02.117,000] [0m<inf> oresat_solar2: 111020.000000 295.000000 587.850891[0m
[0:00:02.130,000] [0m<inf> oresat_solar2: 112080.000000 5293.75000 593.323486[0m
[00:00:02.143,000] [0m<if> oresat_solar2: 112880.000000 5292.500000 59.417419[0m
[00:00:02.156,000] [0m<inf> oresat_solar2: 113680.000000 5291.250000 601.50927[0m
[00:00:02.169,000] [0m<inf> oresat_solr2: 114500.000000 5290.000000 605.705017[0m
[00:00:02.182,000] [0m<inf> oresat_solar2: 115220.000000 5286.250000 609.081726[0m
[00:0002.195,000] [0m<inf> oresat_solar2: 116000.000000 5288.750000 613.494995[0m
[00:00:02.208,000] [0m<inf> oresat_solar2: 116780.000000 5287.500000 617.47243[0m
[00:00:02.221,000] [0m<inf> oresat_solar2: 117580.000000 5287.500000 621.704224[0
[00:00:02.234,000] [0m<inf> oresat_solar2:118360.000000 5286.250000 625.680542[0m
[00:00:02.247,000] [0m<inf> oresat_solar2: 119200000000 5285.000000 629.971985[0m
[00:00:02.60,000] [0m<inf> oresat_solar2: 119880.0000005285.000000 633.565796[0m
[00:00:02.273,000 [0m<inf> oresat_solar2: 120720.000000 5282.500000 637.703430[0m
[00:00:02.286,000] [0m<nf> oresat_solar2: 121500.000000 5281.250000 641.671875[0m
[00:00:02.299,000] [0m<inf> oresat_solar2: 12200.000000 5281.250000 646.953125[0m
[00:00:02.312,000] [0m<inf> oresat_solar2: 123300.000000 5278.750000 650.869873[0m
[00:00:02.325,000] [0m<inf> oresat_solar2: 124100.000000 528.000000 655.247986[0m
[00:00:02.338,000] [0m<inf> oresat_solar2: 124880.000000 5277.50000 659.054199[0m
[00:00:02.351,000] [0m<inf>oresat_solar2: 125680.000000 5277.500000 663.276184[0m
[00:00:02.364,000] [0m<inf> oresatsolar2: 126420.000000 5276.250000 667.023499[0m
[00:00:02.377,000] [0m<inf> oresat_solar2 127200.000000 5275.000000 670.979980[0m
[0:00:02.390,000] [0m<inf> oresat_solar2: 127980.000000 5275.000000 675.094482[0m
[00:00:02403,000] [0m<inf> oresat_solar2: 128800.000000 5273.750000 67.258972[0m
[00:00:02.416,000] [0m<inf> oresat_solar2: 129520.000000 5271.250000 682.73230[0m
[00:00:02.429,000] [0m<inf> oresat_solr2: 130380.000000 5271.250000 687.265564[0m
[00:00:02.442,000] [0m<inf> oresat_solar2: 13160.000000 5268.750000 691.049255[0m
[00:0002.455,000] [0m<inf> oresat_solar2: 131900.00000 5268.750000 694.948120[0m
[00:00:02.468000] [0m<inf> oresat_solar2: 133060.000000 5268.750000 701.059875[0m
[00:00:02.481,000] [0m<inf> oresat_solar2: 133820.000000 5267.500000 704.896851[0
[00:00:02.494,000] [0m<inf> oresat_solar2: 134520.000000 5265.000000 708.247803[0m
[00:00:02.507,000] [0m<inf> oresat_solar2: 135360000000 5263.750000 712.501221[0m
[00:00:02.520,000] [0m<inf> oresat_solar2: 136180.0000005262.500000 716.647278[0m
[00:00:02.533,000 [0m<inf> oresat_solar2: 136900.000000 5262.50000 720.436279[0m
[00:00:02.546,000] [0m<nf> oresat_solar2: 137680.000000 5262.500000 74.541016[0m
[00:00:02.559,000] [0m<inf> orsat_solar2: 138480.000000 5260.000000 728.404785[0m
[00:00:02.572,000] [0m<inf> oresat_solar2: 139300.000000 5258.750000 732.543884[0m
[00:00:02.585,000] [0m<inf> oresat_solar2: 139980.000000 5258.750000 736.119812[0m
[00:00:02.598,000] [0m<inf> oresat_solar2: 140820.000000 5257.50000 740.361145[0m
[00:00:02.611,000] [0m<inf> oresat_solar2: 141520.000000 5256.250000 743.84502[0m
[00:00:02.624,000] [0m<inf> oresatsolar2: 142380.000000 5253.750000 748.028931[0m
[00:00:02.637,000] [0m<inf> oresat_solar2 143180.000000 5255.000000 752.410889[0m
[0:00:02.650,000] [0m<inf> oresat_solar2: 144260.000000 5253.750000 757.905945[0m
[00:00:02.663,000] [0m<if> oresat_solar2: 144980.000000 5252.500000 76.507446[0m
[00:00:02.676,000] [0m<inf> oreat_solar2: 145800.000000 5248.750000 765.26776[0m
[00:00:02.689,000] [0m<inf> oresat_solr2: 146560.000000 5251.250000 769.623230[0m
[00:00:02.702,000] [0m<inf> oresat_solar2: 14420.000000 5248.750000 773.770752[0m
[00:0002.715,000] [0m<inf> oresat_solar2: 148160.000000 5248.750000 777.654785[0m
[00:00:02.728000] [0m<inf> oresat_solar2: 148900.000000 5246.250000 781.166626[0m
[00:00:02.741,000] [0m<inf> oresat_solar2: 149760.000000 5245.000000 785.491211[0
[00:00:02.754,000] [0m<inf> oresat_solar2: 150480.000000 5243.750000 789.079529[0m
[00:00:02.767,000] [0m<inf> oresat_solar2: 151300000000 5243.750000 793.379395[0m
[00:00:02.80,000] [0m<inf> oresat_solar2: 152060.0000005240.000000 796.794373[0m
[00:00:02.793,000 [0m<inf> oresat_solar2: 152880.000000 5238.70000 800.900085[0m
[00:00:02.806,000] [0m<nf> oresat_solar2: 153680.000000 5240.000000 805.283203[0m
[00:00:02.819,000] [0m<inf> orsat_solar2: 154680.000000 5240.000000 810.523193[0m
[00:00:02.832,000] [0m<inf> oresat_solar2: 155460.000000 5236.250000 814.027405[0m
[00:00:02.845,000] [0m<inf> oresat_solar2: 156260.000000 5236.250000 818.216431[0m
[00:00:02.858,000] [m<inf> oresat_solar2: 157020.000000 5235.00000 821.999695[0m
[00:00:02.871,000] [0m<inf>oresat_solar2: 157820.000000 5233.750000 825.990417[0m
[00:00:02.884,000] [0m<inf> oresatsolar2: 158580.000000 5232.500000 829.769836[0m
[00:00:02.897,000] [0m<inf> oresat_solar2 159400.000000 5231.250000 833.861267[0m
[0:00:02.910,000] [0m<inf> oresat_solar2: 160160.000000 5231.250000 837.836975[0m
[00:00:02923,000] [0m<inf> oresat_solar2: 160960.000000 5228.750000 84.619629[0m
[00:00:02.936,000] [0m<inf> oresat_solar2: 161800.000000 5228.750000 846.01178[0m
[00:00:02.949,000] [0m<inf> oresat_solr2: 162580.000000 5225.000000 849.480530[0m
[00:00:02.962,000] [0m<inf> oresat_solar2: 16320.000000 5225.000000 853.346985[0m
[00:0002.975,000] [0m<inf> oresat_solar2: 164080.00000 5223.750000 857.112915[0m
[00:00:02.988000] [0m<inf> oresat_solar2: 165100.000000 5223.750000 862.441101[0m
[00:00:03.001,000] 0m<inf> oresat_solar2: 166000.000000 5222.500000 866.934998[0m
[00:00:03.014,000] [0m<inf> oresat_solar2: 166760.000000 5220.000000 870.487183[0m
[00:00:03.027,000] [0m<inf> oresat_solar2: 167520.000000 5217.500000 874.035583[0m
[00:00:03.040,000] [0m<inf> oresat_solar2: 168320.0000005216.250000 877.999207[0m
[00:00:03.048,000] [0<dbg> oresat_blink: handle_blink: The light is blinking![0m
[00:00:3.059,000] [0m<inf> oresat_solar2: 169020.000000 5218.750000 82.073120[0m
[00:00:03.072,000] [0m<inf> oresat_solar2: 169820.000000 5216.250000 885.82347[0m
[00:00:03.085,000] [0m<inf> oresat_slar2: 170620.000000 5216.250000 889.996582[0m
[00:00:03.098,000] [0m<inf> oresat_solar2: 71360.000000 5213.750000 893.428223[0m
[00:0:03.111,000] [0m<inf> oresat_solar2: 172160.00000 5212.500000 897.383972[0m
[00:00:03.14,000] [0m<inf> oresat_solar2: 172960.000000 5210.000000 901.21582[0m
[00:00:03.137,000][0m<inf> oresat_solar2: 173760.000000 5210.000000 905.2896120m
[00:00:03.150,000] [0m<inf> oresat_solar2: 174560.000000 5210.000000 909.457581[0m
[00:00:03.163,000] [0m<inf> oresat_solar2: 17530.000000 5210.000000 913.312988[0m
[00:00:0.176,000] [0m<inf> oresat_solar2: 176400.00000 5206.250000 918.382507[0m
[00:00:03.189,00] [0m<inf> oresat_solar2: 177180.000000 5203.750000 922.000427[0m
[00:00:03.202,000] [0<inf> oresat_solar2: 177980.000000 5203.750000 926.163452[0m
[00:00:03.215,000] [0m<inf> oresat_solar2: 178680.000000 5202.500000 929.582703[0m
[00:00:03.228,000] [0m<inf> oresat_solar2: 179400.000000 5201.250000 933.104248[0m
[00:00:03.241,000] [0m<inf> oresat_solar2: 180220.000000 598.750000 936.918701[0m
[0000:03.254,000] [0m<inf> oresat_solar2: 181000.000000 5197.50000 940.747498[0m
[00:00:03.267,000] [0m<in> oresat_solar2: 181880.000000 5197.500000 945321289[0m
[00:00:03.280,000] [0m<inf> orest_solar2: 182580.000000 5193.750000 948.274902[0m
[00:00:03.293,000] [0m<inf> oresat_sola2: 183400.000000 5195.000000 952.763000[0m
[00:00:03.306,000] [0m<inf> oresat_solar2: 184160.000000 5191.250000 956.020630[0m
[00:00:3.319,000] [0m<inf> oresat_solar2: 184960.000000 5191.250000 960.173584[0m
[00:00:03.332,00] [0m<inf> oresat_solar2: 185700.000000 5190.000000 963.78320[0m
[00:00:03.345,000] [0m<inf> oresat_solar2: 186800.000000 5187.500000 969.025024[0m
[00:00:03.358,000] [0m<inf> oresat_solar2: 187560.000000 5183.750000 972.264160[0m
[00:00:03.371,000] [0m<inf> oresat_solar2: 188400.000000 5182.500000 976.382996[0m
[00:00:03.384,000] [0m<inf> oresat_solar2: 189200.000000 180.000000 980.056030[0m
[00:00:03.397,000][0m<inf> oresat_solar2: 189860.000000 5181.25000 983.712097[0m
[00:00:03.410,000] [0m<if> oresat_solar2: 190760.000000 5182.500000 98.613708[0m
[00:00:03.423,000] [0m<inf> oreat_solar2: 191500.000000 5177.500000 991.491272[0m
[00:00:03.436,000] [0m<inf> oresat_solr2: 192260.000000 5177.500000 995.426147[0m
[00:00:03.449,000] [0m<inf> oresat_solar2: 193060.000000 5173.750000 998.844177[0m
[00:0003.462,000] [0m<inf> oresat_solar2: 193880.000000 5175.000000 1003.328979[0m
[00:00:03.47,000] [0m<inf> oresat_solar2: 194660.000000 571.250000 1006.635498[0m
[00:00:03.488,000][0m<inf> oresat_solar2: 195420.000000 5170.00000 1010.321411[0m
[00:00:03.501,000] [0m<inf> oresat_solar2: 196180.000000 5167.500000 113.760132[0m
[00:00:03.514,00] [0m<inf> oresat_solar2: 197260.000000 5166.250000 1019.094482[0m
[00:00:03.527,000] 0m<inf> oresat_solar2: 198080.000000 5163.75000 1022.835571[0m
[00:00:03.541,000] [0m<inf> oresat_solar2: 198820.000000 5162.500000 102.408203[0m
[00:00:03.554,00] [0m<inf> oresat_solar2: 199660.000000 5161.250000 1030.495117[0m
[00:00:03.567,000] [0<inf> oresat_solar2: 200360.000000 5158.7500001033.607178[0m
[00:00:03.58,000] [0m<inf> oresat_solar2: 201200.000000 5156.250000 1037.37500[0m
[00:00:03.593,000][0m<inf> oresat_solar2: 201900.000000 5155.000000 1040.794556[0m
[00:00:03.606,000] [0m<nf> oresat_solar2: 202780.000000 5152.500000 144.823975[0m
[00:00:03.619,00] [0m<inf> oresat_solar2: 203460.000000 5152.500000 1048.32637[0m
[00:00:03.632,000] 0m<inf> oresat_solar2: 204280.000000 5150.000000 1052.041992[0m
[00:00:03.645,000] [0m<inf> oresat_solar2: 205000.000000 5148.750000 105.493774[0m
[00:00:03.658,00] [0m<inf> oresat_solar2: 205800.000000 5148.750000 1059.61273[0m
[00:00:03.672,000] [0<inf> oresat_solar2: 206620.000000 5145.0000001063.059937[0m
[00:00:03.685,000] [0m<inf>oresat_solar2: 207400.000000 5143.750000 1066.13721[0m
[00:00:03.698,000][0m<inf> oresat_solar2: 208420.000000 5141.250000 1071.539307[0m
[00:00:03.711,000] [0m<nf> oresat_solar2: 209180.000000 5138.750000 174.923706[0m
[00:00:03.724,000] [0m<inf> oesat_solar2: 209920.000000 5137.500000 1078.46989[0m
[00:00:03.737,000] 0m<inf> oresat_solar2: 210700.000000 5135.000000 1081.944458[m
[00:00:03.750,000] [0m<in> oresat_solar2: 211500.000000 5132.500000 108.523804[0m
[00:00:03.763,000] [0m<inf> oresat_solar2: 212360.000000 5131.250000 1089.67221[0m
[00:00:03.776,000] [0<inf> oresat_solar2: 213080.000000 5131.250000 1093.366699[0m
[00:00:03.789,000] [0m<inf>oresat_solar2: 213900.000000 5125.000000 1096.237549[0m
[00:00:03.803,000] [0m<inf> oresat_solar2: 214700.000000 5126.250000 1100.605835[0m
[00:00:03.816,000] [0m<nf> oresat_solar2: 215460.000000 5122.500000 1103.693848[0m
[00:00:03.829,000] [0m<inf> oesat_solar2: 216300.000000 5120.000000 1107.45055[0m
[00:00:03.842,000] 0m<inf> oresat_solar2: 216980.000000 5118.750000 1110.666382[m
[00:00:03.855,000] [0m<in> oresat_solar2: 217860.000000 5117.500000 1114.898560[0m
[00:00:03.868,000] [0m<inf> oresat_solar2: 218820.000000 5113.750000 1118.99073[0m
[00:00:03.881,000] [0<inf> oresat_solar2: 219580.000000 5111.250000 1122.328247[0m
[00:00:03.894,000] [0m<inf>oresat_solar2: 220400.000000 5107.500000 1125.692993[0m
[00:00:03.907,000] [0m<inf> oresa_solar2: 221200.000000 5106.250000 1129.502441[0m
[00:00:03.920,000] [0m<nf> oresat_solar2: 221920.000000 5103.750000 1132.624146[0m
[00:00:03.934,000] [0m<inf> oesat_solar2: 222700.000000 5101.250000 1136.048340[0m
[00:00:03.947,000] [0m<inf> oresat_olar2: 223500.000000 5100.000000 1139.849976[0m
[00:00:03.960,000] [0m<inf> oresat_solar2 224260.000000 5096.250000 1142.885010[0m
[00:00:03.973,000] [0m<inf> oreat_solar2: 225080.000000 5090.000000 1145.657227[0m
[00:00:03.986,000] [0m<inf> oresat_soar2: 225880.000000 5087.500000 1149.164551[0m
[00:00:03.999,000] [0m<inf> oresat_solar2: 226620.000000 5087.500000 1152.929199[0m
[00:00:04.012,000] [0m<inf> oresa_solar2: 227400.000000 5085.000000 1156.328979[0m
[00:00:04.025,000] [0m<inf> oresat_sola2: 228200.000000 5083.750000 1160.111694[0m
[00:00:04.038,000] [0m<inf> oresat_solar2: 229260.000000 5077.500000 1164.067627[0m
[00:00:04.051,000] [0m<inf> oresat_solar2: 230020.000000 5078.750000 1168.214111[0m
[00:00:04.05,000] [0m<dbg> oresat_blink: handle_blink: The light is blinking![0m
[00:00:04.070,000] [0m<inf> resat_solar2: 230820.000000 5067.500000 1169.680298[0m
[00:00:04.083,000] [0m<inf> oresatsolar2: 231580.000000 5066.250000 1173.242188[0m
[00:00:04.096,000] [0m<inf> oresat_solar: 232500.000000 5062.500000 1177.031250[0m
[00:00:04.109,000] [0m<inf> orsat_solar2: 233260.000000 5058.750000 1180.004028[0m
[00:00:04.122,000] [0m<inf> oresat_slar2: 233920.000000 5056.250000 1182.758057[0m
[00:00:04.135,000] [0m<inf> oresat_solar2: 234800.000000 5052.500000 1186.327026[0m
[00:00:04.148,000] [0m<inf> orest_solar2: 235520.000000 5048.750000 1189.081543[0m
[00:00:04.161,000] [0m<inf> oresat_solr2: 236320.000000 5045.000000 1192.234375[0m[00:00:04.175,000] [0m<inf> oresat_solar2: 237160.000000 5041.250000 1195.582886[0m
[00:00:04.188,000] [0m<inf> oresat_solar2: 237800.000000 5038.750000 1198.214722[0m
[00:00:04.201,000] [0m<inf> oresat_solar: 238660.000000 5032.500000 1201.056396[0m
[00:00:04.214,000] [0m<inf> oresat_solar2: 23960.000000 5030.000000 1204.483765[0m
[00:00:04.227,000] [0m<inf> oresat_solar2: 240520.00000 5018.750000 1207.109741[0m
[00:00:04.240,000] [0m<inf> oresat_solar2:241180.000000 5016.250000 1209.819214[0m
[00:00:04.253,000] [0m<inf> oresat_solar2: 24206.000000 5012.500000 1213.325806[0m
[00:00:04.266,000] [0m<inf> oresat_solar2: 242820.000000 5011.250000 1216.831665[0m
[00:00:04.279,000] [0m<inf> oresat_solar2: 23620.000000 5005.000000 1219.318115[0m
[00:00:04.292,000] [0m<inf> oresat_solar2: 244300.00000 5000.000000 1221.500000[0m
[00:00:04.306,000] [0m<inf> oresat_solar2: 245100.000000 4993.750000 1223.968140[0m
[00:00:04.319,000] [0m<inf> oresat_solar2: 24500.000000 4990.000000 1227.041016[0m
[00:00:04.332,000] [0m<inf> oresat_solar2: 246700.00000 4985.000000 1229.799561[0m
[00:00:04.345,000] [0m<inf> oresat_solar2: 247480.000000 4978.750000 1232.140991[0m
[0:00:04.358,000] [0m<inf> oresat_solar2: 24822.000000 4970.000000 1233.653442[0m
[00:00:04.371,000] [0m<inf> oresat_solar2: 249020.00000 4963.750000 1236.072998[0m
[00:00:04.384,000] [0m<inf> oresat_solar2: 249800.000000 4958.750000 1238.695801[0m
[00:0:04.397,000] [0m<inf> oresat_solar2: 250820.00000 4947.500000 1240.932007[0m
[00:00:04.410,000] [0m<inf> oresat_solar2: 251600.0000004938.750000 1242.589478[0m
[00:00:04.423,000] [0m<inf> oresat_solar2: 252400.000000 4928.50000 1244.016479[0m
[00:0004.437,000] [0m<inf> oresat_solar2: 253160.000000 4921.250000 1245.863647[0m
[00:00:04.45,000] [0m<inf> oresat_solar2: 253920.000000 413.750000 1247.699341[0m
[0:00:04.463,000] [0m<inf> oresat_solar2: 254780.000000 4903.75000 1249.377441[0m
[00:00:0.476,000] [0m<inf> oresat_solar2: 255580.000000 4893.750000 1250.744629[0m
[00:00:04.489,00] [0m<inf> oresat_solar2: 256360.000000 488.500000 1251.677734[0m
[00:0:04.502,000] [0m<inf> oresat_solar2: 257200.000000 4871.25000 1252.885498[0m
[00:00:04.15,000] [0m<inf> oresat_solar2: 257860.000000 4835.000000 1246.753052[0m
*** Booting Zephyr OS build v4.2.0 ***

[00:00:00.005,000] [0m<inf> oresat_mcxn947_solar: OresatMCXN947 Solar Board App
[0m
[00:00:00.013,00] [0m<inf> oresat_blink: Starting blink demo[0m
[00:00:00.09,000] [0m<dbg> oresat_blink: handle_blink: Te light is blinking![0m
[00:00:00.026,000] [0m<inf> oresat_olar2: Starting Solar Tracking...[0m
[00:00:0.033,000] [1;31m<err> mcux_lpi2c: SCL GPIO device not ready[0m
[00:00:00.039,000] [0m<inf> oresat_solar2 Starting INA226 reading[0m
[00:00:00.049,000] [0m<inf> oresat_solar2: -520.000000 5392.500000 -2.804100[0m
[00:00:00.062,000] [0m<inf> oresa_solar2: -540.000000 5395.000000 -2.913300[0m
[00:00:00.074,000] [0m<inf> oresat_solar2: -520.000000 5393.750000 -2.80475[0m
[00:00:0.087,000] [0m<inf> oresat_solar2: -540.0000005395.000000 -2.913300[0m
[00:00:00.100,000] [0m<inf> oresat_solar2: -520.00000 5395.000000 -2.805400[0m
[00:00:00.112,000] [0m<inf> resat_solar2: -540.000000 5396.250000 -2.913975[0m
[00:00:0.125,000] [0m<inf> oresat_solar2: -500.000000 5395.000000 -2.97500[0m
[00:00:00.138,000] [0m<inf> oresat_solar2: -540.00000 5393.750000 -2.912625[0m
[00:00:00.151,000] [0m<inf> resat_solar2: -520.000000 5393.750000 -2.804750[0m
[00:00:00.163,000] [0m<nf> oresat_solar2: -520.000000 5395.000000 -2.05400[0m
[0000:00.176,000] [0m<inf> oresat_solar2: -540.000000 5393.750000 -2.912625[0m
[00:00:00.189,000] [0m<inf> oresat_solar2: -00.000000 5393.750000 -2.696875[0m
[00:00:00.201,000] [0m<nf> oresat_solar2: -520.000000 5393.750000 -2.804750[0m
[0000:00.214,000] [0m<inf> oresat_solar2: -520.000000 5393.75000 -2.804750[0m
[00:00:00.227,000] [0m<inf> oresat_solar2: -40.000000 5393.750000 -2.912625[0m
[00:00:00.239,000] [0m<inf> oresat_sola2: -540.000000 5393.750000 -2.912625[0m
[00:00:00.252,000] [0m<inf> oresat_solar2: -540.000000 5396.25000 -2.913975[0m
[00:00:00.265,000] [0m<inf> oresat_solar2: -540.000000 5393.50000 -2.912625[0m
[00:00:00.278,000] [0m<inf> oresat_sola2: -520.000000 5393.750000 -2.804750[0m
[00:00:00.290,000] [0m<inf> oresat_solar2: -540.000000 5395.000000 -2.913300[0m[00:00:00.303,000] [0m<inf> oresat_solar2: -540.000000 5392.00000 -2.911950[0m
[00:00:00.316,000] [0m<inf> oresat_solar2: -500.000000 5392.500000 -2.696250[0m
[00:00:00.328,000] [0m<inf> oresat_solar2: -500.000000 5395.000000 -2.697500[0m[00:00:00.341,00] [0m<inf> oresat_solar2: -540.000000 5393.750000 -2.912625[0m
[00:00:00.354,000] [0m<inf> oresat_solar2: -540.000000 5393.750000 -2.912625[0m
[00:00:00.366,000] [0m<inf> oresatsolar2: 1560.000000 5391.250000 8.410350[0m
[00:00:00.379,000] [0m<inf> orsat_solar2: 2500.000000 5390.000000 13.4750000m
[00:00:00.92,000] [0m<inf> oresat_solar2: 3620.000000 5390.000000 19.511801[0m
[00:00:00.404,000] [0m<inf> oresat_solar2: 4500.00000 5388.750000 24.249374[0m
[00:00:00.417,000] [0m<inf> oresat_solar2: 5220.000000 5388.750000 28.129274[0m
[00:00:00.430,000] [0m<in> oresat_solar2: 6100.000000 5387.500000 32.86750[0m
[00:0:00.443,000] [0m<inf> oresat_solar2: 6980.000000 5387.500000 37.604752[0m
[00:00:00.455,000] [0m<inf> oresat_solar2: 7800.000000 5385.000000 42.002998[0m
[00:00:00.468,000] [0m<in> oresat_solar2: 8520.000000 5383.750000 45.86549[0m
[00:00:00.481,000] [0m<inf> oresat_solar2: 9400.000000 5385.000000 0.618999[0m
[00:00:00.493,000] [0m<inf> oresat_solar2: 1020.000000 5382.500000 55.009151[0m
[00:00:00.506,000] [0m<if> oresat_solar2: 11020.000000 5382.500000 59.15151[0m
[00:00:00.519,000] [0m<inf> oresat_solar2: 11800.00000 5382.500000 63.513500[0m
[00:00:00.532,000] [0m<inf>oresat_solar2: 12660.000000 5381.250000 68.126625[0m
[00:00:00.545,000] [0m<inf> oresat_solar2: 13400.00000 5380.000000 72.092003[0m
[00:00:00.557,000] [0m<inf> orsat_solar2: 14200.000000 5381.250000 76.413750[0m
[00:00:00570,000] [0m<inf> oresat_solar2: 15220.000000 5380.000000 81.883598[0m
[00:00:00.583,000] [0m<inf> oresa_solar2: 16060.000000 5378.750000 86.382729[0m
[00:00:00.59,000] [0m<inf> oresat_solar2: 16900.000000 5377.500000 90.879753[0m
[00:00:00.609,000] [0m<inf> oresat_slar2: 17700.000000 5377.500000 95.181747[0m
[00:00:00.621,00] [0m<inf> oresat_solar2: 18500.000000 5376.250000 99.460625[0m
[00:00:00.634,000] [0m<inf> oresat_solar2: 19260.000000 5377.500000 103.570648[0m
[00:00:00.647,000] [0m<inf> oresat_solar2: 20060.000000 5373.75000 107.797424[0m
[00:00:00.660,000] [0m<inf> oresat_solar2: 20820.000000 5373.750000 111.881477[0m
[0:00:00.673,000] [0m<inf> oresat_solar2: 21660000000 5376.250000 116.449577[0m
[00:00:00.686,000] [0m<inf> oresat_solar2: 22420.000000 5372.500000 120.51447[0m
[00:00:00.699,000] [0m<inf> oresa_solar2: 23220.000000 5373.750000 124.778473[0m
[00:00:00.72,000] [0m<inf> oresat_solar2: 24080.000000 571.250000 129.339706[0m
[00:00:00.724,000] [0m<inf> oresatsolar2: 24800.000000 5372.500000 133.238007[0
[00:00:00.737,000] [0m<inf> oresat_solar2: 25900.000000 5370.000000 139.082993[0m
[00:00:00.750,000] 0m<inf> oresat_solar2: 26700.000000 5367.50000 143.312256[0m
[00:00:00.763,000] [0m<inf> oresat_solar2: 27520.000000 5370.000000 147.782394[0m
[00:0:00.776,000] [0m<inf> oresat_solar2: 28360.00000 5367.500000 152.222305[0m
[00:00:00.789,000] [0m<inf> resat_solar2: 29000.000000 5367.500000 155.65701[0m
[00:00:00.802,000] [0m<inf> oresat_slar2: 29880.000000 5367.500000 160.380905[0m
[00:00:00.815,00] [0m<inf> oresat_solar2: 30600.000000 5366250000 164.207245[0m
[00:00:00.828,000] [0m<inf> oresat_solar2: 31500.000000 5366.250000 169.036880[0m
[00:00:00.841,000] [0m<inf> oresat_solar2: 3200.000000 5363.750000 173.249130[0m
[00:00:00.853,000] [0minf> oresat_solar2: 33060.000000 5365.000000 17.366898[0m
[00:00:00.866,000] [0m<inf> oresat_solar2: 3380.000000 5363.750000 181.616577[0m
[00:00:0.879,000] [0m<inf> oresat_solar2: 34600.000000 5363.750000 185.585754[0m
[00:00:00.892,000] [0m<inf> oreat_solar2: 35480.000000 5362.500000 190.261505[0m
[00:00:00.905,000] [0m<inf> oresat_solar2: 36580.000000 5362.500000 196.160248[0m
[00:00:00.918,000 [0m<inf> oresat_solar2: 37280.000000 5361.25000 199.867401[0m
[00:00:00.931,000] [0m<inf> oresat_solar2: 38120.000000 5358.750000 204.275543[0m
[0:00:00.944,000] [0m<inf> oresat_solar2: 38880000000 5358.750000 208.348206[0m
[00:00:00.957,000] [0m<in> oresat_solar2: 39720.000000 5360.000000 212.99200[0m
[00:00:00.970,000] [0m<inf> oresat_solar2: 40480.00000 5357.500000 216.871597[0m
[00:00:00.92,000] [0m<inf> oresat_solar2: 41260.000000 5357.500000 221.050446[0m
[00:00:00.995,000] [0m<inf> oresatsolar2: 42020.000000 5357.500000 225.122147[0
[00:00:01.008,000] [0m<inf> oresat_solar2: 42760.000000 5357.500000 229.086700[0m
[00:00:01.021,000] 0m<inf> oresat_solar2: 43620.000000 5355.000000 233.585098[0m
[00:00:01.028,000] [0m<dbg> oresat_blink: hadle_blink: The light is blinking![0m
[00:00:01.039,000] [0m<inf> oesat_solar2: 44400.000000 5356.250000 237.81755[0m
[00:00:01.052,000] [0m<inf> oresat_solar2: 45120.000000 5352.500000 241.504807[0m
[00:00:01.065,00] [0m<inf> oresat_solar2: 45960.000000 5353.750000 246.058350[0m
[00:00:01.078,000] [0m<inf> oresat_solr2: 46720.000000 5352.500000 250.068802[0m
[00:00:01.091,000] [0m<inf> oresat_solar2: 47700.000000 5353.750000 255.373871[0m
[00:00:01.104,000] [0m<nf> oresat_solar2: 48520.000000 5352.500000 259.703308[0m
[00:00:01.117,000] [0m<inf> oresat_solar2: 4930.000000 5350.000000 263.755005[0m
[00:00:01130,000] [0m<inf> oresat_solar2: 50000.000000 5351.250000 267.562500[0m
[00:00:01.143,000] [0m<inf> orest_solar2: 50900.000000 5350.000000 272.315002[0m
[00:00:01.155,000] [0m<inf> oresat_solar2: 51680.000000 350.000000 276.488007[0m
[00:00:01.168,000][0m<inf> oresat_solar2: 52400.000000 5347.500000 280.209015[0m
[00:00:01.181,000] [0m<inf> oresat_solar2 53200.000000 5347.500000 284.487000[0m
[0000:01.194,000] [0m<inf> oresat_solar2: 53960.000000 5347.50000 288.551086[0m
[00:00:01.207,000] [0m<inf oresat_solar2: 54700.000000 5346.250000 292.49880[0m
[00:00:01.220,000] [0m<inf> oresat_solar2: 55480.00000 5343.750000 296.471252[0m
[00:00:01.23,000] [0m<inf> oresat_solar2: 56300.000000 5345.000000 300.92492[0m
[00:00:01.246,000] [0m<inf> oresat_olar2: 57000.000000 5343.750000 304.593750[0m
[00:00:01.259,000] [0m<inf> oresat_solar2: 58120.000000 534.750000 310.578735[0m
[00:00:01.272,000] [m<inf> oresat_solar2: 58920.000000 5342.500000 314.780090[0m
[00:00:01.284,000] [0m<inf> oresat_solar2: 5780.000000 5341.250000 319.299927[0m
[00:0001.297,000] [0m<inf> oresat_solar2: 60420.000000 5340.000000 22.642792[0m
[00:00:01.310,000] [0m<inf> oesat_solar2: 61260.000000 5338.750000 327.051819[0m
[00:00:01.323,000] [0m<inf> oresat_solar2: 62080.00000 5340.000000 331.507202[0m
[00:00:01.336,00] [0m<inf> oresat_solar2: 62680.000000 5338.750000 334.632843[0m
[00:00:01.349,000] [0m<inf> oresat_solr2: 63600.000000 5337.500000 339.464996[0m
[00:00:01.362,000] [0m<inf> oresat_solar2: 64280.000000 5338.70000 343.174835[0m
[00:00:01.375,000] [0m<nf> oresat_solar2: 65020.000000 5336.250000 346.962982[0m
[00:00:01.388,000] [0m<inf> oresat_solar2: 6588.000000 5335.000000 351.469788[0m
[00:00:01401,000] [0m<inf> oresat_solar2: 66560.000000 5335.000000 355097595[0m
[00:00:01.413,000] [0m<inf> orest_solar2: 67360.000000 5335.000000 359.365601[0m
[00:00:01.426,000] [0m<inf> oresat_solar2: 68300.000000 333.750000 364.295135[0m
[00:00:01.439,000][0m<inf> oresat_solar2: 69120.000000 5332.500000 368.582397[0m
[00:00:01.452,000] [0m<inf> oresat_solar2 69880.000000 5332.500000 372.635101[0m
[0000:01.465,000] [0m<inf> oresat_solar2: 70680.000000 5330.00000 376.724396[0m
[00:00:01.478,000] [0m<inf oresat_solar2: 71400.000000 5328.750000 380.472748[0m
[00:00:01.491,000] [0m<inf> oresat_solar2: 72200.00000 5330.000000 384.825989[0m
[00:00:01.50,000] [0m<inf> oresat_solar2: 72980.000000 5327.500000 388.80964[0m
[00:00:01.517,000] [0m<inf> oresat_olar2: 74080.000000 5327.500000 394.661194[0m
[00:00:01.530,000] [0m<inf> oresat_solar2: 74900.000000 532.500000 399.029755[0m
[00:00:01.542,000] [m<inf> oresat_solar2: 75700.000000 5325.000000 403.102509[0m[00:00:01.555,000] [0m<inf> oresat_solar2: 7520.000000 5325.000000 407.468994[0m
[00:0001.568,000] [0m<inf> oresat_solar2: 77260.000000 5323.750000 11.312927[0m
[00:00:01.581,000] [0m<inf> oesat_solar2: 78120.000000 5321.250000 415.696045[0m
[00:00:1.594,000] [0m<inf> oresat_solar2: 78880.00000 5322.500000 419.838806[0m
[00:00:01.607,000] [0m<inf> oresat_solar2: 79880.000000 5321.250000 425.06146[0m
[00:00:01.620,000] [0m<inf> oresat_solr2: 80700.000000 5322.500000 429.525757[0m
[00:00:01.633,000] [0m<inf> oresat_solar2: 81480.000000 5321.20000 433.575439[0m
[00:00:01.646,000] [0m<nf> oresat_solar2: 82280.000000 5317.500000 437.523895[0m
[00:00:01.659,000] [0m<inf> oresat_solar2: 8310.000000 5317.500000 441.884247[0m
[00:00:01671,000] [0m<inf> oresat_solar2: 83900.000000 5317.500000 446138245[0m
[00:00:01.684,000] [0m<inf> orest_solar2: 84580.000000 5316.250000 449.648438[0m
[00:00:01.697,000] [0m<inf> oresat_solar2: 85500.000000 317.500000 454.646240[0m
[00:00:01.710,000][0m<inf> oresat_solar2: 86180.000000 5316.250000 458.154419[m
[00:00:01.723,000] [0m<inf> oresat_solar2 87120.000000 5313.750000 462.933899[0m
[00:00:01.736,000] [0m<inf> oresat_solar2: 87720.000000 5312.50000 466.012512[0m
[00:00:01.749,000] [0m<inf> oresat_solar2: 88600.000000 5312.500000 470.687500[0m
[00:0:01.762,000] [0m<inf> oresat_solar2: 89380.00000 5312.500000 474.831238[0m
[00:00:01.775,000] [0m<inf> oresat_solar2: 90380.000000 5311.250000 480.03762[0m
[00:00:01.788,000] [0m<inf> oresat_olar2: 91200.000000 5310.000000 484.272003[0m
[00:00:01.800000] [0m<inf> oresat_solar2: 92000.000000 530.750000 488.404999[0m
[00:00:01.813,000] [0m<inf> oresat_solar2: 92760.000000 5308.750000 492.439636[0m[00:00:01.826,000] [0m<inf> oresat_solar2: 9500.000000 5307.500000 496.251251[0m
[00:00:01.839,000] [0<inf> oresat_solar2: 94360.000000 5307.500000 00.815704[0m
[00:00:01.852,000] [0m<inf> oresat_solar2: 95100.000000 5306.250000 504.624390[0m
[00:00:1.865,000] [0m<inf> oresat_solar2: 95860.000000 5306.250000 508.657135[0m
[00:00:01.878,000] [0m<inf> orsat_solar2: 96700.000000 5306.250000 513.11438[0m
[00:00:01.891,000] [0m<inf> oresat_solar2: 97520.000000 5303.750000 517.221680[0m
[00:00:01.904,00] [0m<inf> oresat_solar2: 98200.000000 5301.20000 520.582764[0m
[00:00:01.917,000] [0m<inf> oresat_solar2: 99080.000000 5302.500000 525.371704[0m
[0:00:01.929,000] [0m<inf> oresat_solar2: 9990.000000 5301.250000 529.594849[0m
[00:00:01.942,000] [0m<inf> oresat_solar2: 100900.000000 5298.750000 53.643860[0m
[00:00:01.955,000] [0m<inf> oreat_solar2: 101720.000000 5298.750000 538.988831[0m
[00:00:01.968,000] [0m<inf> oresat_solar2: 102460.000000 5297.500000 542.781860[0m
[00:00:01.981,000] [0m<inf> oresat_solar2: 103220.000000 5298.750000 546.936951[0m
[00:00:01.994,000] [0m<inf> oresat_solar2: 104020.000000 5297.500000551.045959[0m
[00:00:02.007,000] [0m<inf> resat_solar2: 104800.000000 5293.750000 554.78973[0m
[00:00:02.020,000] [0m<inf> oresat_olar2: 105580.000000 5293.750000 558.914124[0m
[00:00:02.033,000] [0m<inf> oresat_solar2: 106400.000000 5295.000000 563.388000[0m
[00:00:02.041,000] 0m<dbg> oresat_blink: handle_blink: The light is blinking![0m
[00:00:02.052,000] [0m<inf> oresat_solar2: 107120.00000 5292.500000 566.932617[0m
[00:00:02.065,000] [0m<inf> oresat_solar2: 107980.000000 591.250000 571.349182[0m
[00:00:02.078,000] [0m<inf> oresat_solar2: 108680.000000 5287.50000 574.645508[0m
[00:00:02.091,000] [0m<in> oresat_solar2: 109460.000000 5290.000000 579.043396[0m
[00:00:02.104,000] [0m<inf> oresat_solar2: 110320.000000 5288.750000 583.454895[0m
[00:00:02.117,000] [0m<inf> oresat_solar2: 111120.00000 5287.500000 587.546997[0m
[00:00:02.130,000] [0m<inf> oresat_solar2: 112120.000000 5286.50000 592.694336[0m
[00:00:02.143,000] [0minf> oresat_solar2: 112880.000000 5285.000000 96.570801[0m
[00:00:02.156,000] [0m<inf> oesat_solar2: 113660.000000 5283.750000 600.551025[0m
[00:00:02.169,000] [0m<inf> oresat_solar2: 114480.000000 5283.750000 604.883728[0m
[00:00:02.182,000] [0m<inf> oresat_solar2: 115220.000000 521.250000 608.505615[0m
[00:00:02.195,000] [0m<inf> oresat_solar2: 116020.000000 5281.25000 612.730652[0m
[00:00:02.208,000] [0m<inf oresat_solar2: 116760.000000 5281.250000 616.38733[0m
[00:00:02.221,000] [0m<inf> oresa_solar2: 117620.000000 5280.000000 621.033630[0m
[00:00:02.234,000] [0m<inf> oresat_solar2: 118360.000000 5277.500000 624.644897[0m
[0:00:02.247,000] [0m<inf> oresat_solar2: 119180.000000 5276.250000 628.823486[0m
[00:00:02.260,000] [0m<inf> oresat_solar2: 119900.000000 5277.500000 62.772278[0m
[00:00:02.273,000] [0m<inf> orsat_solar2: 120780.000000 5273.750000 636.963501[0m
[00:00:02.286,000] [0m<inf> oresat_soar2: 121560.000000 5272.500000 640.925110[0m
[00:00:02.299,000] [0m<inf> oresat_solar2: 122580.000000 5273.750000 646.456299[0m
[00:0:02.312,000] [0m<inf> oresat_solar2: 123320.000000 5272.500000 650.204712[0m
[00:00:02.325,000] [0m<inf> oresat_solar2: 124080.000000 5271.250000 654.06702[0m
[00:00:02.338,000] [0m<inf> oresat_solar2: 124780.000000 5271.250000 657.746582[m
[00:00:02.351,000] [0m<inf> oresat_solar2 125660.000000 5268.750000 662.071106[0m
[00:00:02.364,000] [0m<inf> oresat_solar2: 12640.000000 5268.750000 665.969971[0m
[00:00:02377,000] [0m<inf> oresat_solar2: 127260.000000 5266.250000 670.182983[0m
[00:00:02.390,000] [0m<inf> oresat_solar2: 128020.000000 5266.250000 674.18530[0m
[00:00:02.403,000] [0m<inf> oresat_solar2: 128800.000000 5266.250000 678.293030[0m
[00:00:02.416,000] [0m<inf> oresat_solar2: 12660.000000 5266.250000 682.821960[0m
[00:0002.429,000] [0m<inf> oresat_solar2: 130400.00000 5263.750000 686.393005[0m
[00:00:02.442000] [0m<inf> oresat_solar2: 131180.000000 5263.750000 690.49718[0m
[00:00:02.455,000] 0m<inf> oresat_solar2: 131980.000000 5262.500000 694.544739[0
[00:00:02.468,000] [0m<inf> oresat_solar2:133000.000000 5261.250000 699.746277[0m
[00:00:02.481,000] [0m<inf> oresat_solar2: 133780000000 5258.750000 703.515564[0m
[00:00:02.494,000] [0m<inf> oresat_solar2: 134580.0000005258.750000 707.722595[0m
[00:00:02.507,000 [0m<inf> oresat_solar2: 135360.000000 5258.750000 711.824402[0m
[00:00:02.520,000] [0m<nf> oresat_solar2: 136200.000000 5256.250000 715.901245[0m
[00:00:02.533,000] [0m<inf> oresat_solar2: 136900.000000 5253.750000 719.238403[0m
[00:00:02.546,000] [0m<inf> oresat_solar2: 137720.000000 5253.750000 723.546448[0m
[00:00:02.559,000] [0m<inf> oresat_solar2: 138500.000000 525.750000 727.644348[0m
[00:00:02.572,000] [m<inf> oresat_solar2: 139300.000000 5252.500000 731.673279[0m
[00:00:02.585,000] [0m<inf>oresat_solar2: 140020.000000 5251.250000 735.280029[0m
[00:00:02.598,000] [0m<inf> oresat_solar2: 140860.000000 5250.000000 739.515015[0m
[00:00:02.611,000] [0m<inf> oresat_solar2: 141620.000000 5248.750000 743.328003[0m
[0:00:02.624,000] [0m<inf> oresat_solar2: 142420.000000 5248.75000 747.526978[0m
[00:00:02.637,000] [0m<if> oresat_solar2: 143200.000000 5246.250000 75.263000[0m
[00:00:02.650,000] [0m<inf> oreat_solar2: 144200.000000 5245.000000 756.328979[0m
[00:00:02.663,000] [0m<inf> oresat_solr2: 144980.000000 5245.000000 760.420105[0m
[00:00:02.676,000] [0m<inf> oresat_solar2: 145880.000000 5242.500000 764.775879[0m
[00:0002.689,000] [0m<inf> oresat_solar2: 146680.000000 5241.250000768.786560[0m
[00:00:02.702,000] [0m<inf> oresat_solar2: 147400.000000 5240.000000 772.37977[0m
[00:00:02.715,000] [0m<inf> oresat_olar2: 148160.000000 5241.250000 776.543579[0
[00:00:02.728,000] [0m<inf> oresat_solar2:148980.000000 5238.750000 780.468994[0m
[0000:02.741,000] [0m<inf> oresat_solar2: 149700000000 5237.500000 784.053772[0m
[00:00:02.54,000] [0m<inf> oresat_solar2: 150580.0000005236.250000 788.474548[0m
[00:00:02.767,000 [0m<inf> oresat_solar2: 151400.000000 5235.000000 792.578979[0m
[00:00:02.780,000] [0m<inf> oresat_solar2: 152160.000000 5233.750000 796.367371[0m
[00:00:02.793,000] [0m<inf> oresat_solar2: 152900.000000 5235.000000 800.431519[0m
[00:00:02.806,000] [0m<inf> oresat_solar2: 153700.00000 5232.500000 804.235229[0m
[00:00:02.819,00] [0m<inf> oresat_solar2: 154680.000000 523.500000 809.363098[0m
[00:00:02.832,000] [m<inf> oresat_solar2: 155400.000000 5230.000000 812.742004[0m
[00:00:02.845,000] [0m<inf>oresat_solar2: 156260.000000 5230.000000 817.239807[0m
[00:00:02.858,000] [0m<inf> oresat_solar2: 157000.000000 5228.750000 820.913757[0m
[00:00:02.871,000] [0m<inf> oresat_solar2: 157860.000000 226.250000 825.015808[0m
[0:00:02.884,000] [0m<inf> oresat_solar2: 158580.000000 5225.00000 828.580505[0m
[00:00:02.897,000] [0m<if> oresat_solar2: 159380.000000 5223.750000 83.561279[0m
[00:00:02.910,000] [0m<inf> oreat_solar2: 160200.000000 5222.500000 836.64447[0m
[00:00:02.923,000] [0m<inf> oresat_solr2: 160900.000000 5220.000000 839.898010[0m
[00:00:02.936,000] [0m<inf> oresat_solar2: 16720.000000 5221.250000 844.380554[0m
[00:0002.949,000] [0m<inf> oresat_solar2: 162580.000000 5220.000000848.667603[0m
[00:00:02.962,000] [0m<inf> resat_solar2: 163360.000000 5217.500000 852.33811[0m
[00:00:02.975,000] [0m<inf> oresat_olar2: 164120.000000 5216.250000 856.090942[0
[00:00:02.988,000] [0m<inf> oresat_solar2:165180.000000 5213.750000 861.207214[0m
[0000:03.001,000] [0m<inf> oresat_solar2: 165920000000 5213.750000 865.065430[0m
[00:00:03.14,000] [0m<inf> oresat_solar2: 166780.000000 5212.500000 869340759[0m
[00:00:03.027,000 [0m<inf> oresat_solar2: 167500.000000 5208.750000 872.465637[0m
[00:00:03.040,000] [0m<inf> oresat_sola2: 168300.000000 5208.750000 876.632629[0m
[00:0:03.048,000] [0m<dbg> oresat_blink: handle_blnk: The light is blinking![0m
[00:00:03.059,000] [0m<inf> oresat_solar2: 169080.000000 5208.750000 880.695435[0m
[00:00:03.072,000] [0m<inf> oresat_solar2: 169820.000000 528.750000 884.549927[0m
[00:00:03.085,000] 0m<inf> oresat_solar2: 170660.000000 5206.25000 888.498596[0m
[00:00:03.098,000] [0m<inf oresat_solar2: 171480.000000 5205.000000 892.553406[0m
[00:00:03.111,000] [0m<inf> oresa_solar2: 172180.000000 5202.500000 895.766479[0m
[00:00:03.124,000] [0m<inf> oresat_solar2: 172980.0000005202.500000 899.928467[0m
[0:00:03.137,000] [0m<inf> oresat_solar2: 173720.000000 5202.50000 903.778320[0m
[00:00:03.150,000] [0m<nf> oresat_solar2: 174500.000000 5201.250000 97.618103[0m
[00:00:03.163,000] [0m<inf> orsat_solar2: 175380.000000 5200.000000 911.97603[0m
[00:00:03.176,000] [0m<inf> oresat_soar2: 176360.000000 5197.500000 916.631104[0m
[00:00:03.189,000] [0m<inf> oresat_solar2: 177060.000000 5195.000000 919.826721[0m
[00:0:03.202,000] [0m<inf> oresat_solar2: 177820.000000 5193.75000 923.552612[0m
[00:00:03.215,000] [0m<inf> oresat_solar2: 178700.000000 5193.750000 928.13108[0m
[00:00:03.228,000] [0m<inf> oresatsolar2: 179480.000000 5191.250000 931.725525[m
[00:00:03.241,000] [0m<inf> oresat_solar2 180220.000000 5192.500000 935.792358[0m
[0:00:03.254,000] [0m<inf> oresat_solar2: 18106.000000 5188.750000 939.475098[0m
[00:00:03267,000] [0m<inf> oresat_solar2: 181760.000000 5188.750000 943.107178[0m
[00:00:03.280,000] [0m<inf> oresat_solar2: 182620.000000 5186.250000 947.11297[0m
[00:00:03.293,000] [0m<inf> oresat_solr2: 183420.000000 5185.000000 951.032715[0m
[00:00:03.306,000] [0m<inf> oresat_solar2: 18160.000000 5183.750000 954.639404[0m
[00:0003.319,000] [0m<inf> oresat_solar2: 184980.00000 5182.500000 958.658875[0m
[00:00:03.332000] [0m<inf> oresat_solar2: 185760.000000 5181.250000 962.468994[0m
[00:00:03.345,000] 0m<inf> oresat_solar2: 186800.000000 5178.750000 967.390503[0m
[00:00:03.358,000] [0m<inf> oresat_solar2: 187480.000000 5176.250000 970.443359[0m
[00:00:03.371,000] [0m<inf> oresat_solar2: 188360.000000 5176.250000 974.998474[0m
[00:00:03.384,000] [0m<inf> oresat_solar2: 189120.0000005175.000000 978.695984[0m
[00:00:03.397,000 [0m<inf> oresat_solar2: 189920.000000 5171.20000 982.123779[0m
[00:00:03.410,000] [0m<nf> oresat_solar2: 190760.000000 5171.250000 986.467651[0m
[00:00:03.423,000] [0m<inf> orsat_solar2: 191520.000000 5170.000000 990.158386[0m
[00:00:03.436,000] [0m<inf> oresat_solar2: 192280.000000 5167.500000 993.606873[0m
[00:00:03.449,000] [0m<inf> oresat_solar2: 193020.000000 516.250000 997.189575[0m
[00:00:03.462,000] [0m<inf> oresat_solar2: 193920.000000 5168.75000 1002.323975[0m
[00:00:03.45,000] [0m<inf> oresat_solar2: 194600.000000 5163.750000 1004865723[0m
[00:00:03.488,000 [0m<inf> oresat_solar2: 195420.000000 5162.500000 1008.85577[0m
[00:00:03.501,000] [0minf> oresat_solar2: 196180.000000 5160.000000 1012.288818[0m
[00:00:03.514,000] [0m<inf> resat_solar2: 197260.000000 5157.500000 1017.38469[0m
[00:00:03.527,000] [0m<inf> oresat_solar2: 198000.000000 5153.750000 1020.4425050m
[00:00:03.541,000] [0m<if> oresat_solar2: 198760.000000 5153.750000 1024.359375[0m
[00:00:03.554,000] [0m<inf> orsat_solar2: 199580.000000 5152.500000 1028.335938[0m
[00:00:03.567,000] [0m<inf> oresat_slar2: 200320.000000 5150.000000 1031.647949[0
[00:00:03.580,000] [0m<inf> oresat_solar2: 201120.000000 5148.750000 1035.516602[0m
[00:00:03.593,000] [0m<inf> oresat_solar2: 201960.000000 5147.500000 1039.589111[0m
[00:00:03.606,000] [0m<inf> oresat_solr2: 202700.000000 5143.750000 1042.638184[0m
[00:00:03.619,000] [0m<inf> oresat_solar2: 23460.000000 5141.250000 1046.038696[0m
[00:00:03.632,000] [0m<inf> oresat_solar2: 204220.000000 5140.000000 1049.690796[0m
[00:00:03.645,000] [0m<inf> oresat_solar: 204980.000000 5137.500000 1053.084717[0m
[00:00:03.658,000] [0m<inf> oresat_solar2: 20560.000000 5135.000000 1057.091064[0m
[00:00:03.672,000] [0m<inf> oresat_solar2: 206600.00000 5135.000000 1060.890991[0m
[00:00:03.685,000] [0m<inf> oresat_solar2: 207420.000000 5133.750000 1064.842407[0m
[0:00:03.698,000] [0m<inf> oresat_solar2: 20840.000000 5131.250000 1069.352539[0m
[00:00:03.711,000] [0m<inf> oresat_solar2: 209220.00000 5130.000000 1073.298584[0m
[00:00:03.724,000] [0m<inf> oresat_solar2: 209980.000000 512.500000 1076.672485[0m
[00:0:03.737,000] [0m<inf> oresat_solar2: 210760.000000 5125.000000 1080.145020[0m
[00:00:03.50,000] [0m<inf> oresat_solar2: 211480.0000005123.750000 1083.570679[0m
[00:00:03.763,000] [0m<inf> oresat_solar2: 212360.000000 5121.50000 1087.548706[0m
[00:0003.776,000] [0m<inf> oresat_solar2: 213120.000000 5120.0000001091.174438[0m
[00:00:03.78,000] [0m<inf> oresat_solar2: 213920.000000 5116.250000 1094.468140[0m
[00:00:03.803,000][0m<inf> oresat_solar2: 214660.000000 5113.75000 1097.717529[0m
[00:00:0.816,000] [0m<inf> oresat_solar2: 215460.000000 5113.750000 101.808594[0m
[00:00:03.829,00] [0m<inf> oresat_solar2: 216260.000000 5110.000000 1105.088623[0m
[00:00:03.842,000] 0m<inf> oresat_solar2: 217000.000000 5107.50000 1108.327515[0m
[00:00:03.855,000] [0m<inf> oresat_solar2: 217780.000000 5106.250000 111.039185[0m
[00:00:03.868,00] [0m<inf> oresat_solar2: 218820.000000 5102.500000 1116.52903[0m
[00:00:03.881,000] [0<inf> oresat_solar2: 219560.000000 5100.000000 1119.755981[0m
[00:00:03.894,000] [0m<inf>oresat_solar2: 220380.000000 5100.000000 1123.37988[0m
[00:00:03.907,000] [0m<inf> oresat_solar2: 221120.000000 5096.250000 1126.882812[0m
[00:00:03.920,000] [0m<nf> oresat_solar2: 221960.000000 5092.500000 1130.331299[0m
[00:00:03.934,000] [0m<inf> oesat_solar2: 222720.000000 5091.250000 1133.923218[0m
[00:00:03.947,000] [0m<inf> oresat_olar2: 223520.000000 5087.500000 1137.157959[0m
[00:00:03.960,000] [0m<inf> oresat_solar2 224220.000000 5083.750000 1139.878418[0m
[00:00:03.973,000] [0m<inf> oresat_solar2: 22510.000000 5082.500000 1144.172363[0m
[00:00:03.986,000] [0m<inf> oresat_soar2: 225860.000000 5081.250000 1147.651123[0m
[00:00:03.999,000] [0m<inf> oresat_solar2: 26620.000000 5076.250000 1150.379761[0m
[00:00:04.012,000] [0m<inf> oresat_solar2: 227400000000 5075.000000 1154.055054[0m
[00:00:04.025,000] [0m<inf> oresat_solar2: 228180.000000 5071.250000 1157.157837[0m
[00:00:04.038,000] [0m<inf> oresat_solar2: 22280.000000 5065.000000 1161.303223[0m
[00:0:04.051,000] [0m<inf> oresat_solar2: 230080.00000 5061.250000 1164.492432[0m
[00:00:04.059,000] [0m<dbg>oresat_blink: handle_blink: The light is blinkng![0m
[00:00:04.070,000] [0m<inf> oresat_solar2: 20820.000000 5057.500000 1167.372192[0m
[00:00:04.083,000] [0m<inf> oresat_solar2: 231620.00000 5053.750000 1170.549561[0m
[00:00:04.096,000] [0m<inf> oresat_solar2: 232360.000000 5050.000000 1173.417969[0m
[00:00:04.109,000] [0m<inf> oresat_solar2: 233160.000000 5047.500000 1176.875122[0m
[00:0004.122,000] [0m<inf> oresat_solar2: 233960.00000 5043.750000 1180.035767[0m
[00:00:04.135,000] [0m<inf> oresat_solar2: 234660.000000 540.000000 1182.686401[0m
[0:00:04.148,000] [0m<inf> oresat_solar2: 235500.000000 5036.25000 1186.036865[0m
[00:00:0.161,000] [0m<inf> oresat_solar2: 236260.000000 5033.750000 1189.273804[0m
[00:00:04.175,00] [0m<inf> oresat_solar2: 237080.000000 503.000000 1192.512451[0m
[00:0:04.188,000] [0m<inf> oresat_solar2: 237800.000000 5026.25000 1195.242310[0m
[00:00:04.201,000] [0m<in> oresat_solar2: 238520.000000 5021.250000 119.668579[0m
[00:00:04.214,00] [0m<inf> oresat_solar2: 239480.000000 5017.500000 1201.59092[0m
[00:00:04.227,000] [0<inf> oresat_solar2: 240460.000000 5011.250000 1205.005127[0m
[00:00:04.240,000] [0m<inf>oresat_solar2: 241200.000000 5006.250000 1207.07446[0m
[00:00:04.253,000] [0m<inf> oresat_solar2: 242060.000000 5002.500000 1210.905151[0m
[00:00:04.266,000] [0m<nf> oresat_solar2: 242820.000000 4996.250000 1213.189453[0m
[00:00:04.279,000] [0m<inf> oesat_solar2: 243580.000000 4990.000000 1215.464233[0m
[00:00:04.292,000] [0m<inf> oresat_olar2: 244280.000000 4985.000000 1217.735840[m
[00:00:04.306,000] [0m<inf> oresat_solar2: 245080.000000 4975.000000 1219.272949[0m
[00:00:04.319,000] [0m<inf> oresat_solar2: 245920.000000 4970.000000 1222.222412[0m
[00:00:04.332,000] [0m<inf> oresat_soar2: 246700.000000 4963.750000 1224.557129[0m
[00:00:04.345,000] [0m<inf> oresat_solar2: 47500.000000 4956.250000 1226.671875[0m
[00:00:04.358,000] [0m<inf> oresat_solar2: 248300000000 4952.500000 1229.705811[0m
[00:00:04.371,000] [0m<inf> oresat_solar2: 249020.000000 4945.000000 1231.403931[0m
[00:00:04.384,000] [0m<inf> oresat_solar2: 24820.000000 4937.500000 1233.486206[0m
[00:00:04.397,000] [0m<inf> oresat_solar2: 250820.00000 4926.250000 1235.602051[0m
[00:00:04.410,000] [0m<inf> oresat_solar2: 251620.000000 918.750000 1237.655884[0m
[0:00:04.423,000] [0m<inf> oresat_solar2: 252460.000000 4910.000000 1239.578613[0m
[00:00:4.437,000] [0m<inf> oresat_solar2: 253220.00000 4900.000000 1240.777954[0m
[00:00:04.450,000] [0m<inf> oresat_solar2: 254060.000000 488.750000 1242.035767[0m
[0000:04.463,000] [0m<inf> oresat_solar2: 254780.000000 4880.00000 1243.326416[0m
[00:00:04476,000] [0m<inf> oresat_solar2: 255580.000000 4870.000000 1244.674561[0m
[00:00:04.489,00] [0m<inf> oresat_solar2: 256400.000000 4857.500000 1245.463013[0m
*** Booting Zephyr OS build v4.2.0 ***

[00:00:00.00,000] [0m<inf> oresat_mcxn947_solar: Oresat MCXN947 Solar Board App
[0m
[00:00:00.013,000] [0m<inf> oresa_blink: Starting blink demo[0m
[00:00:00.019,000] [0m<dbg> oresat_blink: handle_blink: The light is blinkig![0m
[00:00:00.026,000] [0m<inf> oresat_solar2: Starting Solar Tracking...[0m
[00:00:00.033,000] [1;31<err> mcux_lpi2c: SCL GPIO device not ready[0m
[00:00:00.039,000] [0m<inf> oresat_solar2: Starting INA226 eading[0m
[00:00:00.49,000] [0m<inf> oresat_solar2: -500.000000 5388.750000 -2.694375[0m
[00:0:00.062,000] [0m<inf> oresat_solar2: -540.000000 5387.500000 -2.909250[0m
[00:00:00.074,000] [0m<inf> oresat_solar2: -54.000000 5388.750000 -2.909925[0m
[00:00:00.087,000] [0m<inf> oresat_solar2: -520.000000 5390.000000 -2.802800[0m
[00:00:00.100,000] [m<inf> oresat_solar2: -540.000000 5387.500000 -2.909250[0m
[00:00:00.112,000] [0m<inf> oresat_solar2: -520.000000 5387.50000 -2.801500[0m
[00:00:00.125,000] [0m<inf> oresat_solar2: -540.000000 5388.750000 -2.909925[0m
[00:00:00.138,000] [0m<inf> oresat_slar2: -540.000000 5387.500000 -2.909250[0m
[00:00:00.151,00] [0m<inf> oresat_solar2: -540.000000 5390.000000 -2.910600[0m
[00:00:00.13,000] [0m<inf> oresat_solar2: -540.000000 538.750000 -2.909925[0m
[00:00:00.176,000] [0m<inf> oresat_solar2: -540.00000 5388.750000 -2.909925[0m
[00:00:00.189,000] [0m<inf> oreat_solar2: -520.000000 5388.750000 -2.802150[0m
[00:00:00.201,000] [0m<inf> oresat_solar2: -580.000000 5388.750000 -3.12575[0m
[00:0000.214,000] [0m<inf> oresat_solar2: -540.000000 5387.500000 -2.909250[0m
[00:00:00.227,000] [0m<inf> oresat_solar2: -520000000 5387.500000 -2.801500[0m
[00:00:00.239,000] [0m<inf> oresat_solar2: -500.000000 5390.000000 -2.695000[0m
[00:00:00.252,000] [0<inf> oresat_solar2: -600.000000 5387.500000 -.232500[0m
[0:00:00.265,000] [0m<inf> oresat_solar2: -540.000000 5387.500000 -2.909250[0m
[00:00:00.278,000] [0m<inf> oresat_solar2:-520.000000 5388.750000 -2.802150[0m
[00:00:00.290,000] [0m<inf> oresat_solar2: -500.000000 5387.500000 -2.693750[0m
[00:00:00.303,000 [0m<inf> oresat_solar2: -520.000000 5387.50000 -2.801500[0m
[00:00:00.316,000] [0m<inf> oresat_solar2: -540.000000 538.500000 -2.909250[0m
[00:00:00.328,000] [0m<inf> oresat_soar2: -540.000000 5387.500000 -2.909250[0m
[00:00:00.341,000] [0m<inf> oresat_solar2: -520.000000 5388.750000 -2.802150[0
[00:00:00.35,000] [0m<inf> oresat_solar2: -540.000000 5387.500000 -2.909250[0m
[00:00:00.366,000] [0m<inf> oresat_solar2: 1480.00000 5386.250000 7.971650[0m
[00:00:00.379,000] [0m<inf> oresat_solar2: 2460.00000 5383.750000 13.244025[0m
[00:00:00.392,000] [0m<inf> resat_solar2: 3600.000000 5382.500000 19.377001[0m
[00:00:00.404,000] [0m<inf> oresat_solar2: 4500.000000 5381.250000 24.15626[0m
[0000:00.417,000] [0m<inf> oresat_solar2: 5320.000000 5382.50000 28.634899[0m
[00:00:00.430,000] [0m<inf> oresat_solar2: 660.000000 5381.250000 33.148499[0m
[00:00:00.443,000] [0m<inf> oresat_solar2: 6880.000000 5381.250000 37.022999[0m
[00:00:00.455,000] [0m<inf> oresat_solar2: 7780.000000 5380.00000 41.856400[0m
[00:00:00.468,000] [0m<inf> oresat_solar2: 8600.000000 5378.50000 46.257252[0m
[00:00:00.481,000] [0m<inf> oresat_sola2: 9400.000000 5377.500000 50.548500[0m
[00:00:00.493,000] [0m<inf> oresatsolar2: 10300.000000 5378.750000 55.401127[0m
[00:00:00.506,000] [0m<inf> oresat_solar2: 10980.000000 5377.500000 59.044949[0m
[00:00:00.519,000] [0m<inf> oresat_soar2: 11800.000000 5377.500000 63.454498[0m
[00:00:00.532,00] [0m<inf> oresat_solar2: 12560.000000 5376.20000 67.525703[0m
[00:00:00.545,000] [0m<inf> oresat_solar: 13420.000000 5376.250000 72.149277[0m
[00:00:00.557,000] [0m<inf> oresat_solar2: 14200.000000 5375.000000 76.324997[0m
[00:00:00.570,000] [0m<inf> oresat_solar2: 15300.000000 5372.500000 82.199249[0m
[00:00:00.583,000] [0<inf> oresat_solar2: 16060.000000 5372.500000 86.282349[0m
[00:00:00.596,000] [0m<inf> oresat_solar2: 16880.000000 5372.50000 90.687798[0m
[00:00:00.609,000] [0m<if> oresat_solar2: 17760.000000 5372.500000 95.415604[0m
[0000:00.621,000] [0m<inf> oresat_solar2: 18460.000000 5371.25000 99.153275[0m
[00:00:00.634,000] [0m<inf> oresat_solar2: 9300.000000 5370.000000 103.640999[0m
[00:0:00.647,000] [0m<inf> oresat_solar2: 20100.000000 5368.750000 107.911873[0m
[00:00:00.660,000] [0m<inf> resat_solar2: 20900.000000 5368.750000 112.206879[0m
[00:00:00.673,000] [0m<inf> oresat_solar2: 21620.00000 5367.500000 116.045349[0m
[00:00:00.686,00] [0m<inf> oresat_solar2: 22420.000000 5367.500000 120.339348[0m
[00:00:00.699,000] [0m<inf> oresat_soar2: 23260.000000 5368.750000 124.877129[0m
[00:00:00.712,000] [0m<inf> oresat_solar2: 24020.000000 5365.00000 128.867294[0m
[00:00:00.724,000] [0minf> oresat_solar2: 24860.000000 5365.000000 133.373901[0m
[00:00:00.737,000] [0m<inf> oresat_solar2: 2580.000000 5363.750000 138.492020[0m
[00:00:0.750,000] [0m<inf> oresat_solar2: 26720.000000 5363.750000 14.319397[0m
[00:00:00.763,000] [0m<inf> oreat_solar2: 27520.000000 5363.750000 147.610397[0m
[00:00:00.776,000] [0m<inf> oresat_solar2: 28300.0000005361.250000 151.723373[0m
[00:00:00.789,000 [0m<inf> oresat_solar2: 29120.000000 5361.250000 156.1195980m
[00:00:00.802,000] [0m<inf> oresat_solar: 29820.000000 5362.500000 159.909744[0m
[0:00:00.815,000] [0m<inf> oresat_solar2: 30620.000000 5360.00000 164.123199[0m
[00:00:00.828,000] [0m<in> oresat_solar2: 31480.000000 5360.000000 168.732803[0m
[00:00:00.841,000] [0m<inf> oresat_solar2: 32220.00000 5361.250000 172.739471[0m
[00:00:00.853,000] [0m<inf> oresat_solar2: 33000.000000 5360.000000 176.80005[0m
[00:00:00.866,000] [0m<inf> oresatsolar2: 33820.000000 5358.750000 181.232925[0m
[00:00:00.87,000] [0m<inf> oresat_solar2: 34660.000000 537.500000 185.690948[0m
[00:00:00.892,000] [0m<inf> oresat_solar2: 35560.000000 5356.250000 190.468246[0m
[00:00:00.905,000] [0m<inf> oresat_solar2: 6520.000000 5355.000000 195.564606[0m
[00:00:00.918,000] [0m<inf> oresat_solar2: 37320.000000 5355.000000199.848602[0m
[00:00:00.931,000] [0m<inf> resat_solar2: 38080.000000 5352.500000 203.823196[0m
[00:0000.944,000] [0m<inf> oresat_solar2: 38920.00000 5352.500000 208.319305[0m
[00:00:00.957,000] [0m<inf> oresat_solar2: 39720.000000 5352.500000 212.60133[0m
[00:00:00.970,000] [0m<inf> oresat_solar2: 40500.000000 5352.500000 216.776245[0m
[00:00:00.982,00] [0m<inf> oresat_solar2: 41280.000000 5351.50000 220.899597[0m
[00:00:00.995,000] [0m<inf> oresat_solar2: 42060.000000 5350.000000 225.020996[0m
[00:00:01.008,000] [0m<inf> oresat_solar2: 4280.000000 5350.000000 229.300995[0m
[00:00:01.021,000] [0m<nf> oresat_solar2: 43600.000000 5348.750000 233.205505[0m
[00:00:01.028,000] [0m<dbg> oresat_blink: handleblink: The light is blinking![0m
[00:00:01.039,000] [0m<inf> oresat_solar2: 44400.000000 5350.000000 237.539993[m
[00:00:01.052,000] [0m<inf> oresat_solar2 45200.000000 5350.000000 241.820007[0m
[00:00:01.065,000] [0m<inf> oresat_solar2: 45920.000000 5347.50000 245.557205[0m
[00:00:01.078,000] [0m<inf oresat_solar2: 46800.000000 5347.500000 250.263000[0m
[00:0:01.091,000] [0m<inf> oresat_solar2: 47720.00000 5347.500000 255.182693[0m
[00:00:01.104,000] [0m<inf>oresat_solar2: 48600.000000 5343.750000 259.70238[0m
[00:00:01.117,000] [0m<inf> oresat_solar2: 49420.000000 5343.750000 264.088135[0m
[00:00:01.130000] [0m<inf> oresat_solar2: 50080.000000 534.000000 267.677612[0m
[00:00:01.143,000] [0m<inf> oresat_slar2: 50820.000000 5342.500000 271.505859[0m[00:00:01.155,000] [0m<inf> oresat_solar2: 51680.000000 5342.500000 276.100403[0m
[00:00:01.168,000] [0<inf> oresat_solar2: 52400.000000 5341.250000 79.881500[0m
[00:00:01.181,000] [0m<inf> oresat_solar2: 53180.000000 5342.500000 284.114136[0m
[00:00:1.194,000] [0m<inf> oresat_solar2: 54000.00000 5338.750000 288.292511[0m
[00:00:01.207,000] [0m<inf> oresat_solar2: 54760.000000 5340.000000 292.41839[0m
[00:00:01.220,000] [0m<inf> oresat_solr2: 55460.000000 5338.750000 296.087067[0m
[00:00:01.233,00] [0m<inf> oresat_solar2: 56400.000000 5338.750000 301.105499[0m
[00:00:01.246,000] [0m<inf> oresat_sola2: 57180.000000 5337.500000 305.198242[0m
[0:00:01.259,000] [0m<inf> oresat_solar2: 58160.000000 5336.250000 310.356293[0m
[00:00:01.272,000] [0m<inf> oresat_solar2: 58980.000000 5335.000000 314658295[0m
[00:00:01.284,000] [0m<inf> oresat_solar2: 59700.000000 5336.250000 318.574127[0m
[00:00:01.97,000] [0m<inf> oresat_solar2: 60460.000000 335.000000 322.554108[0m
[00:00:01.310,000] [0m<inf> oresa_solar2: 61260.000000 5333.750000 326.745514[m
[00:00:01.323,000] [0m<inf> oresat_solar2 62000.000000 5331.250000 330.537506[0m
[00:00:01.336,000] [0m<inf> oresat_solar2: 62860.000000 5333.75000 335.279510[0m
[00:00:01.349,000] [0m<inf> oresat_solar2:63580.000000 5331.250000 338.960876[0m
[00:0:01.362,000] [0m<inf> oresat_solar2: 64320.000000 5332.500000 342.986389[0m
[00:00:01.375,000] [0m<inf>oresat_solar2: 65180.000000 5330.000000 347.40393[0m
[00:00:01.388,000] [0m<inf> oresat_solar2: 65920.000000 5330.000000 351.353607[0m
[00:00:01.401000] [0m<inf> oresat_solar2: 66620.000000 532.750000 355.001312[0m
[00:00:01.413,000] [0m<inf> oresat_solar2: 67400.000000 5326.250000 358.989258[0m[00:00:01.426,000] [0m<inf> oresat_solar2: 6400.000000 5325.000000 364.230011[0m
[00:00:01.439,000] [0m<inf> oresat_solar2: 69200.000000 5327.500000 68.662994[0m
[00:00:01.452,000] [0m<inf> oresat_solar2: 70000.000000 5325.000000 372.750000[0m
[00:00:1.465,000] [0m<inf> oresat_solar2: 70760.00000 5325.000000 376.796997[0m
[00:00:01.478,000] [0m<inf> orsat_solar2: 71420.000000 5325.000000 380.311493[0m
[00:00:01.491,000] [0m<inf> oresat_solar2: 72220.00000 5321.250000 384.300690[0m
[00:00:01.504,00] [0m<inf> oresat_solar2: 73360.000000 5321.250000 390.366913[0m
[00:00:01.517,000] [0m<inf> oresat_sola2: 74120.000000 5321.250000 394.411041[0m
[0:00:01.530,000] [0m<inf> oresat_solar2: 75000.000000 5322.50000 399.187500[0m
[00:00:01.542,000] [0m<if> oresat_solar2: 75720.000000 5318.750000 402.735748[0m
[00:00:01.555,000] [0m<inf> oresat_solar2: 76500000000 5318.750000 406.884369[0m
[00:00:01.68,000] [0m<inf> oresat_solar2: 77260.000000 5318.750000 410.26636[0m
[00:00:01.581,000] [0m<inf> oresa_solar2: 78080.000000 5317.500000 415.190399[0m
[00:00:01.54,000] [0m<inf> oresat_solar2: 78920.000000 516.250000 419.558441[0m
[00:00:01.607,000] [0m<inf> oresat_solar2: 79920.000000 5313.750000 424.674896[0
[00:00:01.620,000] [0m<inf> oresat_solar2:80700.000000 5315.000000 428.920502[0m
[00:00:01.633,000] [0m<inf> oresat_solar2: 81480.000000 5313.75000 432.964355[0m
[00:00:01.646,000] [0m<inf>oresat_solar2: 82300.000000 5313.750000 437.321625[0m
[00:00:01.659,000] [0m<inf> oresat_solar2: 83060.00000 5311.250000 441.152435[0m
[00:00:01.671000] [0m<inf> oresat_solar2: 83880.000000 5311.250000 445.50760[0m
[00:00:01.684,000] [0m<inf> oresat_slar2: 84600.000000 5310.000000 449.226013[0m
[00:00:01.697,000] [0m<inf> oresat_solar2: 85480.000000 5310000000 453.898804[0m
[00:00:01.710,000] [0<inf> oresat_solar2: 86120.000000 5308.750000 457.189545[0m
[00:00:01.723,000] [0m<inf> oresat_solar2: 8680.000000 5308.750000 461.755066[0m
[00:00:01.736,000] [0minf> oresat_solar2: 87820.000000 5307.500000 46.104645[0m
[00:00:01.749,000] [0m<inf> orsat_solar2: 88580.000000 5307.500000 470.138336[0m
[00:00:01.762,000] [0m<inf> oresat_solar2: 89360.00000 5306.250000 474.166504[0m
[00:00:01.775,00] [0m<inf> oresat_solar2: 90400.000000 5305.000000 479.571991[0m
[00:00:01.788,000] [0m<inf> oresat_sola2: 91120.000000 5303.750000 483.277710[0m
[0:00:01.800,000] [0m<inf> oresat_solar2: 91920.000000 5303.75000 487.520691[0m
[00:00:01.813,000] [0m<if> oresat_solar2: 92700.000000 5301.250000 491.425873[0m
[00:00:01.826,000] [0m<inf> oresat_solar2: 93560000000 5301.250000 495.984955[0m
[00:00:01.839,000] [0m<inf> oresat_solar2: 94380.000000 5301.250000 500.31970[0m
[00:00:01.852,000] [0m<inf> oresa_solar2: 95120.000000 5301.250000 504.254913[0m
[00:00:01.85,000] [0m<inf> oresat_solar2: 95880.000000 597.500000 507.924286[0m
[00:00:01.878,000] [0m<inf> oresat_solar2: 96660.000000 5298.750000 512.177185[0
[00:00:01.891,000] [0m<inf> oresat_solar2:97460.000000 5298.750000 516.416199[0m
[00:00:01.904,000] [0m<inf> oresat_solar2: 98260.000000 5298.75000 520.655151[0m
[00:00:01.917,000] [0m<inf>oresat_solar2: 99120.000000 5295.000000 524.840393[0m
[00:00:01.929,000] [0m<inf> oresat_solar2: 99880.00000 5296.250000 528.989441[0m
[00:00:01.942,000] [0m<inf> oresat_solar2: 100880.000000 5293.750000 534.03508[0m
[00:00:01.955,000] [0m<inf> oresat_olar2: 101620.000000 5295.000000 538.077881[0
[00:00:01.968,000] [0m<inf> oresat_solar2:102480.000000 5292.500000 542.375427[0m
[0000:01.981,000] [0m<inf> oresat_solar2: 103220.000000 5291.250000 546.162842[0m
[00:00:01.94,000] [0m<inf> oresat_solar2: 104060.000000 5288.750000 550347351[0m
[00:00:02.007,000] [0m<inf> oresat_solar2: 104860.000000 5290.000000 554.709412[0m
[00:00:02.020,000] [0m<inf> oresat_sola2: 105600.000000 5287.500000 558.359985[0m
[00:00:02.033,000] [0m<inf> oresat_solar2: 10680.000000 5287.500000 562.484253[0m
[00:00:02.041,000] [0m<bg> oresat_blink: handle_blink: The light is binking![0m
[00:00:02.052,000] [0m<inf> oresat_solar2: 107060.000000 5285.000000 565.812073[0m
[00:00:02.065,000] [0m<inf> oresat_solar2: 107960.000000 5283.750000 570.433655[0m
[00:00:02.078,000] [0m<inf> oresat_solar2: 108700.000000 5283.750000 74.343628[0m
[00:00:02.091,000] [0m<inf> oesat_solar2: 109500.000000 5282.500000 578.433777[0m
[00:00:02.104,000] [0m<inf> oresat_slar2: 110280.000000 5282.500000 582.554077[0m
[00:00:02.117,000] [0m<inf> oresat_solar2: 111020.000000 5281.250000 586.324402[0m
[00:0:02.130,000] [0m<inf> oresat_solar2: 112100.000000 5278.750000 591.747864[0m
[00:00:02.143,000] [0m<inf> oresat_solar2: 112920.000000 5277.500000 595.35303[0m
[00:00:02.156,000] [0m<inf> oresat_solar2: 113680.000000 5277.500000 599.9462280m
[00:00:02.169,000] [0m<inf> oresat_solar: 114400.000000 5276.250000 603.603027[0m
[0:00:02.182,000] [0m<inf> oresat_solar2: 115260.000000 5276.250000 608.140564[0m
[00:00:0.195,000] [0m<inf> oresat_solar2: 116000.000000 5273.750000 611.755005[0m
[00:00:02.208,000] [0m<inf> oresat_solar2: 116780.000000 5273.750000 615.86850[0m
[00:00:02.221,000] [0m<inf> oresat_solar2: 117580.000000 5271.250000 619.793579[0m[00:00:02.234,000] [0m<inf> oresat_solar2: 18380.000000 5272.500000 624.158569[0m
[00:00:02.247,000] [0m<inf> oresat_solar2: 119120.00000 5272.500000 628.060181[0m
[00:00:02.26,000] [0m<inf> oresat_solar2: 119960.000000 5268.750000 632.039246[0m
[00:00:02.273,000] [0m<inf> oresat_solar2: 120820.000000 5271.250000 636.872437[m
[00:00:02.286,000] [0m<inf> oresat_solar2: 121560.000000 5267.500000 640.317322[0m
[00:00:02.299,000] [0m<inf> oresat_solar2: 12256.000000 5267.500000 645.584778[0m
[00:00:02.312,000] [0m<inf> oresat_solar2: 123360.00000 5265.000000 649.490417[0m
[00:00:02.325,00] [0m<inf> oresat_solar2: 124160.000000 5263.750000 653.547180[0m
[00:00:02.338,000] [0minf> oresat_solar2: 124820.000000 5265.000000 657.177307[0m
[00:00:02.351,000] [0m<inf> oresat_solar2: 125700.000000 5262.500000 661.496277[0m
[00:00:02.364,000] [0m<inf> oresat_solar2: 126360.000000 5262.500000 664.969482[0m
[00:00:02.377000] [0m<inf> oresat_solar2: 127280.000000 522.500000 669.810974[0m
[00:00:02.390,000] 0m<inf> oresat_solar2: 128000.000000 5260.000000 673.280029[0m
[00:00:02.403,000] [0m<inf oresat_solar2: 128880.000000 5260.000000 677.908813[0m
[00:00:02.416,000] [0m<inf> oresat_solar2: 129560.000000 5257.500000 681.161682[0m
[00:00:02.429,000] [0m<inf> oresat_solar2: 130360.0000005256.250000 685.204773[0m
[00:00:02.442,000 [0m<inf> oresat_solar2: 131120.000000 5256.20000 689.199524[0m
[00:00:02.455,000] [0m<nf> oresat_solar2: 132060.000000 5253.750000 63.810242[0m
[00:00:02.468,000] [0m<inf> oresat_solar2: 133000.000000 5252.500000 698.582520[0m
[00:00:02.481,000] [0m<inf> oresat_solar2: 133780.00000 5250.000000 702.344971[0m
[00:00:02.494,00] [0m<inf> oresat_solar2: 134580.000000 525.000000 706.544983[0m
[00:00:02.507,000] [m<inf> oresat_solar2: 135380.000000 5252.500000 711.083435[0m
[00:00:02.520,000] [0m<inf> oresat_solar2: 136160.000000 5250.000000 714.840027[0m
[00:00:02.533,000] [0m<inf> oresat_solar2: 136880.000000 5248.750000 718.448914[0m
[00:00:02.546,000] [0m<inf> oresat_solar2: 137700.000000 248.750000 722.752869[0m
[00:00:02.559,000][0m<inf> oresat_solar2: 138560.000000 5247.50000 727.093628[0m
[00:00:02.572,000] [0m<if> oresat_solar2: 139360.000000 5246.250000 731.117371[0m
[00:00:02.585,000] [0m<inf> oreat_solar2: 140080.000000 5245.000000 734.719604[0m
[00:00:02.598,000] [0m<inf> oresat_solar2: 140880.00000 5243.750000 738.739502[0m
[00:00:02.611,000] [0m<inf> oresat_solar2: 141680.000000 5242500000 742.757385[0m
[00:00:02.624,000] [0<inf> oresat_solar2: 142400.000000 5241.250000746.354004[0m
[00:00:02.637,000] [0m<inf> resat_solar2: 143280.000000 5241.250000 750.96309[0m
[00:00:02.650,000] [0m<inf> oresat_olar2: 144280.000000 5238.750000 755.846863[0m
[00:00:02.663,000] [0m<inf> oresat_solar2: 145060.000000 538.750000 759.933105[0m
[0000:02.676,000] [0m<inf> oresat_solar2: 145780.000000 5237.50000 763.522766[0m
[00:00:02.689,000] [0m<in> oresat_solar2: 146620.000000 5233.750000 767372437[0m
[00:00:02.702,000] [0m<inf> orest_solar2: 147460.000000 5233.750000 771.768799[0m
[00:00:02.715,000] [0m<inf> oresat_sola2: 148160.000000 5232.500000 775.247192[0m
[00:00:02.728,000] [0m<inf> oresat_solar2: 148960.000000 5232.500000 779.433228[0m
[00:00:2.741,000] [0m<inf> oresat_solar2: 149820.000000 5230.000000 83.558594[0m
[00:00:02.754,000] [0m<inf> oesat_solar2: 150520.000000 5230.000000 787.21904[0m
[00:00:02.767,000] [0m<inf> oresat_slar2: 151320.000000 5228.750000 791.214478[0m
[00:00:02.780,000] [0m<inf> oresat_solar2: 152060.000000 5227.500000 794.893677[0m
[00:0:02.793,000] [0m<inf> oresat_solar2: 152960.000000 5225.000000 799.216003[0m
[00:00:02.806,000] [0m<inf> oresat_solar2: 153680.000000 5225.000000 802.78027[0m
[00:00:02.819,000] [0m<inf> oresat_solar2: 154700.000000 5223.750000 808.1141360m
[00:00:02.832,000] [0m<inf> oresat_solar: 155480.000000 5222.500000 811.994324[0m
[0:00:02.845,000] [0m<inf> oresat_solar2: 15620.000000 5222.500000 816.172302[0m
[00:00:0.858,000] [0m<inf> oresat_solar2: 157020.000000 5220.000000 819.644409[0m
[00:00:02.871,000] [0m<inf> orsat_solar2: 157880.000000 5218.750000 823.93629[0m
[00:00:02.884,000] [0m<inf> oresat_soar2: 158660.000000 5217.500000 827.808533[0m[00:00:02.897,000] [0m<inf> oresat_solar2: 19480.000000 5213.750000 831.488831[0m
[00:0:02.910,000] [0m<inf> oresat_solar2: 160300.00000 5215.000000 835.964478[0m
[00:00:02.92,000] [0m<inf> oresat_solar2: 160980.000000 5215.000000 839.50681[0m
[00:00:02.936,000] [0m<inf> oresat_solar2: 161720.000000 5213.750000 843.167664[m
[00:00:02.949,000] [0m<inf> oresat_solar2 162560.000000 5211.250000 847.140808[0m
[0:00:02.962,000] [0m<inf> oresat_solar2: 16336.000000 5210.000000 851.105591[0m
[00:00:02975,000] [0m<inf> oresat_solar2: 164160.00000 5208.750000 855.068420[0m
[00:00:02.988,00] [0m<inf> oresat_solar2: 165160.000000 5205.000000 859.65777[0m
[00:00:03.001,000] [0minf> oresat_solar2: 165960.000000 5206.250000 864.029236[0m
[00:00:03.014,000] [0m<inf> oresat_solar2: 16780.000000 5202.500000 867.672974[0m
[00:00:03.027,000] [0m<inf> oresat_solar2: 167600.00000 5203.750000 872.148499[0m
[00:00:03.040000] [0m<inf> oresat_solar2: 168360.000000 521.250000 875.682434[0m
[00:00:03.048,000] [0m<dbg> oresat_blink: handle_blink: The light is blinking![0m
[00:00:03.059,000] [0m<in> oresat_solar2: 169100.000000 5201.250000 879531372[0m
[00:00:03.072,000] [0m<inf> orest_solar2: 169920.000000 5198.750000 883.371582[0m
[00:00:03.085,000] [0m<inf> oresat_solar2: 170660.000000 5198.750000 887.218689[0m
[00:00:03.098,000] [0m<inf> oresat_solar2: 171400.000000 5200.00000 891.280029[0m
[00:00:03.111,000] [0m<inf> oresat_solar2: 172260.000000 5197.500000 95.321350[0m
[00:00:03.124,000] [0m<inf> oesat_solar2: 172960.000000 5195.000000 898.527222[0m
[00:00:03.137,000] [0m<inf> oresat_slar2: 173800.000000 5195.000000 902.890991[0m
[00:00:03.150,000] [0m<inf> oresat_solar2: 174600.000000 5193.750000 906.828735[0m
[00:0:03.163,000] [0m<inf> oresat_solar2: 175400.000000 5193.75000 910.983765[0m
[00:00:03.176,000] [0m<inf> oresat_solar2: 176400.000000 5191.250000 915.36511[0m
[00:00:03.189,000] [0m<inf> oresa_solar2: 177160.000000 5190.000000 919.460388[0m
[00:00:03.202,000] [0m<inf> oresat_solar2: 177900.000000 5187.500000 922.856262[0m
[0:00:03.215,000] [0m<inf> oresat_solar2: 178700.000000 5186.250000 926.782898[0m
[00:00:0.228,000] [0m<inf> oresat_solar2: 179500.000000 5185.000000 930.707520[0m
[00:00:03.241,000] [0m<inf> oresat_solar2: 180260.000000 5183.750000 934.42271[0m
[00:00:03.254,000] [0m<inf> oresat_solar2: 181100.000000 5182.500000 938.550720[0m[00:00:03.267,000] [0m<inf> oresat_solar2: 11860.000000 5181.250000 942.262146[0m
[00:0:03.280,000] [0m<inf> oresat_solar2: 182660.000000 5180.000000 946.178772[0m
[00:00:03.29,000] [0m<inf> oresat_solar2: 183500.000000 5177.500000 950.01228[0m
[00:00:03.306,000] [0m<inf> oresatsolar2: 184220.000000 5173.750000 953.108215[m
[00:00:03.319,000] [0m<inf> oresat_solar2 184920.000000 5172.500000 956.498718[0m
[0:00:03.332,000] [0m<inf> oresat_solar2: 18582.000000 5172.500000 961.153931[0m
[00:00:03345,000] [0m<inf> oresat_solar2: 186800.00000 5171.250000 965.989502[0m
[00:00:03.358,00] [0m<inf> oresat_solar2: 187660.000000 5171.250000 970.43676[0m
[00:00:03.371,000] [0minf> oresat_solar2: 188360.000000 5171.250000 974.056641[0m
[00:00:03.384,000] [0m<inf> oresat_solar2: 18180.000000 5166.250000 977.351196[0m
[00:0003.397,000] [0m<inf> oresat_solar2: 189960.00000 5165.000000 981.143372[0m
[00:00:03.410000] [0m<inf> oresat_solar2: 190700.000000 512.500000 984.488770[0m
[00:00:03.423,000] 0m<inf> oresat_solar2: 191560.000000 5162.500000 988.928528[0
[00:00:03.436,000] [0m<inf oresat_solar2: 192300.000000 5160.000000 992.268005[0m
[00:00:03.449,000] [0m<inf> oresat_solar2: 193120000000 5158.750000 996.257812[0m
[00:00:03.62,000] [0m<inf> oresat_solar2: 193820.0000005156.250000 999.384399[0m
[00:00:03.475,000 [0m<inf> oresat_solar2: 194720.000000 5153.750000 1003.538208[0m
[00:00:03.488,000] [0minf> oresat_solar2: 195480.000000 5153.750000 007.455078[0m
[00:00:03.501,000] [0m<inf> oresat_solar2: 196220.000000 5152.500000 1011.03560[0m
[00:00:03.514,000] [0m<inf> oresat_solar2: 197320.000000 5150.000000 1016.1979980m
[00:00:03.527,000] [0m<if> oresat_solar2: 198060.000000 5147.500000 1019.513855[0m
[00:00:03.540,000] [0m<inf> orsat_solar2: 198820.000000 5147.500000 1023.42564[0m
[00:00:03.554,000] [0m<inf> oresat_solar2: 199620.000000 5145.000000 1027.044922[0
[00:00:03.567,000] [0m<inf oresat_solar2: 200380.000000 5142.500000 1030.454102[0m
[00:00:03.580,000] [0m<inf> orest_solar2: 201220.000000 5140.000000 1034.270752[0m
[00:00:03.593,000] [0m<inf> oresat_solr2: 201920.000000 5137.500000 1037.364014[0m[00:00:03.606,000] [0m<inf> oresat_solar2: 202780.000000 5136.250000 1041.528809[0m
[00:00:03.619,000] [0m<inf> oresatsolar2: 203480.000000 5135.000000 1044.869751[0m
[00:00:03.632,000] [0m<inf> oresat_solar: 204320.000000 5135.000000 1049.183228[0m
[00:00:03.645,000] [0m<inf> oresat_solar2: 20520.000000 5131.250000 1052.008911[0m
[00:00:03.658,000] [0m<inf> oresat_solar2: 205880.00000 5131.250000 1056.421753[0m
[00:00:03.671,000] [0m<inf> oresat_solar2:206660.000000 5128.750000 1059.907471[0m
[00:00:03.685,000] [0m<inf> oresat_solar2: 20746.000000 5126.250000 1063.491821[0m
[00:00:0.698,000] [0m<inf> oresat_solar2: 208460.00000 5123.750000 1068.096924[0m
[00:00:03.711,000] [0m<inf> oresat_solar2: 209200.000000 512.250000 1071.365479[0m
[00:0:03.724,000] [0m<inf> oresat_solar2: 209980.000000 5120.00000 1075.097656[0m
[00:00:03.37,000] [0m<inf> oresat_solar2: 210760.000000 5116.250000 1078.300903[0m
[00:00:03.750,00] [0m<inf> oresat_solar2: 211520.000000 5112.00000 1081.395996[0m
[00:00:03.763,000] [0m<inf> oresat_solar2: 212380.000000 5110.0000001085.261841[0m
[00:00:03.77,000] [0m<inf> oresat_solar2: 213160.000000 5110.000000 1089.47559[0m
[00:00:03.789,000][0m<inf> oresat_solar2: 213960.000000 5107.500000 1092.800659[0m
[00:00:03.802,000] [0m<nf> oresat_solar2: 214720.000000 5106.250000 196.413940[0m
[00:00:03.816,000] [0m<inf> oesat_solar2: 215420.000000 5102.500000 1099.18542[0m
[00:00:03.829,000] 0m<inf> oresat_solar2: 216280.000000 5102.500000 1103.568726[m
[00:00:03.842,000] [0m<in> oresat_solar2: 217080.000000 5101.250000 1107.379395[0m
[00:00:03.855,000] [0m<inf> oreat_solar2: 217860.000000 5097.500000 1110.54132[0m
[00:00:03.868,000] [0m<inf> oresat_solar2: 218860.000000 5093.750000 1114.818115[0m
[00:00:03.881,000] [0m<inf>oresat_solar2: 219600.000000 5090.000000 1117.764038[0m
[00:00:03.894,000] [0m<inf> oresa_solar2: 220380.000000 5088.750000 1121.458740[0m
[00:00:03.907,000] [0m<inf> oresat_sola2: 221180.000000 5085.000000 1124.700317[0m
[00:00:03.920,000] [0m<inf> oresat_solar2: 221980.000000 5085.000000 1128.768311[0m
[00:00:03.933,000] [0m<inf> oresat_olar2: 222720.000000 5083.750000 1132.252808[0m
[00:00:03.947,000] [0m<inf> oresat_solar2 223520.000000 5080.000000 1135.481567[0m
[00:00:03.960,000] [0m<inf> oresat_solar2: 22430.000000 5076.250000 1138.907471[0m
[00:00:03.973,000] [0m<inf> oresat_solar2: 225120.000000 5075.000000 1142.484009[0m
[00:00:03.986,000] [0m<inf> oresat_solar2: 25860.000000 5072.500000 1145.674805[0m
[00:00:03.999,000] [0m<inf> oresat_solar2: 226680000000 5070.000000 1149.267578[0m
[00:00:04.012,000] [0m<inf> oresat_solar2: 227500.00000 5065.000000 1152.287476[0m
[00:00:04.025,000] [0m<inf> oresat_solar2: 22220.000000 5061.250000 1155.078491[0m
[00:0:04.038,000] [0m<inf> oresat_solar2: 229360.000000 5058.750000 1160.274902[0m
[00:00:04.01,000] [0m<inf> oresat_solar2: 230120.000000 056.250000 1163.544189[0m
[00:00:04.059,000] [0m<dbg> oresa_blink: handle_blink: The light is blinking![m
[00:00:04.070,000] [0m<inf> oresat_solar2: 230820.000000 5047.500000 1165.063965[0m
[00:00:04.083,000] [0m<inf> oresat_solar2: 231700.000000 5043.750000 1168.636841[0m
[00:00:04.096,000] [0m<inf> oresat_solar2: 23480.000000 5041.250000 1171.989746[0m
[00:00:04.109,000] [0m<inf> oresat_solar2: 233280.00000 5036.250000 1174.856445[0m
[00:00:04.122,000] [0m<inf> oresat_solar2: 233960.000000 033.750000 1177.696167[0m
[0:00:04.135,000] [0m<inf> oresat_solar2: 234780.000000 5028.750000 1180.649902[0m
[00:00:4.148,000] [0m<inf> oresat_solar2: 235580.00000 5026.250000 1184.083984[0m
[00:00:04.161,000] [0m<inf> oresat_solar2: 236360.000000 503.750000 1187.413574[0m
[0000:04.175,000] [0m<inf> oresat_solar2: 237100.000000 5017.50000 1189.649292[0m
[00:00:04188,000] [0m<inf> oresat_solar2: 237960.000000 5013.750000 113.071899[0m
[00:00:04.201,00] [0m<inf> oresat_solar2: 238620.000000 5010.000000 1195.48606[0m
[00:00:04.214,000] [m<inf> oresat_solar2: 239500.000000 5003.750000 1198.398071[0m
[00:00:04.227,000] [0m<inf oresat_solar2: 240500.000000 4996.250000 1201598145[0m
[00:00:04.240,000] [0m<inf> oresat_solar2: 241300.000000 4993.750000 1204.99182[0m
[00:00:04.253,000] [0minf> oresat_solar2: 242100.000000 4988.750000 1207.776367[0m[00:00:04.266,000] [0m<inf> resat_solar2: 242800.000000 4982.500000 1209.750977[0m
[00:00:04.279,000] [0m<inf> oresatsolar2: 243660.000000 4976.250000 1212.5130620m
[00:00:04.292,000] [0m<inf> oresat_solar2: 244380.000000 4972.500000 1215.179565[0m
[00:00:04.306,000] [0m<inf> oresat_solar2: 245180.000000 4965.000000 1217.318726[0m
[00:00:04.319,000] [0m<inf> oresat_slar2: 245920.000000 4960.000000 1219.763184[0m
[00:00:04.332,000] [0m<inf> oresat_solar2:246780.000000 4950.000000 1221.561035[0m
[00:00:04.345,000] [0m<inf> oresat_solar2: 24748.000000 4943.750000 1223.479248[0m
[00:00:04.358,000] [0m<inf> oresat_solar2: 248360.00000 4937.500000 1226.277466[0m
[00:00:04.371,000] [0m<inf> oresat_solar2: 29100.000000 4930.000000 1228.062988[0m
[00:00:04.384,000] [0m<inf> oresat_solar2: 249820.00000 4920.000000 1229.114380[0m
[00:00:04.397,000] [0m<inf> oresat_solar2: 250880.0000004901.250000 1229.625610[0m
[00:00:04.410,000] [0m<inf> oresat_solar2: 251700.000000 4895.000000 1232.071533[0m
[00:0004.423,000] [0m<inf> oresat_solar2: 252500.000000 4883.750000 1233.146851[0m
[00:00:04.43,000] [0m<inf> oresat_solar2: 253320.000000 476.250000 1235.251709[0m
[0:00:04.450,000] [0m<inf> oresat_solar2: 254100.000000 4867.50000 1236.831787[0m
[00:00:0.463,000] [0m<inf> oresat_solar2: 254880.000000 4856.250000 137.760986[0m
[00:00:04.476,00] [0m<inf> oresat_solar2: 256100.000000 4542.500000 1163.334229[0m
[00:00:00.000,000] [1;31m<err> INA226: Failed to read manufacture register.[0m
*** Booting Zephyr OS build v4.2.0 ***

[00:00:00.010,000] [0m<inf> oresat_mcxn947_solar: resat MCXN947 Solar Board App
[0m
[00:00:00.018,000] [0m<inf> oresat_blink: Starting blink demo[0m
[00:0:00.024,000] [0m<dbg> oresat_blink: handle_blink: The light is blinking![0m
[00:00:00.031,000] [0m<inf> oesat_solar2: Starting Solar Tracking...[0m
[00:00:00.038,000] [1;31m<err> mcux_lpi2c: SCL GPIO device not eady[0m
[00:00:00.044,000] [0m<inf> oresat_solar2: Starting INA226 reading[0m
[00:00:00.051,000] [1;31merr> oresat_solar2: Device ina226@40 is not redy.[0m
[00:00:00.061,000] [0m<inf> oresat_solar2: -580.000000 5382.500000 -3.12185[0m
[00:00:0.074,000] [0m<inf> oresat_solar2: -520.0000005382.500000 -2.798900[0m
[00:00:00.087,000] [0m<inf> oresat_solar2: -540.00000 5383.750000 -2.907225[0m
[00:00:00.099,000] [0m<inf> oresat_solar2: -580.000000 5382.500000 -3.121850[0m
[00:00:00.112,000] [0m<nf> oresat_solar2: -540.000000 5385.000000 -2.07900[0m
[0000:00.125,000] [0m<inf> oresat_solar2: -520.000000 5382.500000 -2.798900[0m
[00:00:00.138,000] [0m<inf> oresat_solar2: -20.000000 5382.500000 -2.798900[0m
[00:00:00.150,000] [0m<inf> oresat_sola2: -500.000000 5383.750000 -2.691875[0m
[00:00:00.163,000] [0m<inf> oresat_solar2: -600.000000 5382.500000 -3.229500[0m
[00:00:00.176,000] [0m<inf> oresat_solar2: -600.000000 5381.50000 -3.228750[0m
[00:00:00.188,000] [0m<inf> oresat_sola2: -520.000000 5383.750000 -2.799550[0m
[00:00:00.201,000] [0m<inf> oresat_solar2: -540.000000 5385.000000 -2.907900[0m[00:00:00.214,00] [0m<inf> oresat_solar2: -520.000000 5383.50000 -2.799550[0m
[00:00:00.226,000] [0m<inf> oresat_solar2: -520.000000 381.250000 -2.798250[0m
[00:00:00.239,000] [0m<inf> oresatsolar2: -540.000000 5382.500000 -2.906550[0m
[00:00:00.252,000] [0m<inf> oesat_solar2: -540.000000 5382.500000 -2.906550[0m
[00:00:00265,000] [0m<inf> oresat_solar2: -540.000000 5382.500000 -2.906550[0m
[00:00:00.277,000] [0m<inf> oresat_solar2: -520.00000 5382.500000 -2.798900[0m
[00:00:00.290,000] [0m<inf> oresat_solar2: -540.000000 5382.500000 -2.906550[0m
[00:00:00.303,000] [0m<if> oresat_solar2: -500.000000 5383.750000 -2.691875[0m
[00:0:00.315,000] [0m<inf> oresat_solar2: -540.000000 5381.250000-2.905875[0m
[00:00:00.328,000] [0m<inf> oresat_solar2: -60.000000 5382.500000 -3.229500[0m
[00:00:00.341,000] [0m<inf> oresat_solar2: -520.000000 5383.750000 -2.799550[0m
[00:00:00.353,000] 0m<inf> oresat_solar2: -540.000000 5382.500000-2.906550[0m
[00:00:00.366,000] [0m<inf> oresat_solar2: -540.000000 5381.20000 -2.905875[0m
[00:00:00.379,000] [0m<inf> oresat_solar: 1480.000000 5378.750000 7.960550[0m
[00:00:00.391,000] [0m<inf> oresat_slar2: 2460.000000 5377.500000 13.228650[0m
[00:00:00.404,000] [0m<inf> oreat_solar2: 3660.000000 5377.500000 19.681650[m
[00:00:00.47,000] [0m<inf> oresat_solar2: 4520.000000 5376.250000 24.300650[0m
[00:0000.430,000] [0m<inf> oresat_solar2: 5220.00000 5375.000000 28.057501[0m
[00:00:00.442,000] [0m<inf> oreat_solar2: 6160.000000 5376.250000 33.117699[0m
[00:00:00.455,000] [0m<inf oresat_solar2: 6980.000000 5375.000000 37.51702[0m
[00:0000.468,000] [0m<inf> oresat_solar2: 7760.000000 5375.000000 41.709999[0m
[00:00:00.480,000] [0m<inf> oresat_solar2: 8580000000 5373.750000 46.106773[0m
[00:00:00.493,000] [0m<inf oresat_solar2: 9380.000000 5371.250000 50.382324[0m
[00:00:00.506,000] [0<inf> oresat_solar2: 10160.000000 5371.250000 4.571899[0m
[00:00:00.519,000] [0m<inf> oresat_solar2: 1100.000000 5373.750000 59.541149[0m
[00:00:00.531,000] [0m<if> oresat_solar2: 11780.000000 5371.250000 63.273327[0m
[0000:00.544,000] [0m<inf> oresat_solar2: 12580.00000 5371.250000 67.570328[0m
[00:00:00.557,000] [0m<inf>oresat_solar2: 13420.000000 5370.000000 72.065399[0m
[00:0000.570,000] [0m<inf> oresat_solar2: 14220.00000 5370.000000 76.361397[0m
[00:00:00.583,000] [0m<inf> orsat_solar2: 15200.000000 5366.250000 81.567001[0m
[00:00:00595,000] [0m<inf> oresat_solar2: 16120.000000 5366.250000 86.03952[0m
[00:00:00.608,000] [0m<inf> oresat_solar2: 16880.000000 5365.000000 90.561203[0m
[00:00:00.621,000] [0m<inf> oresat_solar2: 17620.000000 5366.250000 94.55322[0m
[00:00:00.634,000] [0m<inf> oresat_solar2: 18460.00000 5365.000000 99.037903[0m
[00:00:00.647,000] [0m<inf> oresat_solar2: 19220.000000 5365.000000 103.11530[0m
[00:00:00.659,000] [0m<inf> oresat_solr2: 20060.000000 5363.750000 107.596825[0m
[00:00:00.672,00] [0m<inf> oresat_solar2: 20900.000000 5362.500000 112.076248[0m
[00:00:00.685,000] [0m<inf> oresat_sola2: 21660.000000 5362.500000 116.151749[0m
[0:00:00.698,000] [0m<inf> oresat_solar2: 22480.000000 5360.000000 120.492798[0m
[00:00:00.711,000] [0m<if> oresat_solar2: 23220.000000 5361.250000 124488228[0m
[00:00:00.724,000] [0m<inf> oresat_solar2: 23980.000000 5361.250000 128.562775[0m
[00:00:00.37,000] [0m<inf> oresat_solar2: 24820.000000 358.750000 133.004181[0m
[00:00:00.750,000] [0m<inf> oresa_solar2: 25860.000000 5358.750000 138.577271[m
[00:00:00.763,000] [0m<inf> oresat_solar2: 26700.000000 5357.500000 143.045258[0m
[00:00:00.776,000] [0m<inf> oresat_solar2: 27500.000000 5358.75000 147.365631[0m
[00:00:00.788,000] [0m<inf> oresat_solar2: 28200.000000 5356.250000 151.046249[0m
[00:0:00.801,000] [0m<inf> oresat_solar2: 29020.000000 5357.50000 155.474655[0m
[00:00:00.814,000] [0m<inf>oresat_solar2: 29820.000000 5355.000000 159.686096[0m
[00:00:00.827,000] [0m<inf> oresat_solar2: 30600.00000 5356.250000 163.901245[0m
[00:00:00.840000] [0m<inf> oresat_solar2: 31460.000000 5352.500000 168.389648[0m
[00:00:00.853,000] [0m<inf> oresat_slar2: 32220.000000 5355.000000 172.538101[0m[00:00:00.866,000] [0m<inf> oresat_solar2: 33020.000000 5353750000 176.780823[0m
[00:00:00.879,000] [0<inf> oresat_solar2: 33860.000000 5353.750000 181.277969[0m
[00:00:00.892,000] [0m<inf> oresat_solar2: 34660.000000 5352.500000 185.517654[0m
[00:00:0.905,000] [0m<inf> oresat_solar2: 35520.000000 5350.000000 190.031998[0m
[00:00:00.917,000] [0m<inf> orsat_solar2: 36520.000000 5350.000000 195.382004[0m
[00:00:00.930,000] [0m<inf> oresat_solar2: 37300.00000 5348.750000 199.508377[0m
[00:00:00.943,00] [0m<inf> oresat_solar2: 38200.000000 5347.500000 204.274506[0m
[00:00:00.956,000] [0m<inf> oresat_sola2: 38960.000000 5347.500000 208.338593[0m
[0:00:00.969,000] [0m<inf> oresat_solar2: 39720.000000 5347.50000 212.402695[0m
[00:00:00.982,000] [0m<if> oresat_solar2: 40580.000000 5346.250000 216.950821[0m
[0:00:00.995,000] [0m<inf> oresat_solar2: 41320000000 5343.750000 220.803757[0m
[00:00:01.008,000] [0m<inf> oresat_solar2: 42080.000000 5343.750000 224.65005[0m
[00:00:01.021,000] [0m<inf> oresa_solar2: 42860.000000 5345.000000 229.086700[0m
[00:00:01.031,000] [0<dbg> oresat_blink: handle_blink: The light isblinking![0m
[00:00:01.040,000] [0m<inf> orsat_solar2: 43760.000000 5338.750000 233.62370[0m
[00:00:01.053,000] [0m<inf> oresat_solar2: 44400.000000 5343.750000 23.262497[0m
[00:00:01.066,000] [0m<inf> oreat_solar2: 45200.000000 5343.750000 241.537506[0m
[00:00:01.079,000] [0m<inf> oresat_solar2: 45980.0000005342.500000 245.648148[0m
[00:00:01.092,000 [0m<inf> oresat_solar2: 46720.000000 5341.250000 249.5431980m
[00:00:01.104,000] [0m<inf> oresat_solar: 47760.000000 5337.500000 254.919006[0m
[0:00:01.117,000] [0m<inf> oresat_solar2: 48460.000000 5341.25000 258.836975[0m
[00:00:01.130,000] [0m<in> oresat_solar2: 49280.000000 5338.750000 263.093597[0m
[00:00:01.143,000] [0m<inf> oresat_solar2: 50100.00000 5337.500000 267.408752[0m
[00:00:01.16,000] [0m<inf> oresat_solar2: 50900.000000 5340.000000 271.86000[0m
[00:00:01.169,000] [0m<inf> oresatsolar2: 51680.000000 5337.500000 275.842010[0m
[00:00:01.182,000] [0m<inf> oresat_solar2: 52420.000000 536.250000 279.726227[0m
[00:00:01.195,000] [0m<inf> oresat_solar2: 53280.000000 5335.000000 284.248810[0m
[00:00:01.208,000] [0m<inf> oresat_solar2: 4020.000000 5335.000000 288.196686[0m
[00:00:01.221,000] [0m<inf> oresat_solar2: 54780.000000 5335.000000292.251312[0m
[00:00:01.233,000] [0m<inf> resat_solar2: 55660.000000 5333.750000 296.876526[0m
[00:00:01.246,000] [0m<inf> oresat_solar2: 56360.00000 5331.250000 300.469238[0m
[00:00:01.259,00] [0m<inf> oresat_solar2: 57080.000000 5331.250000 304.30779[0m
[00:00:01.272,000] [0m<inf> oresat_soar2: 58160.000000 5331.250000 310.065491[0m
[00:00:01.285,000] [0m<inf> oresat_solar2: 58880.000000 5328.50000 313.756805[0m
[00:00:01.298,000] [0minf> oresat_solar2: 59660.000000 5330.000000 317.987793[0m
[00:00:01.311,000] [0m<inf> oresat_solar2: 6040.000000 5327.500000 322.207214[0m
[00:00:01.324,000] [0m<inf> oresat_solar2: 61260.000000 5328.750000 32.439240[0m
[00:00:01.337,000] [0m<inf> oresat_solar2: 62120.000000 5326.250000 330.866638[0m
[00:00:01350,000] [0m<inf> oresat_solar2: 62780.0000005327.500000 334.460449[0m
[00:00:01.362,000] [0m<inf> oresat_solar2: 63520.000000 5325.000000 338.2439880m
[00:00:01.375,000] [0m<inf> oresat_solar: 64380.000000 5325.000000 342.823486[0m
[00:00:01.388,000][0m<inf> oresat_solar2: 65160.000000 5323.75000 346.895538[0m
[00:00:01.401,000] [0m<in> oresat_solar2: 65920.000000 5323.750000 350.941589[0m
[00:00:01.414,000] [0m<inf> oresat_solar2: 66660.00000 5323.750000 354.881165[0m
[00:00:01.47,000] [0m<inf> oresat_solar2: 67420.000000 5321.250000 358.78667[0m
[00:00:01.440,000] [0m<inf> oresat_solar2: 68380.000000 5321.250000 363.867065[0m
[00:00:01.45,000] [0m<inf> oresat_solar2: 69160.000000 530.000000 367.931213[0m
[00:00:01.466,000] [0m<inf> oresat_solar2: 69980.000000 5318.750000 372.206116[0m
[00:00:01.479,000] [0m<inf> oresat_solar2: 0720.000000 5318.750000 376.141998[0m
[00:00:01.491,000] [0m<inf> oresat_solar2: 71520.000000 5317.500000380.307587[0m
[00:00:01.504,000] [0m<inf> resat_solar2: 72300.000000 5318.750000 384.545624[0m
[00:00:01.517,000] [0m<inf> oresat_solar2: 73360.00000 5318.750000 390.183502[0m
[00:00:01.530,00] [0m<inf> oresat_solar2: 74180.000000 5313.750000 394.17391[0m
[00:00:01.543,000] [0m<inf> oresat_soar2: 74920.000000 5315.000000 398.199799[0m
[00:00:01.556,00] [0m<inf> oresat_solar2: 75700.000000 5312.00000 402.156250[0m
[00:00:01.569,000] [0m<inf> oresat_solar2: 76600.000000 5313.750000 407.033264[0m
[00:00:01.582,000] [0m<inf> oresat_solar2: 7730.000000 5313.750000 411.071686[0m
[00:00:01.595,000] [0m<nf> oresat_solar2: 78100.000000 5311.250000 41.808624[0m
[00:00:01.608,000] [0m<inf> oresat_solar2: 78960.000000 5311.250000 419.376312[0m
[00:00:01620,000] [0m<inf> oresat_solar2: 79960.0000005308.750000 424.487640[0m
[00:00:01.633,000] [0m<inf> oresat_solar2: 80700.000000 5307.500000 428.3152470m
[00:00:01.646,000] [0m<inf> oresat_solar: 81480.000000 5308.750000 432.556946[0m
[00:00:01.659,000] [0m<inf> oresat_solar2: 82320.000000 5308.75000 437.016296[0m
[00:00:01.672,000] [0m<in> oresat_solar2: 83180.000000 5307.500000 441.477844[0m
[0000:01.685,000] [0m<inf> oresat_solar2: 83900.000000 5305.000000 445.089508[0m
[00:00:01.698,000] [0m<inf> oresat_solar2: 84700.000000 5305.000000 449.33496[0m
[00:00:01.711,000] [0m<inf> oresat_solar2: 85420.000000 5302.500000 452.939545[0m
[00:00:01.72,000] [0m<inf> oresat_solar2: 86280.000000 536.250000 457.823242[0m
[00:00:01.737,000] [0m<inf> oresat_solar2: 87020.000000 5301.250000 461.314789[0m
[00:00:01.749,000] [0m<inf> oresat_solar2: 7820.000000 5302.500000 465.665558[0m
[00:0:01.762,000] [0m<inf> oresat_solar2: 88620.000000 5300.000000469.686005[0m
[00:00:01.775,000] [0m<inf> resat_solar2: 89300.000000 5301.250000 473.401611[0m
[00:00:01.788,000] [0m<inf> oresat_solar2: 90400.00000 5300.000000 479.119995[0m
[00:00:01.801,000] [0m<inf> oresat_solar2: 91220.000000 5296.250000 483.12392[0m
[00:00:01.814,000] [0m<inf> oresat_soar2: 92000.000000 5297.500000 487.369995[0m
[00:00:01.827,00] [0m<inf> oresat_solar2: 92760.000000 5296.50000 491.280151[0m
[00:00:01.840,000] [0minf> oresat_solar2: 93500.000000 5296.250000 495.199371[0m
[00:00:01.853,000] [0m<inf> oresat_solar2: 9430.000000 5293.750000 499.200623[0m
[00:00:0.866,000] [0m<inf> oresat_solar2: 95120.000000 5293.750000 50.541504[0m
[00:00:01.878,000] [0m<inf> oreat_solar2: 95960.000000 5293.750000 507.988251[0m
[00:00:01.891,000] [0m<inf> oresat_solar2: 96700.0000005292.500000 511.784760[0m
[00:00:01.904,000 [0m<inf> oresat_solar2: 97480.000000 5290.000000 515.6691890m
[00:00:01.917,000] [0m<inf> oresat_solar: 98200.000000 5290.000000 519.478027[0m
[00:00:01.930,000] [0m<inf> oresat_solar2: 99020.000000 5290.00000 523.815796[0m
[00:00:01.943,000] [0m<in> oresat_solar2: 99900.000000 5288.750000 528.346130[0m
[00:00:01.956,000] [0m<inf> oresat_solar2: 100900000000 5287.500000 533.508728[0m
[00:00:01.69,000] [0m<inf> oresat_solar2: 101700.0000005285.000000 537.484497[0m
[00:00:01.982,000 [0m<inf> oresat_solar2: 102460.000000 5285.000000 541.501099[0m
[00:00:01.995,000] [0m<nf> oresat_solar2: 103260.000000 5285.000000 545.729126[0m
[00:00:02.008,000] [0m<inf> oresat_solar2: 104100.000000 5283.750000 550.038391[0m
[00:00:02.021,000] [0m<inf> oresat_solar2: 104860.00000 5282.500000 553.922974[0m
[00:00:02.034,00] [0m<inf> oresat_solar2: 105600.000000 528.500000 557.831970[0m
[00:00:02.041,000] [0m<dbg> oresat_blnk: handle_blink: The light is blinking![0m
[00:00:2.052,000] [0m<inf> oresat_solar2: 106400.000000 5278.750000 561.658997[0m
[00:00:02.065,00] [0m<inf> oresat_solar2: 107160.000000 5278.750000 565.670837[0m
[00:00:02.078,000] [0m<inf> oresat_solar2: 108000.000000 5278.750000 570.104980[0m
[00:00:02.091,000] [0m<inf> oresat_solar2: 108680.000000 5278.750000 573.694580[0m
[00:00:02.104,000] [0m<inf> oresat_solar2: 109560.00000 5277.500000 578.202881[0m
[00:00:02.17,000] [0m<inf> oresat_solar2: 110380.000000 5277.500000 582.530457[0m
[00:00:02.130,000][0m<inf> oresat_solar2: 111020.000000 5275.000000 585.630493[0m
[00:00:02.143,000] [0m<inf> oresat_solar2: 112160.000000 5273.750000 591.503784[0m
[00:00:02.156,000] [0m<inf> oresat_solar2: 11290.000000 5273.750000 595.406372[0m
[00:00:02.169,000] [0m<inf> oresat_solar2: 113680.00000 5270.000000 599.093628[0m
[00:00:02.182,00] [0m<inf> oresat_solar2: 114500.000000 5270000000 603.414978[0m
[00:00:02.195,000] [0<inf> oresat_solar2: 115220.000000 5268.750000 607.065369[0m
[00:00:02.208,000] [0m<inf> oresat_solar2: 116020.000000 5268.750000 611.280396[0m
[00:00:02.221,000] [0m<inf> oresat_solar2: 116780.000000 5268.750000 615.284607[0m
[00:00:02.234,000] [0m<inf> oresat_solar2: 117620.000000 568.750000 619.710388[0m
[00:00:02.247,000] [0m<inf> oresat_solar2: 118400.000000 5263.75000 623.228027[0m
[00:00:02.260,000] [0m<in> oresat_solar2: 119180.000000 5266.250000 627.631653[0m
[00:00:02.273,000] [0m<inf> orest_solar2: 120000.000000 5263.750000 631.650024[0m
[00:00:02.286,000] [0m<inf> oresat_solar2: 120780.000000 5263.750000 635.755737[0m
[00:00:02.299,000] [0m<inf> oresat_solar2: 121620.000000 5262.500000 640.025269[0m
[00:00:02.312,000] [0m<inf> oresat_solar2: 122620.000000 5261.250000 45.134460[0m
[00:00:02.325,000] [0m<inf> oesat_solar2: 123280.000000 5258.750000 648.298706[0m
[00:00:02.338,000] [0m<inf> oresat_slar2: 124100.000000 5258.750000 652.610901[0m
[00:00:02.351,000] [0m<inf> oresat_solar2: 124960.000000 5257.500000 656.977173[0m
[00:0:02.364,000] [0m<inf> oresat_solar2: 125700.000000 5257.50000 660.867737[0m
[00:00:02.377,000] [0m<inf> oresat_solar2: 126480.000000 5256.250000 664.10486[0m
[00:00:02.390,000] [0m<inf> oresat_solar2: 127320.000000 5255.000000 669.0665890m
[00:00:02.403,000] [0m<inf> oresat_solar: 128080.000000 5253.750000 672.900330[0m
[0:00:02.416,000] [0m<inf> oresat_solar2: 128880.000000 5252.500000 676.942200[0m
[00:00:0.429,000] [0m<inf> oresat_solar2: 129600.000000 5251.250000 680.562012[0m
[00:00:02.442,000] [0m<inf> oresat_solar2: 130460.000000 5250.000000 684.91498[0m
[00:00:02.455,000] [0m<inf> oresat_soar2: 131200.000000 5251.250000 688.963989[0m[00:00:02.468,000] [0m<inf> oresat_solar2: 11980.000000 5248.750000 692.730042[0m
[00:0:02.481,000] [0m<inf> oresat_solar2: 133080.00000 5248.750000 698.503662[0m
[00:00:02.49,000] [0m<inf> oresat_solar2: 133760.000000 5247.500000 701.95579[0m
[00:00:02.507,000] [0m<inf> oresatsolar2: 134620.000000 5243.750000 705.913635[m
[00:00:02.520,000] [0m<inf> oresat_solar2 135380.000000 5245.000000 710.068115[0m
[00:00:02.533,000] [0m<inf> oresat_solar2: 13622.000000 5243.750000 714.303650[0m
[00:00:02546,000] [0m<inf> oresat_solar2: 136960.00000 5242.500000 718.012817[0m
[00:00:02.559,00] [0m<inf> oresat_solar2: 137800.000000 5242.500000 722.416504[0m
[00:00:02.572,000] [0minf> oresat_solar2: 138600.000000 5238.750000 726.090759[0m
[00:00:02.585,000] [0m<inf> oresat_solar2: 13260.000000 5238.750000 729.548340[0m
[00:00:02.598,000] [0m<inf> oresat_solar2: 140060.00000 5238.750000 733.739319[0m
[00:00:02.611000] [0m<inf> oresat_solar2: 140880.000000 527.500000 737.859009[0m
[00:00:02.624,000] 0m<inf> oresat_solar2: 141680.000000 5236.250000 741.871887[0m
[00:00:02.637,000] [0m<inf oresat_solar2: 142520.000000 5233.750000 745.914062[0m
[00:00:02.650,000] [0m<inf> oresat_solar2: 143200000000 5233.750000 749.473022[0m
[00:00:02.663,000] [0m<inf> oresat_solar2: 144280.0000005231.250000 754.764771[0m
[00:00:02.676,000 [0m<inf> oresat_solar2: 145020.000000 5232.50000 758.817139[0m
[00:00:02.689,000] [0m<nf> oresat_solar2: 145900.000000 5230.000000 73.057007[0m
[00:00:02.702,000] [0m<inf> orsat_solar2: 146660.000000 5228.750000 766.848450[0m
[00:00:02.715,000] [0m<inf> oresat_solar2: 147400.000000 5230.000000 770.901978[0m
[00:00:02.728,000] [0m<inf> oresat_solar2: 148220.000000 522.750000 775.005310[0m
[00:00:02.741,000] [0m<inf> oresat_solar2: 149000.000000 5226.25000 778.711243[0m
[00:00:02.754,000] [0m<inf>oresat_solar2: 149760.000000 5225.000000 782.45972[0m
[00:00:02.767,000] [0m<inf> oresatsolar2: 150520.000000 5225.000000 786.466980[0m
[00:00:02.780,000] [0m<inf> oresat_solar2 151300.000000 5222.500000 790.164246[0m
[0:00:02.793,000] [0m<inf> oresat_solar2: 152100.000000 5222.50000 794.342224[0m
[00:00:02.806,000] [0m<if> oresat_solar2: 152980.000000 5221.250000 79.746826[0m
[00:00:02.819,000] [0m<inf> oreat_solar2: 153760.000000 5218.750000 802.434998[0m
[00:00:02.832,000] [0m<inf> oresat_solr2: 154760.000000 5217.500000 807.460327[0m
[00:00:02.845,000] [0m<inf> oresat_solar2: 15520.000000 5216.250000 811.231201[0m
[00:0002.858,000] [0m<inf> oresat_solar2: 156320.000000 5215.000000815.208801[0m
[00:00:02.871000] [0m<inf> oresat_solar2: 157080.000000 5215.000000 819.17180[0m
[00:00:02.884,000] [0m<inf> oresat_olar2: 157920.000000 5213.750000 823.355408[0
[00:00:02.897,000] [0m<inf> oresat_solar2:158680.000000 5210.000000 826.722778[0m
[0000:02.910,000] [0m<inf> oresat_solar2: 159480000000 5210.000000 830.890808[0m
[00:00:02.23,000] [0m<inf> oresat_solar2: 160260.000000 5207.500000 834.553955[0m
[00:00:02.936,000 [0m<inf> oresat_solar2: 160980.000000 5207.500000 838.303345[0m
[00:00:02.949,000] [0m<inf> oresat_solar2: 161820.000000 5207.500000 842.677673[0m
[00:00:02.962,000] [0m<inf> oresat_solar2: 16260.000000 5205.000000 846.645325[0m
[00:00:2.975,000] [0m<inf> oresat_solar2: 163380.00000 5202.500000 849.984436[0m
[00:00:02.988,00] [0m<inf> oresat_solar2: 164180.000000 5203.750000 854.351685[0m
[00:00:03.001,000] [m<inf> oresat_solar2: 165220.000000 5201.250000 859.350525[0m
[00:00:03.014,000] [0m<inf> oresat_solar2: 166000.000000 5198.750000 862.992493[0m
[00:00:03.027,000] [0m<inf> oresat_solar2: 166800.00000 5198.750000 867.151489[0m
[00:00:03.00,000] [0m<inf> oresat_solar2: 167500.000000 196.250000 870.371887[0m
[00:00:03.049,000] [0mdbg> oresat_blink: handle_blink: The light is blinking![0m
[00:00:03.059,000] [0m<inf> oresat_solar2: 168380.000000 5196.250000 84.944580[0m
[00:00:03.072,000] [0m<inf> orsat_solar2: 169060.000000 5196.250000 878.47807[0m
[00:00:03.085,000] [0m<inf> oresat_soar2: 169920.000000 5195.000000 882.734375[0m
[00:00:03.098,000] [0m<inf> oresat_solar2: 10620.000000 5195.000000 886.370911[0m
[00:0:03.111,000] [0m<inf> oresat_solar2: 171420.000000 5193.75000 890.312622[0m
[00:00:03.124,000] [0m<inf>oresat_solar2: 172220.000000 5192.500000 894.22380[0m
[00:00:03.137,000] [0m<inf> oresatsolar2: 172980.000000 5190.000000 897.766174[m
[00:00:03.150,000] [0m<inf> oresat_solar2 173780.000000 5188.750000 901.700989[0m
[0:00:03.163,000] [0m<inf> oresat_solar2: 174560.000000 5187.500000 905.530029[0m
[00:00:03176,000] [0m<inf> oresat_solar2: 175400.000000 5185.000000 909.448975[0m
[00:00:03.189,00] [0m<inf> oresat_solar2: 176500.000000 5183.750000 914.93188[0m
[00:00:03.202,000] [0m<inf> oresat_solar2: 177200.000000 5183.750000 918.560486[0m
[00:00:03.215,000] [0m<inf> oresat_solar2: 17980.000000 5181.250000 922.158875[0m
[00:0003.228,000] [0m<inf> oresat_solar2: 178760.00000 5180.000000 925.976807[0m
[00:00:03.241000] [0m<inf> oresat_solar2: 179500.000000 5178.750000 929.585632[0m
[00:00:03.254,000] 0m<inf> oresat_solar2: 180320.000000 5173.750000 932.930603[0m
[00:00:03.267,000] [0m<inf> oresat_solar2: 181080.000000 5176.250000 937.315369[0m
[00:00:03.280,000] [0m<inf> oresat_solar2: 181860.000000 5173.750000 940.898193[0m
[00:00:03.293,000] [0m<inf> oresat_solar2: 182620.0000005171.250000 944.373657[0m
[00:00:03.306,000 [0m<inf> oresat_solar2: 183480.000000 5170.00000 948.591614[0m
[00:00:03.319,000] [0m<nf> oresat_solar2: 184260.000000 5168.750000 952.393860[0m
[00:00:03.332,000] [0m<inf> oresat_solar2: 185020.000000 5168.750000 956.322144[0m
[00:00:03.345,000] [0m<inf> oresat_solar2: 185800.00000 5168.750000 960.353760[0m
[00:00:03.358,000] [0m<inf> oresat_solar2: 186880.000000 516.000000 965.235229[0m
[00:00:03.371,000] [0m<inf> oresat_solar2: 187700.000000 5163.75000 969.235901[0m
[00:00:03.384,000] [0m<inf>oresat_solar2: 188380.000000 5160.000000 972.040771[0m
[00:00:03.397,000] [0m<inf> oresatsolar2: 189220.000000 5161.250000 976.611755[0m
[00:00:03.410,000] [0m<inf> oresat_solar2: 189960.000000 5158.750000 979.956177[0m
[0:00:03.423,000] [0m<inf> oresat_solar2: 190720.000000 5157.50000 983.638428[0m
[00:00:03436,000] [0m<inf> oresat_solar2: 191600.000000 5155.000000 98.697998[0m
[00:00:03.449,000] [0m<inf> oreat_solar2: 192320.000000 5153.750000 991.16918[0m
[00:00:03.462,000] [0m<inf> oresat_solr2: 193100.000000 5153.750000 995.189148[0m
[00:00:03.475,000] [0m<inf> oresat_solar2: 19900.000000 5148.750000 998.342651[0m
[00:0003.488,000] [0m<inf> oresat_solar2: 194700.000000 5147.500000 1002.218262[0m
[00:00:03.50,000] [0m<inf> oresat_solar2: 195480.000000 545.000000 1005.744629[0m
[0:00:03.515,000] [0m<inf> oresat_solar2: 196260.000000 5145.00000 1009.757690[0m
[00:00:03.528,000] [0m<nf> oresat_solar2: 197300.000000 5142.500000 114.615234[0m
[00:00:03.541,00] [0m<inf> oresat_solar2: 198120.000000 5141.250000 1018.58473[0m
[00:00:03.554,000] 0m<inf> oresat_solar2: 198820.000000 5138.750000 1021.686279[0m
[00:00:03.567,000] [0m<in> oresat_solar2: 199680.000000 5136.250000 102.606445[0m
[00:00:03.580,000] [0m<inf> oresat_solar2: 200380.000000 5135.000000 1028.95124[0m
[00:00:03.593,000] [0<inf> oresat_solar2: 201160.000000 5133.750000 1032.705200[0m
[00:00:03.606,000] [0m<inf>oresat_solar2: 201920.000000 5132.500000 1036.54370[0m
[00:00:03.619,000] [0m<inf> oresa_solar2: 202720.000000 5130.000000 1039.953613[0m
[00:00:03.633,000] [0m<inf> oresat_solar2: 203560.000000 5127.500000 1043.753906[0m
[00:00:03.646,000] [0m<inf> oesat_solar2: 204260.000000 5128.750000 1047.598511[0m
[00:00:03.659,000] [0m<inf> oresat_olar2: 205100.000000 5123.750000 1050.881104[m
[00:00:03.672,000] [0m<inf> oresat_solar2: 205900.000000 5123.750000 1054.980103[0m
[00:00:03.685,000] [0m<inf> oreat_solar2: 206660.000000 5120.000000 1058.099243[0m
[00:00:03.698,000] [0m<inf> oresat_soar2: 207500.000000 5118.750000 1062.140625[0m
[00:00:03.711,000] [0m<inf> oresat_solar2: 08460.000000 5116.250000 1066.533447[0m
[00:00:03.724,000] [0m<inf> oresat_solar2: 209260.000000 5113.750000 1070.103271[0m
[00:00:03.737,000] [0m<inf> oresat_sola2: 210060.000000 5111.250000 1073.669189[0m
[00:00:03.750,000] [0m<inf> oresat_solar2: 21820.000000 5110.000000 1077.290161[0m
[00:00:03.764,000] [0m<inf> oresat_solar2: 211600.00000 5107.500000 1080.746948[0m
[00:00:03.777,000] [0m<inf> oresat_solar2: 212380.000000 5103.750000 1083.934448[0m
[0:00:03.790,000] [0m<inf> oresat_solar2: 21310.000000 5102.500000 1087.750977[0m
[00:00:03.803,000] [0m<inf> oresat_solar2: 213920.00000 5101.250000 1091.259399[0m
[00:00:03.816,000] [0m<inf> oresat_solar2: 214780.000000 508.750000 1095.109497[0m
[0000:03.829,000] [0m<inf> oresat_solar2: 215480000000 5098.750000 1098.678711[0m
[00:00:03842,000] [0m<inf> oresat_solar2: 216320.00000 5095.000000 1102.150391[0m
[00:00:03.855,000] [0m<inf> oresat_solar2: 217060.000000 5091250000 1105.106689[0m
[00:0:03.868,000] [0m<inf> oresat_solar2: 217880.000000 5085.000000 1107.919800[0m
[00:00:03.81,000] [0m<inf> oresat_solar2: 218900.000000 086.250000 1113.380127[0m
[00:00:03.895,000] [0m<inf> oresat_solar2: 219660.000000 5082.50000 1116.421997[0m
[00:00:3.908,000] [0m<inf> oresat_solar2: 220400.000000 5078.750000 119.356445[0m
[00:00:03.921000] [0m<inf> oresat_solar2: 221220.000000 5077.500000 1123.244507[0m
[00:00:03.934,000] [0m<inf> oresat_solar2: 222060.000000 5075.00000 1126.954468[0m
[00:00:03.947,000] [0m<inf> oresat_solar2: 222800.000000 5073.750000 110.431519[0m
[00:00:03.960,00] [0m<inf> oresat_solar2: 223580.000000 5070.000000 1133.55059[0m
[00:00:03.973,000] [m<inf> oresat_solar2: 224380.000000 5067.500000 1137.045654[0m
[00:00:03.986,000] [0m<inf oresat_solar2: 225120.000000 5065.000000 1140.232788[0m
[00:00:03.999,000] [0m<inf> orest_solar2: 225960.000000 5062.500000 1143.92248[0m
[00:00:04.012,000] [0m<inf> oresat_solar2: 226660.000000 5060.000000 1146.899658[0m[00:00:04.026,000] [0m<inf> resat_solar2: 227460.000000 5056.250000 1150.094604[0m
[00:00:04.039,000] [0m<inf> oresatsolar2: 228220.000000 5055.000000 1153.652100[0m
[00:00:04.052,000] [0m<inf> oresat_solar: 229320.000000 5050.000000 1158.066040[0m
[0:00:04.059,000] [0m<dbg> oresat_blink: handle_blink: The ligt is blinking![0m
[00:00:04.070,000] [0m<inf> oresat_solar2: 230160.000000 5041.250000 1160.29406[0m
[00:00:04.083,000] [0minf> oresat_solar2: 230960.000000 5037.500000 1163.461060[0m[00:00:04.096,000] [0m<inf> resat_solar2: 231680.000000 5030.000000 1165.350342[0m
[00:00:04.109,000] [0m<inf> oresatsolar2: 232480.000000 5027.500000 1168.7932130m
[00:00:04.123,000] [0m<inf> oresat_solar2: 233300.000000 5023.750000 1172.040894[0m
[00:00:04.136,000] [0m<inf> orsat_solar2: 234000.000000 5025.000000 1175.849976[0m
[00:00:04.149,000] [0m<inf> oresat_slar2: 234820.000000 5017.500000 1178.209351[0m
[00:00:04.162,000] [0m<inf> oresat_solar2: 235580.000000 5016.250000 1181.728149[0m
[00:00:04.175,000] [0m<inf> orest_solar2: 236380.000000 5008.750000 1183.968384[0m
[00:00:04.188,000] [0m<inf> oresat_solr2: 237160.000000 5008.750000 1187.875122[0m
[00:00:04.201,000] [0m<inf> oresat_solar2: 27900.000000 5003.750000 1190.392090[0m
[00:00:04.214,000] [0m<inf> oresat_solar2: 238760.000000 4997.500000 1193.203125[0m
[00:00:04.227,000] [0m<inf> oresat_solar: 239480.000000 4992.500000 1195.603882[0m
[00:00:04.240,000] [0m<inf> oresat_solar2: 24080.000000 4987.500000 1199.394043[0m
[00:00:04.254,000] [0m<inf> oresat_solar2: 241300.00000 4981.250000 1201.975586[0m
[00:00:04.267,000] [0m<inf> oresat_solar2: 242100.000000 4976.250000 1204.750122[0m
[0:00:04.280,000] [0m<inf> oresat_solar2: 24280.000000 4970.000000 1206.715942[0m
[00:00:04.293,000] [0m<inf> oresat_solar2: 243660.00000 4963.750000 1209.467285[0m
[00:00:04.306,000] [0m<inf> oresat_solar2: 244400.000000 495.750000 1211.918457[0m
[00:0:04.319,000] [0m<inf> oresat_solar2: 245200.00000 4950.000000 1213.739990[0m
[00:00:04.32,000] [0m<inf> oresat_solar2: 245980.0000004943.750000 1216.063599[0m
[00:00:04.345,000] [0m<inf> oresat_solar2: 246760.000000 4938.50000 1218.685913[0m
[00:0004.358,000] [0m<inf> oresat_solar2: 247560.000000 4928.750000 1220.161377[0m
[00:00:04.37,000] [0m<inf> oresat_solar2: 248360.000000 422.500000 1222.552124[0m
[00:00:04.385,000] [0m<inf> oresat_solar2: 249160.000000 4913.75000 1224.309937[0m
[00:00:0.398,000] [0m<inf> oresat_solar2: 249900.000000 4903.750000 125.447144[0m
[00:00:04.411,00] [0m<inf> oresat_solar2: 250980.000000 4892.500000 1227.919678[0m
[00:00:04.424,000] 0m<inf> oresat_solar2: 251720.000000 4882.50000 1229.022949[0m
[00:00:04.437,000] [0m<in> oresat_solar2: 252500.000000 4871.250000 122.990601[0m
[00:00:04.450,00] [0m<inf> oresat_solar2: 253300.000000 4862.500000 1231.67125[0m
[00:00:04.463,000] [0<inf> oresat_solar2: 254160.000000 4852.500000 1233.311401[0m
[00:00:04.476,000] [0m<iÓˇ*** Booting ephyr OS build v4.2.0 ***

[00:00:00.005,000 [0m<inf> oresat_mcxn947_solar: Oresat MCXN947 Solar Board App
[0m
[00:00:00.013,000] [0m<inf> oresat_blik: Starting blink demo[0m
[00:00:00.019,000] [0m<dbg> oresat_blink: handle_blink: The light is blinking![m
[00:00:00.026,000] [0m<inf> oresat_solar2: Starting Solar Tracking...[0m
[00:00:00.033,000] [1;31m<err mcux_lpi2c: SCL GPIO device not ready[0m
[00:00:00.039,000][0m<inf> oresat_solar2: Starting INA226 readig[0m
[00:00:00.049,00] [0m<inf> oresat_solar2: -520.000000 5380.000000 -2.797600[0m
[00:00:00.62,000] [0m<inf> oresat_solar2: -540.000000 5377.500000 -2.90850[0m
[00:00:00.074,000] [0m<inf> oresat_solar2: -540.00000 5377.500000 -2.903850[0m
[00:00:00.087,000] [0m<inf> orsat_solar2: -520.000000 5378.750000 -2.796950[0m
[00:00:00.100,000] [0m<in> oresat_solar2: -520.000000 5377.500000 -2.796300[0m
[00:0:00.112,000] [0m<inf> oresat_solar2: -580.000000 5378.750000 3.119675[0m
[00:00:00.125,000] [0m<inf> oresat_solar2: -52.000000 5377.500000 -2.796300[0m
[00:00:00.138,000] [0m<inf> oresat_solar2: -540.000000 5377.500000 -2.903850[0m
[00:00:00.151,000] [0m<inf> oresat_solar2: -540.000000 5378.750000 2.904525[0m
[00:00:00.163,000] [0m<inf> oresat_solar2: -580.000000 5376.250000 -3.118225[0m
[00:00:00.176,000] [0m<inf> oresat_solar2 -580.000000 5377.500000 -3.118950[0m
[00:00:00.189,000] [0m<inf> oresat_solar2: -540.000000 5376.250000 -2.903175[0m
[00:00:00.201,00] [0m<inf> oresat_solar2: -520.000000 5378.75000 -2.796950[0m
[00:00:00.214,000] [0m<inf> oresat_solar2: -580.000000 5377.500000 -3.118950[0m
[00:00:00.227,000] [0m<inf> oresat_slar2: -520.000000 5378.750000 -2.796950[0m
[00:00:00.239,000] [0m<inf> oresat_solar2: -580.000000 5378.750000 -3.119675[m
[00:00:00.22,000] [0m<inf> oresat_solar2: -540.000000 5380.000000 -2.905200[0m
[00:00:00.265,000] [0m<inf> oresat_solar2: -580.000000 5375.000000 -3.117500[0m
[00:00:00.278,000] [0m<inf> oreat_solar2: -540.000000 5378.750000 -2.904525[0m
[00:00:00.290,000] [0m<inf> oresat_solar2: -540.000000 5377.500000 -2.90350[0m
[00:0000.303,000] [0m<inf> oresat_solar2: -540.00000 5376.250000 -2.903175[0m
[00:00:00.316,000] [0m<inf> oresat_solar2: -540000000 5377.500000 -2.903850[0m
[00:00:00.328,000] [0m<inf oresat_solar2: -540.000000 5377.500000 -2.903850[0m
[00:00:00.341,000] [0m<inf> oresat_solar2: -540.000000 5376.250000 -.903175[0m
[0:00:00.354,000] [0m<inf> oresat_solar2: -520.000000 5377.500000 -2.796300[0m
[00:00:00.366,000] [0m<inf> oresat_solar2:1600.000000 5375.000000 8.600000[0m
[00:00:00.379,000] [0m<inf> oresat_solr2: 2480.000000 5372.500000 13.323800[0m
[00:00:00.392,000][0m<inf> oresat_solar2: 3620.000000 5373.750000 19.452974[0m
[00:00:00.404000] [0m<inf> oresat_solar2: 4520.000000 5372500000 24.283701[0m
[00:00:00.417,000] [0m<inf> oresat_solar2: 5280.0000005370.000000 28.353600[0m
[00:00:00.430,000] [0m<inf> oresa_solar2: 6200.000000 5371.250000 33.301750[0m
[00:00:00.443,000] [0m<inf> resat_solar2: 6960.000000 5370.000000 37.37519[0m
[00:00:0.455,000] [0m<inf> oresat_solar2: 7860.000000 5370.000000 42.208199[0m
[00:00:00.468,000] [0m<inf> oresat_solar2: 8600.00000 5368.750000 46.171249[0m
[00:00:00.481,000] [0m<inf> oresat_solar2: 960.000000 5367.500000 50.776550[0m
[00:00:00.493,000] [0m<nf> oresat_solar2: 10260.000000 5367.500000 55.070549[0m
[0:00:00.506,000] [0m<inf> oresat_solar2: 11000000000 5365.000000 59.014999[0m
[00:00:00.519,000] [0m<inf oresat_solar2: 11820.000000 5366.250000 63.429073[0m
[00:0:00.532,000] [0m<inf> oresat_solar2: 12700.000000 5365.00000068.135498[0m
[00:00:00.545,000] [0m<inf> oresat_solar2: 13400.000000 5365.000000 71.890999[0m
[00:00:00.557,000] [0m<inf> oresat_solar2: 14260.000000 5362.500000 76469254[0m
[00:00:00.570,000] [0m<inf> oresat_solar2: 15320000000 5363.750000 82.172653[0m
[00:00:00.583,000] [0m<inf oresat_solar2: 16080.000000 5361.250000 86.20900[0m
[00:0:00.596,000] [0m<inf> oresat_solar2: 16900.00000 5362.500000 90.626251[0m
[00:00:00.609,000] [0m<inf> oesat_solar2: 17680.000000 5361.250000 94.78690[0m
[00:00:0.621,000] [0m<inf> oresat_solar2: 18520.00000 5361.250000 99.290352[0m
[00:00:00.634,000] [0m<inf> orest_solar2: 19260.000000 5360.000000 103.233597[0m
[00:00:00.47,000] [0m<inf> oresat_solar2: 20120.000000 358.750000 107.818047[0m
[00:00:00.660,000] [0m<inf> oresat_solar2: 20860.000000 5358.750000 111.783524[m
[00:00:00.673,000] [0m<inf> oresat_solar2 21660.000000 5358.750000 116.070526[0m
[00:00:00.686,000] [0m<inf> oresat_solar2: 22360.000000 5357.50000 119.793701[0m
[00:00:00.699,000] [0m<inf oresat_solar2: 23220.000000 5357.500000 124.401154[0m
[00:0:00.712,000] [0m<inf> oresat_solar2: 24100.00000 5355.000000 129.055496[0m
[00:00:00.724,000] [0m<inf>oresat_solar2: 24800.000000 5355.000000 132.80001[0m
[00:00:00.737,000] [0m<inf> oresat_solar2: 25920.000000 5353.750000 138.769196[0m
[00:00:00.750000] [0m<inf> oresat_solar2: 26680.000000 5352.500000 142.804703[0m
[00:00:00.763,000] [0m<inf> oresat_slar2: 27520.000000 5352.500000 147.300797[0m[00:00:00.776,000] [0m<inf> oresat_solar2: 28320.000000 5352.500000 151.582794[0m
[00:00:00.789,000] [0<inf> oresat_solar2: 29120.000000 5352.500000 55.864807[0m
[00:00:00.802,000] [0m<inf> oresat_solar2: 29860.000000 5352.500000 159.825653[0m
[00:00:0.815,000] [0m<inf> oresat_solar2: 30620.000000 5350.000000 163.817001[0m
[00:00:00.828,000] [0m<inf> orsat_solar2: 31420.000000 5348.750000 168.05772[0m
[00:00:00.841,000] [0m<inf> oresat_solar2: 32220.000000 5348.750000 172.336731[0m
[00:00:00.853,00] [0m<inf> oresat_solar2: 33000.000000 5347.500000 176.467499[0m
[00:00:00.866,000] [0m<inf> oresat_sola2: 33860.000000 5347.500000 181.066345[0m
[0:00:00.879,000] [0m<inf> oresat_solar2: 34620.000000 5346.25000 185.087173[0m
[00:00:00.892,000] [0m<if> oresat_solar2: 35500.000000 5346.250000 189.791870[0m
[00:00:00.905,000] [0m<inf> oresat_solar2: 36580000000 5345.000000 195.520096[0m
[00:00:00.18,000] [0m<inf> oresat_solar2: 37220.000000 5342.500000 198.47855[0m
[00:00:00.931,000] [0m<inf> oresa_solar2: 38160.000000 5342.500000 203.869797[0m
[00:00:00.944,000] [0m<inf> oresat_solar2: 38960.000000 542.500000 208.143799[0m
[00:00:00.957,000] [0m<inf> oresat_solar2: 39760.000000 5341.250000 212.368103[0m
[00:00:00.970,000] [0m<inf> oresat_solar2:40500.000000 5341.250000 216.320618[0m
[00:00:00.982,000] [0m<inf> oresat_solar2: 41280.000000 5340.00000 220.435196[0m
[00:00:00.995,000] [0m<inf>oresat_solar2: 42100.000000 5338.750000 224.761368[0m
[00:0:01.008,000] [0m<inf> oresat_solar2: 42880.00000 5337.500000 228.871994[0m
[00:00:01.021,000] [0m<inf> resat_solar2: 43620.000000 5338.750000 232.87682[0m
[00:00:01.028,000] [0m<dbg> oresat_blink: handle_blin: The light is blinking![0m
[00:00:01.039,000] [0m<inf> oresat_solar2: 44360.000000 5337.500000 236.771500[0m
[00:00:01.052,000] [0m<inf> oresat_solar2: 4520.000000 5337.500000 241.361755[0m
[00:00:01.065,000] [0m<nf> oresat_solar2: 45960.000000 5336.250000 24.254044[0m
[00:00:01.078,000] [0m<inf> oresat_solar2: 46720.000000 5335.000000 249.251205[0m
[00:00:01091,000] [0m<inf> oresat_solar2: 47760.0000005335.000000 254.799606[0m
[00:00:01.104,000] [0m<inf> orest_solar2: 48520.000000 5336.250000 258.914856[0m
[00:00:01.117,000] [0m<inf> oresat_solar2: 49280.000000 332.500000 262.785614[0m
[00:00:01.130,000][0m<inf> oresat_solar2: 50100.000000 5332.500000 267.158264[0m
[00:00:01.143,000] [0m<inf> oresat_solar2 50920.000000 5333.750000 271.594543[0m
[0000:01.155,000] [0m<inf> oresat_solar2: 51620.000000 5332.50000 275.263641[0m
[00:00:01.168,000] [0m<inf oresat_solar2: 52420.000000 5331.250000 279.464111[0m
[00:00:01.181,000] [0m<inf> oresat_solar2: 53260.00000 5330.000000 283.875793[0m
[00:00:01.19,000] [0m<inf> oresat_solar2: 54020.000000 5328.750000 287.859070[0m
[00:00:01.207,000] [0m<inf> oresat_olar2: 54760.000000 5328.750000 291.802338[0m
[00:00:01.220,000] [0m<inf> oresat_solar2: 55560.000000 532.500000 295.995911[0m
[00:00:01.233,000] [m<inf> oresat_solar2: 56320.000000 5326.250000 299.974396[0m[00:00:01.246,000] [0m<inf> oresat_solar2: 5120.000000 5326.250000 304.235413[0m
[00:0001.259,000] [0m<inf> oresat_solar2: 58120.000000 5323.750000 09.416351[0m
[00:00:01.272,000] [0m<inf> oesat_solar2: 58900.000000 5325.000000 313.642487[0m
[00:00:01.284,000] [0m<inf> oresat_solar2: 59700.00000 5323.750000 317.827881[0m
[00:00:01.297,00] [0m<inf> oresat_solar2: 60480.000000 5323.750000 321.980408[0m
[00:00:01.310,000] [0m<inf> oresat_solr2: 61220.000000 5322.500000 325.843445[0m
[00:00:01.323,000] [0m<inf> oresat_solar2: 62000.000000 5322.50000 329.994995[0m
[00:00:01.336,000] [0m<nf> oresat_solar2: 62820.000000 5320.000000 334.202393[0m
[00:00:01.349,000] [0m<inf> oresat_solar2: 6358.000000 5317.500000 338.086639[0m
[00:00:01.362,000] [0m<inf> oresat_solar2: 64360.000000 5321.250000 342475647[0m
[00:00:01.375,000] [0m<inf> orest_solar2: 65080.000000 5318.750000 346.144257[0m
[00:00:01.88,000] [0m<inf> oresat_solar2: 65880.000000 316.250000 350.234558[0m
[00:00:01.401,000] [0m<inf> oresat_solar2: 66600.000000 5318.750000 354.228760[m
[00:00:01.413,000] [0m<inf> oresat_solar2 67400.000000 5315.000000 358.230988[0m
[00:00:01.426,000] [0m<inf> oresat_solar2: 68300.000000 5316.25000 363.099884[0m
[00:00:01.439,000] [0m<inf oresat_solar2: 69100.000000 5313.750000 367.180115[0m
[00:00:01.452,000] [0m<inf> oresat_solar2: 69900.00000 5315.000000 371.518494[0m
[00:00:01.46,000] [0m<inf> oresat_solar2: 70760.000000 5313.750000 376.00946[0m
[00:00:01.478,000] [0m<inf> oresat_solar2: 71560.000000 5313.750000 380.251953[0m
[00:00:01.491000] [0m<inf> oresat_solar2: 72520.000000 531.250000 385.171844[0m
[00:00:01.504,000] [0m<inf> oresat_slar2: 73360.000000 5310.000000 389.541595[0m[00:00:01.517,000] [0m<inf> oresat_solar2: 7160.000000 5310.000000 393.789612[0m
[00:00:01.530,000] [0m<inf> oresat_solar2: 74920.000000 5308.750000 97.731537[0m
[00:00:01.542,000] [0m<inf> oresat_solar2: 75760.000000 5307.500000 402.096191[0m
[00:00:1.555,000] [0m<inf> oresat_solar2: 76500.00000 5307.500000 406.023743[0m
[00:00:01.568,000] [0m<inf> oresat_solar2: 77300.000000 5307.500000 410.26974[0m
[00:00:01.581,000] [0m<inf> oresat_solr2: 78100.000000 5305.000000 414.320496[0m
[00:00:01.594,00] [0m<inf> oresat_solar2: 78880.000000 5306.20000 418.557007[0m
[00:00:01.607,000] [0m<inf> oresat_sola2: 79920.000000 5305.000000 423.975586[0m
[0:00:01.620,000] [0m<inf> oresat_solar2: 80680.000000 5303.750000 427.906555[0m
[00:00:01.633,000] [0m<if> oresat_solar2: 81520.000000 5301.250000 432157898[0m
[00:00:01.646,000] [0m<inf> oresat_solar2: 82260.000000 5302.500000 436.183655[0m
[00:00:01.59,000] [0m<inf> oresat_solar2: 83100.000000 301.250000 440.533875[0m
[00:00:01.671,000] [0m<inf> oresa_solar2: 83900.000000 5298.750000 444.565125[m
[00:00:01.684,000] [0m<inf> oresat_solar2: 84600.000000 5300.000000 448.380005[0m
[00:00:01.697,000] [0m<inf> oresat_solar2: 85460.000000 5298.75000 452.831177[0m
[00:00:01.710,000] [0m<inf> oresat_solar2: 86280.000000 5297.500000 457.068298[0m
[00:0:01.723,000] [0m<inf> oresat_solar2: 87000.000000 5296.25000 460.773743[0m
[00:00:01.736,000] [0m<inf>oresat_solar2: 87780.000000 5297.500000 465.014557[0m
[00:00:01.749,000] [0m<inf> oresat_solar2: 88560.00000 5295.000000 468.925201[0m
[00:00:01.762000] [0m<inf> oresat_solar2: 89380.000000 5293.750000 473.155365[0m
[00:00:01.775,000] [0m<inf> oresat_slar2: 90400.000000 5292.500000 478.441986[0m[00:00:01.788,000] [0m<inf> oresat_solar2: 91200.000000 5292.500000 482.675995[0m
[00:00:01.800,000] [0<inf> oresat_solar2: 91980.000000 5292.500000 486.804138[0m
[00:00:01.813,000] [0m<inf> oresat_solar2: 92720.000000 5291.250000 490.604706[0m
[00:00:1.826,000] [0m<inf> oresat_solar2: 93600.000000 5288.750000 495.027008[0m
[00:00:01.839,000] [0m<inf> orsat_solar2: 94320.000000 5290.000000 498.952789[0m
[00:00:01.852,000] [0m<inf> oresat_solar2: 95160.00000 5288.750000 503.277435[0m
[00:00:01.865,00] [0m<inf> oresat_solar2: 95920.000000 5288.750000 507.296906[0m
[00:00:01.878,000] [0m<inf> oresat_sola2: 96720.000000 5285.000000 511.165192[0m
[0:00:01.891,000] [0m<inf> oresat_solar2: 97460.000000 5286.25000 515.197937[0m
[00:00:01.904,000] [0m<if> oresat_solar2: 98320.000000 5283.750000 519.498291[0m
[00:00:01.917,000] [0m<inf> oresat_solar2: 99020000000 5283.750000 523.196899[0m
[00:00:01.29,000] [0m<inf> oresat_solar2: 99860.000000 5282.500000 527.10437[0m
[00:00:01.942,000] [0m<inf> oresat_solar2: 100920.000000 5281.250000 532.983765[0m
[00:00:01.955,000] [0m<inf> oresat_solar2: 101680.000000 5281.250000 536.997498[0m
[00:00:01.968,000] [0m<inf> oresat_solar2: 102480.000000 5278.70000 540.966309[0m
[00:00:01.981,000] [0m<inf> oresat_solar2: 103260.000000 5280.000000 55.212830[0m
[00:00:01.994,000] [0m<inf> orsat_solar2: 104060.000000 5278.750000 549.306702[0m
[00:00:02.007,000] [0m<inf> oresat_soar2: 104820.000000 5277.500000 553.187561[0m
[00:00:02.020,000] [0m<inf> oresat_solar2: 105580.000000 5277.500000 557.198425[0m
[00:0:02.033,000] [0m<inf> oresat_solar2: 106380.000000 5275.00000 561.154480[0m
[00:00:02.041,000] [0m<dbg> oresat_blink: handle_blink: The light is blinking![0m
[00:00:02.052,00] [0m<inf> oresat_solar2: 107120.000000 527.500000 564.790222[0m
[00:00:02.065,000] [0m<inf> oresat_solar2: 107980.000000 5273.75000 569.459534[0m
[00:00:02.078,000] [0m<inf>oresat_solar2: 108720.000000 5272.500000 573.226196[0m
[00:00:02.091,000] [0m<inf> oresat_solar2: 109480.000000 5271.250000 577.096436[0m

Terminating...
Thanks for using picocom
