picocom v2024-07

port is        : /dev/ttyACM2
flowcontrol    : none
baudrate is    : 115200
parity is      : none
databits are   : 8
stopbits are   : 1
txdelay is     : 0 ns
escape is      : C-a
local echo is  : no
noinit is      : no
noreset is     : no
hangup is      : no
nolock is      : no
send_cmd is    : sz -vv
receive_cmd is : rz -vv -E
imap is        : 
omap is        : 
emap is        : crcrlf,delbs,
logfile is     : none
initstring     : none
exit_after is  : not set
exit is        : no
minimal cmds is: no

Type [C-a] [C-h] to see available commands
Terminal ready
*** Booting Zephy OS build v4.2.0 ***

[00:00:00.005,000] [0m<inf> oresat_mcn947_solar: Oresat MCXN947 Solar Board App
[0
[00:00:00.013,000] [0m<inf> oresat_blink: Starting blink demo[0m
[00:00:00.019,000] [0m<dbg> oresat_blik: handle_blink: The light is blinking![0m
[00:00:00.026,000 [0m<inf> oresat_solar2: Starting Solar Trackng...[0m
[00:00:00.033,000] [1;31m<err> mcux_lpi2c: SCL GPIO device not ready[0m
[00:00:00.039,000] [0minf> oresat_solar2: Starting INA226 reading[0m
[00:00:00.049,000] [0m<inf> oresat_olar2: -180.000000 2256.250000 -0.406125[0m
[00:00:00.062,000] [0m<inf> oresat_solar2: -500.000000 5220.000000 -2.6100000m
[00:00:00.74,000] [0m<inf> oresat_solar2: -480.000000 5263.750000 -2.526600[0m
[00:00:00.087,000] [0m<inf> oresat_solar2: -520.00000 5297.500000 -2.754700[0m
[00:00:00.100,000] [0m<inf> oresat_solar2: -540.000000 5328.750000 -2.877525[0m
[00:00:00.112,000] [0m<inf> oresat_solar2: -540.000000 5350.000000 -2.88000[0m
[00:0:00.125,000] [0m<inf> oresat_solar2: -540.000000 5367.500000 -2.898450[0m
[00:00:00.138,000] [0m<inf> oresat_solar2: -54.000000 5378.750000 -2.904525[0m
[00:00:00.151,000] [0m<in> oresat_solar2: -540.000000 5391.250000 -2.911275[0m
[00:0:00.163,000] [0m<inf> oresat_solar2: -540.000000 5398.750000 2.915325[0m
[00:00:00.176,000] [0m<inf> oresat_solar2: -540.000000 5407.500000 -2.920050[0m
[00:00:00.189,000] [0m<inf> oresat_solar2 -520.000000 5411.250000 -2.813850[0m
[00:00:00.201,000] [m<inf> oresat_solar2: -520.000000 5416.250000 -2.816450[0m
[00:00:00.214,000] [0m<inf> oresat_solar2: -580.000000 5418.75000 -3.142875[0m
[00:00:00.227,000] [0m<inf> oresat_solar2 -520.000000 5421.250000 -2.819050[0m
[00:00:00.239,000] [0m<inf> oresat_slar2: -520.000000 5423.750000 -2.820350[0m
[00:00:00.252,00] [0m<inf> oresat_solar2: -580.000000 5425.000000 -3.146500[0m
[00:00:00.25,000] [0m<inf> oresat_solar2: -540.000000 546.250000 -2.930175[0m
[00:00:00.278,000] [0m<inf> oresat_solar2: -520.000000 5427.500000 -2.822300[0m
[00:00:00.290,000] [0m<inf> oreat_solar2: -580.000000 5428.750000 -3.148675[m
[00:00:00.33,000] [0m<inf> oresat_solar2: -540.000000 5426.250000 -2.930175[0m
[00:0000.316,000] [0m<inf> oresat_solar2: -520.00000 5427.500000 -2.822300[0m
[00:00:00.328,000] [0m<inf> oresat_solar2: -540.000000 5427.500000 -2.930850[0m
[00:00:00.341,000] [0m<inf oresat_solar2: -540.000000 5428.750000 -2.93125[0m
[00:0000.354,000] [0m<inf> oresat_solar2: -520.000000 5428.750000 -2.822950[0m
[00:00:00.366,000] [0m<inf> oresat_solar2: 1160000000 5427.500000 6.295900[0m
[00:00:00.379,000] [0m<inf> oresat_solar2: 100.000000 5426.250000 11.395125[0m
[00:00:00.392,000] [0minf> oresat_solar2: 3280.000000 5425.000000 17.794001[0m
[00:00:00.404,000] [0m<inf> oresat_solar2: 4120.000000 5423.75000 22.345850[0m
[00:00:00.417,000] [0m<inf> oresat_solar2: 4960.000000 5423750000 26.901800[0m
[00:00:00.430,000] [0m<inf> oresat_solr2: 5720.000000 5422.500000 31.016701[0m
[00:00:00.443,000] [0m<inf> oresat_solar2: 6620.000000 5422.500000 35.896950[0m
[00:00:00.455000] [0m<inf> oresat_solar2: 7400.000000 5422500000 40.126499[0m
[00:00:00.468,000] [0m<inf> oresat_solar2: 8260.000000 5420.000000 44.769199[0m
[00:00:00.481,000] [0m<inf> oresa_solar2: 9100.000000 5421.250000 49.333374[0m
[00:00:00.493,000] [0m<inf> oresat_solar2: 9920.000000 5418.750000 53.75400[0m
[00:00:0.506,000] [0m<inf> oresat_solar2: 10800.000000 5420.000000 58.535999[0m
[00:00:00.519,000] [0m<inf> oresat_solar2: 11500.000000 5417.500000 62.301250[0m
[00:00:00.52,000] [0m<inf> oresat_solar2: 12260.000000 5416.250000 66.403229[0m
[00:00:00.544,000] [0m<inf> oresat_solar2: 13180.000000 5417.500000 71.402649[0m
[00:00:00.557,00] [0m<inf> oresat_solar2: 13960.000000 5416.250000 75.61084[0m
[00:00:00.570,000] [0m<inf> oresat_solar2: 14980.00000 5417.500000 81.154152[0m
[00:00:00.583,000] [0m<inf> orest_solar2: 15820.000000 5415.000000 85.665298[m
[00:00:00.596,000] [0m<inf> oresat_solar2: 16560.000000 515.000000 89.672401[0m
[00:00:00.608,000] [0m<inf> oresat_olar2: 17380.000000 5412.500000 94.069252[0m
[00:00:00.621,00] [0m<inf> oresat_solar2: 18220.000000 5412.500000 98.615753[0m
[00:00:00.634,000] [0m<inf> oresat_solr2: 18980.000000 5412.500000 102.729248[0m
00:00:00.647,000] [0m<inf> oresat_solar2: 19760.000000 5412.50000 106.950996[0m
[00:00:00.660,000] [0m<inf> oresat_solar2: 20560.000000 5410.000000 111.229599[0m
[0:00:00.673,000] [0m<inf> oresat_solar2: 21380.000000 5411.250000 115.692528[0m
[00:00:00.686,000] [0m<if> oresat_solar2: 22160.000000 5410.000000 119885597[0m
[00:00:00.699,000] [0m<inf> oresat_solar2: 22980000000 5408.750000 124.293076[0m
[00:00:00.11,000] [0m<inf> oresat_solar2: 23720.000000 408.750000 128.295547[0m
[00:00:00.724,000] [0m<inf> oresat_solar2: 24560.000000 5408.750000 132.838898[m
[00:00:00.737,000] [0m<inf> oresat_solar2: 25660.000000 506.250000 138.724380[0m
[00:00:00.750,000] [0m<inf> oresat_solar2: 26460.000000 5407.50000 143.082443[0m
[00:00:00.763,000] [0m<inf> oresat_solar2:27200.000000 5406.250000 147.050003[0m
[00:0:00.776,000] [0m<inf> oresat_solar2: 28000.00000 5405.000000 151.339996[0m
[00:00:00.789,000] [0m<inf>oresat_solar2: 28760.000000 5403.750000 155.41850[0m
[00:00:00.802,000] [0m<inf> oresat_solar2: 29620.000000 5403.750000 160.059082[0m
[00:00:00.815000] [0m<inf> oresat_solar2: 30380.000000 540.250000 164.089981[0m
[00:00:00.828,000] [0m<inf> oresat_solar2: 31260.000000 5401.250000 168.843079[0m[00:00:00.840,000] [0m<inf> oresat_solar2: 32000.000000 5401.250000 172.839996[0m
[00:00:00.853,000] [0<inf> oresat_solar2: 32760.000000 5398.750000 76.863052[0m
[00:00:00.866,000] [0m<inf> oresat_solar2: 3320.000000 5397.500000 181.463943[0m
[00:00:0.879,000] [0m<inf> oresat_solar2: 34280.000000 5397.500000 185.026306[0m
[00:00:00.892,000] [0m<inf> orsat_solar2: 35260.000000 5397.500000 190.31585[0m
[00:00:00.905,000] [0m<inf> oresat_solar2: 36380.00000 5398.750000 196.406525[0m
[00:00:00.918,00] [0m<inf> oresat_solar2: 37100.000000 5396.250000 200.200882[0m
[00:00:00.931,000] [0m<inf> oresat_sola2: 37860.000000 5397.500000 204.349350[0m
[0:00:00.944,000] [0m<inf> oresat_solar2: 38780.000000 5395.00000 209.218094[0m
[00:00:00.957,000] [0m<if> oresat_solar2: 39460.000000 5395.000000 212.886703[0m
[00:00:00.969,000] [0m<inf> oresat_solar2: 40260000000 5392.500000 217.102051[0m
[00:00:00.82,000] [0m<inf> oresat_solar2: 41060.000000 5392.500000 221.16046[0m
[00:00:00.995,000] [0m<inf> oresa_solar2: 41800.000000 5390.000000 225.302002[0m
[00:00:01.08,000] [0m<inf> oresat_solar2: 42680.000000 592.500000 230.151901[0m
[00:00:01.021,000] [0m<inf> oresatsolar2: 43380.000000 5391.250000 233.872421[0
[00:00:01.028,000] [0m<dbg> oresat_blink: handle_blink: Thelight is blinking![0m
[00:00:01.039,000] [0m<inf> oresat_solar2: 44220.000000 5391.250000 238.401077[0m
[00:0001.052,000] [0m<inf> oresat_solar2: 45000.00000 5392.500000 242.662506[0m
[00:00:01.065,000] [0m<inf> oresat_solar2: 45760.000000 5388.750000 246.58923[0m
[00:00:01.078,000] [0m<inf> oresat_solar2: 46520.000000 5392.500000 250.859100[0m
[00:00:01.091,00] [0m<inf> oresat_solar2: 47520.000000 5388.50000 256.073395[0m
[00:00:01.104,000] [0m<inf> oresat_solar2: 48360.000000 5390.000000 260.660400[0m
[00:00:01.117,000] [0m<inf> oresat_solar2: 4910.000000 5387.500000 264.634003[0m
[00:00:01.130,000] [0m<inf> oresat_solar2: 49860.000000 5387.500000 26.620758[0m
[00:00:01.142,000] [0m<inf> oresat_solar2: 50700.000000 5386.250000 273.082886[0m
[00:00:01155,000] [0m<inf> oresat_solar2: 51500.0000005385.000000 277.327515[0m
[00:00:01.168,000] [0m<inf> orest_solar2: 52220.000000 5385.000000 281.2047120m
[00:00:01.181,000] [0m<inf> oresat_solar2: 53020.000000 5383.750000 285.446411[0m
[00:00:01.194,000][0m<inf> oresat_solar2: 53900.000000 5383.750000 290.184113[0m
[00:00:01.207,000] [0m<inf> oresat_solar2 54520.000000 5383.750000 293.522064[0m
[0000:01.220,000] [0m<inf> oresat_solar2: 55320.000000 5383.750000 297.829041[0m
[00:00:01.233,000] [0m<inf> oresat_solar2: 56180.000000 5382.500000 302.38855[0m
[00:00:01.246,000] [0m<inf> oresat_solar2: 56980.000000 5381.250000 306.623627[0m
[00:00:01.25,000] [0m<inf> oresat_solar2: 58000.000000 531.250000 312.112488[0m
[00:00:01.271,000] [0m<inf> oresat_solar2: 58760.000000 5378.750000 316.055359[0m
[00:00:01.284,000] [0m<inf> oresat_solar2: 59480.000000 5381.250000 320.076752[0m
[00:00:01.297,000] [m<inf> oresat_solar2: 60180.000000 5380.000000 323.768402[0m
[00:00:01.310,000] [0m<inf> oresat_solar2: 6020.000000 5378.750000 328.211334[0m
[00:0001.323,000] [0m<inf> oresat_solar2: 61820.000000 5378.750000 332.514313[0m
[00:00:01.336,000] [0m<inf> oesat_solar2: 62620.000000 5376.250000 336.66077[0m
[00:00:01.349,000] [0m<inf> oresat_solar2: 63400.000000 5376.250000 340.854248[0m
[00:00:01.362,00] [0m<inf> oresat_solar2: 64180.000000 5376.50000 345.047729[0m
[00:00:01.375,000] [0m<inf> oresat_solr2: 64920.000000 5375.000000 348.945007[0m
[00:00:01.388,000] [0m<inf> oresat_solar2: 6570.000000 5373.750000 353.055389[0m
[00:00:01.400,000] [0m<inf> oresat_solar2: 66480.000000 5376.250000 35.413086[0m
[00:00:01.413,000] [0m<inf> oresat_solar2: 6726.000000 5373.750000 361.438416[0m
[00:00:01426,000] [0m<inf> oresat_solar2: 68220.000000 5372.500000 366.511963[0m
[00:00:01.439,000] [0m<inf> orest_solar2: 68960.000000 5370.000000 370.3151860m
[00:00:01.452,000] [0m<inf> oresat_solar2: 69760.000000 5371.250000 374.698395[0m
[00:00:01.465,000][0m<inf> oresat_solar2: 70560.000000 5371.250000 378.995392[0m
[00:00:01.478,000] [0m<inf> oresat_solar2 71260.000000 5370.000000 382.666199[0m
[0000:01.491,000] [0m<inf> oresat_solar2: 72020.000000 5368.750000 386.657379[0m
[00:00:01.504,000] [0m<inf oresat_solar2: 72760.000000 5368.750000 390.60249[0m
[00:00:01.517,000] [0m<inf> oresat_solar2: 73520.000000 5367.500000 394.618591[0m
[00:00:01.52,000] [0m<inf> oresat_solar2: 74300.000000 5367.500000 398.80237[0m
[00:00:01.542,000] [0m<inf> oresat_olar2: 75100.000000 5367.500000 403.099243[0m
[00:00:01.555,000] [0m<inf> oresat_solar2: 76380.000000 536.000000 409.778687[0m
[00:00:01.568,000] [m<inf> oresat_solar2: 77200.000000 5363.750000 414.081512[0m
[00:00:01.581,000] [0m<inf> oresat_solar2: 7000.000000 5362.500000 418.274994[0m
[00:0001.594,000] [0m<inf> oresat_solar2: 78780.000000 5365.000000 422.654694[0m
[00:00:01.607,000] [0m<inf> oesat_solar2: 79800.000000 5363.750000 428.02722[0m
[00:00:01.620,000] [0m<inf> oresat_solar2: 80500.000000 5362.500000 431.681244[0m
[00:00:01.633,00] [0m<inf> oresat_solar2: 81360.000000 5360.000000 436.089600[0m
[00:00:01.646,000] [0m<inf> oresat_solr2: 82120.000000 5361.250000 440.265839[0m
[00:00:01.658,000] [0m<inf> oresat_solar2: 82960.000000 5360.00000 444.665588[0m
[00:00:01.671,000] [0m<nf> oresat_solar2: 83700.000000 5361.250000 448.736633[0m
[00:00:01.684,000] [0m<inf> oresat_solar2: 8452.000000 5358.750000 452.921539[0m
[00:00:01697,000] [0m<inf> oresat_solar2: 85280.000000 5358.750000 456994202[0m
[00:00:01.710,000] [0m<inf> orest_solar2: 86160.000000 5357.500000 461.602203[0m
[00:00:01.723,000] [0m<inf> oresat_solar2: 86880.000000 357.500000 465.459595[0m
[00:00:01.736,000][0m<inf> oresat_solar2: 87620.000000 5357.500000 469.424164[m
[00:00:01.749,000] [0m<inf> oresat_solar2 88400.000000 5355.000000 473.381989[0m
[0000:01.762,000] [0m<inf> oresat_solar2: 89260.000000 5353.75000 477.875732[0m
[00:00:01.775,000] [0m<inf> oresat_solar2: 90280.000000 5352.500000 483.223694[0m
[00:0:01.787,000] [0m<inf> oresat_solar2: 91120.00000 5353.750000 487.833710[0m
[00:00:01.800,000] [0m<inf> oresat_solar2: 91820.000000 5351.250000 491.35776[0m
[00:00:01.813,000] [0m<inf> oresat_solar2: 92600.000000 5351.250000 495.525757[0m
[00:00:01.826000] [0m<inf> oresat_solar2: 93420.000000 535.250000 499.913788[0m
[00:00:01.839,000] [0m<inf> oresat_solar2: 94200.000000 5352.500000 504.205505[0m[00:00:01.852,000] [0m<inf> oresat_solar2: 94980.000000 5348.750000 508.024261[0m
[00:00:01.865,000] [0<inf> oresat_solar2: 95780.000000 5348.750000 12.303284[0m
[00:00:01.878,000] [0m<inf> oresat_solar2: 9620.000000 5350.000000 516.916992[0m
[00:00:1.891,000] [0m<inf> oresat_solar2: 97300.000000 5346.250000 520.190125[0m
[00:00:01.904,000] [0m<inf> orsat_solar2: 98180.000000 5345.000000 524.772095[0m
[00:00:01.916,000] [0m<inf> oresat_solar2: 98980.00000 5345.000000 529.048096[0m
[00:00:01.929,00] [0m<inf> oresat_solar2: 99780.000000 5345.000000 533.324097[0m
[00:00:01.942,000] [0m<inf> oresat_sola2: 100800.000000 5345.000000 538.776001[0m
[00:00:01.955,000] [0m<inf> oresat_solar2: 101560.000000 5343.750000 542.711243[0m
[00:00:1.968,000] [0m<inf> oresat_solar2: 102320.000000 5343.750000 546.772522[0m
[00:00:01.981,000] [0m<inf> oresat_solar2: 103200.000000 5342.500000 551.34608[0m
[00:00:01.994,000] [0m<inf> oresat_solar2: 104000.000000 5342.500000 555.619995[0m
[00:00:02.007,000] [0m<inf> oresat_solar2: 04700.000000 5341.250000 559.228882[0m
[00:0:02.020,000] [0m<inf> oresat_solar2: 105480.000000 5341.250000 563.395020[0m
[00:00:02.033,000] [0m<inf> oresat_solar2: 106320.000000 5338.750000 567.15906[0m
[00:00:02.041,000] [0m<dbg> oresat_blink: handle_bink: The light is blinking![0m
[00:00:02.052,000] [0m<inf> oresat_solar2: 107160.000000 5338.75000 572.100464[0m
[00:00:02.065,000] [0m<inf oresat_solar2: 107860.000000 5337.500000 575.02759[0m
[00:00:02.078,000] [0m<inf> oresa_solar2: 108600.000000 5335.000000 579.380981[0m
[00:00:02.091,000] [0m<inf> oresat_solar2: 109480.000000 5337.500000 584.349487[0m
[0:00:02.104,000] [0m<inf> oresat_solar2: 110180.000000 5335.00000 587.810303[0m
[00:00:02.117,000] [0m<inf> oresat_solar2: 110980.000000 5335.000000 52.078308[0m
[00:00:02.130,000] [0m<inf> orsat_solar2: 112020.000000 5335.000000 597.62679[0m
[00:00:02.143,000] [0m<inf> oresat_soar2: 112820.000000 5333.750000 601.753662[0m
[00:00:02.156,000] [0m<inf> oresat_solar2: 113600.000000 5332.500000 605.771973[0m
[00:0:02.169,000] [0m<inf> oresat_solar2: 114420.000000 5332.50000 610.144653[0m
[00:00:02.182,000] [0m<inf> oresat_solar2: 115220.000000 5332.500000 614.40645[0m
[00:00:02.195,000] [0m<inf> oresatsolar2: 115980.000000 5330.000000 618.173401[m
[00:00:02.208,000] [0m<inf> oresat_solar2 116700.000000 5328.750000 621.865112[0m
[0:00:02.221,000] [0m<inf> oresat_solar2: 11756.000000 5328.750000 626.447876[0m
[00:00:02234,000] [0m<inf> oresat_solar2: 118280.00000 5327.500000 630.136719[0m
[00:00:02.247,00] [0m<inf> oresat_solar2: 119100.000000 5326.250000 634.35638[0m
[00:00:02.260,000] [0m<inf> oresat_solar2: 119960.000000 5327.500000 639.086914[0m
[00:00:02.273,000] [0m<inf> oresat_solar2: 12720.000000 5325.000000 642.833984[0m
[00:0002.286,000] [0m<inf> oresat_solar2: 121420.00000 5326.250000 646.713257[0m
[00:00:02.299000] [0m<inf> oresat_solar2: 122480.000000 5322.500000 651.899780[0m
[00:00:02.312,000] 0m<inf> oresat_solar2: 123300.000000 5322.500000 656.264221[0
[00:00:02.325,000] [0m<inf> oresat_solar2: 124080.000000 5322.500000 660.415771[0m
[00:00:02.338,000] [0m<inf> oresat_solar2: 124800000000 5322.500000 664.247986[0m
[00:00:02.351,000] [0m<inf> oresat_solar2: 125560.0000005320.000000 667.979187[0m
[00:00:02.364,000 [0m<inf> oresat_solar2: 126400.000000 5320.00000 672.447998[0m
[00:00:02.377,000] [0m<nf> oresat_solar2: 127180.000000 5318.750000 676.438599[0m
[00:00:02.390,000] [0m<inf> oresat_solar2: 127900.000000 5317.500000 680.108276[0m
[00:00:02.403,000] [0m<inf> oresat_solar2: 128760.00000 5317.500000 684.681274[0m
[00:00:02.416,000] [0m<inf> oresat_solar2: 129600.000000 531.500000 689.148010[0m
[00:00:02.429,000] [m<inf> oresat_solar2: 130280.000000 5315.00000 692.438171[0m
[00:00:02.442,000] [0m<inf>oresat_solar2: 131120.000000 5313.750000 696.738892[0m
[00:00:02.455,000] [0m<inf> oresatsolar2: 131880.000000 5313.750000 700.777344[0m
[00:00:02.468,000] [0m<inf> oresat_solar2: 132980.000000 313.750000 706.622498[0m
[0:00:02.481,000] [0m<inf> oresat_solar2: 133720.000000 5312.50000 710.387512[0m
[00:00:02.494,000] [0m<if> oresat_solar2: 134480.000000 5312.500000 71.424988[0m
[00:00:02.507,000] [0m<inf> oreat_solar2: 135280.000000 5312.500000 718.674988[0m
[00:00:02.520,000] [0m<inf> oresat_solr2: 136060.000000 5311.250000 722.648682[0m
[00:00:02.533,000] [0m<inf> oresat_solar2: 13880.000000 5310.000000 726.832825[0m
[00:0002.546,000] [0m<inf> oresat_solar2: 137660.000000 5311.250000731.146667[0m
[00:00:02.559,000] [0m<inf> resat_solar2: 138480.000000 5306.250000 734.80509[0m
[00:00:02.572,000] [0m<inf> oresat_olar2: 139220.000000 5307.500000 738.910156[0
[00:00:02.585,000] [0m<inf> oresat_solar2:140000.000000 5306.250000 742.875000[0m
[0000:02.598,000] [0m<inf> oresat_solar2: 140820.000000 5305.000000 747.050110[0m
[00:00:02.11,000] [0m<inf> oresat_solar2: 141680.000000 5305.000000 751612427[0m
[00:00:02.624,000] [0m<inf> oresat_solar2: 142360.000000 5303.750000 755.041870[0m
[00:00:02.637,000] [0m<inf> oresat_sola2: 143180.000000 5302.500000 759.211975[0m
[00:00:02.650,000] [0m<inf> oresat_solar2: 14420.000000 5302.500000 764.196289[0m
[00:00:2.663,000] [0m<inf> oresat_solar2: 144920.000000 5301.250000 768.257141[0m
[00:00:02.676,00] [0m<inf> oresat_solar2: 145780.000000 5301.250000 772.81623[0m
[00:00:02.689,000] [0m<inf> oresat_solar2: 146600.000000 5300.000000 776.979980[0m
[00:00:02.702,000] [0m<inf> oresat_solar2: 47280.000000 5298.750000 780.399902[0m
[00:00:02.715,000] [0m<inf> oresat_solar2: 148120.00000 5296.250000 784.480530[0m
[00:00:02.78,000] [0m<inf> oresat_solar2: 148900.000000 297.500000 788.797729[0m
[00:00:02.741,000][0m<inf> oresat_solar2: 149700.000000 5296.250000 792.848633[0m
[00:00:02.754,000] [0m<if> oresat_solar2: 150400.000000 5295.000000 796.367981[0m
[00:00:02.767,000] [0m<inf> oresat_solar2: 15120.000000 5296.250000 801.110779[0m
[00:00:02.780,000] [0m<inf> oresat_solar2: 152100.00000 5292.500000 804.989258[0m
[00:00:02.793,00] [0m<inf> oresat_solar2: 152860.000000 5293750000 809.202637[0m
[00:00:02.806,000] [0<inf> oresat_solar2: 153620.000000 5293.750000813.225891[0m
[00:00:02.819,000] [0m<inf> resat_solar2: 154700.000000 5291.250000 818.556396[0m
[00:00:02.832,000] [0m<inf> oresat_olar2: 155520.000000 5290.000000 822.700806[0m
[00:00:02.845,000] [0m<inf> oresat_solar2: 156200.000000 588.750000 826.102722[0m
[00:00:02.858,000] [0m<inf> oresat_solar2: 157020.000000 5288.75000 830.439514[0m
[00:00:02.871,000] [0m<inf> oresat_solar2: 157800.000000 5288.750000 834564758[0m
[00:00:02.884,000] [0m<inf> orest_solar2: 158560.000000 5286.250000 838.187805[0m
[00:00:02.897,000] [0m<inf> oresat_sola2: 159400.000000 5286.250000 842.628235[0m
[00:00:02.910,000] [0m<inf> oresat_solar2: 160160.000000 5285.000000 846.445618[0m
[00:00:2.923,000] [0m<inf> oresat_solar2: 160960.000000 5285.000000 50.673584[0m
[00:00:02.936,000] [0m<inf> oesat_solar2: 161700.000000 5283.750000 854.38285[0m
[00:00:02.949,000] [0m<inf> oresat_slar2: 162560.000000 5282.500000 858.723206[0m
[00:00:02.962,000] [0m<inf> oresat_solar2: 63320.000000 5280.000000 862.329590[0m
[00:0:02.975,000] [0m<inf> oresat_solar2: 164080.000000 5280.000000 866.342407[0m
[00:00:02.98,000] [0m<inf> oresat_solar2: 165080.000000 5280.000000 871.22375[0m
[00:00:03.001,000] [0m<inf> oresa_solar2: 165980.000000 5278.750000 876.1669310m
[00:00:03.014,000] [0m<inf> oresat_solar: 166720.000000 5278.750000 880.073181[0m
[0:00:03.027,000] [0m<inf> oresat_solar2: 16750.000000 5278.750000 884.190613[0m
[00:00:0.040,000] [0m<inf> oresat_solar2: 168280.000000 5276.250000 87.887329[0m
[00:00:03.048,000] [0m<dbg> oresat_link: handle_blink: The light is blinking![0m
[00:00:03.059,000] [m<inf> oresat_solar2: 169000.000000 5275.00000 891.474976[0m
[00:00:03.072,000] [0m<inf>oresat_solar2: 169760.000000 5276.250000 895.696228[0m
[00:00:03.085,000] [0m<inf> oresat_solar2: 170600.00000 5275.000000 899.914978[0m
[00:00:03.098,000] [0m<inf> oresat_solar2: 171300.000000 275.000000 903.607483[0m
[00:00:03.111,000][0m<inf> oresat_solar2: 172060.000000 5273.75000 907.401428[0m
[00:00:03.124,000] [0m<if> oresat_solar2: 172980.000000 5271.250000 91.820801[0m
[00:00:03.137,000] [0m<inf> oreat_solar2: 173720.000000 5270.000000 915.504395[0m
[00:00:03.150,000] [0m<inf> oresat_solar2: 174500.000000 5268.750000 919.396851[0m
[00:00:03.163,000] [0m<inf> oresat_solar2: 175220.000000 5268750000 923.190369[0m
[00:00:03.176,000] [0<inf> oresat_solar2: 176260.000000 5268.750000928.669861[0m
[00:00:03.189,000] [0m<inf> resat_solar2: 177120.000000 5267.500000 932.97614[0m
[00:00:03.202,000] [0m<inf> oresat_olar2: 177860.000000 5266.250000 936.655212[0m
[00:00:03.215,000] [0m<inf> oresat_solar2:178700.000000 5266.250000 941.078857[0m
[0000:03.228,000] [0m<inf> oresat_solar2: 179400.000000 5263.75000 944.316772[0m
[00:00:03.41,000] [0m<inf> oresat_solar2: 180220.000000 5263.750000 948632996[0m
[00:00:03.254,000] [0m<inf> orest_solar2: 181020.000000 5262.500000 952.617737[0m
[00:00:03.267,000] [0m<inf> oresat_sola2: 181760.000000 5262.500000 956.512024[0m
[00:00:03.280,000] [0m<inf> oresat_solar2: 18280.000000 5260.000000 960.370789[0m
[00:00:3.293,000] [0m<inf> oresat_solar2: 183380.000000 5258.750000 64.349548[0m
[00:00:03.306,00] [0m<inf> oresat_solar2: 184160.000000 5258.750000 968.45116[0m
[00:00:03.319,000] [0m<inf> oresat_slar2: 184960.000000 5256.250000 972.195984[0m
[00:00:03.332,000] [0m<inf> oresat_solar2: 85700.000000 5255.000000 975.853516[0m
[00:0:03.345,000] [0m<inf> oresat_solar2: 186760.00000 5255.000000 981.423828[0m
[00:00:03.38,000] [0m<inf> oresat_solar2: 187580.000000 255.000000 985.732910[0m
[00:00:03.371,000][0m<inf> oresat_solar2: 188400.000000 5252.500000 989.5709840m
[00:00:03.384,000] [0m<inf> oresat_solar: 189100.000000 5253.750000 993.484131[0m
[00:00:03.397,000] [0m<inf> oresat_solar2: 18980.000000 5251.250000 997.107361[0m
[00:00:0.410,000] [0m<inf> oresat_solar2: 190720.00000 5250.000000 1001.280029[0m
[00:00:03.423,000] [0m<inf> oresat_solar2: 191480.000000 525.000000 1005.270020[0m
[00:0:03.436,000] [0m<inf> oresat_solar2: 192260.000000 5248.75000 1009.124695[0m
[00:00:03.49,000] [0m<inf> oresat_solar2: 193020.000000 5247.500000 1012.872437[0m
[00:00:03.462,000] [0m<inf> oresat_solar2: 193820.000000 5246.50000 1016.828186[0m
[00:0003.475,000] [0m<inf> oresat_solar2: 194520.000000 5243.7500001020.014221[0m
[00:00:03.48,000] [0m<inf> oresat_solar2: 195360.000000 5243.750000 1024.418945[0m
[00:00:03.502,000][0m<inf> oresat_solar2: 196120.000000 5243.75000 1028.404297[0m
[00:00:03.515,000] [0m<inf> oresat_solar2: 197180.000000 5243.750000 133.962646[0m
[00:00:03.528,00] [0m<inf> oresat_solar2: 198020.000000 5241.250000 1037.87314[0m
[00:00:03.541,000] 0m<inf> oresat_solar2: 198800.000000 5240.000000 1041.712036[0m
[00:00:03.554,000] [0m<in> oresat_solar2: 199620.000000 5240.000000 104.008789[0m
[00:00:03.567,000] [0m<inf> oresat_solar2: 200320.000000 5238.750000 1049.42632[0m
[00:00:03.580,000] [0<inf> oresat_solar2: 201080.000000 5233.750000 1052.402466[0m
[00:00:03.593,000] [0m<inf>oresat_solar2: 201920.000000 5235.000000 1057.51147[0m
[00:00:03.606,000] [0m<inf> oresa_solar2: 202620.000000 5232.500000 1060.209106[0m
[00:00:03.619,000] [0m<nf> oresat_solar2: 203500.000000 5232.500000 1064.813721[0m
[00:00:03.633,000] [0m<inf> oesat_solar2: 204200.000000 5232.500000 1068.476440[0m
[00:00:03.646,000] [0m<inf> oresat_olar2: 205000.000000 5230.000000 1072.150024[m
[00:00:03.659,000] [0m<inf> oresat_solar2: 205800.000000 5231.250000 1076.591309[0m
[00:00:03.672,000] [0m<inf> oreat_solar2: 206580.000000 5230.000000 1080.413452[0m
[00:00:03.685,000] [0m<inf> oresat_soar2: 207320.000000 5228.750000 1084.024414[0m
[00:00:03.698,000] [0m<inf> oresat_solar2: 08400.000000 5228.750000 1089.671509[0m
[00:00:03.711,000] [0m<inf> oresat_solar2: 209160.000000 5227.500000 1093.383911[0m
[00:00:03.724,000] [0m<inf> oresat_sola2: 209920.000000 5223.750000 1096.569580[0m
[00:00:03.737,000] [0m<inf> oresat_solar2: 21680.000000 5222.500000 1100.276245[0m
[00:00:03.750,000] [0m<inf> oresat_solar2: 211420.00000 5222.500000 1104.140991[0m
[00:00:03.764,000] [0m<inf> oresat_solar2: 212260.000000 5221.250000 1108.262573[0m
[0:00:03.777,000] [0m<inf> oresat_solar2: 213020.000000 5221.20000 1112.230713[0m
[00:00:3.790,000] [0m<inf> oresat_solar2: 213820.000000 5220.000000 1116.140381[0m
[00:00:03.803000] [0m<inf> oresat_solar2: 214600.000000 528.750000 1119.943726[0m
[00:00:03.816,000] [0m<inf> oresat_solar2: 215380.000000 5217.50000 1123.745117[0m
[00:00:03829,000] [0m<inf> oresat_solar2: 216120.000000 5216.250000 117.335938[0m
[00:00:03.842,00] [0m<inf> oresat_solar2: 217000.000000 5215.000000 1131.655029[0m
[00:00:03.855,000] [m<inf> oresat_solar2: 217780.000000 5213.75000 1135.450439[0m
[00:00:03.868,000] [0m<inf> oresat_solar2: 218880.000000 5211.250000 1140638428[0m
[00:00:03.881,000 [0m<inf> oresat_solar2: 219580.000000 5208.750000 1143.73730[0m
[00:00:03.895,000] [0minf> oresat_solar2: 220320.000000 5208.750000 1147.591797[0m
[00:00:03.908,000] [0m<inf> resat_solar2: 221120.000000 5208.750000 1151.78789[0m
[00:00:03.921,000] [0m<inf> oresatsolar2: 221920.000000 5206.250000 1155.3709720m
[00:00:03.934,000] [0m<if> oresat_solar2: 222700.000000 5205.000000 1159.153442[0m
[00:00:03.947,000] [0m<inf> orsat_solar2: 223480.000000 5205.000000 1163.213379[0m
[00:00:03.960,000] [0m<inf> oresat_slar2: 224280.000000 5203.750000 1167.097046[0
[00:00:03.973,000] [0m<inf> oresat_solar2: 225080.000000 5202.500000 1170.978760[0m
[00:00:03.986,000] [0m<inf> orest_solar2: 225800.000000 5201.250000 1174.442261[0m
[00:00:03.999,000] [0m<inf> oresat_solr2: 226600.000000 5198.750000 1178.036743[0m[00:00:04.012,000] [0m<inf> oresat_solar2: 227360.000000 5196.250000 1181.419434[0m
[00:00:04.026,000] [0m<inf> oresatsolar2: 228120.000000 5195.000000 1185.083374[0m
[00:00:04.039,000] [0m<inf> oresat_solar2: 229260.000000 5193.750000 1190.719116[0m
[00:00:04.052,000] [0m<inf> oresat_solar2: 23000.000000 5193.750000 1194.562500[0m
[00:00:04.059,000] [0m<dbg> oresat_blink: handle_blink: The light is linking![0m
[00:00:04.070,000] [0m<inf> oresat_solr2: 230820.000000 5191.250000 1198.244385[0m[00:00:04.083,000] [0m<inf> oresat_solar2: 231580.000000 5190.000000 1201.900146[0m
[00:00:04.096,000] [0m<inf> oresatsolar2: 232320.000000 5188.750000 1205.450439[0m
[00:00:04.109,000] [0m<inf> oresat_solar: 233100.000000 5187.500000 1209.206299[0m
[00:00:04.123,000] [0m<inf> oresat_solar2: 23300.000000 5186.250000 1213.063843[0m
[00:00:04.136,000] [0m<inf> oresat_solar2: 234680.000000 5185.000000 1216.815796[0m
[00:00:04.149,000] [0m<inf> oresat_solar2:235420.000000 5183.750000 1220.358398[0m
[00:00:04.162,000] [0m<inf> oresat_solar2: 23622.000000 5181.250000 1223.914917[0m
[00:00:04.175,000] [0m<inf> oresat_solar2: 236980.00000 5181.250000 1227.852661[0m
[00:00:04.188,000] [0m<inf> oresat_solar2: 237760.000000 5180.000000 1231.596802[0m
[00:0:04.201,000] [0m<inf> oresat_solar2: 238560.000000 5178.750000 1235.442627[0m
[00:00:04.14,000] [0m<inf> oresat_solar2: 239360.0000005176.250000 1238.987183[0m
00:00:04.227,000] [0m<inf> oresat_solar2: 240400.000000 5173.50000 1243.769531[0m
[00:0004.240,000] [0m<inf> oresat_solar2: 241160.000000 5171.2500001247.098633[0m
[00:00:04.25,000] [0m<inf> oresat_solar2: 241900.000000 5168.750000 1250.320679[0m
[00:00:04.267,000][0m<inf> oresat_solar2: 242700.000000 5170.000000 1254.759033[0m
[00:00:04.280,000] [0m<nf> oresat_solar2: 243560.000000 5168.750000 158.900757[0m
[00:00:04.293,000] [0m<inf> oresat_solar2: 244260.000000 5168.750000 1262.51921[0m
[00:00:04.306,000] 0m<inf> oresat_solar2: 245000.000000 5167.500000 1266.037476[m
[00:00:04.319,000] [0m<in> oresat_solar2: 245880.000000 5165.000000 1269.970215[0m
[00:00:04.332,000] [0m<inf> oresat_solar2: 246680.000000 5163.750000 1273.79383[0m
[00:00:04.345,000] [0m<inf> oresat_solar2: 247400.000000 5160.000000 1276.583984[0m
[00:00:04.358,000] [0m<inf>oresat_solar2: 248200.000000 5158.750000 1280.401733[0m
[00:00:04.371,000] [0m<inf> oresa_solar2: 248960.000000 5160.000000 1284.633545[0m
[00:00:04.385,000] [0m<inf> oresat_sola2: 249760.000000 5155.000000 1287.512817[0m
[00:00:04.398,000] [0m<inf> oresat_solar2: 250820.000000 5153.750000 1292.663574[0m
[00:00:04.411,000] [0m<inf> oresat_olar2: 251560.000000 5153.750000 1296.477295[0m
[00:00:04.424,000] [0m<inf> oresat_solar2 252320.000000 5151.250000 1299.763428[0m
[00:00:04.437,000] [0m<inf> oresat_solar2: 25310.000000 5148.750000 1303.251587[0m
[00:00:04.450,000] [0m<inf> oresat_soar2: 253900.000000 5146.250000 1306.632935[0m
[00:00:04.463,000] [0m<inf> oresat_solar2: 54720.000000 5146.250000 1310.852783[0m
[00:00:04.476,000] [0m<inf> oresat_solar2: 255460000000 5146.250000 1314.661011[0m
[00:00:04.489,000] [0m<inf> oresat_solar2: 256260.000000 5142.500000 1317.817017[0m
[00:00:04.502,000] [0m<inf> oresat_solar2: 25060.000000 5141.250000 1321.609741[0m
[00:00:04.516,000] [0m<inf> oresat_solar2: 257860.00000 5141.250000 1325.722778[0m
[00:00:04.529,000] [0m<inf> oresat_solar2: 258520.000000 138.750000 1328.469604[0m
[0:00:04.542,000] [0m<inf> oresat_solar2: 259380.000000 5137.500000 1332.564697[0m
[00:00:4.555,000] [0m<inf> oresat_solar2: 260220.00000 5135.000000 1336.229736[0m
[00:00:04.568000] [0m<inf> oresat_solar2: 261160.000000 511.250000 1340.077271[0m
[0000:04.581,000] [0m<inf> oresat_solar2: 261960.000000 5131.25000 1344.182251[0m
[00:00:04594,000] [0m<inf> oresat_solar2: 262720.000000 5128.750000 137.425171[0m
[00:00:04.607,00] [0m<inf> oresat_solar2: 263560.000000 5126250000 1351.074463[0m
[00:00:04.620,000] [m<inf> oresat_solar2: 264300.000000 5125.00000 1354.537476[0m
[00:00:04.63,000] [0m<inf> oresat_solar2: 265100.000000 5123.750000 1358306152[0m
[00:00:04.647,000 [0m<inf> oresat_solar2: 265900.000000 5118.750000 1361.075684[0m
[00:00:04.660,000] [0minf> oresat_solar2: 266600.000000 5118.750000 364.658691[0m
[00:00:04.673,000] [0m<inf> oresat_solar2: 267360.000000 5117.500000 1368.24844[0m
[00:00:04.686,000] [0m<inf> oresat_solar2: 268220.000000 5112.500000 1371.274780[0m
[00:00:04.699,000] [0m<if> oresat_solar2: 268980.000000 5112.500000 1375.160278[0m
[00:00:04.712,000] [0m<inf> orsat_solar2: 269700.000000 5111.250000 1378.50450[0m
[00:00:04.725,000] [0m<inf> oresat_slar2: 270560.000000 5108.750000 1382.223389[0
[00:00:04.738,000] [0m<inf> oresat_solar2: 271360.000000 5108.750000 1386.310425[0m
[00:00:04.751,000] [0m<inf> orest_solar2: 272360.000000 5105.000000 1390.397827[0m
[00:00:04.764,000] [0m<inf> oresat_solr2: 273080.000000 5101.250000 1393.049316[0m
[00:00:04.778,000] [0m<inf> oresat_solar2: 23860.000000 5101.250000 1397.028320[0m
[00:00:04.791,000] [0m<inf> oresat_solar2: 274680.000000 5098.750000 1400.524658[0m
[00:00:04.804,000] [0m<inf> oresat_solar: 275460.000000 5097.500000 1404.157349[0m
[00:00:04.817,000] [0m<inf> oresat_solar2: 27680.000000 5095.000000 1407.646606[0m
[00:00:04.830,000] [0m<inf> oresat_solar2: 277020.00000 5091.250000 1410.378052[0m
[00:00:04.843,000] [0m<inf> oresat_solar2: 277780.000000 5090.000000 1413.900146[0m
[0:00:04.856,000] [0m<inf> oresat_solar2: 27852.000000 5086.250000 1416.622314[0m
[00:00:04.869,000] [0m<inf> oresat_solar2: 279320.00000 5085.000000 1420.342163[0m
[00:00:04.882,000] [0m<inf> oresat_solar2: 280080.000000 5083.750000 1423.856689[0m
[00:0:04.895,000] [0m<inf> oresat_solar2: 280900.000000 5078.750000 1426.620850[0m
[00:00:04.09,000] [0m<inf> oresat_solar2: 281620.0000005078.750000 1430.277588[0m
[00:00:04.922,000] [0m<inf> oresat_solar2: 282680.000000 5076.50000 1434.954346[0m
[00:0004.935,000] [0m<inf> oresat_solar2: 283520.000000 5072.500000 1438.155151[0m
[00:00:04.94,000] [0m<inf> oresat_solar2: 284300.000000 5068.750000 1441.045654[0m
[00:00:04.961,000][0m<inf> oresat_solar2: 285060.000000 5066.25000 1444.185181[0m
[00:00:0.974,000] [0m<inf> oresat_solar2: 285860.000000 5065.000000 147.880859[0m
[00:00:04.987,00] [0m<inf> oresat_solar2: 286580.000000 5062.500000 1450.811279[0m
[00:00:05.000,000] 0m<inf> oresat_solar2: 287380.000000 5058.75000 1453.783569[0m
[00:00:05.013,000] [0m<inf> oresat_solar2: 288180.000000 5056.250000 145.110107[0m
[00:00:05.026,00] [0m<inf> oresat_solar2: 288960.000000 5052.500000 1459.97049[0m
[00:00:05.040,000] [0<inf> oresat_solar2: 289760.000000 5048.750000 1462.925781[0m
[00:00:05.053,000] [0m<inf>oresat_solar2: 290520.000000 5047.500000 1466.399658[0m
[00:00:05.066,000] [0m<inf> oresa_solar2: 291300.000000 5041.250000 1468.516113[0m
[00:00:05.073,000] [0m<dbg> oresat_blink: handle_blink: he light is blinking![0m
[00:00:05.84,000] [0m<inf> oresat_solar2: 292080.000000 5045.000000 147.543579[0m
[00:00:05.097,00] [0m<inf> oresat_solar2: 293100.000000 5041.250000 1477.590332[0m
[00:00:05.110,000] [0<inf> oresat_solar2: 293920.000000 5037.5000001480.621948[0m
[00:00:05.123,000] [0m<inf>oresat_solar2: 294720.000000 5036.250000 1484.83569[0m
[00:00:05.137,000][0m<inf> oresat_solar2: 295520.000000 5032.500000 1487.204346[0m
[00:00:05.150,000] [0m<nf> oresat_solar2: 296220.000000 5026.250000 1488.875732[0m
[00:00:05.163,000] [0m<inf> oesat_solar2: 297080.000000 5026.250000 1493.19364[0m
[00:00:05.176,000] [0m<inf> oresat_solar2: 297860.000000 5018.750000 1494.884888[m
[00:00:05.189,000] [0m<in> oresat_solar2: 298620.000000 5015.000000 1497.579346[0m
[00:00:05.202,000] [0m<inf> oreat_solar2: 299300.000000 5012.500000 1500.241211[0m
[00:00:05.215,000] [0m<inf> oresat_soar2: 300160.000000 5010.000000 1503.801636[0m
[00:00:05.228,000] [0m<inf> oresat_solar2: 01000.000000 5005.000000 1506.505005[0m
[00:00:05.241,000] [0m<inf> oresat_solar2: 301780.000000 4998.750000 1508.522827[0m
[00:00:05.254,000] [0m<inf> oresat_solar2: 302580.000000 4995.000000 1511.387085[0m
[00:00:05.268,000] [0m<inf> oresat_solar2: 30280.000000 4990.000000 1513.367188[0m
[00:00:05.281,000] [0m<inf> oresat_solar2: 304380.00000 4985.000000 1517.334351[0m
[00:00:05.294,000] [0m<inf> oresat_solar2: 305060.000000 4976.250000 1518.054810[0m
[0:00:05.307,000] [0m<inf> oresat_solar2: 30590.000000 4968.750000 1520.040039[0m
[00:00:05.320,000] [0m<inf> oresat_solar2: 306660.00000 4967.500000 1523.333496[0m
[00:00:05.333,000] [0m<inf> oresat_solar2: 307420.000000 491.250000 1525.187500[0m
[0000:05.346,000] [0m<inf> oresat_solar2: 308300.000000 4953.750000 1527.241089[0m
[00:00:05359,000] [0m<inf> oresat_solar2: 308960.00000 4948.750000 1528.965820[0m
[00:00:05.372,000] [0m<inf> oresat_solar2: 309820.000000 4943750000 1531.672607[0m
[00:0:05.385,000] [0m<inf> oresat_solar2: 310580.000000 4938.75000 1533.876953[0m
[00:00:05.39,000] [0m<inf> oresat_solar2: 311380.000000 4928.750000 1534.714233[0m
[00:00:05.412,000 [0m<inf> oresat_solar2: 312180.000000 4921.20000 1536.315796[0m
[00:00:5.425,000] [0m<inf> oresat_solar2: 312980.000000 4911.250000 537.123047[0m
[00:00:05.438000] [0m<inf> oresat_solar2: 313700.000000 4903.750000 1538.36396[0m
[00:00:05.451,000] [0m<inf> oresat_solar2: 314700.000000 4893.75000 1540.063110[0m
[00:00:05.464,000] [0m<inf> oresat_solar2: 315520.000000 4883.750000 150.920776[0m
[00:00:05.477,00] [0m<inf> oresat_solar2: 316320.000000 4872.500000 1541.26965[0m
[00:00:05.490,000] [m<inf> oresat_solar2: 317120.000000 4863.750000 1542.392456[0m
[00:00:05.503,000] [0m<inf oresat_solar2: 317980.000000 4852.500000 1542997925[0m
*** Booting Zephyr OS build v4.2.0 ***

[00:00:0.005,000] [0m<inf> oresat_mcxn947_solar: Oresat MCXN947 Solar Board App
[0m
[00:00:00.013,000] [0m<inf> oesat_blink: Starting blink demo[0m
[00:00:00.019,000] [0m<dbg> oresat_blink: handle_blink: The light is blnking![0m
[00:00:00.026,000] [0m<inf> oresat_solar2: Starting Solar Tracking...[0m
[00:00:00.033,000] [;31m<err> mcux_lpi2c: SCL GPIO device not read[0m
[00:00:00.039,000] [0m<inf> oresat_solar2: Starting INA26 reading[0m
[00:0000.049,000] [0m<inf> oresat_solar2: -540.000000 5412.500000 -2.922750[0m
[0:00:00.062,000] [0m<inf> oresat_solar2: -500.000000 5412.500000 -2.706250[0m
[00:00:00.074,000] [0m<inf> oresat_solar2:-540.000000 5412.500000 -2.922750[0m
[00:00:00.087,000] [0<inf> oresat_solar2: -540.000000 5413.750000 -2.923425[0m
[00:00:00.100,000 [0m<inf> oresat_solar2: -540.000000 5412.50000 -2.922750[0m
[00:00:00.112,000] [0m<inf> oresat_solar2: -520.000000 5413.750000 -2.815150[0m
[00:00:00.125,000] [0m<inf> oresat_soar2: -540.000000 5413.750000 -2.923425[0m
[00:00:00.138,000 [0m<inf> oresat_solar2: -540.000000 5415.000000 -2.924100[0m
[00:00:00.151,000] [0m<inf> oresat_solar2: -540.000000 541.500000 -2.922750[0m
[00:00:00.163,000] [0m<inf> oresat_soar2: -580.000000 5412.500000 -3.139250[0m
[00:00:00.176,000] [0m<inf> orest_solar2: -540.000000 5413.750000 -2.923425[0
[00:00:00.18,000] [0m<inf> oresat_solar2: -520.000000 5408.750000 -2.81250[0m
[00:00:00.201,000] [0m<inf> oresat_solar2: -540.00000 5412.500000 -2.922750[0m
[00:00:00.214,000] [0m<inf> orest_solar2: -540.000000 5412.500000 -2.922750[0m
[00:00:00.227,000] [0m<inf> oresat_solar2: -540.000000 5411.250000 -2.92205[0m
[00:00:0.239,000] [0m<inf> oresat_solar2: -520.000000 5411.250000 -2813850[0m
[00:00:00.252,000] [0m<inf> oresat_solar2: -580.00000 5412.500000 -3.139250[0m
[00:00:00.265,000] [0m<inf> oresat_solar2: -540.000000 5411.250000 -2.922075[0m
[00:00:00.278,000] [0minf> oresat_solar2: -580.000000 5411.250000 -3138525[0m
[0:00:00.290,000] [0m<inf> oresat_solar2: -580.000000 5412.50000 -3.139250[0m
[00:00:00.303,000] [0m<inf> oresat_solar2: 520.000000 5412.500000 -2.814500[0m
[00:00:00.316,000] [0m<inf> oresat_solar2: -540.000000 5412.500000 -2.922750[0m
[00:00:00.328,000][0m<inf> oresat_solar2: -540.000000 5412.50000 -2.922750[0m
[00:00:00.341,000] [0m<inf> oresat_solar2: -580.000000 5412.500000 -3.139250[0m
[00:00:00.354,000] [0m<inf> oresat_solr2: -540.000000 5411.250000 -2.922075[0m
[00:00:00.366,000][0m<inf> oresat_solar2: 1620.000000 5408.750000 8.762175[0m
[00:00:00.379,00] [0m<inf> oresat_solar2: 2520.000000 5408.750000 13.630050[0m
[00:00:00.392,000] [0m<inf> oresat_solar2: 3700.000000 407.500000 20.007750[0m
[00:00:00.404,000] [0m<inf> oresatsolar2: 4560.000000 5407.500000 24.658199[0m
[00:00:00.417,000] [0m<inf> oesat_solar2: 5300.000000 5406.250000 28.653126[0m
[00:00:00430,000] [0m<inf> oresat_solar2: 6200.000000 5405.000000 33.51002[0m
[00:00:00.443,000] [0m<inf> oresat_solar2: 7060.00000 5405.000000 38.159302[0m
[00:00:00.455,000] [0m<inf> oresat_solar2: 7800.000000 5405.000000 42.159000[0m
[00:00:00.468,000] [0m<if> oresat_solar2: 8620.000000 5403.750000 46.50326[0m
[00:0:00.481,000] [0m<inf> oresat_solar2: 9420.000000 5402.50000050.891548[0m
[00:00:00.493,000] [0m<inf> oresat_solar2: 1020.000000 5402.500000 55.213551[0m
[00:00:00.506,000] [0m<nf> oresat_solar2: 11060.000000 5402.500000 59751652[0m
[0:00:00.519,000] [0m<inf> oresat_solar2: 11780000000 5401.250000 63.626724[0m
[00:00:00.532,000] [0m<inf oresat_solar2: 12680.000000 5398.750000 68.456146[0m
[00:0:00.545,000] [0m<inf> oresat_solar2: 13380.000000 5398.750000 72.235275[0m
[00:00:00.557,000] [0m<inf> oresat_solar2: 14320.000000 5401.250000 77.345901[0m
[00:00:0.570,000] [0m<inf> oresat_solar2: 15280.000000 5398.750000 82492897[0m
[00:00:00.583,000] [0m<inf> oresat_solar2: 16100.000000 5400.000000 86.940002[0m
[00:00:00.596,000] [0m<inf> oresat_solar2: 16960.000000 5397.500000 91.54603[0m
[00:00:00.609,000] [0m<inf> oresat_solar2: 17760.00000 5397.500000 95.859596[0m
[00:00:00.621,000] [0m<inf> oesat_solar2: 18600.000000 5396.250000 100.37027[0m
[00:00:00.634,000] [0m<inf> oresat_solar2: 19320.000000 5397.500000 104.279701[0m
[00:00:00.647,00] [0m<inf> oresat_solar2: 20080.000000 5393.50000 108.306503[0m
[00:00:00.660,000] [0m<inf> oresat_solar2: 20920.000000 5395.000000 112.863403[0m
[00:00:00.673,000] [0m<inf> oresat_solar2: 21680.000000 5395.00000 116.963600[0m
[00:00:00.686,000] [0m<nf> oresat_solar2: 22500.000000 5393.750000 121.359375[0m
[00:00:00.699,000] [0m<inf> oresat_solar2: 2332.000000 5391.250000 125.723953[0m
[00:00:00712,000] [0m<inf> oresat_solar2: 24020.000000 5392.500000 129527847[0m
[00:00:00.725,000] [0m<inf> orest_solar2: 24820.000000 5392.500000 133.841843[0m
[00:00:00.737,000] [0m<inf> oresat_solar2: 25960.000000 5391.250000 139.956848[0m
[00:00:00.750,000][0m<inf> oresat_solar2: 26700.000000 5390.000000 143.912994[0m
[00:00:00.763,000] [0m<inf> oresat_solar2 27560.000000 5391.250000 148.582855[0m
[0000:00.776,000] [0m<inf> oresat_solar2: 28320.000000 5388.750000 152.609406[0m
[00:00:00.789,000] [0m<inf oresat_solar2: 29120.000000 5387.500000 156.884003[0m
[00:00:00.802,000] [0m<inf> oresat_solar2: 29880.00000 5387.500000 160.978500[0m
[00:00:00.815,000] [0m<inf> oresat_solar2: 30780.000000 5386.250000 165.78773[0m
[00:00:00.828,000] [0m<inf> oresat_olar2: 31480.000000 5387.500000 169.598495[0m
[00:00:00.841000] [0m<inf> oresat_solar2: 32280.000000 538.000000 173.827805[0m
[00:00:00.854,000] [0m<inf> oresat_solar2: 33060.000000 5383.750000 177.986771[0m[00:00:00.866,000] [0m<inf> oresat_solar2: 3860.000000 5385.000000 182.336105[0m
[00:00:00.879,000] [0m<inf> oresat_solar2: 34600.000000 5386.250000 86.364243[0m
[00:00:00.892,000] [0m<inf> oesat_solar2: 35500.000000 5383.750000 191.123123[0m
[00:00:00.905,000] [0m<inf> oresat_solar2: 36660.00000 5382.500000 197.322449[0m
[00:00:00.918,000] [0m<inf> orsat_solar2: 37280.000000 5382.500000 200.65960[0m
[00:00:00.931,000] [0m<inf> oresat_solar2: 38160.000000 5380.000000 205.300797[0m
[00:00:00.944,00] [0m<inf> oresat_solar2: 38980.000000 5382.50000 209.809845[0m
[00:00:00.957,000] [0m<inf> oresat_solar2: 39680.000000 5381.250000 213.528000[0m
[0:00:00.970,000] [0m<inf> oresat_solar2: 40500.000000 5382.500000 217.991257[0m
[00:00:00.983,000] [0m<if> oresat_solar2: 41300.000000 5380.000000 222194000[0m
[00:00:00.995,000] [0m<inf> oresat_solar2: 42060.000000 5378.750000 226.230225[0m
[00:00:01.08,000] [0m<inf> oresat_solar2: 42820.000000 5377.500000 230.64557[0m
[00:00:01.021,000] [0m<inf> oresa_solar2: 43680.000000 5377.500000 234.889206[0m
[00:00:01.028,000] [0m<dbg> oresat_blink: handle_blink: Th light is blinking![0m
[00:00:01.039,000] [0m<inf> oresat_solar2: 4320.000000 5377.500000 238.330795[0m
[00:0:01.052,000] [0m<inf> oresat_solar2: 45120.000000 5377.500000242.632797[0m
[00:00:01.065,000] [0m<inf> resat_solar2: 45980.000000 5376.250000 247.199982[0m
[00:00:01.078,000] [0m<inf> oresat_solar2: 46780.00000 5376.250000 251.500977[0m
[00:00:01.091,00] [0m<inf> oresat_solar2: 47760.000000 5377.500000 256.82947[0m
[00:00:01.104,000] [0m<inf> oresat_soar2: 48520.000000 5373.750000 260.734344[0m
[00:00:01.117,000] [0m<inf> oresat_solar2: 49300.000000 5373.50000 264.925873[0m
[00:00:01.130,000] [0minf> oresat_solar2: 50080.000000 5372.500000 269.054810[0m
[00:00:01.143,000] [0m<inf> oresat_solar2: 5080.000000 5373.750000 273.416412[0m
[00:00:0.156,000] [0m<inf> oresat_solar2: 51720.000000 5373.750000 27.930359[0m
[00:00:01.168,000] [0m<inf> oreat_solar2: 52420.000000 5370.000000 281.495392[0m
[00:00:01181,000] [0m<inf> oresat_solar2: 53160.0000005370.000000 285.469208[0m
[00:00:01.194,000] [0m<inf> oresat_solar2: 54000.000000 5371.250000 290.0474850m
[00:00:01.207,000] [0m<inf> oresat_solar: 54720.000000 5370.000000 293.846405[0m
[0:00:01.220,000] [0m<inf> oresat_solar2: 55520.000000 5370.00000 298.142395[0m
[00:00:01.233,000] [0m<in> oresat_solar2: 56380.000000 5370.000000 302.760590[0m
[00:00:01.246,000] [0m<inf> oresat_solar2: 57160.00000 5368.750000 306.877747[0m
[00:00:01.29,000] [0m<inf> oresat_solar2: 58060.000000 5367.500000 311.67054[0m
[00:00:01.272,000] [0m<inf> oresatsolar2: 58900.000000 5366.250000 316.072113[0m
[00:00:01.285,000] [0m<inf> oresat_solar2: 59700.000000 535.000000 320.290497[0m
[00:00:01.297,000] [0m<inf> oresat_solar2: 60420.000000 5365.000000 324.153290[0m
[00:00:01.310,000] [0m<inf> oresat_solar2: 1220.000000 5363.750000 328.368774[0m
[00:0:01.323,000] [0m<inf> oresat_solar2: 62060.000000 5365.000000332.951904[0m
[00:00:01.336,000] [0m<inf> resat_solar2: 62860.000000 5363.750000 337.165314[0m
[00:00:01.349,000] [0m<inf> oresat_solar2: 63420.00000 5363.750000 340.169037[0m
[00:00:01.362,00] [0m<inf> oresat_solar2: 64320.000000 5362.500000 344.915985[0m
[00:00:01.375,000] [0m<inf> oresat_soar2: 65060.000000 5361.250000 348.802917[0m
[00:00:01.388,000] [0m<inf> oresat_solar2: 65860.000000 5361.50000 353.091919[0m
[00:00:01.401,000] [0minf> oresat_solar2: 66600.000000 5360.000000 356.976013[0m
[00:00:01.414,000] [0m<inf> oresat_solar2: 6740.000000 5362.500000 361.754242[0m
[00:00:01.426,000] [0m<nf> oresat_solar2: 68360.000000 5360.000000 36.409607[0m
[00:00:01.439,000] [0m<inf> oreat_solar2: 69160.000000 5358.750000 370.611145[0m
[00:00:01452,000] [0m<inf> oresat_solar2: 69960.0000005357.500000 374.810699[0m
[00:00:01.465,000] [0m<inf> oresat_solar2: 70700.000000 5357.500000 378.7752380m
[00:00:01.478,000] [0m<inf> oresat_solar: 71420.000000 5356.250000 382.543365[0m
[0:00:01.491,000] [0m<inf> oresat_solar2: 72200.000000 5357.50000 386.811493[0m
[00:00:01.504,000] [0m<in> oresat_solar2: 73460.000000 5356.250000 393.470123[0m
[00:00:01.517,000] [0m<inf> oresat_solar2: 74160.00000 5353.750000 397.034088[0m
[00:00:01.50,000] [0m<inf> oresat_solar2: 74920.000000 5355.000000 401.16594[0m
[00:00:01.543,000] [0m<inf> oresat_solar2: 75820.000000 5353.750000 405.921326[0m
[00:00:01.55,000] [0m<inf> oresat_solar2: 76580.000000 532.500000 409.894440[0m
[00:00:01.568,000] [0m<inf> oresat_solar2: 77360.000000 5351.250000 413.972687[0m
[00:00:01.581,000] [0m<inf> oresat_solar2: 8100.000000 5351.250000 417.932617[0m
[00:00:01.594,000] [0m<inf> oresat_solar2: 78920.000000 5352.500000422.419312[0m
[00:00:01.607,000] [0m<inf> resat_solar2: 79880.000000 5350.000000 427.358002[0m
[00:0001.620,000] [0m<inf> oresat_solar2: 80700.00000 5348.750000 431.644135[0m
[00:00:01.633,000] [0m<inf> oresat_solar2: 81560.000000 5348.750000 436.24409[0m
[00:00:01.646,000] [0m<inf> oresat_soar2: 82220.000000 5347.500000 439.671448[0m
[00:00:01.659,00] [0m<inf> oresat_solar2: 83200.000000 5347.500000 444.911987[0m
[00:00:01.672,000] [0m<inf> oresat_solr2: 83900.000000 5345.000000 448.445496[0m
[00:00:01.684,000] [0m<inf> oresat_solar2: 84700.000000 5346.250000 452.827362[0m
[00:00:01.697,000] [0m<nf> oresat_solar2: 85460.000000 5346.250000 45.890533[0m
[00:00:01.710,000] [0m<inf> oresat_solar2: 86220.000000 5345.000000 460.845886[0m
[00:00:01723,000] [0m<inf> oresat_solar2: 87020.000000 5343.750000 465.013123[0m
[00:00:01.736,000] [0m<inf> orest_solar2: 87760.000000 5342.500000 468.8577880m
[00:00:01.749,000] [0m<inf> oresat_solar2: 88600.000000 5342.500000 473.345490[0m
[00:00:01.762,000][0m<inf> oresat_solar2: 89400.000000 5343.750000 477.731262[0m
[00:00:01.775,000] [0m<inf> oresat_solar2: 90420.000000 5342.500000 483.068848[0m
[0000:01.788,000] [0m<inf> oresat_solar2: 91280.000000 5338.75000 487.321106[0m
[00:00:01.801,000] [0m<inf oresat_solar2: 92000.000000 5340.000000 491.279999[0m
[00:00:01.813,000] [0m<inf> oresat_solar2: 92780.00000 5338.750000 495.329224[0m
[00:00:01.82,000] [0m<inf> oresat_solar2: 93500.000000 5337.500000 499.056244[0m
[00:00:01.839,000] [0m<inf> oresat_olar2: 94360.000000 5335.000000 503.410614[0m
[00:00:01.852,000] [0m<inf> oresat_solar2: 95160.000000 5337.500000 507.916504[0m
[00:00:01.865,000] [m<inf> oresat_solar2: 96000.000000 5337.500000512.400024[0m
[00:00:01.878,000] [0m<inf> oresat_solar2: 96700.000000 5336.250000 516.015381[0m
[00:0001.891,000] [0m<inf> oresat_solar2: 97520.000000 5333.750000 520.147278[0m
[00:00:01.904,000] [0m<inf> oesat_solar2: 98220.000000 5333.750000 523.880920[0m
[00:00:01.917,000] [0m<inf> oresat_solar2: 99060.00000 5335.000000 528.485107[0m
[00:00:01.930,00] [0m<inf> oresat_solar2: 99860.000000 5332.500000 532.503479[0m
[00:00:01.942,000] [0m<inf> oresat_solr2: 100900.000000 5331.250000 537.923096[0m
[00:00:01.955,000] [0m<inf> oresat_solar2: 10760.000000 5331.250000 542.507996[0m
[00:0001.968,000] [0m<inf> oresat_solar2: 102400.000000 5332.500000 546.047974[0m
[00:00:01.981,000] [0m<inf> resat_solar2: 103220.000000 5330.000000 550.16598[0m
[00:00:01.994,000] [0m<inf> oresat_solar2: 103960.000000 5328.750000 553.976868[0
[00:00:02.007,000] [0m<inf> oresat_solar2:104880.000000 5327.500000 558.748230[0m
[0000:02.020,000] [0m<inf> oresat_solar2: 105600.000000 5327.500000 562.583984[0m
[00:00:02.33,000] [0m<inf> oresat_solar2: 106320.000000 5326.250000 566286926[0m
[00:00:02.041,000] [0m<dbg> oresa_blink: handle_blink: The light is blinking![0m
[0000:02.052,000] [0m<inf> oresat_solar2: 107180.000000 5325.000000 570.733521[0m
[00:00:02.065,000] [0m<inf> oresat_solar2: 108000.000000 5323.750000 574965027[0m
[00:00:02.078,000] [0m<inf> oresat_solar2: 108680.000000 5326.250000 578.856873[0m
[00:00:02.091,000] [0m<inf> oresat_sola2: 109560.000000 5322.500000 583.133118[0m
[00:00:02.104,000] [0m<inf> oresat_solar2: 110320.000000 5322.500000 587.178223[0m
[00:00:2.117,000] [0m<inf> oresat_solar2: 111100.000000 5323.750000 91.468628[0m
[00:00:02.130,000] [0m<inf> oesat_solar2: 112160.000000 5322.500000 596.97119[0m
[00:00:02.143,00πώ*** Booting Zephyr OS build v4.2.0 ***

[00:00:00.005,000] [0m<inf> oresat_mcxn947_solar: Oesat MCXN947 Solar Board App
[0m
[00:00:00.013,000] [0m<inf> oresat_blink: Starting blink demo[0m
[00:0000.019,000] [0m<dbg> oresat_blink: handle_blik: The light is blinking![0m
[00:00:00.026,000] [0m<inf> orsat_solar2: Starting Solar Tracking...[0m
[0:00:00.033,000] [1;31m<err> mcux_lpi2c: SCL GPIO device not rady[0m
[00:00:00.039,000] [0m<inf> oresat_slar2: Starting INA226 reading[0m
[00:00:00.049,000] [0m<inf> oresat_solar2: -520.00000 5405.000000 -2.810600[0m
[00:00:00.062,000] [0m<inf> oresat_solar2: -20.000000 5403.750000 -2.809950[0m
[00:00:00.074,000] [0m<nf> oresat_solar2: -520.000000 5405.000000 -2.810600[0m
[0000:00.087,000] [0m<inf> oresat_solar2: -520.000000 5405.00000 -2.810600[0m
[00:00:00.100,000] [0m<inf> oresat_solar2: -520.000000 5405.000000 -2.810600[0m
[00:00:00.112,000] [0m<inf> oresat_sola2: -520.000000 5406.250000 -2.811250[0m
[00:00:00.125,000] [0m<inf> oresat_solar2: -520.000000 5406.250000 -2.811250[0m
[00:00:00.138,00] [0m<inf> oresat_solar2: -540.000000 5406.50000 -2.919375[0m
[00:00:00.151,000] [0m<inf> oresat_sola2: -500.000000 5405.000000 -2.702500[0m
[00:00:00.163,000] [0m<inf> oresatsolar2: -540.000000 5403.750000 -2.918025[0m[00:00:00.176,00] [0m<inf> oresat_solar2: -500.000000 5406.250000 -2.703125[0m
[00:00:00189,000] [0m<inf> oresat_solar2: -520.000000 405.000000 -2.810600[0m
[00:00:00.201,000] [0m<inf> oresat_solar2: -520.000000 5405.000000 -2.810600[0m
[00:00:00.214,000] [0m<inf> oesat_solar2: -540.000000 5403.750000 -2.918025[0m
[00:00:00227,000] [0m<inf> oresat_solar2: -540.000000 5405.000000 -2.918700[0m
[00:0:00.239,000] [0m<inf> oresat_solar2: -520.00000 5406.250000 -2.811250[0m
[00:00:00.252,000] [0m<inf> oresat_solar2: -520.000000 5405.000000 -2.810600[0m
[00:00:00.265,000] [0m<if> oresat_solar2: -520.000000 5406.250000 -2.81250[0m
[00:0:00.278,000] [0m<inf> oresat_solar2: -520.000000 5405.000000-2.810600[0m
[00:00:00.290,000] [0m<inf> oresat_solar2: -50.000000 5405.000000 -2.918700[0m
[00:00:00.303,000] [0m<if> oresat_solar2: -540.000000 5405.000000 -2.918700[0m
[00:00:00.316,000] 0m<inf> oresat_solar2: -520.000000 5405.000000 -2.810600[0m
[00:00:00.328,000] [0m<inf> oresat_solar2: -540.000000 5405.00000 -2.918700[0m
[00:00:00.341,000] [0m<inf> oresat_solar: -540.000000 5403.750000 -2.918025[0m
[00:00:00.354,000] [0m<inf> oresat_solar2: -540.000000 5405.000000 -2.918700[0m
[00:00:00.366,00] [0m<inf> oresat_solar2: 1200.000000 5403.70000 6.484500[0m
[00:00:00.39,000] [0m<inf> oresat_solar2: 2180.000000 541.250000 11.774725[0m
[00:00:00.392,000] [0m<inf> oresat_solar2: 3360.000000 5398.750000 18.139799[0m
[00:00:00.404,000] [0m<inf> oreat_solar2: 4220.000000 5400.000000 22.788000[m
[00:00:00.417,000] [0m<inf> oresat_solar2: 5060.000000 5398.750000 27.31775[0m
[00:0000.430,000] [0m<inf> oresat_solar2: 5920.00000 5398.750000 31.960600[0m
[00:00:00.443,000] [0m<inf> oresat_solar2: 6720.000000 5396.250000 36.262798[0m
[00:00:00.455,000] [0m<inf oresat_solar2: 7520.000000 5396.250000 40.57900[0m
[00:0000.468,000] [0m<inf> oresat_solar2: 8380.000000 5396.250000 4.220573[0m
[0:00:00.481,000] [0m<inf> oresat_solar2: 9160000000 5396.250000 49.429649[0m
[00:00:00.493,000] [0m<inf> oresat_solar2:10000.000000 5395.000000 53.950001[0m
[00:0:00.506,000] [0m<inf> oresat_solar2: 10800.000000 5393.75000058.252499[0m
[00:00:00.519,000] [0m<inf> oresat_solar2: 1160.000000 5396.250000 62.920277[0m
[00:00:00.532,000] [0m<nf> oresat_solar2: 12400.000000 5395.000000 66898003[0m
[00:00:00.545,000] [0m<inf> oresat_solar2: 13160000000 5393.750000 70.981750[0m
[00:00:00.557,000] [0m<inf oresat_solar2: 14000.000000 5393.750000 75.512497[0m
[00:0:00.570,000] [0m<inf> oresat_solar2: 15060.000000 5392.500000 81.211052[0m
[00:00:00.583,000] [0m<inf> oesat_solar2: 15820.000000 5390.000000 85.269798[0m
[00:00:0.596,000] [0m<inf> oresat_solar2: 16700.000000 5390.000000 90.013000[0m
[00:00:00.609,000] [0m<inf> orest_solar2: 17420.000000 5390.000000 93.893799[0m
[00:00:00.61,000] [0m<inf> oresat_solar2: 18360.000000 5388.750000 98.937447[0m
[00:00:00.634,000] [0m<inf> oresat_solar2: 19120.00000 5388.750000 103.032898[0m
[00:00:00.647000] [0m<inf> oresat_solar2: 19900.000000 5390.000000 107.261002[0m
[00:00:00.660,000] [0m<inf> oresat_slar2: 20700.000000 5387.500000 111.521248[0m[00:00:00.673,000] [0m<inf> oresat_solar2: 21420.000000 5387.500000 115.400253[0m
[00:00:00.686,000] [0<inf> oresat_solar2: 22220.000000 5386.250000 19.682472[0m
[00:00:00.699,000] [0m<inf> oresat_solar2: 23020.000000 5383.750000 123.933922[0m
[00:00:0.712,000] [0m<inf> oresat_solar2: 23820.00000 5385.000000 128.270706[0m
[00:00:00.724,000] [0m<inf> orsat_solar2: 24600.000000 5383.750000 132.440247[0m
[00:00:00.737,000] [0m<inf> oresat_solar2: 25660.00000 5383.750000 138.147018[0m
[00:00:00.750,00] [0m<inf> oresat_solar2: 26500.000000 5385.000000 142.702499[0m
[00:00:00.763,000] [0m<inf> oresat_sola2: 27360.000000 5383.750000 147.299393[0m
[0:00:00.776,000] [0m<inf> oresat_solar2: 28080.000000 5382.500000 151.140594[0m
[00:00:00.789,000] [0m<if> oresat_solar2: 28880.000000 5381.250000 155410507[0m
[00:00:00.802,000] [0m<inf> oresat_solar2: 29680000000 5381.250000 159.715500[0m
[00:00:00.15,000] [0m<inf> oresat_solar2: 30500.000000 381.250000 164.128128[0m
[00:00:00.828,000] [0m<inf> oresat_solar2: 31220.000000 5380.000000 167.963593[m
[00:00:00.841,000] [0m<inf> oresat_solar2: 32060.000000 5377.500000 172.402649[0m
[00:00:00.853,000] [0m<inf> oresat_solar2: 32880.000000 5378.750000 176.853302[0m
[00:00:00.866,000] [0m<inf> oresat_solar2:33620.000000 5377.500000 180.791550[0m
[00:0:00.879,000] [0m<inf> oresat_solar2: 34480.000000 5377.500000 185.416199[0m
[00:00:00.892,000] [0m<inf>oresat_solar2: 35380.000000 5376.250000 190.21731[0m
[00:00:00.905,000] [0m<inf> oresat_solar2: 36400.000000 5376.250000 195.695496[0m
[00:00:00.918000] [0m<inf> oresat_solar2: 37160.000000 5375.000000 199.735001[0m
[00:00:00.931,000] [0m<inf> oresat_slar2: 38000.000000 5375.000000 204.250000[0m
[00:00:00.944,000] [0m<inf> oresat_solar2: 38820.000000 5373.750000 208.608978[0m
[00:00:00.957,000] [0<inf> oresat_solar2: 39520.000000 5373.750000 12.370605[0m
[00:00:00.970,000] [0m<inf> oresat_solar2: 4080.000000 5373.750000 216.454651[0m
[00:00:0.982,000] [0m<inf> oresat_solar2: 41160.000000 5372.500000 21.132095[0m
[00:00:00.995,000] [0m<inf> orsat_solar2: 41960.000000 5372.500000 225.430099[0m
[00:00:01.008,000] [0m<inf> oresat_solar2: 42700.00000 5372.500000 229.405746[0m
[00:00:01.021,000] [0m<inf> oresat_solar2: 43360.000000 5371.250000 232.897400[0m
[00:00:01.028,000] [0m<dbg> oresat_blink: handle_blink: The light is blinking![0m
[00:00:01.039,000] [0m<in> oresat_solar2: 44280.000000 5370.000000 237.783600[0m
[00:00:01.052,000] [0m<inf> oresat_solar2: 45020.00000 5368.750000 241.701126[0m
[00:00:01.05,000] [0m<inf> oresat_solar2: 45800.000000 5368.750000 245.888748[0m
[00:00:01.078,000] [0m<inf> oresatsolar2: 46600.000000 5370.000000 250.242004[0
[00:00:01.091,000] [0m<inf> oresat_solar2: 47620.000000 5367.500000 255.600357[0m
[00:00:01.104,000] 0m<inf> oresat_solar2: 48400.000000 5368.750000 259.847504[0m
[00:00:01.117,000] [0m<inf> oresat_solar2: 9180.000000 5367.500000 263.973663[0m
[00:0:01.130,000] [0m<inf> oresat_solar2: 49980.000000 5366.250000 268.205170[0m
[00:00:01.143,000] [0m<inf> resat_solar2: 50760.000000 5368.750000 272.517761[0m
[00:00:01.155,000] [0m<inf> oresat_solar2: 51520.00000 5365.000000 276.404785[0m
[00:00:01.168,00] [0m<inf> oresat_solar2: 52260.000000 5365.000000 280.374908[0m
[00:00:01.181,000] [0m<inf> oresat_soar2: 53020.000000 5363.750000 284.386017[0m
[00:00:01.194,000] [0m<inf> oresat_solar2: 53880.000000 5362.500000 288.931488[0m
[00:00:01.207,000] [0minf> oresat_solar2: 54600.000000 5363.750000 292.860748[0m
[00:00:01.220,000] [0m<inf> oresat_solar2: 5530.000000 5363.750000 296.722656[0m
[00:00:0.233,000] [0m<inf> oresat_solar2: 56100.000000 5362.500000 30.836243[0m
[00:00:01.246,000] [0m<inf> oreat_solar2: 56980.000000 5361.250000 305.484039[0m
[00:00:01.259,000] [0m<inf> oresat_solar2: 58020.0000005361.250000 311.059723[0m
[00:00:01.272,000 [0m<inf> oresat_solar2: 58800.000000 5361.250000 315.2414860m
[00:00:01.284,000] [0m<inf> oresat_solar: 59580.000000 5360.000000 319.348785[0m
[0:00:01.297,000] [0m<inf> oresat_solar2: 60360.000000 5358.75000 323.454163[0m
[00:00:01.310,000] [0m<in> oresat_solar2: 61080.000000 5360.000000 327.388794[0m
[00:00:01.323,000] [0m<inf> oresat_solar2: 61860.00000 5358.750000 331.492279[0m
[00:00:01.36,000] [0m<inf> oresat_solar2: 62620.000000 5357.500000 335.46664[0m
[00:00:01.349,000] [0m<inf> oresatsolar2: 63320.000000 5357.500000 339.236908[0m
[00:00:01.362,000] [0m<inf> oresat_solar2: 64200.000000 535.000000 343.790985[0m
[00:00:01.375,000] 0m<inf> oresat_solar2: 64880.000000 5355.000000 347.432404[0m
[00:00:01.388,000] [0m<inf> oresat_solar2: 5660.000000 5355.000000 351.609314[0m
[00:0:01.401,000] [0m<inf> oresat_solar2: 66420.000000 5355.000000355.679108[0m
[00:00:01.413,000] [0m<inf> resat_solar2: 67200.000000 5355.000000 359.855988[0m
[00:00:01.426,000] [0m<inf> oresat_solar2: 68200.00000 5352.500000 365.040497[0m
[00:00:01.439,00] [0m<inf> oresat_solar2: 68980.000000 5352.500000 369.215454[0m
[00:00:01.452,000] [0m<inf> oresat_soar2: 69760.000000 5352.500000 373.390411[0m
[00:00:01.465,000] [0m<inf> oresat_solar2: 70520.000000 5352.500000 377.458313[0m
[00:00:01.478,000] [0minf> oresat_solar2: 71260.000000 5351.250000 381.330078[0m
[00:00:01.491,000] [0m<inf> oresat_solar2: 7200.000000 5350.000000 385.307007[0m
[00:00:0.504,000] [0m<inf> oresat_solar2: 72760.000000 5351.250000 38.356964[0m
[00:00:01.517,000] [0m<inf> oreat_solar2: 73600.000000 5348.750000 393.667999[0m
[00:00:01.530,000] [0m<inf> oresat_solar2: 74920.0000005348.750000 400.728363[0m
[00:00:01.542,000 [0m<inf> oresat_solar2: 75720.000000 5346.250000 404.818054[0m
[00:00:01.555,000] [0m<inf> oresat_solar: 76420.000000 5347.500000 408.655945[0m
[0:00:01.568,000] [0m<inf> oresat_solar2: 77200.000000 5346.250000 412.730499[0m
[00:00:01.581,000] [0m<in> oresat_solar2: 78060.000000 5345.000000 417.30713[0m
[00:00:01.594,000] [0m<inf> oresat_solar2: 78820.00000 5343.750000 421.194366[0m
[00:00:01.67,000] [0m<inf> oresat_solar2: 79860.000000 5343.750000 426.71862[0m
[00:00:01.620,000] [0m<inf> oresatsolar2: 80580.000000 5342.500000 430.498657[0m
[00:00:01.633,000] [0m<inf> oresat_solar2: 81380.000000 532.500000 434.772644[0m
[00:00:01.646,000] 0m<inf> oresat_solar2: 82200.000000 5342.500000 439.153503[0m
[00:00:01.659,000] [0m<inf> oresat_solar2: 3000.000000 5341.250000 443.323761[0m
[00:0:01.671,000] [0m<inf> oresat_solar2: 83800.000000 5341.250000447.596741[0m
[00:00:01.684,000] [0m<inf> resat_solar2: 84600.000000 5338.750000 451.658264[0m
[00:00:01.697,000] [0m<inf> oresat_solar2: 85360.00000 5340.000000 455.822388[0m
[00:00:01.710,00] [0m<inf> oresat_solar2: 86080.000000 5340.000000 459.66726[0m
[00:00:01.723,000] [0m<inf> oresat_solar2: 86920.000000 5338.750000 464.044159[0m
[00:00:01.736,00] [0m<inf> oresat_solar2: 87720.000000 5336.50000 468.095856[0m
[00:00:01.749,000] [0m<inf> oresat_solar2: 88500.000000 5337.500000 472.368744[0m
[00:00:01.762,000] [0m<inf> oresat_solar2: 8930.000000 5336.250000 476.633850[0m
[00:00:01.775,000] [0m<nf> oresat_solar2: 90300.000000 5332.500000 48.524750[0m
[00:00:01.788,000] [0m<inf> oresat_solar2: 91080.000000 5335.000000 485.911804[0m
[00:00:01800,000] [0m<inf> oresat_solar2: 91900.0000005332.500000 490.056763[0m
[00:00:01.813,000] [0m<inf> oresat_solar2: 92600.000000 5332.500000 493.7894900m
[00:00:01.826,000] [0m<inf> oresat_solar2: 93500.000000 5330.000000 498.355011[0m
[00:00:01.839,000][0m<inf> oresat_solar2: 94220.000000 5330.000000 502.192596[0m
[00:00:01.852,000] [0m<inf> oresat_solar2 95060.000000 5332.500000 506.907440[0m
[0000:01.865,000] [0m<inf> oresat_solar2: 95800.000000 5331.250000 510.733765[0m
[00:00:01.878,000] [0m<inf oresat_solar2: 96600.000000 5331.250000 514.998779[0m
[00:00:01.891,000] [0m<inf> oresat_solar2: 97400.00000 5327.500000 518.898499[0m
[00:00:01.90,000] [0m<inf> oresat_solar2: 98220.000000 5327.500000 523.267029[0m
[00:00:01.917,000] [0m<inf> oresat_olar2: 98980.000000 5327.500000 527.315979[0m
[00:00:01.929,000] [0m<inf> oresat_solar2: 99820.000000 5326.250000 531.666260[0m
[00:00:01.942,000] [m<inf> oresat_solar2: 100860.000000 5326.25000 537.205566[0m
[00:00:01.955,000] [0m<inf>oresat_solar2: 101680.000000 5325.000000 541.445984[0m
[00:00:01.968,000] [0m<inf> oresat_solar2: 102320.00000 5323.750000 544.726074[0m
[00:00:01.981,000] [0m<inf> oresat_solar2: 103200.000000 325.000000 549.539978[0m
[00:00:01.994,000][0m<inf> oresat_solar2: 103980.000000 5322.50000 553.433533[0m
[00:00:02.007,000] [0m<if> oresat_solar2: 104760.000000 5323.750000 55.716064[0m
[00:00:02.020,000] [0m<inf> oreat_solar2: 105580.000000 5321.250000 561.817566[0m
[00:00:02.033,000] [0m<inf> oresat_solar2: 106300.000000 5321.250000 565.648865[0m
[00:00:02.041,00] [0m<dbg> oresat_blink: handle_blink: The light is blinking![0m
[00:00:02.052,000] [0m<inf> oresat_solar2: 10700.000000 5317.500000 569.397888[0m
[00:00:02.065,000] [0m<inf> oresat_solar2: 107900.00000 5317.500000 573.758240[0m
[00:00:02.078,00] [0m<inf> oresat_solar2: 108620.000000 5318.750000 577.722595[0m
[00:00:02.091,000] [0m<inf> oresat_solar2: 109400.000000 5315.000000 581.460999[0m[00:00:02.104,000] [0m<inf> oresat_solar2: 110180.000000 5317.500000 585.882141[0m
[00:00:02.117,000] [0m<inf> oresat_solar2: 111000.00000 5316.250000 590.103760[0m
[00:00:02.13,000] [0m<inf> oresat_solar2: 112080.000000 515.000000 595.705200[0m
[00:00:02.143,000] [0m<inf> oresat_solar2: 112800.000000 5313.750000 599.390991[0m
[00:00:02.156,000] [0m<in> oresat_solar2: 113600.000000 5313.750000 603.642029[0m
[00:00:02.169,000] [0m<inf> oresat_solar2: 114400.000000 5312.500000 607.750000[0m
[00:00:02182,000] [0m<inf> oresat_solar2: 115200.00000 5312.500000 612.000000[0m
[00:00:02.195,00] [0m<inf> oresat_solar2: 116000.000000 5311.50000 616.104980[0m
[00:00:02.208,000] [0minf> oresat_solar2: 116760.000000 5310.000000 619.995605[0m
[00:00:02.221,000] [0m<inf> oesat_solar2: 117580.000000 5310.000000 624.349792[0m
[00:00:02.234,000] [0m<inf> oresat_solar2: 118320.00000 5308.750000 628.131287[0m
[00:00:02.247,000] [0m<inf> oresat_solar2: 119100.000000 537.500000 632.123230[0m
[00:00:02.260,000] 0m<inf> oresat_solar2: 119880.000000 5306.25000 636.113220[0m
[00:00:02.273,000] [0m<inf oresat_solar2: 120720.000000 5306.250000 640.570496[0m
[00:00:02.286,000] [0m<inf> oresat_solar2: 121460.000000 5306.250000 644.497131[0m
[00:00:02.299,000] [0m<inf> oresat_solar2: 122580.0000005303.750000 650.133667[0m
[00:00:02.312,000] [0m<inf> oresat_solar2: 123300.000000 5305.00000 654.106506[0m
[00:00:02.325,000] [0m<nf> oresat_solar2: 124000.000000 5303.750000 657.664978[0m
[00:00:02.338,000] [0m<inf> orsat_solar2: 124820.000000 5302.500000 661.858032[0m
[00:00:02.351,000] [0m<inf> oresat_solar2: 125660.000000 5301.250000 666.155090[0m
[00:00:02.364,000] [0m<inf> oresat_solar2: 126400.000000 5298.750000 669.762024[0m
[00:00:02.377,000] [m<inf> oresat_solar2: 127260.000000 5298.75000 674.318909[0m
[00:00:02.390,000] [0m<inf>oresat_solar2: 128000.000000 5300.000000 678.400024[0m
[00:00:02.403,000] [0m<inf> oresatsolar2: 128760.000000 5297.500000 682.106079[0m
[00:00:02.416,000] [0m<inf> oresat_solar2: 129560.000000 298.750000 686.506042[0m
[0:00:02.429,000] [0m<inf> oresat_solar2: 130300.000000 5296.25000 690.101379[0m
[00:00:02.442,000] [0m<if> oresat_solar2: 131100.000000 5296.250000 69.338379[0m
[00:00:02.455,000] [0m<inf> oreat_solar2: 131920.000000 5293.750000 698.35150[0m
[00:00:02.468,000] [0m<inf> oresat_solr2: 132980.000000 5293.750000 703.962891[0m
[00:00:02.481,000] [0m<inf> oresat_solar2: 133760.000000 5295000000 708.259216[0m
[00:0002.494,000] [0m<inf> oresat_solar2: 134580.000000 5293.750000712.432861[0m
[00:00:02.507,000] [0m<inf> resat_solar2: 135320.000000 5292.500000 716.18091[0m
[00:00:02.520,000] [0m<inf> oresat_olar2: 136120.000000 5292.500000 720.415100[0m
[00:00:02.533,000] [0m<inf> oresat_solar2:136860.000000 5291.250000 724.160461[0m
[0000:02.546,000] [0m<inf> oresat_solar2: 137720.000000 5290.000000 728.538818[0m
[00:00:02.559,000] [0m<inf> oresat_solar2: 138520.000000 5288.750000 732597656[0m
[00:00:02.572,000] [0m<inf> orest_solar2: 139320.000000 5288.750000 736.828674[0m
[00:00:02.585,000] [0m<inf> oresat_sola2: 140060.000000 5285.000000 740.217102[0m
[00:00:02.598,000] [0m<inf> oresat_solar2: 140880.000000 5287.500000 744.903015[0m
[00:00:2.611,000] [0m<inf> oresat_solar2: 141560.000000 5287.500000 748.498474[0m
[00:00:02.624,000] [0m<inf> oresat_solar2: 142420.000000 5285.000000 752.68997[0m
[00:00:02.637,000] [0m<inf> oresat_solar2: 143220.000000 5283.750000 756.738647[0m
[00:00:02.650,000] [0m<inf> oresat_solar2: 44260.000000 5283.750000 762.233765[0m
[00:0:02.663,000] [0m<inf> oresat_solar2: 145020.000000 5283.750000 766.249451[0m
[00:00:02.66,000] [0m<inf> oresat_solar2: 145780.000000 5282.500000 770.082825[0m
[00:00:02.689,000] [0m<inf> oresat_solar2: 146560.000000 5282.500000 774.2031860m
[00:00:02.702,000] [0m<inf> oresat_solar2: 147400.000000 5280.000000 778.271973[0m
[00:00:02.715,000] [0m<inf> oresat_solar2: 14810.000000 5277.500000 781.914429[0m
[00:00:02.728,000] [0m<inf> oresat_solar2: 148960.00000 5276.250000 785.950195[0m
[00:00:02.741,00] [0m<inf> oresat_solar2: 149680.000000 5277500000 789.936218[0m
[00:00:02.754,000] [0<inf> oresat_solar2: 150500.000000 5276.250000 794.075623[0m
[00:00:02.767,000] [0m<inf> resat_solar2: 151260.000000 5276.250000 798.085571[0m
[00:00:02.780,000] [0m<inf> oresat_solar2: 152020.00000 5275.000000 801.905518[0m
[00:00:02.793,000] [0m<inf> oresat_solar2: 152820.000000 572.500000 805.743469[0m
[00:00:02.806,000] [0m<inf> oresat_solar2: 153620.000000 5273.75000 810.153503[0m
[00:00:02.819,000] [0m<in> oresat_solar2: 154700.000000 5273.750000 815849121[0m
[00:00:02.832,000] [0m<inf> orest_solar2: 155420.000000 5271.250000 819.257690[0m
[00:00:02.845,000] [0m<inf> oresat_sola2: 156300.000000 5270.000000 823.700989[0m
[00:00:02.858,000] [0m<inf> oresat_solar2: 157080.000000 5268.750000 827.615234[0m
[00:00:02.871,000] [0m<inf> oresat_solar2: 157860.000000 5270.000000 31.922180[0m
[00:00:02.884,000] [0m<inf> oresat_solar2: 158600.000000 5267.500000 835.42576[0m
[00:00:02.897,000] [0m<inf> oresat_slar2: 159380.000000 5267.500000 839.534180[0m
[00:00:02.910,000] [0m<inf> oresat_solar2: 60160.000000 5266.250000 843.442627[0m
[00:0:02.923,000] [0m<inf> oresat_solar2: 160920.000000 5265.000000 847.243774[0m
[00:00:02.96,000] [0m<inf> oresat_solar2: 161780.000000 5263.750000 851.569458[0m
[00:00:02.949,000] [0m<inf> oresat_solar2: 162620.000000 5263.750000 855.9910280m
[00:00:02.962,000] [0m<inf> oresat_solar: 163300.000000 5263.750000 859.570374[0m
[00:00:02.975,000] [0m<inf> oresat_solar2: 16410.000000 5260.000000 863.166016[0m
[00:00:0.988,000] [0m<inf> oresat_solar2: 165160.000000 5258.750000 868.535156[0m
[00:00:03.001,00] [0m<inf> oresat_solar2: 165960.000000 5260.000000 872.949585[0m
[00:00:03.014,000] [0m<inf> oresat_solar2: 166760.000000 5258.750000 876.949158[0m[00:00:03.027,000] [0m<inf> oresat_solar2: 167500.000000 5257.500000 880.631226[0m
[00:00:03.040,000] [0m<inf> oresat_solar2: 168300.00000 5257.500000 884.837280[0m
[00:00:03.048,000 [0m<dbg> oresat_blink: handle_blink: The ligt is blinking![0m
[0:00:03.059,000] [0m<inf> oresat_solar2: 169080.000000 5256.250000 888.726746[0m
[00:00:03072,000] [0m<inf> oresat_solar2: 169880.000000 5257.500000 89.144104[0m
[00:00:03.085,000] [0m<inf> oresat_solar2: 170660.000000 5253.750000 896.60498[0m
[00:00:03.098,000] [0m<inf> oresat_solr2: 171360.000000 5255.000000 900.496826[0m
[00:00:03.111,000] [0m<inf> oresat_solar2: 17180.000000 5255.000000 904.805908[0m
[00:0003.124,000] [0m<inf> oresat_solar2: 173000.00000 5252.500000 908.682495[0m
[00:00:03.137000] [0m<inf> oresat_solar2: 173720.000000 5252.500000 912.464294[0m
[00:00:03.150,000] 0m<inf> oresat_solar2: 174520.000000 5250.000000 916.229980[0
[00:00:03.163,000] [0m<inf oresat_solar2: 175360.000000 5248.750000 920.420776[0m
[00:00:03.176,000] [0m<inf> oresat_solar2: 176360000000 5248.750000 925.669556[0m
[00:00:03.189,000] [0m<inf> oresat_solar2: 177180.0000005247.500000 929.752075[0m
[00:00:03.202,000 [0m<inf> oresat_solar2: 177880.000000 5247.50000 933.425293[0m
[00:00:03.215,000] [0m<nf> oresat_solar2: 178700.000000 5246.250000 937.504883[0m
[00:00:03.228,000] [0m<inf> orsat_solar2: 179460.000000 5245.000000 941.267700[0m
[00:00:03.241,000] [0m<inf> oresat_solar2: 180260.000000 5242.500000 945.013062[0m
[00:00:03.254,000] [0m<inf> oresat_solar2: 181060.000000 5243.750000 949.433350[0m
[00:00:03.267,000] [0m<inf> oresat_solar2: 181800.000000 5242.50000 953.086487[0m
[00:00:03.280,000] [0m<inf>oresat_solar2: 182660.000000 5240.000000 957.18428[0m
[00:00:03.293,000] [0m<inf> oresatsolar2: 183400.000000 5241.250000 961.245239[0m
[00:00:03.306,000] [0m<inf> oresat_solar2 184180.000000 5238.750000 964.872986[0m
[0:00:03.319,000] [0m<inf> oresat_solar2: 185020.000000 5238.750000 969.273499[0m
[00:00:03332,000] [0m<inf> oresat_solar2: 185720.000000 5237.500000 97.708496[0m
[00:00:03.345,000] [0m<inf> oresat_solar2: 186780.000000 5236.250000 978.02679[0m
[00:00:03.358,000] [0m<inf> oresat_solr2: 187580.000000 5236.250000 982.215759[0m
[00:00:03.371,000] [0m<inf> oresat_solar2: 18320.000000 5235.000000 985.855225[0m
[00:0003.384,000] [0m<inf> oresat_solar2: 189180.00000 5233.750000 990.120850[0m
[00:00:03.397000] [0m<inf> oresat_solar2: 189900.000000 5232.500000 993.65733[0m
[00:00:03.410,000] 0m<inf> oresat_solar2: 190780.000000 5232.500000 998.256348[0
[00:00:03.423,000] [0m<inf> oresat_solar2:191580.000000 5231.250000 1002.202881[0m
[00:00:03.436,000] [0m<inf> oresat_solar2: 192300.000000 5228.750000 1005.488647[0m
[00:00:03.449,000] [0m<inf> oresat_solr2: 193120.000000 5228.750000 1009.776184[0m
[00:00:03.462,000] [0m<inf> oresat_solar2: 13920.000000 5227.500000 1013.716797[0m
[00:00:03.475,000] [0m<inf> oresat_solar2: 194660.00000 5225.000000 1017.098511[0m
[00:00:03.488,000] [0m<inf> oresat_solar2: 195420.000000 5223.750000 1020.825195[0m
[00:00:03.502,000] [0m<inf> oresat_solar2: 19660.000000 5223.750000 1025.213135[0m
[00:00:03.515,000] [0m<inf> oresat_solar2: 197280.00000 5223.750000 1030.541382[0m
[00:00:03.528,000] [0m<inf> oresat_solar2: 198100.000000 5222.500000 1034.577271[0m
[0:00:03.541,000] [0m<inf> oresat_solar2: 198880.000000 5218.750000 1037.905029[0m
[00:00:0.554,000] [0m<inf> oresat_solar2: 199580.00000 5218.750000 1041.558105[0m
[00:00:03.567,000] [0m<inf> oresat_solar2: 200380.000000 521.250000 1045.232178[0m
[00:0:03.580,000] [0m<inf> oresat_solar2: 201180.000000 5215.000000 1049.153687[0m
[00:00:03.93,000] [0m<inf> oresat_solar2: 201900.0000005213.750000 1052.656128[0m
[00:00:03.606,000] [0m<inf> oresat_solar2: 202700.000000 5212.00000 1056.573730[0m
[00:0003.619,000] [0m<inf> oresat_solar2: 203560.000000 5215.0000001061.565430[0m
[00:00:03.63,000] [0m<inf> oresat_solar2: 204220.000000 5211.250000 1064.241455[0m
[00:00:03.646,000][0m<inf> oresat_solar2: 205020.000000 5211.25000 1068.410522[0m
[00:00:03.659,000] [0m<inf> oresat_solar2: 205800.000000 5210.000000 172.218018[0m
[00:00:03.672,00] [0m<inf> oresat_solar2: 206580.000000 5208.750000 1076.023560[0m
[00:00:03.685,000] 0m<inf> oresat_solar2: 207460.000000 5208.75000 1080.607300[0m
[00:00:03.698,000] [0m<in> oresat_solar2: 208400.000000 5207.500000 108.243042[0m
[00:00:03.711,00] [0m<inf> oresat_solar2: 209220.000000 5205.000000 1088.99012[0m
[00:00:03.724,000] [0<inf> oresat_solar2: 209980.000000 5203.750000 1092.683472[0m
[00:00:03.737,000] [0m<inf>oresat_solar2: 210780.000000 5203.750000 1096.46436[0m
[00:00:03.750,000] [0m<inf> oresat_solar2: 211500.000000 5201.250000 1100.064331[0m
[00:00:03.764,000] [0m<nf> oresat_solar2: 212320.000000 5200.000000 1104.063965[0m
[00:00:03.777,000] [0m<inf> oesat_solar2: 213080.000000 5200.000000 1108.015991[0m
[00:00:03.790,000] [0m<inf> oresat_olar2: 213920.000000 5197.500000 1111.849243[0m
[00:00:03.803,000] [0m<inf> oresat_solar2 214700.000000 5197.500000 1115.903198[0m
[00:00:03.816,000] [0m<inf> oresat_solar2: 215480.000000 5195.000000 1119.418579[0m
[00:00:03.829,000] [0m<inf> oresat_soar2: 216220.000000 5196.250000 1123.533203[0m
[00:00:03.842,000] [0m<inf> oresat_solar2: 17060.000000 5191.250000 1126.812744[0m
[00:00:03.855,000] [0m<inf> oresat_solar2: 217800000000 5191.250000 1130.654297[0m
[00:00:03.868,000] [0m<inf> oresat_solar2: 218900.000000 5191.250000 1136.364624[0m
[00:00:03.881,000] [0m<inf> oresat_solar2: 21620.000000 5188.750000 1139.553223[0m
[00:00:03.895,000] [0m<inf> oresat_solar2: 220480.00000 5188.750000 1144.015625[0m
[00:00:03.908,000] [0m<inf> oresat_solar2: 221160.000000 5187.500000 1147.267456[0m
[0:00:03.921,000] [0m<inf> oresat_solar2: 22200.000000 5186.250000 1151.451172[0m
[00:00:3.934,000] [0m<inf> oresat_solar2: 222760.00000 5186.250000 1155.289062[0m
[00:00:03.947,000] [0m<inf> oresat_solar2: 223520.000000 512.500000 1158.392456[0m
[0000:03.960,000] [0m<inf> oresat_solar2: 224360.000000 5182.50000 1162.745728[0m
[00:00:03973,000] [0m<inf> oresat_solar2: 225120.000000 5181.250000 1166.402954[0m
[00:00:03.986,00] [0m<inf> oresat_solar2: 225820.000000 5178750000 1169.465332[0m
[00:0:03.999,000] [0m<inf> oresat_solar2: 226660.000000 5176.25000 1173.248779[0m
[00:00:04.02,000] [0m<inf> oresat_solar2: 227460.000000 5176.250000 1177389771[0m
[00:00:04.026,000 [0m<inf> oresat_solar2: 228200.000000 5173.70000 1180.649780[0m
[00:00:04.039,000] [0minf> oresat_solar2: 229300.000000 5173.750000 1186.340820[0m
[00:00:04.052,000] [0m<inf> resat_solar2: 230100.000000 5175.000000 1190.77456[0m
[00:00:04.059,000] [0m<dbg> oresat_blink: handle_blink: The light is blinking![0m
[00:0:04.070,000] [0m<inf> oresat_solar2: 230860.000000 5168.750000 1193.257568[0m
[00:00:04.03,000] [0m<inf> oresat_solar2: 231620.000000 5168.750000 1197.185913[0m
[00:00:04.096,000 [0m<inf> oresat_solar2: 232420.000000 5167.50000 1201.030396[0m
[00:00:4.109,000] [0m<inf> oresat_solar2: 233260.000000 5165.000000 204.787842[0m
[00:00:04.123000] [0m<inf> oresat_solar2: 233980.000000 5163.750000 1208.214233[0m
[00:00:04.136,000] [0m<inf> oresat_solar2: 234780.000000 5162.50000 1212.051758[0m
[00:00:04.149,000] [0m<if> oresat_solar2: 235580.000000 5160.000000 125.592773[0m
[00:00:04.162,000] [0m<inf> oresat_solar2: 236360.000000 5162.500000 1220.20896[0m
[00:00:04.175,000] [m<inf> oresat_solar2: 237080.000000 5158.750000 1223.036499[0
[00:00:04.188,000] [0m<inf oresat_solar2: 237860.000000 5156.250000 1226.465576[0m
[00:00:04.201,000] [0m<inf> orest_solar2: 238600.000000 5156.250000 1230.281250[0m
[00:00:04.214,000] [0m<inf> oresat_solar2: 239460.000000 5153.750000 1234.116943[0m[00:00:04.227,000] [0m<inf> resat_solar2: 240480.000000 5150.000000 1238.472046[0m
[00:00:04.240,000] [0m<inf> oresatsolar2: 241280.000000 5150.000000 1242.5920410m
[00:00:04.254,000] [0m<inf> oresat_solar2: 242000.000000 5148.750000 1245.997559[0m
[00:00:04.267,000] [0m<inf> oresat_solar2: 242780.000000 5146.250000 1249.406616[0m
[00:00:04.280,000] [0m<inf> oresat_solar2: 243580.000000 5146.250000 1253.523560[0m
[00:00:04.293,000] [0m<inf> oresat_solar2:244360.000000 5146.250000 1257.537598[0m
[00:00:04.306,000] [0m<inf> oresat_solar2: 24512.000000 5142.500000 1260.529541[0m
[00:00:04.319,000] [0m<inf> oresat_solar2: 245900.00000 5141.250000 1264.233398[0m
[00:00:04.332,000] [0m<inf> oresat_solar2: 246700.000000 5140.000000 1268.037964[0m
[00:0:04.345,000] [0m<inf> oresat_solar2: 247520.00000 5138.750000 1271.943359[0m
[00:00:04.358,000] [0m<inf> oresat_solar2: 248300.0000005138.750000 1275.951660[0m
[00:00:04.371,000] [0m<inf> oresat_solar2: 249080.000000 5133.750000 1278.714478[0m
[00:0004.385,000] [0m<inf> oresat_solar2: 249860.000000 5133.750000 1282.718750[0m
[00:00:04.39,000] [0m<inf> oresat_solar2: 250880.000000 530.000000 1287.014404[0m
[0:00:04.411,000] [0m<inf> oresat_solar2: 251620.000000 5128.75000 1290.496094[0m
[00:00:0.424,000] [0m<inf> oresat_solar2: 252460.000000 5128.750000 1294.804199[0m
[00:00:04.437,00] [0m<inf> oresat_solar2: 253180.000000 5127.500000 1298.180420[0m
[00:00:04.450,000] 0m<inf> oresat_solar2: 253980.000000 5125.00000 1301.647461[0m
[00:00:04.463,000] [0m<inf> oresat_solar2: 254800.000000 5122.500000 130.213013[0m
[00:00:04.476,00] [0m<inf> oresat_solar2: 255600.000000 5121.250000 1308.991455[0m
[00:00:04.489,000] [0<inf> oresat_solar2: 256400.000000 5118.7500001312.447510[0m
[00:00:04.502,000] [0m<inf>oresat_solar2: 257080.000000 5117.500000 1315.06934[0m
[00:00:04.516,000][0m<inf> oresat_solar2: 257880.000000 5115.000000 1319.056152[0m
[00:00:04.529,000] [0m<nf> oresat_solar2: 258700.000000 5115.000000 1323.250488[0m
[00:00:04.542,000] [0m<inf> oesat_solar2: 259420.000000 5113.750000 1326.609009[0m
[00:00:04.555,000] [0m<inf> oresat_olar2: 260280.000000 5111.250000 1330.356201[m
[00:00:04.568,000] [0m<inf> oresat_solar2: 261300.000000 5106.250000 1334.263184[0m
[00:00:04.581,000] [0m<inf> oreat_solar2: 262000.000000 5105.000000 1337.510010[0m
[00:00:04.594,000] [0m<inf> oresat_soar2: 262780.000000 5105.000000 1341.491943[0m
[00:00:04.607,000] [0m<inf> oresat_solar2: 263600.000000 5100.000000 1344.359985[0m
[00:00:04.620,000] [0m<inf> oresa_solar2: 264400.000000 5100.000000 1348.439941[0m
[00:00:04.633,000] [0m<inf> oresat_sola2: 265160.000000 5096.250000 1351.321655[0m
[00:00:04.647,000] [0m<inf> oresat_solar2: 26920.000000 5093.750000 1354.530029[0m
[00:00:04.660,000] [0m<inf> oresat_solar2: 266700.000000 5092.500000 1358.169800[0m
[00:00:04.673,000] [0m<inf> oresat_solar2 267480.000000 5092.500000 1362.141846[0m
[00:00:04.686,000] [0m<inf> oresat_solar2: 26820.000000 5090.000000 1365.545166[0m
[00:00:04.699,000] [0m<inf> oresat_solar2: 269020.000000 5087.500000 1368.639282[0m
[00:00:04.712,000] [0m<inf> oresat_solar2: 69860.000000 5085.000000 1372.238159[0m
[0000:04.725,000] [0m<inf> oresat_solar2: 270620000000 5082.500000 1375.426147[0m
[00:00:04.738,000] [0m<inf> oresat_solar2: 271320.00000 5082.500000 1378.983887[0m
[00:00:04.751,000] [0m<inf> oresat_solar2: 272460.000000 5077.500000 1383.415649[0m
[00:0:04.764,000] [0m<inf> oresat_solar2: 273160.00000 5075.000000 1386.286987[0m
[00:00:04.778,000] [0m<inf> oresat_solar2: 274000.000000 072.500000 1389.864990[0m
[0:00:04.791,000] [0m<inf> oresat_solar2: 274760.000000 5072.500000 1393.720093[0m
[00:00:4.804,000] [0m<inf> oresat_solar2: 275500.000000 5070.000000 1396.785034[0m
[00:00:04.817000] [0m<inf> oresat_solar2: 276260.000000 505.000000 1399.256958[0m
[0000:04.830,000] [0m<inf> oresat_solar2: 277100.000000 5063.75000 1403.165161[0m
[00:00:04843,000] [0m<inf> oresat_solar2: 277900.000000 5063.750000 1407.216064[0m
[00:00:04.856,00] [0m<inf> oresat_solar2: 278720.000000 5058750000 1409.974854[0m
[00:00:04.869,000] [m<inf> oresat_solar2: 279500.000000 5057.50000 1413.571289[0m
[00:00:04.82,000] [0m<inf> oresat_solar2: 280220.000000 5055.000000 1416512085[0m
[00:00:04.895,000 [0m<inf> oresat_solar2: 281000.000000 5051.250000 1419.401245[0m
[00:00:04.909,000] [0minf> oresat_solar2: 281800.000000 5050.000000 423.089966[0m
[00:00:04.922000] [0m<inf> oresat_solar2: 282860.000000 5043.750000 1426.65171[0m
[00:00:04.935,000] [0m<inf> oresat_solar2: 283580.000000 5040.000000 1429.243164[0m
[00:00:04.948,000] [0m<if> oresat_solar2: 284280.000000 5040.000000 142.771240[0m
[00:00:04.961,000] [0m<inf> orsat_solar2: 285180.000000 5033.750000 1435.52480[0m
[00:00:04.974,000] [m<inf> oresat_solar2: 286000.000000 5033.750000 1439.652466[0
[00:00:04.987,000] [0m<inf oresat_solar2: 286700.000000 5028.750000 1441.742676[0m
[00:00:05.000,000] [0m<inf> orest_solar2: 287480.000000 5027.500000 1445.30566[0m
[00:00:05.013,000] [0m<inf> oresat_solar2: 288300.000000 5022.500000 1447.986694[0m[00:00:05.026,000] [0m<inf> oresat_solar2: 289060.000000 5020.000000 1451.081177[0m
[00:00:05.040,000] [0m<inf> oresatsolar2: 289880.000000 5017.500000 1454.472900[0m
[00:00:05.053,000] [0m<inf> oresat_solar: 290620.000000 5007.500000 1455.279663[0m
[00:00:05.066,000] [0m<inf> oresat_solar2: 29120.000000 5007.500000 1459.285645[0m
[00:00:05.073,000] [0m<dbg> oresat_blink: handle_blink: The light is linking![0m
[00:00:05.084,000] [0m<inf> oresat_solar2: 292160.000000 5010.000000 1463.721558[0m[00:00:05.097,000] [0m<inf> resat_solar2: 293220.000000 5006.250000 1467.932617[0m
[00:00:05.110,000] [0m<inf> oresatsolar2: 294020.000000 5002.500000 1470.835083[0m
[00:00:05.123,000] [0m<inf> oresat_solar: 294760.000000 4998.750000 1473.431519[0m
[00:00:05.137,000] [0m<inf> oresat_solar2: 295580.000000 4996.250000 1476.791626[0m
[00:00:05.150,000] [0m<inf> oresat_slar2: 296320.000000 4991.250000 1479.007202[0m
[00:00:05.163,000] [0m<inf> oresat_solar2:297080.000000 4985.000000 1480.943848[0m
[00:00:05.176,000] [0m<inf> oresat_solar2: 29790.000000 4980.000000 1483.541992[0m
[00:00:05.189,000] [0m<inf> oresat_solar2: 298680.000000 4976.250000 1486.306396[0m
[00:00:05.202,000] [0m<inf> oresat_solar2: 29500.000000 4972.500000 1489.263794[0m
[00:0:05.215,000] [0m<inf> oresat_solar2: 300300.00000 4967.500000 1491.740234[0m
[00:00:05.228,000] [0m<inf> oresat_solar2: 301080.0000004960.000000 1493.356812[0m
[00:00:05.241,000] [0m<inf> oresat_solar2: 301880.000000 4956.50000 1496.192749[0m
[00:0005.254,000] [0m<inf> oresat_solar2: 302680.000000 4948.750000 1497.887695[0m
[00:00:05.26,000] [0m<inf> oresat_solar2: 303400.000000 446.250000 1500.692261[0m
[0:00:05.281,000] [0m<inf> oresat_solar2: 304400.000000 4930.00000 1500.692017[0m
[00:00:0.294,000] [0m<inf> oresat_solar2: 305200.000000 4925.000000 103.109985[0m
[00:00:05.307,00] [0m<inf> oresat_solar2: 305980.000000 4917.500000 1504.656616[0m
[00:00:05.320,000] 0m<inf> oresat_solar2: 306780.000000 4911.25000 1506.673218[0m
[00:00:05.333,000] [0m<inf> oresat_solar2: 307580.000000 4903.750000 150.295410[0m
[00:00:05.346,00] [0m<inf> oresat_solar2: 308360.000000 4896.250000 1509.80767[0m
[00:00:05.359,000] [0<inf> oresat_solar2: 309120.000000 4888.750000 1511.210449[0m
[00:00:05.372,000] [0m<inf>oresat_solar2: 309920.000000 4880.000000 1512.09546[0m
[00:00:05.385,000] [0m<inf> oresat_solar2: 310760.000000 4872.500000 1514.178101[0m
[00:00:05.399,000] [0m<nf> oresat_solar2: 311460.000000 4861.250000 1514.084961[0m
[00:00:05.412,000] [0m<inf> oesat_solar2: 312280.000000 4852.500000 1515.338745[0m
[00:00:05.425,000] [0m<inf> oresat_olar2: 312960.000000 4843.750000 1515.900024[m
[00:00ϊπ*** Booting Zehyr OS build v4.2.0 ***

[00:00:00.005,000] [0m<inf> oresat_mcxn947_solar: Oresat MCXN947 Solar Board App
[0m
[00:00:00.013,000] [0m<inf> oresat_blink Starting blink demo[0m
[00:00:00.019,000] [0m<dbg> oresat_link: handle_blink: The light is blinking![0m
[00:00:00.026,000] [0m<inf> oresat_solar2: Starting Solar Trcking...[0m
[00:00:00.033,000] [1;31m<err> cux_lpi2c: SCL GPIO device not ready[0m
[00:00:00.039,000] 0m<inf> oresat_solar2: Starting INA226 reading[0m
[00:00:00.049,000 [0m<inf> oresat_solar2: -520.000000 5397.500000 -2.806700[0
[00:00:00.06,000] [0m<inf> oresat_solar2: -540.000000 5398.750000 -2.91535[0m
[00:00:0.074,000] [0m<inf> oresat_solar2: -500.00000 5398.750000 -2.699375[0m
[00:00:00.087,000] [0m<inf> oresat_solar2: -500.00000 5398.750000 -2.699375[0m
[00:00:00.100,000] [0m<inf>oresat_solar2: -520.000000 5397.500000 -2.806700[0m
[00:00:00.112,000] [0minf> oresat_solar2: -520.000000 5398.750000 -2807350[0m
[0:00:00.125,000] [0m<inf> oresat_solar2: -520.000000 5398.750000 -2.807350[0m
[00:00:00.138,000] [0m<inf> oresat_solar2: 580.000000 5400.000000 -3.132000[0m
[00:00:00.151,000] [0minf> oresat_solar2: -520.000000 5398.750000 -2.807350[0m
[00:00:00.163,000] [0m<inf> oresat_solar2: -540.000000 5398.75000 -2.915325[0m
[00:00:00.176,000] [0m<inf> oresat_solar2: -580.000000 5398.750000 -3.131275[0m
[00:00:00.189,000] [0m<inf> oresat_solr2: -540.000000 5396.250000 -2.913975[0m
[00:00:00.201,000][0m<inf> oresat_solar2: -580.000000 5400.000000 -3.132000[0m
[00:00:00.214000] [0m<inf> oresat_solar2: -600.000000 5398750000 -3.239250[0m
[00:00:00.227,000] [0m<inf> oresat_solar2: -520.000000 5397.500000 -2.806700[0m
[00:00:00.239,000] [0m<inf> oresa_solar2: -540.000000 5400.000000 -2.916000[0m
[00:00:00.252,000] [0m<inf> resat_solar2: -540.000000 5398.750000 -2.91532[0m
[00:00:0.265,000] [0m<inf> oresat_solar2: -540.000000 5397.500000 -2.914650[0m
[00:00:00.278,000] [0m<inf> oresat_solar2: -540.00000 5397.500000 -2.914650[0m
[00:00:00.290,000] [0m<inf> resat_solar2: -520.000000 5398.750000 -2.807350[0m
[00:00:00.303,000] [0m<inf> oresat_solar2: -600.000000 5397.500000 -3.38500[0m
[0000:00.316,000] [0m<inf> oresat_solar2: -520.000000 5398.75000 -2.807350[0m
[00:00:00.328,000] [0m<inf> oresat_solar2: -40.000000 5398.750000 -2.915325[0m
[00:00:00.341,000] [0m<inf> oresat_solar2: -580.000000 5398.750000 -3.131275[0m
[00:00:00.354,000] [0m<inf> oresat_solar2: -540.000000 5397.50000 -2.914650[0m
[00:00:00.366,000] [0m<inf> oresat_solar2: 1580.000000 5395.000000 8.524100[0m
[00:00:00.379,000] [0m<inf> oresat_solar2: 2560.000000 5393.750000 13.808000[0m
[00:00:00.392,000] [0m<inf> oresat_olar2: 3660.000000 5392.500000 19.736549[0m
[00:00:00.404,00] [0m<inf> oresat_solar2: 4560.000000 5391.250000 24.5841010m
[00:00:00.17,000] [0m<inf> oresat_solar2: 5320.000000 5390.000000 28.674801[0m
[00:00:00.430,000] [0m<inf> oresat_solar2: 6220.00000 5390.000000 33.525799[0m
[00:00:00.443,000] [0m<inf> orsat_solar2: 6960.000000 5391.250000 37.523102[0m
[00:00:00.455,000] [0m<in> oresat_solar2: 7820.000000 5391.250000 42.15576[0m
[00:0:00.468,000] [0m<inf> oresat_solar2: 8660.000000 5390.000000 46.677399[0m
[00:00:00.481,000] [0m<inf> oresat_solar2: 946.000000 5388.750000 50.977573[0m
[00:00:00.493,000] [0m<inf> oresat_solar2: 10160.000000 5388.750000 54.749699[0m
[00:0:00.506,000] [0m<inf> oresat_solar2: 11020.000000 5387.50000 59.370251[0m
[00:00:00.519,000] [0m<inf> oresat_solar2: 1820.000000 5387.500000 63.680248[0m
[00:00:00.532,000] [0minf> oresat_solar2: 12780.000000 5386.250000 6.836273[0m
[00:00:00.545,000] [0m<inf> oresat_solar2: 1342.000000 5387.500000 72.300247[0m
[00:00:00.557,000] [0m<in> oresat_solar2: 14280.000000 5383.750000 76.89951[0m
[00:0:00.570,000] [0m<inf> oresat_solar2: 15360.00000 5385.000000 82.713600[0m
[00:00:00.583,000] [0m<inf> resat_solar2: 16200.000000 5382.500000 87.196503[0m
[00:00:0.596,000] [0m<inf> oresat_solar2: 16980.000000 5385.000000 91.437302[0m
[00:00:00.609,000] [0m<inf> oresat_solar2: 1776.000000 5382.500000 95.593201[0m
[00:00:00.21,000] [0m<inf> oresat_solar2: 18520.000000 5382.500000 99.63899[0m
[00:00:00.634,000] [0m<inf> oresat_solar2: 19320.00000 5380.000000 103.941597[0m
[00:00:00.64,000] [0m<inf> oresat_solar2: 20180.000000 5381.250000 108.593628[0m
[00:00:00.660,000] [0m<inf> oresat_olar2: 20920.000000 5380.000000 112.549599[0m
[00:00:00.673,000] [0m<inf> oresat_solar2: 21680.000000 5378.750000 116.611298[0m
[00:00:00.686,000] [m<inf> oresat_solar2: 22520.000000 5380.000000 121.157600[0m
[00:00:00.699,000] [0m<inf> oresat_solar2: 2220.000000 5380.000000 124.923599[0m
[00:0000.712,000] [0m<inf> oresat_solar2: 24080.000000 5376.250000 129.460098[0m
[00:00:00.724,000] [0m<inf> oesat_solar2: 24980.000000 5377.500000 134.329956[0m
[00:00:00.737,000] [0m<inf> oresat_solar2: 25960.00000 5376.250000 139.567444[0m
[00:00:00.750,00] [0m<inf> oresat_solar2: 26700.000000 5376.250000 143.545868[0m
[00:00:00.763,000] [0m<inf> oresat_solr2: 27520.000000 5375.000000 147.919998[0m
[00:00:00.776,000] [0m<inf> oresat_solar2: 28320.000000 5373.70000 152.184601[0m
[00:00:00.789,000] [0m<nf> oresat_solar2: 29060.000000 5375.000000 156.197495[0m
[00:00:00.802,000] [0m<inf> oresat_solar2: 2992.000000 5373.750000 160.782593[0m
[00:00:00815,000] [0m<inf> oresat_solar2: 30700.000000 5372.500000 164.935745[0m
[00:00:00.828,000] [0m<inf> orest_solar2: 31500.000000 5371.250000 169.1943820m
[00:00:00.841,000] [0m<inf> oresat_solar2: 32300.000000 5372.500000 173.531754[0m
[00:00:00.853,000][0m<inf> oresat_solar2: 33060.000000 5371.250000 177.573532[m
[00:00:00.866,000] [0m<inf> oresat_solar2 33880.000000 5371.250000 181.977951[0m
[00:00:00.879,000] [0m<inf> oresat_solar2: 34600.000000 5370.00000 185.802002[0m
[00:00:00.892,000] [0m<inf oresat_solar2: 35560.000000 5370.000000 190.957199[0m
[00:00:00.905,000] [0m<inf> oresat_solar2: 36580.00000 5368.750000 196.388870[0m
[00:00:00.918,000] [0m<inf> oresat_solar2: 37420.000000 5368.750000 200.89621[0m
[00:00:00.931,000] [0m<inf> oresat_olar2: 38160.000000 5368.750000 204.871506[0m
[00:00:00.944000] [0m<inf> oresat_solar2: 39080.000000 536.250000 209.713043[0m
[00:00:00.957,000] [m<inf> oresat_solar2: 39780.000000 5367.500000 213.519150[0m[00:00:00.970,000] [0m<inf> oresat_solar2: 40500.000000 5367.500000 217.383743[0m
[00:00:00.982,000] [0<inf> oresat_solar2: 41320.000000 5366.250000 21.733444[0m
[00:00:00.995,000] [0m<inf> oresat_solar2: 42060.000000 5366.250000 225.704468[0m
[00:00:1.008,000] [0m<inf> oresat_solar2: 42880.000000 5365.000000 230.051193[0m
[00:00:01.021,000] [0m<inf> orsat_solar2: 43620.000000 5363.750000 233.966782[0m
[00:00:01.028,000] [0m<dbg> oresat_blink: handle_blink:The light is blinking![0m
[00:00:01.039,000] [0m<inf> oresat_solar2: 44360.000000 5365.000000 237.991394[0m
[0:00:01.052,000] [0m<inf> oresat_solar2: 45180.000000 5363.750000 242.334229[0m
[00:00:01.065,000] [0m<in> oresat_solar2: 46000.000000 5362.500000 246.75003[0m
[00:00:01.078,000] [0m<inf> oresat_solar2: 46780.000000 5362.500000 250.857758[0m
[00:00:01.01,000] [0m<inf> oresat_solar2: 47820.000000 561.250000 256.374969[0m
[00:00:01.104,000] [0m<inf> oresatsolar2: 48600.000000 5360.000000 260.496002[0m
[00:00:01.117,000] [0m<inf> oresat_solar2: 49380.000000 531.250000 264.738525[0m
[00:00:01.130,000] 0m<inf> oresat_solar2: 50200.000000 5360.000000 269.071991[0m
[00:00:01.143,000] [0m<inf> oresat_solar2: 0880.000000 5360.000000 272.716797[0m
[00:0:01.155,000] [0m<inf> oresat_solar2: 51700.000000 5357.500000276.982758[0m
[00:00:01.168,000] [0m<inf> resat_solar2: 52460.000000 5357.500000 281.054443[0m
[00:00:01.181,000] [0m<inf> oresat_solar2: 53280.00000 5357.500000 285.447601[0m
[00:00:01.194,00] [0m<inf> oresat_solar2: 54060.000000 5356.250000 289.558868[0m
[00:00:01.207,000] [0m<inf> oresat_soar2: 54820.000000 5353.750000 293.492584[0m
[00:00:01.220,000] [0m<inf> oresat_solar2: 55660.000000 5355.000000 298.059296[0m
[00:00:01.233,000] [0minf> oresat_solar2: 56420.000000 5355.000000 302.129089[0m
[00:00:01.246,000] [0m<inf> oresat_solar2: 5710.000000 5355.000000 306.091797[0m
[00:00:0.259,000] [0m<inf> oresat_solar2: 58160.000000 5352.500000 31.301392[0m
[00:00:01.272,000] [0m<inf> oreat_solar2: 59000.000000 5353.750000 315.871246[0m
[00:00:01.284,000] [0m<inf> oresat_solar2: 59720.0000005351.250000 319.576660[0m
[00:00:01.297,000 [0m<inf> oresat_solar2: 60460.000000 5352.500000 323.6121520m
[00:00:01.310,000] [0m<inf> oresat_solar: 61220.000000 5351.250000 327.603516[0m
[0:00:01.323,000] [0m<inf> oresat_solar2: 62100.000000 5348.75000 332.157379[0m
[00:00:01.336,000] [0m<in> oresat_solar2: 62820.000000 5350.000000 336.087006[0m
[0000:01.349,000] [0m<inf> oresat_solar2: 63600.00000 5347.500000 340.101013[0m
[00:00:01.362,000] [0m<inf> oresat_solar2: 64420.000000 5348.750000 344.56467[0m
[00:00:01.375,000] [0m<inf> oresat_solar2: 65120.000000 5348.750000 348.310608[0m
[00:00:01.38,000] [0m<inf> oresat_solar2: 65920.000000 537.500000 352.507202[0m
[00:00:01.401,000] [0m<inf> oresat_solar2: 66700.000000 5347.500000 356.678253[0m
[00:00:01.413,000] [0m<inf> oresat_solar2: 7420.000000 5345.000000 360.359894[0m
[00:00:01.426,000] [0m<inf> oresat_solar2: 68460.000000 5345.000000365.918701[0m
[00:00:01.439,000] [0m<inf> oresat_solar2: 69220.000000 5345.000000 369.980896[0m
[00:0001.452,000] [0m<inf> oresat_solar2: 69920.00000 5345.000000 373.722412[0m
[00:00:01.465,000] [0m<inf> oresat_solar2: 70680.000000 5342.500000 377.60790[0m
[00:00:01.478,000] [0m<inf> oresat_solar2: 71520.000000 5342.500000 382.095612[0m
[00:00:01.491,00] [0m<inf> oresat_solar2: 72680.000000 5341.250000 388.202057[0m
[00:00:01.504,000] [0m<inf> oresat_solr2: 73400.000000 5340.000000 391.955994[0m
[00:00:01.517,000] [0m<inf> oresat_solar2: 74100.000000 5341.250000 395.786621[0m
[00:00:01.530,000] [0m<nf> oresat_solar2: 74980.000000 5338.750000 40.299469[0m
[00:00:01.542,000] [0m<inf> oresat_solar2: 7582.000000 5338.750000 404.784027[0m
[00:00:01555,000] [0m<inf> oresat_solar2: 76620.000000 5338.750000 409.055023[0m
[00:00:01.568,000] [0m<inf> orest_solar2: 77380.000000 5335.000000 412.8222960m
[00:00:01.581,000] [0m<inf> oresat_solar2: 78160.000000 5337.500000 417.178986[0m
[00:00:01.594,000][0m<inf> oresat_solar2: 78880.000000 5337.500000 421.022003[m
[00:00:01.607,000] [0m<inf> oresat_solar2 79980.000000 5336.250000 426.793274[0m
[0000:01.620,000] [0m<inf> oresat_solar2: 80720.000000 5335.00000 430.641205[0m
[00:00:01.633,000] [0m<inf oresat_solar2: 81520.000000 5333.750000 434.807312[0m
[00:00:01.646,000] [0m<inf> oresat_solar2: 82360.00000 5332.500000 439.184692[0m
[00:00:01.65,000] [0m<inf> oresat_solar2: 83120.000000 5333.750000 443.34309[0m
[00:00:01.671,000] [0m<inf> oresat_olar2: 83880.000000 5332.500000 447.290100[0m
[00:00:01.684,000] [0m<inf> oresat_solar2: 84700.000000 533.250000 451.556885[0m
[00:00:01.697,000] [m<inf> oresat_solar2: 85480.000000 5330.000000 455.608398[0m
[00:00:01.710,000] [0m<inf> oresat_solar2: 8280.000000 5330.000000 459.872406[0m
[00:00:01.723,000] [0<inf> oresat_solar2: 87020.000000 5327.500000 63.599060[0m
[00:00:01.736,000] [0m<inf> oresat_solar2: 87820.000000 5330.000000 468.080597[0m
[00:00:1.749,000] [0m<inf> oresat_solar2: 88600.00000 5328.750000 472.127258[0m
[00:00:01.762,000] [0m<inf> orsat_solar2: 89400.000000 5327.500000 476.27850[0m
[00:00:01.775,000] [0m<inf> oresat_solr2: 90460.000000 5327.500000 481.925659[0m
[00:00:01.788,00] [0m<inf> oresat_solar2: 91200.000000 5323.70000 485.526001[0m
[00:00:01.800,000] [0m<inf> oresat_solar2: 92020.000000 5325.000000 490.006500[0m
[0:00:01.813,000] [0m<inf> oresat_solar2: 9270.000000 5325.000000 493.627502[0m
[00:00:01.826,000] [0m<inf> oresat_solar2: 93580.000000 5323.750000 498196533[0m
[00:00:01.839,000] [0m<inf> oresat_solar2: 94320.000000 5322.500000 502.018188[0m
[00:00:01.52,000] [0m<inf> oresat_solar2: 95200.000000 5321.250000 506.583008[0m
[00:00:01.865,000] [0m<inf> oresat_solar2: 95980.000000 5322.500000 510.853546[m
[00:00:01.878,000] [0m<inf> oresat_solar2: 96720.000000 5321.250000 514.671326[0m
[00:00:01.891,000] [0m<inf> oresat_solar2: 97560.000000 5320.00000 519.019226[0m
[00:00:01.904,000] [0m<inf> oresat_solar2: 98360.000000 5318.750000 523.152222[0m
[00:0:01.917,000] [0m<inf> oresat_solar2: 99100.00000 5317.500000 526.964233[0m
[00:00:01.929,000] [0m<inf>oresat_solar2: 99880.000000 5316.250000 530.98061[0m
[00:00:01.942,000] [0m<inf> oresat_solar2: 101000.000000 5318.750000 537.193726[0m
[00:00:01.955,000] [0m<inf> oresat_solar2: 101760.000000 517.500000 541.108826[0m
[00:00:01.968,000] [0m<inf> oresat_solar2: 102520.000000 5317.50000 545.150085[0m
[00:00:01.981,000] [0m<in> oresat_solar2: 103220.000000 5315.000000 548.614319[0m
[00:00:01.994,000] [0m<inf> orest_solar2: 104100.000000 5315.000000 553.291504[0m
[00:00:02.007,000] [0m<inf> oresat_solar2: 104900.000000 5313.750000 557.412354[0m
[00:00:02.020,00] [0m<inf> oresat_solar2: 105680.000000 5312.00000 561.424988[0m
[00:00:02.033,000] [0minf> oresat_solar2: 106360.000000 5313.750000 65.170471[0m
[00:00:02.041,000] [0m<dbg> oresat_blink: hande_blink: The light is blinking![0m
[00:00:02.052,00] [0m<inf> oresat_solar2: 107220.000000 5310.000000 569.338196[0m
[00:00:02.065,000] [0minf> oresat_solar2: 107980.000000 5310.000000 573.373779[0m
[00:00:02.078,000] [0m<inf> oresat_solar2: 108720.000000 5310.000000 577.303223[0m
[00:00:02.091,000] [0m<inf> oresat_solar2: 109560.00000 5308.750000 581.626648[0m
[00:00:02.104000] [0m<inf> oresat_solar2: 110360.000000 538.750000 585.873657[0m
[00:00:02.117,000] 0m<inf> oresat_solar2: 111120.000000 5306.250000 589.630493[0m
[00:00:02.130,000] [0m<inf oresat_solar2: 112200.000000 5305.000000 595.221008[0m
[00:00:02.143,000] [0m<inf> oresat_solar2: 112980.000000 5305.000000 599.358887[0m
[00:00:02.156,000] [0m<inf> oresat_solar2: 113680.0000005303.750000 602.930298[0m
[00:00:02.169,000 [0m<inf> oresat_solar2: 114520.000000 5303.70000 607.385437[0m
[00:00:02.182,000] [0m<nf> oresat_solar2: 115360.000000 5302.500000 611.696411[0m
[00:00:02.195,000] [0m<inf> orsat_solar2: 116000.000000 5303.750000 615.234985[0m
[00:00:02.208,000] [0m<inf> oresat_solar2: 116820.00000 5301.250000 619.292053[0m
[00:00:02.221,000] [0m<inf> oresat_solar2: 117620.000000 530.250000 623.533020[0m
[00:00:02.234,000] [m<inf> oresat_solar2: 118500.000000 5300.00000 628.049988[0m
[00:00:02.247,000] [0m<inf>oresat_solar2: 119180.000000 5297.500000 631.356079[0m
[00:00:02.260,000] [0m<inf> oresat_solar2: 120000.000000 5300.000000 636.000000[0m
[00:00:02.273,000] [0m<inf> oresat_solar2: 120800.000000 298.750000 640.088989[0m
[00:00:02.286,000] [0m<inf> oresat_solar2: 121500.000000 5298.75000 643.798096[0m
[00:00:02.299,000] [0m<if> oresat_solar2: 122600.000000 5296.250000 649.320251[0m
[00:00:02.312,000] [0m<inf> oreat_solar2: 123360.000000 5292.500000 652.882812[0m
[00:00:02.325,000] [0m<inf> oresat_solar2: 124220.000000 5295.000000 657.744873[0m
[00:00:02.338,000] [0m<inf> oresat_solar2: 124920.000000 5293.750000 661.295227[0m
[00:00:02.351,000] [0<inf> oresat_solar2: 125720.000000 5293.750000665.530273[0m
[00:00:02.364,000] [0m<inf> resat_solar2: 126500.000000 5293.750000 669.65363[0m
[00:00:02.377,000] [0m<inf> oresat_olar2: 127220.000000 5293.750000 673.470886[0m
[00:00:02.390,000] [0m<inf> oresat_solar2: 128120.000000 590.000000 677.754822[0m
[0000:02.403,000] [0m<inf> oresat_solar2: 128980.000000 5291.25000 682.465454[0m
[00:00:02.416,000] [0m<in> oresat_solar2: 129600.000000 5288.750000 685421997[0m
[00:00:02.429,000] [0m<inf> orest_solar2: 130420.000000 5288.750000 689.758789[0m
[00:00:02.442,000] [0m<inf> oresat_solar2: 131220.000000 5288.750000 693.989746[0m
[00:00:02.455,000] [0m<inf> oresat_solar2: 132000.000000 5286.50000 697.784973[0m
[00:00:02.468,000] [0m<inf> oresat_solar2: 133060.000000 5283.750000 03.055786[0m
[00:00:02.481,000] [0m<inf> oesat_solar2: 133820.000000 5285.000000 707.238708[0m
[00:00:02.494,000] [0m<inf> oresat_slar2: 134700.000000 5283.750000 711.721130[0m
[00:00:02.507,000] [0m<inf> oresat_solar2: 135400.000000 525.000000 715.588989[0m
[00:0:02.520,000] [0m<inf> oresat_solar2: 136200.000000 5283.75000 719.646729[0m
[00:00:02.533,000] [0m<inf oresat_solar2: 137000.000000 5283.750000 723.73779[0m
[00:00:02.546,000] [0m<inf> oresa_solar2: 137800.000000 5282.500000 727.928528[0m
[00:00:02.559,000] [0m<inf> oresat_solar2: 138580.000000 5281.250000 731.875610[0m
[0:00:02.572,000] [0m<inf> oresat_solar2: 139300.000000 5280.00000 735.504028[0m
[00:00:02.585,000] [0m<inf> oresat_solar2: 140160.000000 5278.750000 79.869629[0m
[00:00:02.598,000] [0m<inf> orsat_solar2: 140900.000000 5278.750000 743.775879[0m
[00:00:02.611,000] [0m<inf> oresat_soar2: 141680.000000 5277.500000 747.716187[0m
[00:00:02.624,000] [0m<inf> oresat_solar2: 142480.000000 5276.250000 751.760071[0m
[00:0:02.637,000] [0m<inf> oresat_solar2: 143300.000000 5275.000000 755.907471[0m
[00:00:02.650,000] [0m<inf>oresat_solar2: 144300.000000 5275.000000 761.12495[0m
[00:00:02.663,000] [0m<inf> oresatsolar2: 145100.000000 5272.500000 765.039734[0m
[00:00:02.676,000] [0m<inf> oresat_solar2 145900.000000 5271.250000 769.075378[0m
[0:00:02.689,000] [0m<inf> oresat_solar2: 146680.000000 5272.50000 773.370300[0m
[00:00:02702,000] [0m<inf> oresat_solar2: 147380.000000 5272.500000 77.061035[0m
[00:00:02.715,000] [0m<inf> oreat_solar2: 148260.000000 5268.750000 781.14489[0m
[00:00:02.728,000] [0m<inf> oresat_solr2: 149020.000000 5268.750000 785.149109[0m
[00:00:02.741,000] [0m<inf> oresat_solar2: 149820.000000 5270.000000 789.551392[0m
[00:0002.754,000] [0m<inf> oresat_solar2: 150580.000000 5268.750000 793.368347[0m
[00:00:02.767,000] [0m<inf> oresat_solar2: 151400.000000 5267.500000 797.49512[0m
[00:00:02.780,000] [0m<inf> oresat_olar2: 152160.000000 5267.500000 801.502808[0m
[00:00:02.793,000] [0m<inf> oresat_solar2:152960.000000 5266.250000 805.525574[0m
[0000:02.806,000] [0m<inf> oresat_solar2: 153760.000000 5263.750000 809.354187[0m
[00:00:02.19,000] [0m<inf> oresat_solar2: 154760.000000 5263.750000 814.617920[0m
[00:00:02.832,000] [0m<inf> oresat_solar2: 155520.000000 5262.500000 818.424011[0m
[00:00:02.845,000] [0m<inf> oresat_sola2: 156320.000000 5262.500000 822.633972[0m
[00:00:02.858,000] [0m<inf> oresat_solar2: 15780.000000 5260.000000 826.240784[0m
[00:00:2.871,000] [0m<inf> oresat_solar2: 157920.000000 5258.750000 30.461792[0m
[00:00:02.884,00] [0m<inf> oresat_solar2: 158720.000000 5258.750000 834.66823[0m
[00:00:02.897,000] [0m<inf> oresat_slar2: 159460.000000 5258.750000 838.560303[0m
[00:00:02.910,000] [0m<inf> oresat_solar2: 60260.000000 5256.250000 842.366638[0m
[00:0:02.923,000] [0m<inf> oresat_solar2: 161060.00000 5255.000000 846.370300[0m
[00:00:02.96,000] [0m<inf> oresat_solar2: 161780.000000 5253.750000 849.951660[0m
[00:00:02.949,000] [0m<inf> oresat_solar2: 162660.000000 5253.750000 854.5749510m
[00:00:02.962,000] [0m<inf> oresat_solar: 163420.000000 5253.750000 858.567810[0m
[00:00:02.975,000] [0m<inf> oresat_solar2: 16420.000000 5253.750000 862.980957[0m
[00:00:0.988,000] [0m<inf> oresat_solar2: 165180.000000 5250.000000 867.195007[0m
[00:00:03.001,00] [0m<inf> oresat_solar2: 166060.000000 5251.250000 872.022583[0m
[00:00:03.014,000] [0m<inf> oresat_solar2: 166800.000000 5247.500000 875.283020[0m[00:00:03.027,000] [0m<inf> oresat_solar2: 17600.000000 5248.750000 879.690491[0m
[00:00:03.040,000] [0m<inf> oresat_solar2: 168380.00000 5247.500000 883.574036[0m
[00:00:03.048,000 [0m<dbg> oresat_blink: handle_blink: The light is blinking!0m
[00:00:03.059,000] [0m<inf> oresat_solar2: 169080.000000 5248.75000 887.458679[0m
[00:00:03.072,000] [0m<inf> oresat_solar2: 169880.000000 5246.250000 89.232971[0m
[00:00:03.085,000] [0m<inf> oreat_solar2: 170760.000000 5247.500000 896.063110[0m
[00:00:03.098,000] [0m<inf> oresat_solar2: 171520.000000 5246.250000 899.836792[0m
[00:00:03.111,000] [0m<inf> oresat_solar2: 172260.000000 5245000000 903.503723[0m
[00:00:03.124,000] [0<inf> oresat_solar2: 173060.000000 5243.750000907.483398[0m
[00:00:03.137,000] [0m<inf> resat_solar2: 173820.000000 5243.750000 911.46628[0m
[00:00:03.150,000] [0m<inf> oresat_olar2: 174660.000000 5242.500000 915.655029[0m
[00:00:03.163,000] [0m<inf> oresat_solar2:175480.000000 5241.250000 919.734558[0m
[0000:03.176,000] [0m<inf> oresat_solar2: 176460.000000 5238.75000 924.429810[0m
[00:00:03.189,000] [0m<in> oresat_solar2: 177200.000000 5238.750000 928306519[0m
[00:00:03.202,000] [0m<inf> orest_solar2: 178020.000000 5238.750000 932.602295[0m
[00:00:03.215,000] [0m<inf> oresat_sola2: 178780.000000 5238.750000 936.583740[0m
[00:00:03.228,000] [0m<inf> oresat_solar2: 17960.000000 5237.500000 940.445496[0m
[00:00:3.241,000] [0m<inf> oresat_solar2: 180320.000000 5236.250000 44.200623[0m
[00:00:03.254,00] [0m<inf> oresat_solar2: 181160.000000 5231.250000 947.69337[0m
[00:00:03.267,000] [0m<inf> oresat_slar2: 181880.000000 5232.500000 951.687073[0m
[00:00:03.280,000] [0m<inf> oresat_solar2: 82680.000000 5231.250000 955.644775[0m
[00:0:03.293,000] [0m<inf> oresat_solar2: 183520.00000 5228.750000 959.580200[0m
[00:00:03.36,000] [0m<inf> oresat_solar2: 184260.000000 5230.000000 963.79810[0m
[00:00:03.319,000] [0m<inf> oresat_solar2: 185060.000000 5228.750000 967.6324460m
[00:00:03.332,000] [0m<inf> oresat_solar: 185800.000000 5228.750000 971.501770[0m
[00:00:03.345,000] [0m<inf> oresat_solar2: 18680.000000 5227.500000 976.915222[0m
[00:00:0.358,000] [0m<inf> oresat_solar2: 187680.00000 5226.250000 980.862610[0m
[00:00:03.371,00] [0m<inf> oresat_solar2: 188420.000000 5226.250000 984.730042[0m
[00:00:03.384,000] [0m<inf> oresat_solar2: 189220.000000 5223.750000 988.437988[0m[00:00:03.397,000] [0m<inf> oresat_solar2: 10000.000000 5223.750000 992.512512[0m
[00:00:03.410,000] [0m<inf> oresat_solar2: 190760.00000 5222.500000 996.244080[0m
[00:00:03.42,000] [0m<inf> oresat_solar2: 191600.000000 521.250000 1000.391479[0m
[00:00:03.436,000] [0m<inf> oresat_solar2: 192380.000000 5218.75000 1003.983154[0m
[00:00:0.449,000] [0m<inf> oresat_solar2: 193160.000000 5218.750000 108.053772[0m
[00:00:03.462,00] [0m<inf> oresat_solar2: 193960.000000 5218.750000 1012.228760[0m
[00:00:03.475,000] 0m<inf> oresat_solar2: 194800.000000 5216.25000 1016.125488[0m
[00:00:03.488,000] [0m<in> oresat_solar2: 195460.000000 5216.250000 101.568237[0m
[00:00:03.502,00] [0m<inf> oresat_solar2: 196260.000000 5215.000000 1023.49591[0m
[00:00:03.515,000] [0<inf> oresat_solar2: 197320.000000 5213.750000 1028.777100[0m
[00:00:03.528,000] [0m<inf>oresat_solar2: 198120.000000 5212.500000 1032.00439[0m
[00:00:03.541,000] [0m<inf> oresat_solar2: 198820.000000 5210.000000 1035.852173[0m
[00:00:03.554,000] [0m<nf> oresat_solar2: 199600.000000 5211.250000 1040.165527[0m
[00:00:03.567,000] [0m<inf> oesat_solar2: 200400.000000 5210.000000 1044.083984[0m
[00:00:03.580,000] [0m<inf> oresat_olar2: 201220.000000 5208.750000 1048.104614[m
[00:00:03.593,000] [0m<inf> oresat_solar2: 202020.000000 5205.000000 1051.514160[0m
[00:00:03.606,000] [0m<inf> oreat_solar2: 202800.000000 5205.000000 1055.573975[0m
[00:00:03.619,000] [0m<inf> oresat_soar2: 203520.000000 5206.250000 1059.576050[0m
[00:00:03.633,000] [0m<inf> oresat_solar2: 04320.000000 5202.500000 1062.974854[0m
[00:00:03.646,000] [0m<inf> oresat_solar2: 205200.000000 5200.000000 1067.040039[0m
[00:00:03.659,000] [0m<inf> oresat_sola2: 205900.000000 5200.000000 1070.680054[0m
[00:00:03.672,000] [0m<inf> oresat_solar2: 20660.000000 5200.000000 1074.631958[0m
[00:00:03.685,000] [0m<inf> oresat_solar2: 207480.00000 5198.750000 1078.636597[0m
[00:00:03.698,000] [0m<inf> oresat_solar2: 208480.000000 5197.500000 1083.574829[0m
[0:00:03.711,000] [0m<inf> oresat_solar2: 20930.000000 5196.250000 1087.886841[0m
[00:00:03.724,000] [0m<inf> oresat_solar2: 210080.00000 5197.500000 1091.890747[0m
[00:00:03.737,000] [0m<inf> oresat_solar2: 210860.000000 513.750000 1095.154175[0m
[0000:03.750,000] [0m<inf> oresat_solar2: 211580.000000 5191.250000 1098.364624[0m
[00:00:03764,000] [0m<inf> oresat_solar2: 212400.00000 5192.500000 1102.886963[0m
[00:00:03.777,00] [0m<inf> oresat_solar2: 213220.000000 5191250000 1106.878296[0m
[00:00:03.790,000] [0m<inf> oresat_solar2: 213980.000000 5188.75000 1110.288696[0m
[00:00:03.83,000] [0m<inf> oresat_solar2: 214720.000000 5187.500000 1113.859985[0m
[00:00:03.816,000 [0m<inf> oresat_solar2: 215480.000000 5187.500000 1117.802490[0m
[00:00:03.829,000] [0minf> oresat_solar2: 216360.000000 5185.000000 121.826660[0m
[00:00:03.842000] [0m<inf> oresat_solar2: 217100.000000 5185.000000 1125.63452[0m
[00:00:03.855,000] [0m<inf> oresat_solar2: 217860.000000 5181.250000 1128.787109[0m
[00:00:03.868,000] [0m<if> oresat_solar2: 218900.000000 5181.250000 114.175659[0m
[00:00:03.881,000] [0m<inf> orsat_solar2: 219700.000000 5180.000000 1138.04621[0m
[00:00:03.895,000] [m<inf> oresat_solar2: 220420.000000 5178.750000 1141.500122[0
[00:00:03.908,000] [0m<inf oresat_solar2: 221200.000000 5176.250000 1144.986450[0m
[00:00:03.921,000] [0m<inf> oresat_solar2: 222000.000000 5177.500000 1149.40502[0m
[00:00:03.934,000] [0m<inf> oresat_solar2: 222800.000000 5176.250000 1153.268555[0m[00:00:03.947,000] [0m<inf> resat_solar2: 223580.000000 5173.750000 1156.747070[0m
[00:00:03.960,000] [0m<inf> oresatsolar2: 224360.000000 5172.500000 1160.5020750m
[00:00:03.973,000] [0m<inf> oresat_solar2: 225180.000000 5170.000000 1164.180542[0m
[00:00:03.986,000] [0m<inf> orsat_solar2: 225960.000000 5168.750000 1167.930786[0m
[00:00:03.999,000] [0m<inf> oresat_slar2: 226660.000000 5168.750000 1171.548828[0m
[00:00:04.012,000] [0m<inf> oresat_solar2:227480.000000 5167.500000 1175.502930[0m
[00:00:04.026,000] [0m<inf> orest_solar2: 228260.000000 5166.250000 1179.248169[0m
[00:00:04.039,000] [0m<inf> oresat_solar2: 229320.000000 5165.000000 1184.437744[0m
[00:00:04.052,000] [0m<inf> oresat_solar2: 20080.000000 5162.500000 1187.787964[0m
[00:00:04.059,000] [0m<dbg> oresat_blink: handle_blink: The light i blinking![0m
[00:00:04.070,000] [0m<inf> oresat_solar2: 231000.000000 5158.750000 1191.671265[0
[00:00:04.083,000] [0m<inf> oresat_solar2: 231660.000000 5161.250000 1195.655151[0m
[00:00:04.096,000] [0m<inf> orest_solar2: 232480.000000 5157.500000 1199.015625[0m
[00:00:04.109,000] [0m<inf> oresat_solr2: 233280.000000 5155.000000 1202.558350[0m[00:00:04.123,000] [0m<inf> oresat_solar2: 234020.000000 5153.750000 1206.080566[0m
[00:00:04.136,000] [0m<inf> oresatsolar2: 234820.000000 5153.750000 1210.203613[0m
[00:00:04.149,000] [0m<inf> oresat_solar: 235600.000000 5151.250000 1213.634521[0m
[00:00:04.162,000] [0m<inf> oresat_solar2: 23660.000000 5151.250000 1217.549438[0m
[00:00:04.175,000] [0m<inf> oresat_solar2: 237160.000000 5148.750000 1221.077515[0m
[00:00:04.188,000] [0m<inf> oresat_solar2:237980.000000 5146.250000 1224.704590[0m
[00:00:04.201,000] [0m<inf> oresat_solar2: 23868.000000 5147.500000 1228.605347[0m
[00:00:04.214,000] [0m<inf> oresat_solar2: 239460.00000 5143.750000 1231.722412[0m
[00:00:04.227,000] [0m<inf> oresat_solar2: 20500.000000 5143.750000 1237.071899[0m
[00:00:04.240,000] [0m<inf> oresat_solar2: 241320.00000 5141.250000 1240.686401[0m
[00:00:04.254,000] [0m<inf> oresat_solar2: 242060.0000005140.000000 1244.188354[0m
[00:00:04.267,000] [0m<inf> oresat_solar2: 242880.000000 5138.50000 1248.099609[0m
[00:0004.280,000] [0m<inf> oresat_solar2: 243620.000000 5137.500000 1251.597778[0m
[00:00:04.29,000] [0m<inf> oresat_solar2: 244380.000000 535.000000 1254.891357[0m
[00:00:04.306,000][0m<inf> oresat_solar2: 245200.000000 5131.25000 1258.182495[0m
[00:00:0.319,000] [0m<inf> oresat_solar2: 245960.000000 5131.250000 162.082275[0m
[00:00:04.332,00] [0m<inf> oresat_solar2: 246800.000000 5130.000000 1266.083984[0m
[00:00:04.345,000] 0m<inf> oresat_solar2: 247520.000000 5128.75000 1269.468140[0m
[00:00:04.358,000] [0m<inf> oresat_solar2: 248280.000000 5127.500000 127.055664[0m
[00:00:04.371,00] [0m<inf> oresat_solar2: 249100.000000 5125.000000 1276.63741[0m
[00:00:04.385,000] [0<inf> oresat_solar2: 249880.000000 5123.750000 1280.322632[0m
[00:00:04.398,000] [0m<inf> oresat_solar2: 250900.000000 5123.750000 1285.48828[0m
[00:00:04.411,000] [0m<inf> oresat_solar2: 251620.000000 5120.000000 1288.294434[0m
[00:00:04.424,000] [0m<nf> oresat_solar2: 252420.000000 5117.500000 1291.759399[0m
[00:00:04.437,000] [0m<inf> oesat_solar2: 253200.000000 5117.500000 1295.75977[0m
[00:00:04.450,000] [0m<inf> oresat_solar2: 254080.000000 5115.000000 1299.619141[m
[00:00:04.463,000] [0m<in> oresat_solar2: 254800.000000 5113.750000 1302.983521[0m
[00:00:04.476,000] [0m<inf> oreat_solar2: 255580.000000 5111.250000 1306.333252[0m
[00:00:04.489,000] [0m<inf> oresat_soar2: 256400.000000 5110.000000 1310.203979[0m
[00:00:04.502,000] [0m<inf> oresat_solar2: 257160.000000 5108.750000 1313.766113[0m
[00:00:04.516,000] [0m<inf> oresa_solar2: 258000.000000 5105.000000 1317.089966[0m
[00:00:04.529,000] [0m<inf> oresat_sola2: 258680.000000 5105.000000 1320.561401[0m
[00:00:04.542,000] [0m<inf> oresat_solar2: 25520.000000 5100.000000 1323.552002[0m
[00:00:04.555,000] [0m<inf> oresat_solar2: 260280.000000 5100.000000 1327.427979[0m
[00:00:04.568,000] [0m<inf> oresat_solar2 261300.000000 5097.500000 1331.976807[0m
[00:00:04.581,000] [0m<inf> oresat_solar2: 26200.000000 5095.000000 1335.297607[0m
[00:00:04.594,000] [0m<inf> oresat_solar2: 262800.00000 5093.750000 1338.637451[0m
[00:00:04.607,000] [0m<inf> oresat_solar2: 263680.000000 5092.500000 1342.790405[0m
[0000:04.620,000] [0m<inf> oresat_solar2: 264400000000 5090.000000 1345.796021[0m
[00:00:04.633,000] [0m<inf> oresat_solar2: 265180.00000 5090.000000 1349.766235[0m
[00:00:04.647,000] [0m<inf> oresat_solar2: 265920.000000 5085000000 1352.203247[0m
[00:0:04.660,000] [0m<inf> oresat_solar2: 266720.000000 5083.750000 1355.937744[0m
[00:00:04.63,000] [0m<inf> oresat_solar2: 267520.000000 082.500000 1359.670410[0m
[0:00:04.686,000] [0m<inf> oresat_solar2: 268320.000000 5077.50000 1362.394775[0m
[00:00:4.699,000] [0m<inf> oresat_solar2: 269060.000000 5075.000000 1365.479492[0m
[00:00:04.712000] [0m<inf> oresat_solar2: 269820.000000 502.500000 1368.661987[0m
[00:00:04.725,000] [0m<inf> oresat_solar2: 270700.000000 5070.000000 1372.448975[0m
[00:00:04.738,000] [0m<if> oresat_solar2: 271400.000000 5068.750000 135.658691[0m
[00:00:04.751,00] [0m<inf> oresat_solar2: 272500.000000 5065.000000 1380.21224[0m
[00:00:04.764,000] [m<inf> oresat_solar2: 273220.000000 5063.750000 1383.517822[0m
[00:00:04.778,000] [0m<inf oresat_solar2: 273980.000000 5062.500000 1387023804[0m
[00:00:04.791,000] [0m<inf> oresat_solar2: 274820.000000 5061.250000 1390.93273[0m
[00:00:04.804,000] [0minf> oresat_solar2: 275580.000000 5060.000000 1394.434814[0m[00:00:04.817,000] [0m<inf> resat_solar2: 276360.000000 5056.250000 1397.345215[0m
[00:00:04.830,000] [0m<inf> oresatsolar2: 277100.000000 5053.750000 1400.3941650m
[00:00:04.843,000] [0m<inf> oresat_solar2: 277980.000000 5051.250000 1404.146484[0m
[00:00:04.856,000] [0m<inf> orsat_solar2: 278680.000000 5048.750000 1406.985596[0m
[00:00:04.869,000] [0m<inf> oresat_slar2: 279460.000000 5045.000000 1409.875732[0m
[00:00:04.882,000] [0m<inf> oresat_solar2:280260.000000 5042.500000 1413.211060[0m
[00:00:04.895,000] [0m<inf> oresat_solar2: 281060.000000 5040.000000 1416.542358[0m
[00:00:04.909,000] [0m<inf> oresat_solr2: 281800.000000 5036.250000 1419.215210[0m
[00:00:04.922,000] [0m<inf> oresat_solar2: 22880.000000 5033.750000 1423.947144[0m
[00:00:04.935,000] [0m<inf> oresat_solar2: 283600.000000 5030.000000 1426.508057[0m
[00:00:04.948,000] [0m<inf> oresat_solar: 284460.000000 5027.500000 1430.122681[0m
[00:00:04.961,000] [0m<inf> oresat_solar2: 28560.000000 5023.750000 1432.572510[0m
[00:00:04.974,000] [0m<inf> oresat_solar2: 285920.00000 5020.000000 1435.318359[0m
[00:00:04.987,000] [0m<inf> oresat_solar2: 286720.000000 5016.250000 1438.259155[0m
[0:00:05.000,000] [0m<inf> oresat_solar2: 28750.000000 5013.750000 1441.453125[0m
[00:00:05.013,000] [0m<inf> oresat_solar2: 288200.00000 5011.250000 1444.242310[0m
[00:00:05.026,000] [0m<inf> oresat_solar2: 289080.000000 500.750000 1447.929443[0m
[00:0:05.040,000] [0m<inf> oresat_solar2: 289880.000000 5005.000000 1450.849365[0m
[00:00:05.53,000] [0m<inf> oresat_solar2: 290620.000000 5000.000000 1453.099976[0m
[00:00:05.066,00] [0m<inf> oresat_solar2: 291420.000000 4995.00000 1455.642944[0m
[00:00:05.073,000] [0m<dbg> oresat_blik: handle_blink: The light is blinking![0m
[00:00:05.084,000] [0m<inf> oresat_solar2: 292200.00000 4998.750000 1460.634766[0m
[00:00:05.097,000] [0m<inf> oresat_solar2: 293220.000000 499.750000 1464.267334[0m
[00:0:05.110,000] [0m<inf> oresat_solar2: 293980.00000 4991.250000 1467.327637[0m
[00:00:05.23,000] [0m<inf> oresat_solar2: 294780.0000004986.250000 1469.846802[0m
[00:00:05.137,000] [0m<inf> oresat_solar2: 295560.000000 4980.00000 1471.888794[0m
[00:0005.150,000] [0m<inf> oresat_solar2: 296300.000000 4976.2500001474.462891[0m
[00:00:05.16,000] [0m<inf> oresat_solar2: 297180.000000 471.250000 1477.356079[0m
[00:00:05.176,000] [0m<inf> oresat_solar2: 298000.000000 4966.25000 1479.942505[0m
[00:00:0.189,000] [0m<inf> oresat_solar2: 298800.000000 4963.750000 183.168457[0m
[00:00:05.202,00] [0m<inf> oresat_solar2: 299480.000000 4956.250000 1484.297729[0m
[00:00:05.215,000] 0m<inf> oresat_solar2: 300280.000000 4951.250000 1486.761353[0m
[00:00:05.228,000] [0m<in> oresat_solar2: 301080.000000 4946.250000 148.216919[0m
[00:00:05.241,000] [0m<inf> oresat_solar2: 301860.000000 4940.000000 1491.18834[0m
[00:00:05.254,000] [0<inf> oresat_solar2: 302680.000000 4933.750000 1493.347412[0m
[00:00:05.268,000] [0m<inf>oresat_solar2: 303420.000000 4928.750000 1495.481323[0m
[00:00:05.281,000] [0m<inf> oresa_solar2: 304420.000000 4918.750000 1497.365845[0m
[00:00:05.294,000] [0m<inf> oresat_solar2: 305200.000000 4911.250000 1498.913452[0m
[00:00:05.307,000] [0m<inf> oesat_solar2: 306060.000000 4903.750000 1500.841675[0m
[00:00:05.320,000] [0m<inf> oresat_olar2: 306800.000000 4893.750000 1501.402466[0m
[00:00:05.333,000] [0m<inf> oresat_solar2 307600.000000 4887.500000 1503.395020[0m
[00:00:05.346,000] [0m<inf> oresat_solar2: 308400.000000 4876.250000 1503.835449[0m
[00:00:05.359,000] [0m<inf> oresat_soar2: 309120.000000 4862.500000 1503.095947[0m
[00:00:05.372,000] [0m<inf> oresat_solar2: 09980.000000 4856.250000 1505.340332[0m
[00:00:05.385,000] [0m<inf> oresat_solar2: 310700.000000 4848.750000 1506.506592[0m
[00:00:05.399,000] [0m<inf> oresat_sola2: 311580.000000 4837.500000 1507.268311[0m
[00:00:05.412,000] [0m<inf> oresat_solar2: 31300.000000 4833.750000 1509.580078[0m
*** Booting Zephyr OSbuild v4.2.0 ***

[00:00:00.005,000] [0m<in> oresat_mcxn947_solar: Oresat MCXN947 Solar Board App
[0m
[0:00:00.013,000] [0m<inf> oresat_blink: Startng blink demo[0m
[00:00:00.019,000] [0m<dbg> oresat_blink: andle_blink: The light is blinking![0m
[00:0:00.026,000] [0m<inf> oresat_solar2: Starting Solar Tracking...[0m
[00:00:00.033,000] [1;31m<err> mcux_lp2c: SCL GPIO device not ready[0m
[00:00:00.039,000] [0m<inf> oresat_solar2: Starting INA226 reading[0m
[00:00:00.049,000] [0m<nf> oresat_solar2: -500.000000 5391.250000 -2.695625[0m
[00:00:00.062,000] [0m<inf> oresat_solar2: -540.000000 5392.500000 -2.911950[0m[00:00:00.074,00] [0m<inf> oresat_solar2: -520.000000 5388.50000 -2.802150[0m
[00:00:00.087,000] [0m<inf> oresat_solar2: -500.000000 5391.250000 -2.695625[0m
[00:00:00.100,000] [0m<inf> oresatsolar2: -500.000000 5392.500000 -2.696250[0m
[00:00:00.112,000] [0m<inf> oesat_solar2: -540.000000 5392.500000 -2.911950[0m
[00:00:00125,000] [0m<inf> oresat_solar2: -540.000000 391.250000 -2.911275[0m
[00:00:00.138,000] [0m<inf> oresat_solar2: -540.000000 5391.250000 -2.911275[0m
[00:00:00.151,000] [0m<inf> oesat_solar2: -580.000000 5392.500000 -3.127650[0m
[00:00:00163,000] [0m<inf> oresat_solar2: -540.000000 5392.500000 -2.91950[0m
[00:0:00.176,000] [0m<inf> oresat_solar2: -540.000000 5391.250000 -2.911275[0m
[00:00:00.189,000] [0m<inf> oresat_solar2: -60.000000 5388.750000 -3.233250[0m
[00:00:00.201,000] [0m<if> oresat_solar2: -500.000000 5391.250000 -2.695625[0m
[00:00:00.214,000] 0m<inf> oresat_solar2: -520.000000 5391.250000-2.803450[0m
[00:00:00.227,000] [0m<inf> oresat_solar2: -50.000000 5390.000000 -3.126200[0m
[00:00:00.239,000] [0m<inf> oresat_solar: -580.000000 5392.500000 -3.127650[0m
[00:00:00.252,000] [0m<inf> oresat_solar2: -540.000000 5392.500000 -2.911950[0m
[00:00:00.265,00] [0m<inf> oresat_solar2: -520.000000 5390.00000 -2.802800[0m
[00:00:00.278,000] [0m<inf> oresat_solar2: -580.000000 5388.750000 -3.125475[0m
[00:00:00.290,000] [0m<inf> oresat_olar2: -540.000000 5392.500000 -2.911950[0m
[00:00:00.303,00] [0m<inf> oresat_solar2: -540.000000 5390.000000 -2.9106000m
[00:00:00.16,000] [0m<inf> oresat_solar2: -540.000000 5391.250000 -2.911275[0m
[00:00:00.328,000] [0m<inf> oresat_solar2: -580.00000 5390.000000 -3.126200[0m
[00:00:00.341,000] [0m<inf> orsat_solar2: -540.000000 5392.500000 -2.911950[0m
[00:00:00.354,000] [0m<inf> oresat_solar2: -520.000000 5391.250000 -2.80450[0m
[00:0:00.366,000] [0m<inf> oresat_solar2: 1580.00000 5388.750000 8.514225[0m
[0:00:00.379,000] [0m<inf> oresat_solar2: 2580000000 5387.500000 13.899750[0m
[00:00:00.392,000] [0m<inf> oresat_solar2: 3620.000000 5387.500000 19.502750[0m
[00:00:00.404,000] [0<inf> oresat_solar2: 4580.000000 5383.750000 24.657576[0m
[00:00:00.417,000 [0m<inf> oresat_solar2: 5400.000000 5385.00000 29.079000[0m
[00:00:00.430,000] [0m<inf> oresat_solar2: 6120.000000 5383.750000 32.948551[0m
[00:00:00.443,000] [0m<inf> oresat_soar2: 7020.000000 5382.500000 37.785149[0m
[00:00:00.455,000 [0m<inf> oresat_solar2: 7800.000000 5385.000000 42.002998[0m
[00:00:00.468,000] [0m<inf> oresat_solar2: 8620.000000 538.250000 46.386375[0m
[00:00:00.481,000] [0m<inf> oresat_solar2: 9480.000000 5381.250000 51.014252[0m
[00:00:00.493,000] [0m<inf> orest_solar2: 10280.000000 5381.250000 55.319248[m
[00:00:00.56,000] [0m<inf> oresat_solar2: 11060.000000 582.500000 59.530449[0m
[00:00:00.519,000] [0m<inf> oresat_olar2: 11860.000000 5380.000000 63.806801[0m
[00:00:00.532,00] [0m<inf> oresat_solar2: 12700.000000 5380.000000 68.325996[0m
[00:00:00.545,000] [0m<inf> oresat_solr2: 13500.000000 5380.000000 72.629997[0m
[00:00:00.557,000 [0m<inf> oresat_solar2: 14220.000000 5377.500000 76.468048[0m
[00:00:00.570,000] [0m<inf> oresat_solar2: 15220.000000 5378.750000 81.864578[0m
[00:00:00.583,000] 0m<inf> oresat_solar2: 16080.000000 5377.500000 86.470200[0m[00:00:00.596,000] [0m<inf> oresat_solar2: 16880.000000 5377500000 90.772202[0m
[00:00:00.609,000] [0minf> oresat_solar2: 17680.000000 5377.500000 95.074203[0m
[0:00:00.621,000] [0m<inf> oresat_solar2: 18480.000000 5376.25000 99.353104[0m
[00:00:00.634,000] [0m<inf> oresat_solar2 19360.000000 5376.250000 104.084198[0m
[0000:00.647,000] [0m<inf> oresat_solar2: 20100.000000 5373.750000 108.012375[0m
[00:00:00.660,000] [0m<inf oresat_solar2: 20960.000000 5375.000000 112.60004[0m
[00:00:00.673,000] [0m<inf> oresat_solar2: 21680.00000 5372.500000 116.475800[0m
[00:00:00.68,000] [0m<inf> oresat_solar2: 22500.000000 5373.750000 120.909378[0m
[00:00:00.699,000] [0m<inf> oresat_olar2: 23300.000000 5370.000000 125.121002[0m
[00:00:00.712,000] [0m<inf> oresat_solar2: 24080.000000 5372.500000 129.369797[0m
[00:00:00.724,000] [m<inf> oresat_solar2: 24820.000000 5371.250000 133.314423[0m
[00:00:00.737,000] [0m<inf> oresat_solar2: 2920.000000 5371.250000 139.222794[0m
[00:0000.750,000] [0m<inf> oresat_solar2: 26720.000000 5368.750000 43.453003[0m
[00:00:00.763,000] [0m<inf> oesat_solar2: 27480.000000 5367.500000 147.498901[0m
[00:00:00.776,000] [0m<inf> oresat_solar2: 28280.00000 5367.500000 151.792892[0m
[00:00:00.789,00] [0m<inf> oresat_solar2: 29120.000000 5367.500000 156.301605[0m
[00:00:00.802,000] [0m<inf> oresat_solr2: 29920.000000 5366.250000 160.558197[0m
[00:00:00.815,000] [0m<inf> oresat_solar2: 30720.000000 5365.00000 164.812805[0m
[00:00:00.828,000] [0m<nf> oresat_solar2: 31520.000000 5365.000000 169.104797[0m
[00:00:00.841,000] [0m<inf> oresat_solar2: 3236.000000 5365.000000 173.611404[0m
[00:00:00.853,000] [0m<inf> oresat_solar2: 33120.000000 5365.000000 177688797[0m
[00:00:00.866,000] [0m<inf> orest_solar2: 33900.000000 5362.500000 181.788757[0m
[00:00:00.79,000] [0m<inf> oresat_solar2: 34700.000000 363.750000 186.122131[0m
[00:00:00.892,000] [0m<inf> oresat_solar2: 35560.000000 5363.750000 190.734955[m
[00:00:00.905,000] [0m<inf> oresat_solar2 36680.000000 5363.750000 196.742355[0m
[00:00:00.918,000] [0m<inf> oresat_solar2: 37380.000000 5362.50000 200.450256[0m
[00:00:00.931,000] [0m<inf oresat_solar2: 38220.000000 5360.000000 204.859207[0m
[00:0:00.944,000] [0m<inf> oresat_solar2: 38920.00000 5362.500000 208.708496[0m
[00:00:00.957,000] [0m<inf> oresat_solar2: 39720.000000 5361.250000 212.94853[0m
[00:00:00.970,000] [0m<inf> oresat_solar2: 40520.00000 5358.750000 217.136551[0m
[00:00:00.982000] [0m<inf> oresat_solar2: 41320.000000 535.750000 221.423553[0m
[00:00:00.995,000] [0m<inf> oresat_solar2: 42080.000000 5360.000000 225.548798[0m[00:00:01.008,000] [0m<inf> oresat_solar2: 42860.000000 5357.500000 229.622452[0m
[00:00:01.021,000] [0<inf> oresat_solar2: 43620.000000 5355.000000 233.585098[0m
00:00:01.028,000] [0m<dbg> oresat_blink: hande_blink: The light is blinking![0m
[00:00:01.039,000] [0m<inf> oreat_solar2: 44400.000000 5357.500000 237.873001[0m
[00:00:01.052,000] [0m<inf> oresat_solar2: 45180.000000 5356.250000 241.995377[0m
[00:00:01.065,000 [0m<inf> oresat_solar2: 46060.000000 5352.50000 246.536148[0m
[00:00:01.078,000] [0m<inf> oresat_solar: 46800.000000 5357.500000 250.731003[0m
[0:00:01.091,000] [0m<inf> oresat_solar2: 47820.000000 5353.750000 256.016327[0m
[00:00:01.104,000] [0m<in> oresat_solar2: 48620.000000 5353.750000 260.299316[0m
[00:00:01.117,000] [0m<inf> oresat_solar2: 49360.00000 5353.750000 264.261108[0m
[00:00:01.10,000] [0m<inf> oresat_solar2: 50180.000000 5352.500000 268.58440[0m
[00:00:01.143,000] [0m<inf> oresatsolar2: 50900.000000 5352.500000 272.442261[0m
[00:00:01.155,000] [0m<inf> oresat_solar2: 51680.000000 5351.250000 276.552612[0m
[00:00:01.168,000] 0m<inf> oresat_solar2: 52520.000000 5350.000000 280.981995[0m
[00:00:01.181,000] [0m<inf> oresat_solar2: 3220.000000 5350.000000 284.726990[0m
[00:0:01.194,000] [0m<inf> oresat_solar2: 54060.000000 5350.000000289.221008[0m
[00:00:01.207,000] [0m<inf> resat_solar2: 54820.000000 5348.750000 293.218475[0m
[00:00:01.220,000] [0m<inf> oresat_solar2: 55620.00000 5347.500000 297.427948[0m
[00:00:01.233,00] [0m<inf> oresat_solar2: 56400.000000 5347.500000 301.59899[0m
[00:00:01.246,000] [0m<inf> oresat_soar2: 57180.000000 5347.500000 305.770050[0m
[00:00:01.259,000] [0m<inf> oresat_solar2: 58220.000000 5347.00000 311.331451[0m
[00:00:01.272,000] [0minf> oresat_solar2: 59060.000000 5345.000000 315.675690[0m
[00:00:01.284,000] [0m<inf> oresat_solar2: 5980.000000 5343.750000 319.556244[0m
[00:00:0.297,000] [0m<inf> oresat_solar2: 60460.000000 5346.250000 32.234283[0m
[00:00:01.310,000] [0m<inf> oreat_solar2: 61220.000000 5343.750000 327.144379[0m
[00:00:01323,000] [0m<inf> oresat_solar2: 62060.0000005343.750000 331.633118[0m
[00:00:01.336,000 [0m<inf> oresat_solar2: 62780.000000 5341.250000 335.323669[0m
[00:00:01.349,000] [0m<inf> oresat_solar: 63560.000000 5340.000000 339.410400[0m
[0:00:01.362,000] [0m<inf> oresat_solar2: 64420.000000 5342.50000 344.163849[0m
[00:00:01.375,000] [0m<in> oresat_solar2: 65100.000000 5340.000000 347.634003[0m
[00:00:01.388,000] [0m<inf> oresat_solar2: 65900.00000 5338.750000 351.823639[0m
[00:00:01.41,000] [0m<inf> oresat_solar2: 66660.000000 5338.750000 355.81073[0m
[00:00:01.413,000] [0m<inf> oresatsolar2: 67480.000000 5338.750000 360.258850[0m
[00:00:01.426,000] [0m<inf> oresat_solar2: 68400.000000 537.500000 365.084991[0m
[00:00:01.439,000] 0m<inf> oresat_solar2: 69200.000000 5336.250000 369.268494[0m
[00:00:01.452,000] [0m<inf> oresat_solar2: 9920.000000 5336.250000 373.110596[0m
[00:0:01.465,000] [0m<inf> oresat_solar2: 70820.000000 5336.250000 377.913239[0m
[00:00:01.478,000] [0m<inf> resat_solar2: 71860.000000 5337.500000 383.552765[0m
[00:00:01.491,000] [0m<inf> oresat_solar2: 72700.00000 5332.500000 387.672760[0m
[00:00:01.504,00] [0m<inf> oresat_solar2: 73480.000000 5333.750000 391.92390[0m
[00:00:01.517,000] [0m<inf> oresat_soar2: 74200.000000 5333.750000 395.764252[0m
[00:00:01.530,000] [0m<inf> oresat_solar2: 75060.000000 5333.50000 400.351288[0m
[00:00:01.542,000] [0minf> oresat_solar2: 75900.000000 5332.500000 404.736755[0m
[00:00:01.555,000] [0m<inf> oresat_solar2: 7660.000000 5331.250000 408.373749[0m
[00:00:0.568,000] [0m<inf> oresat_solar2: 77380.000000 5330.000000 412.435394[0m
[00:00:01.581,000] [0m<inf> oreat_solar2: 78180.000000 5331.250000 416.797119[0m
[00:00:01.594,000] [0m<inf> oresat_solar2: 78900.0000005327.500000 420.339752[0m
[00:00:01.607,000 [0m<inf> oresat_solar2: 80000.000000 5328.750000 426.2999880m
[00:00:01.620,000] [0m<inf> oresat_solar: 80760.000000 5327.500000 430.248901[0m
[0:00:01.633,000] [0m<inf> oresat_solar2: 81580.000000 5326.25000 434.515472[0m
[00:00:01.646,000] [0m<in> oresat_solar2: 82400.000000 5325.000000 438.779999[0m
[00:00:01.659,000] [0m<inf> oresat_solar2: 83100.00000 5327.500000 442.715240[0m
[00:00:01.61,000] [0m<inf> oresat_solar2: 83920.000000 5326.250000 446.98912[0m
[00:00:01.684,000] [0m<inf> oresatsolar2: 84660.000000 5322.500000 450.602844[0m
[00:00:01.697,000] [0m<inf> oresat_solar2: 85560.000000 532.500000 455.393097[0m
[00:00:01.710,000] 0m<inf> oresat_solar2: 86220.000000 5323.750000 459.013733[0m
[00:00:01.723,000] [0m<inf> oresat_solar2: 87060.000000 5322.500000 463.376862[0m
[00:00:01.736,000] [m<inf> oresat_solar2: 87820.000000 5321.250000467.312164[0m
[00:00:01.749,000] [0m<inf> oresat_solar2: 88680.000000 5322.500000 471.999298[0m
[00:0001.762,000] [0m<inf> oresat_solar2: 89320.00000 5321.250000 475.294037[0m
[00:00:01.775,000] [0m<inf> oresat_solar2: 90400.000000 5320.000000 480.92809[0m
[00:00:01.788,000] [0m<inf> oresat_solar2: 91220.000000 5320.000000 485.290405[0m
[00:00:01.800,00] [0m<inf> oresat_solar2: 92000.000000 5317.00000 489.209991[0m
[00:00:01.813,000] [0m<inf> oresat_solar2: 92780.000000 5317.500000 493.357635[0m
[00:00:01.826,000] [0m<inf> oresat_solar2: 9350.000000 5316.250000 497.069366[0m
[00:00:01.839,000] [0m<nf> oresat_solar2: 94400.000000 5317.500000 501.971985[0m
[00:00:01.852,000] [0m<inf> oresat_solar2: 9516.000000 5316.250000 505.894348[0m
[00:00:01865,000] [0m<inf> oresat_solar2: 96000.000000 5313.750000 510.119995[0m
[00:00:01.878,000] [0m<inf> orest_solar2: 96760.000000 5313.750000 514.158447[0m
[00:00:01.891,000] [0m<inf> oresat_solar2: 97580.000000 315.000000 518.637695[0m
[00:00:01.904,000][0m<inf> oresat_solar2: 98360.000000 5311.250000 522.414551[0m
[00:00:01.917,000] [0m<inf> oresat_solar2 99080.000000 5311.250000 526.238647[0m
[0000:01.929,000] [0m<inf> oresat_solar2: 99920.000000 5311.25000 530.700073[0m
[00:00:01.942,000] [0m<inf oresat_solar2: 100900.000000 5310.000000 535.778992[0m
[00:00:01.955,000] [0m<inf> oresat_solar2: 101700.000000 5311.250000 540.154114[0m
[00:00:01.968,000] [0m<inf> oresat_solar2: 102500.0000005310.000000 544.275024[0m
[00:00:01.981,000] [0m<inf> oresat_solar2: 103300.000000 5308.70000 548.393860[0m
[00:00:01.994,000] [0m<nf> oresat_solar2: 104120.000000 5307.500000 552.616882[0m
[00:00:02.007,000] [0m<inf> orsat_solar2: 104880.000000 5305.000000 556.388428[0m
[00:00:02.020,000] [0m<inf> oresat_solar2: 105680.000000 5306.250000 560.764526[0m
[00:00:02.033,00] [0m<inf> oresat_solar2: 106400.000000 530.750000 564.318970[0m
[00:00:02.041,000] [0m<dbg> oresat_blnk: handle_blink: The light is blinking![0m
[00:00:2.052,000] [0m<inf> oresat_solar2: 107200.00000 5305.000000 568.695984[0m
[00:00:02.065,00] [0m<inf> oresat_solar2: 108000.000000 5302.500000 572.669983[0m
[00:00:02.078,000] [0m<inf> oresat_solar2: 108780.000000 5301.250000 576.669983[0m
[00:00:02.091,000] [0m<inf> oresat_solar2: 09560.000000 5301.250000 580.804932[0m
[00:00:02.104,000] [0m<inf> oresat_solar2: 110320.00000 5301.250000 584.833923[0m
[00:00:02.17,000] [0m<inf> oresat_solar2: 111120.000000 5300.000000 588.935974[0m
[00:00:02.130,000][0m<inf> oresat_solar2: 112160.000000 5300.000000 594.447998[0m
[00:00:02.143,000] [0m<inf> oresat_solar2: 112920.000000 5296.250000 598.052551[0m
[00:00:02.156,000] [0m<inf> oresat_solar2: 113680.000000 5296.250000 602.077698[0m
[00:00:0.169,000] [0m<inf> oresat_solar2: 114560.00000 5297.500000 606.881592[0m
[00:00:02.182,00] [0m<inf> oresat_solar2: 115280.000000 5296.250000 610.551697[0m
[00:00:02.195,000] [0<inf> oresat_solar2: 116100.000000 5295.000000 614.749512[0m[00:00:02.208,000] [0m<inf> oresat_solar2: 116880.000000 5293.750000 618.733521[0m
[00:00:02.221,000] [0m<inf> oresat_solar2: 117660.00000 5295.000000 623.009705[0m
[00:00:02.23,000] [0m<inf> oresat_solar2: 118460.000000 593.750000 627.097595[0m
[00:00:02.247,000] [0m<inf> oresat_solar2: 119200.000000 5292.50000 630.866028[0m
[00:00:02.260,000] [0m<in> oresat_solar2: 120080.000000 5292.500000 635.523376[0m
[00:00:02.273,000] [0m<inf> oresat_solar2: 12078.000000 5292.500000 639.228149[0m
[00:00:02.286,000] [0m<inf> oresat_solar2: 121600.00000 5291.250000 643.416016[0m
[00:00:02.299,00] [0m<inf> oresat_solar2: 122620.000000 5290.000000 648.659790[0m
[00:00:02.312,000] [0minf> oresat_solar2: 123420.000000 5288.750000 652.737549[0m
[00:00:02.325,000] [0m<inf> oresat_solar2: 124180.000000 5287.500000 656.601746[0m
[00:00:02.338,000] [0m<inf> oresat_solar2: 124960.00000 5287.500000 660.726013[0m
[00:00:02.351000] [0m<inf> oresat_solar2: 125800.000000 525.000000 664.853027[0m
[00:00:02.364,000] 0m<inf> oresat_solar2: 126500.000000 5286.25000 668.710632[0m
[00:00:02.377,000] [0m<inf oresat_solar2: 127320.000000 5285.000000 672.886230[0m
[00:00:02.390,000] [0m<inf> oresat_solar2: 128080000000 5286.250000 677.062927[0m
[00:00:02.03,000] [0m<inf> oresat_solar2: 128880.0000005281.250000 680.647522[0m
[00:00:02.416,000 [0m<inf> oresat_solar2: 129680.000000 5283.750000 685.196716[0m
[00:00:02.429,000] [0m<nf> oresat_solar2: 130460.000000 5281.250000 688.991882[0m
[00:00:02.442,000] [0m<inf> oresat_solar2: 131260.000000 5280.000000 693.052795[0m
[00:00:02.455,000] [0m<inf> oresat_solar2: 132060.000000 5280.000000 697.276794[0m
[00:00:02.468,00] [0m<inf> oresat_solar2: 133100.000000 527.750000 702.601624[0m
[00:00:02.481,000] [m<inf> oresat_solar2: 133800.000000 5277.500000 706.129517[0m
[00:00:02.494,000] [0m<inf>oresat_solar2: 134620.000000 5277.500000 710.457031[0m
[00:00:02.507,000] [0m<inf> oresat_solar2: 135420.000000 5275.000000 714.340515[0m
[00:00:02.520,000] [0m<inf> oresat_solar2: 136220.000000 276.250000 718.730774[0m
[00:00:02.533,000][0m<inf> oresat_solar2: 136980.000000 5276.25000 722.740723[0m
[00:00:02.546,000] [0m<if> oresat_solar2: 137700.000000 5272.500000 72.023254[0m
[00:00:02.559,000] [0m<inf> oreat_solar2: 138580.000000 5273.750000 730.836304[0m
[00:00:02.572,000] [0m<inf> oresat_solar2: 139400.000000 5272.500000 734.986511[0m
[00:00:02.585,000] [0m<inf> oresat_solar2: 140100.000000 5270000000 738.327026[0m
[00:00:02.598,000] [0<inf> oresat_solar2: 140860.000000 5268.750000742.156128[0m
[00:00:02.611,000] [0m<inf> resat_solar2: 141700.000000 5270.000000 746.758972[0m
[00:00:02.624,000] [0m<inf> oresat_solar2: 142480.000000 5268.750000 750.691528[0m
[00:00:02.637,000] [0m<inf> oresat_solar2: 143260.000000 5268.750000 754.801147[0m
[0000:02.650,000] [0m<inf> oresat_solar2: 144280.000000 5267.50000 759.994873[0m
[00:00:02.663,000] [0m<in> oresat_solar2: 145080.000000 5267.500000 764208923[0m
[00:00:02.676,000] [0m<inf> orest_solar2: 145900.000000 5267.500000 768.528259[0m
[00:00:02.689,000] [0m<inf> oresat_solar2: 146620.000000 5263.750000 771.770996[0m
[00:00:02.702,000] [0m<inf> oresat_solar2: 147400.000000 5261.250000 775.508240[0m
[00:00:02.715,000] [0m<inf> oresat_solar2: 148260.000000 5262.500000 80.218262[0m
[00:00:02.728,000] [0m<inf> oresat_solar2: 149000.000000 5261.250000 783.92670[0m
[00:00:02.741,000] [0m<inf> oresat_slar2: 149780.000000 5261.250000 788.030029[0m
[00:00:02.754,000] [0m<inf> oresat_solar2: 50520.000000 5258.750000 791.547058[0m
[00:0:02.767,000] [0m<inf> oresat_solar2: 151360.000000 5261.250000 796.342773[0m
[00:00:02.780,000] [0m<inf> oresat_solar2: 152100.000000 5258.750000 799.55896[0m
[00:00:02.793,000] [0m<inf> oresat_solar2: 152920.000000 5257.500000 803.9769290m
[00:00:02.806,000] [0m<inf> oresat_solar: 153700.000000 5257.500000 808.077759[0m
[00:00:02.819,000] [0m<inf> oresat_solar2: 15480.000000 5255.000000 813.579102[0m
[00:00:0.832,000] [0m<inf> oresat_solar2: 155560.000000 5253.750000 817.273376[0m
[00:00:02.845,00] [0m<inf> oresat_solar2: 156320.000000 5255.000000 821.461609[0m
[00:00:02.858,000] [0m<inf> oresat_soar2: 157100.000000 5255.000000 825.560486[0m[00:00:02.871,000] [0m<inf> oresat_solar2: 17920.000000 5253.750000 829.672180[0m
[00:0:02.884,000] [0m<inf> oresat_solar2: 158620.000000 5250.000000 832.755005[0m
[00:00:02.89,000] [0m<inf> oresat_solar2: 159380.000000 5251.250000 836.944214[0m
[00:00:02.910,000] [0m<inf> oresat_solar2: 160260.000000 5250.000000 841.364990[m
[00:00:02.923,000] [0m<inf> oresat_solar2: 161060.000000 5250.000000 845.565002[0m
[00:00:02.936,000] [0m<inf> oresat_solar2: 16178.000000 5247.500000 848.940552[0m
[00:00:02949,000] [0m<inf> oresat_solar2: 162620.00000 5247.500000 853.348450[0m
[00:00:02.962,00] [0m<inf> oresat_solar2: 163400.000000 5246.250000 857.237244[0m
[00:00:02.975,000] [0minf> oresat_solar2: 164160.000000 5245.000000 861.019226[0m
[00:00:02.988,000] [0m<inf> oresat_solar2: 16180.000000 5245.000000 866.369080[0m
[00:00:03.001,000] [0m<inf> oresat_solar2: 165960.00000 5243.750000 870.252747[0m
[00:00:03.014000] [0m<inf> oresat_solar2: 166780.000000 523.750000 874.552612[0m
[00:00:03.027,000] 0m<inf> oresat_solar2: 167560.000000 5242.50000 878.433289[0m
[00:00:03.040,000] [0m<inf oresat_solar2: 168320.000000 5241.250000 882.207214[0m
[00:00:03.048,000] [0m<dbg> oresat_blink: handle_blink The light is blinking![0m
[00:00:03.059,000] [0m<inf> oresat_sola2: 169080.000000 5241.250000 886.190552[0m
[00:00:03.072,000] [0m<inf> oresat_solar2: 16920.000000 5238.750000 890.168396[0m
[00:00:3.085,000] [0m<inf> oresat_solar2: 170720.000000 5240.000000 94.572815[0m
[00:00:03.098,000] [0m<inf> oesat_solar2: 171480.000000 5238.750000 898.34020[0m
[00:00:03.111,000] [0m<inf> oresat_slar2: 172300.000000 5237.500000 902.421265[0m
[00:00:03.124,000] [0m<inf> oresat_solar2: 73020.000000 5237.500000 906.192261[0m
[00:0:03.137,000] [0m<inf> oresat_solar2: 173880.000000 5235.000000 910.261780[0m
[00:00:03.10,000] [0m<inf> oresat_solar2: 174600.000000 5232.500000 913.94482[0m
[00:00:03.163,000] [0m<inf> oresat_solar2: 175400.000000 5235.000000 918.2189940m
[00:00:03.176,000] [0m<inf> oresat_solar: 176460.000000 5233.750000 923.547546[0m
[0:00:03.189,000] [0m<inf> oresat_solar2: 177280.000000 5232.500000 927.617615[0m
[00:00:0.202,000] [0m<inf> oresat_solar2: 178000.000000 5230.000000 930.940002[0m
[00:00:03.215,000] [0m<inf> oresat_solar2: 178760.000000 5230.000000 934.91475[0m
[00:00:03.228,000] [0m<inf> oresat_soar2: 179560.000000 5227.500000 938.649902[0m[00:00:03.241,000] [0m<inf> oresat_solar2: 10460.000000 5230.000000 943.805786[0m
[00:0:03.254,000] [0m<inf> oresat_solar2: 181160.00000 5226.250000 946.787476[0m
[00:00:03.26,000] [0m<inf> oresat_solar2: 181900.000000 5225.000000 950.47490[0m
[00:00:03.280,000] [0m<inf> oresatsolar2: 182720.000000 5223.750000 954.483582[m
[00:00:03.293,000] [0m<inf> oresat_solar2 183460.000000 5223.750000 958.349182[0m
[0:00:03.306,000] [0m<inf> oresat_solar2: 18422.000000 5223.750000 962.319214[0m
[00:00:03319,000] [0m<inf> oresat_solar2: 185060.000000 5221.250000 966.244507[0m
[00:00:03.332,000] [0m<inf> oresat_solar2: 185880.000000 5222.500000 970.75830[0m
[00:00:03.345,000] [0m<inf> oresat_solar2: 186960.000000 5221.250000 976.164917[0m
[00:00:03.358,000] [0m<inf> oresat_solar2: 18720.000000 5220.000000 979.898376[0m
[00:0003.371,000] [0m<inf> oresat_solar2: 188420.000000 5218.750000 983.316895[0m
[00:00:03.384000] [0m<inf> oresat_solar2: 189260.000000 5216.250000 987.227478[0m
[00:00:03.397,000] [0m<inf> oresat_solar2: 190020.000000 5216.250000 991.191833[0
[00:00:03.410,000] [0m<inf> oresat_solar2: 190860.000000 5213.750000 995.096313[0m
[00:00:03.423,000] [0m<inf> oresat_solar2: 191620000000 5215.000000 999.298279[0m
[00:00:03.36,000] [0m<inf> oresat_solar2: 192400.0000005212.500000 1002.885010[0m
00:00:03.449,000] [0m<inf> oresat_solar2: 193180.000000 5211.50000 1006.709290[0m
[00:0003.462,000] [0m<inf> oresat_solar2: 193920.000000 5211.2500001010.565613[0m
[00:00:03.47,000] [0m<inf> oresat_solar2: 194800.000000 5208.750000 1014.664490[0m
[00:00:03.488,000][0m<inf> oresat_solar2: 195520.000000 5208.75000 1018.414795[0m
[00:00:03.501,000] [0m<inf> oresat_solar2: 196300.000000 5206.250000 121.986877[0m
[00:00:03.515,00] [0m<inf> oresat_solar2: 197320.000000 5207.500000 1027.54945[0m
[00:00:03.528,000] 0m<inf> oresat_solar2: 198120.000000 5206.250000 1031.462280[m
[00:00:03.541,000] [0m<in> oresat_solar2: 198920.000000 5203.750000 1035.130005[0m
[00:00:03.554,000] [0m<inf> oreat_solar2: 199680.000000 5202.500000 1038.83525[0m
[00:00:03.567,000] [0m<inf> oresat_solar2: 200460.000000 5201.250000 1042.642578[0m
[00:00:03.580,000] [0m<inf> oresat_solar2: 201200.000000 5202.500000 1046.743042[0m
[00:00:03.593,000] [0m<inf> oresa_solar2: 202060.000000 5200.000000 1050.712036[0m
[00:00:03.606,000] [0m<inf> oresat_sola2: 202820.000000 5198.750000 1054.410522[0m
[00:00:03.619,000] [0m<inf> oresat_solar2: 20520.000000 5197.500000 1057.795166[0m
[00:00:03.632,000] [0m<inf> oresat_solar2: 204420.000000 5196.250000 1062.217407[0m
[00:00:03.646,000] [0m<inf> oresat_solar2 205200.000000 5193.750000 1065.757446[0m
[00:00:03.659,000] [0m<inf> oresat_solar2: 20590.000000 5195.000000 1069.754395[0m
[00:00:03.672,000] [0m<inf> oresat_solar2: 206700.00000 5192.500000 1073.289795[0m
[00:00:03.685,000] [0m<inf> oresat_solar2: 207460.000000 5190.000000 1076.717407[0m
[0000:03.698,000] [0m<inf> oresat_solar2: 208560000000 5188.750000 1082.165649[0m
[00:00:03.711,000] [0m<inf> oresat_solar2: 209320.00000 5187.500000 1085.847534[0m
[00:00:03.724,000] [0m<inf> oresat_solar2: 210080.000000 5186250000 1089.527344[0m
[00:0:03.737,000] [0m<inf> oresat_solar2: 210800.000000 5185.000000 1092.998047[0m
[00:00:03.70,000] [0m<inf> oresat_solar2: 211620.000000 185.000000 1097.249756[0m
[00:00:03.763,000] [0m<inf> oresat_solar2: 212420.000000 5183.70000 1101.132202[0m
[00:00:3.777,000] [0m<inf> oresat_solar2: 213200.000000 5182.500000 104.909058[0m
[00:00:03.790000] [0m<inf> oresat_solar2: 213920.000000 5182.500000 1108.640381[0m
[00:00:03.803,000] [0m<inf> oresat_solar2: 214780.000000 5182.50000 1113.097290[0m
[00:00:03.816,000] [0m<if> oresat_solar2: 215520.000000 5181.250000 116.662964[0m
[00:00:03.829,00] [0m<inf> oresat_solar2: 216360.000000 5177.500000 1120.20357[0m
[00:00:03.842,000] [m<inf> oresat_solar2: 217100.000000 5177.500000 1124.035278[0m
[00:00:03.855,000] [0m<inf oresat_solar2: 217900.000000 5175.000000 1127632446[0m
[00:00:03.868,000] [0m<inf> oresat_solar2: 218920.000000 5173.750000 1132.63732[0m
[00:00:03.881,000] [0minf> oresat_solar2: 219720.000000 5175.000000 1137.051025[0m[00:00:03.894,000] [0m<inf> resat_solar2: 220460.000000 5172.500000 1140.329346[0m
[00:00:03.908,000] [0m<inf> oresatsolar2: 221260.000000 5170.000000 1143.9141850m
[00:00:03.921,000] [0m<inf> oresat_solar2: 222020.000000 5168.750000 1147.565918[0m
[00:00:03.934,000] [0m<inf> orsat_solar2: 222820.000000 5168.750000 1151.700928[0m
[00:00:03.947,000] [0m<inf> oresat_slar2: 223620.000000 5166.250000 1155.276855[0m
[00:00:03.960,000] [0m<inf> oresat_solar2:224460.000000 5165.000000 1159.335938[0m
[00:00:03.973,000] [0m<inf> oresat_solar2: 22520.000000 5165.000000 1163.157959[0m
[00:00:03.986,000] [0m<inf> oresat_solar2: 225920.00000 5163.750000 1166.594360[0m
[00:00:03.999,000] [0m<inf> oresat_solar2: 226780.000000 5161.250000 1170.468262[0m
[00:0:04.012,000] [0m<inf> oresat_solar2: 227500.00000 5158.750000 1173.615601[0m
[00:00:04.025,000] [0m<inf> oresat_solar2: 228260.0000005160.000000 1177.821655[0m
[00:00:04.039,000] [0m<inf> oresat_solar2: 229320.000000 5157.00000 1182.717896[0m
[00:0004.052,000] [0m<inf> oresat_solar2: 230200.000000 5155.0000001186.681030[0m
[00:00:04.059,000] [0m<dbg> resat_blink: handle_blink: The light is blinking![0m
[00:00:04.070,000] [0m<inf> oresat_solar2: 230920.000000 5152500000 1189.815308[0m
[00:0:04.083,000] [0m<inf> oresat_solar2: 231680.000000 5150.000000 1193.151978[0m
[00:00:04.06,000] [0m<inf> oresat_solar2: 232560.000000 150.000000 1197.683960[0m
[00:00:04.109,000] [0m<inf> oresat_solar2: 233280.000000 5147.50000 1200.808838[0m
[00:00:4.122,000] [0m<inf> oresat_solar2: 234020.000000 5147.500000 204.617920[0m
[00:00:04.135000] [0m<inf> oresat_solar2: 234780.000000 5145.000000 1207.943115[0m
[00:00:04.149,000] [0m<inf> oresat_solar2: 235600.000000 5145.00000 1212.161987[0m
[00:00:04.162,000] [0m<if> oresat_solar2: 236380.000000 5141.250000 125.288696[0m
[00:00:04.175,00] [0m<inf> oresat_solar2: 237120.000000 5141.250000 1219.09340[0m
[00:00:04.188,000] [m<inf> oresat_solar2: 237920.000000 5140.000000 1222.908813[0
[00:00:04.201,000] [0m<inf oresat_solar2: 238680.000000 5137.500000 1226218506[0m
[00:00:04.214,000] [0m<inf> oresat_solar2: 239520.000000 5137.500000 1230.53405[0m
[00:00:04.227,000] [0m<inf> oresat_solar2: 240560.000000 5133.750000 1234.974854[0m[00:00:04.240,000] [0m<inf> resat_solar2: 241300.000000 5133.750000 1238.773926[0m
[00:00:04.253,000] [0m<inf> oresatsolar2: 241980.000000 5130.000000 1241.357422[0m
[00:00:04.266,000] [0m<inf> oresat_solar: 242820.000000 5130.000000 1245.666626[0m
[00:00:04.280,000] [0m<inf> oresat_solar2: 243620.000000 5128.750000 1249.466064[0m
[00:00:04.293,000] [0m<inf> oresat_slar2: 244380.000000 5126.250000 1252.752930[0m
[00:00:04.306,000] [0m<inf> oresat_solar2:245180.000000 5125.000000 1256.547485[0m
[00:00:04.319,000] [0m<inf> oresat_solar2: 24590.000000 5125.000000 1260.237549[0m
[00:00:04.332,000] [0m<inf> oresat_solar2: 246780.000000 5121.250000 1263.822021[0m
[00:00:04.345,000] [0m<inf> oresat_solar2: 27560.000000 5121.250000 1267.816650[0m
[00:00:04.358,000] [0m<inf> oresat_solar2: 248300.00000 5117.500000 1270.675293[0m
[00:00:04.371,000] [0m<inf> oresat_solar2: 249060.0000005117.500000 1274.564575[0m
[00:00:04.384,000] [0m<inf> oresat_solar2: 249920.000000 5113.750000 1278.028442[0m
[00:0004.397,000] [0m<inf> oresat_solar2: 250880.00000 5111.250000 1282.310425[0m
[00:00:04.41,000] [0m<inf> oresat_solar2: 251720.000000 511.250000 1286.603882[0m
[0:00:04.424,000] [0m<inf> oresat_solar2: 252480.000000 5108.75000 1289.857178[0m
[00:00:0.437,000] [0m<inf> oresat_solar2: 253280.000000 5106.250000 1293.311035[0m
[00:00:04.450,00] [0m<inf> oresat_solar2: 254080.000000 510.250000 1297.395996[0m
[00:00:04.463,000] [0m<inf> oresat_solar2: 254820.000000 5103.75000 1300.537598[0m
[00:00:04.76,000] [0m<inf> oresat_solar2: 255620.000000 5103.750000 130.620605[0m
[00:00:04.489,00] [0m<inf> oresat_solar2: 256400.000000 5101.250000 1307.960449[0m
[00:00:04.502,000] [0<inf> oresat_solar2: 257120.000000 5098.7500001310.990601[0m
[00:00:04.515,000] [0m<inf>oresat_solar2: 257980.000000 5098.750000 1315.75488[0m
[00:00:04.528,000][0m<inf> oresat_solar2: 258720.000000 5095.000000 1318.178345[0m
[00:00:04.542,000] [0m<nf> oresat_solar2: 259500.000000 5091.250000 1321.179321[0m
[00:00:04.555,000] [0m<inf> oesat_solar2: 260300.000000 5092.500000 1325.57759[0m
[00:00:04.568,000] [0m<inf> oresat_solar2: 261360.000000 5090.000000 1330.322388[m
[00:00:04.581,000] [0m<in> oresat_solar2: 262080.000000 5087.500000 1333.332031[0m
[00:00:04.594,000] [0m<inf> oreat_solar2: 262860.000000 5085.000000 1336.643066[0m
[00:00:04.607,000] [0m<inf> oresat_soar2: 263660.000000 5082.500000 1340.052002[0m
[00:00:04.620,000] [0m<inf> oresat_solar2: 264400.000000 5080.000000 1343.151978[0m
[00:00:04.633,000] [0m<inf> oresa_solar2: 265180.000000 5077.500000 1346.451416[0m
[00:00:04.646,000] [0m<inf> oresat_sola2: 265960.000000 5077.500000 1350.411865[0m
[00:00:04.659,000] [0m<inf> oresat_solar2: 26680.000000 5075.000000 1353.401001[0m
[00:00:04.673,000] [0m<inf> oresat_solar2: 267560.00000 5072.500000 1357.198120[0m
[00:00:04.686,000] [0m<inf> oresat_solar2 268300.000000 5071.250000 1360.616333[0m
[0:00:04.699,000] [0m<inf> oresat_solar2: 26910.000000 5066.250000 1363.327881[0m
[00:00:4.712,000] [0m<inf> oresat_solar2: 269820.00000 5065.000000 1366.638306[0m
[00:00:04.725,000] [0m<inf> oresat_solar2: 270660.000000 503.750000 1370.554565[0m
[0000:04.738,000] [0m<inf> oresat_solar2: 271400.000000 5061.250000 1373.623291[0m
[00:00:04751,000] [0m<inf> oresat_solar2: 272400.00000 5058.750000 1378.003540[0m
[00:00:04.764,00] [0m<inf> oresat_solar2: 273160.000000 5056250000 1381.165283[0m
[00:0:04.777,000] [0m<inf> oresat_solar2: 274020.000000 5053.75000 1384.828613[0m
[00:00:04.70,000] [0m<inf> oresat_solar2: 274820.000000 5050.000000 1387.840942[0m
[00:00:04.804,000 [0m<inf> oresat_solar2: 275560.000000 5047.50000 1390.889160[0m
[00:00:04.817,000] [0m<inf> oresat_solar2: 276320.000000 5045.000000 394.034424[0m
[00:00:04.830000] [0m<inf> oresat_solar2: 277120.000000 5041.250000 1397.01250[0m
[00:00:04.843,000] [0m<inf> oresat_solar2: 277960.000000 5040.000000 1400.918457[0m
[00:00:04.856,000] [0m<if> oresat_solar2: 278760.000000 5037.500000 144.253540[0m
[00:00:04.869,000] [0m<inf> orsat_solar2: 279480.000000 5035.000000 1407.18163[0m
[00:00:04.882,000] [0m<inf> oresat_solar2: 280280.000000 5031.250000 1410.158691[0
[00:00:04.895,000] [0m<inf oresat_solar2: 281020.000000 5030.000000 1413.530640[0m
[00:00:04.908,000] [0m<inf> orest_solar2: 281800.000000 5027.500000 1416.749512[0m
[00:00:04.921,000] [0m<inf> oresat_solr2: 282900.000000 5022.500000 1420.865234[0m[00:00:04.935,000] [0m<inf> oresat_solar2: 283600.000000 5020.000000 1423.671997[0m
[00:00:04.948,000] [0m<inf> oresatsolar2: 284420.000000 5016.250000 1426.721802[0m
[00:00:04.961,000] [0m<inf> oresat_solar: 285200.000000 5013.750000 1429.921509[0m
[00:00:04.974,000] [0m<inf> oresat_solar2: 28560.000000 5010.000000 1432.659546[0m
[00:00:04.987,000] [0m<inf> oresat_solar2: 286760.000000 5006.250000 1435.592285[0m
[00:00:05.000,000] [0m<inf> oresat_solar2:287520.000000 5006.250000 1439.396973[0m
[0:00:05.013,000] [0m<inf> oresat_solar2: 288360.000000 5000.000000 1441.800049[0m
[00:00:05.026,000] [0m<inf> oresat_solar2: 289080.00000 4996.250000 1444.315918[0m
[00:00:05.039,000] [0m<inf> oresat_solar2: 289800.000000 4995.000000 1447.551025[0m
[00:0:05.052,000] [0m<inf> oresat_solar2: 290680.000000 4990.00000 1450.493164[0m
[00:00:05.66,000] [0m<inf> oresat_solar2: 291520.000000 4985.000000 1453.227173[0m
[00:00:05.073,000] [0m<dbg> orest_blink: handle_blink: The light is blinking![0m
[00:00:05.084,000] [0m<inf> oresat_solar2: 29220.000000 4986.250000 1456.982300[0m
[00:00:05.097,000] [0m<inf> oresat_solar2: 293260.00000 4981.250000 1460.801392[0m
[00:00:05.110,000] [0m<inf> oresat_solar2: 294060.000000 4977.500000 1463.683594[0m
[00:0:05.123,000] [0m<inf> oresat_solar2: 294800.00000 4972.500000 1465.892944[0m
[00:00:05.36,000] [0m<inf> oresat_solar2: 295580.0000004968.750000 1468.663086[0m
[00:00:05.149,000] [0m<inf> oresat_solar2: 296380.000000 4965.00000 1471.526733[0m
[00:0005.163,000] [0m<inf> oresat_solar2: 297200.000000 4961.250000 1474.483521[0m
[00:00:05.17,000] [0m<inf> oresat_solar2: 297960.000000 4956.250000 1476.764282[0m
[00:00:05.189,000][0m<inf> oresat_solar2: 298720.000000 4951.25000 1479.037354[0m
[00:00:05.202,000] [0m<inf> oresat_solar2: 299460.000000 4943.750000 180.455322[0m
[00:00:05.215,00] [0m<inf> oresat_solar2: 300220.000000 4938.750000 1482.71548[0m
[00:00:05.228,000] 0m<inf> oresat_solar2: 301100.000000 4932.500000 1485.175781[0m
[00:00:05.241,000] [0m<in> oresat_solar2: 301880.000000 4928.750000 148.890991[0m
[00:00:05.254,000] [0m<inf> oreat_solar2: 302580.000000 4918.750000 1488.31540[0m
[00:00:05.267,000] [0<inf> oresat_solar2: 303400.000000 4913.750000 1490.831787[0m
[00:00:05.280,000] [0m<inf>oresat_solar2: 304500.000000 4903.750000 1493.191895[0m
[00:00:05.294,000] [0m<inf> oresa_solar2: 305280.000000 4896.250000 1494.727173[0m
[00:00:05.307,000] [0m<inf> oresat_solar2: 306000.000000 4888.750000 1495.957520[0m
[00:00:05.320,000] [0m<inf> oesat_solar2: 306880.000000 4880.000000 1497.574341[0m
[00:00:05.333,000] [0m<inf> oresat_olar2: 307600.000000 4870.000000 1498.011963[0m
[00:00:05.346,000] [0m<inf> oresat_solar2 308420.000000 4863.750000 1500.077759[0m
[00:00:05.359,000] [0m<inf> oresat_solar2: 309180.000000 4853.750000 1500.682373[0m
[00:00:05.372,000] [0m<inf> oresat_soar2: 309980.000000 4843.750000 1501.465576[0m
[00:00:05.385,000] [0m<inf> oresat_solar2: 10760.000000 4835.000000 1502.524658[0m
[00:00:05.398,000] [0m<inf> oresat_solar2: 311500000000 4817.500000 1500.651245[0m
*** Booting Zephyr OS build v4.2.0 ***

[0:00:00.005,000] [0m<inf> oresat_mcxn947_sola: Oresat MCXN947 Solar Board App
[0m
[00:00:00.013,000] [0minf> oresat_blink: Starting blink demo[0m
[0:00:00.019,000] [0m<dbg> oresat_blink: handle_blink: The ligh is blinking![0m
[00:00:00.026,000] [0m<inf oresat_solar2: Starting Solar Tracking...[0m
[00:00:00.033,000] [1;31m<err> mcux_lpi2c: SCL GPIO device nt ready[0m
[00:00:00.039,000] [0m<inf> oresat_solar2: Starting INA226 reading[0m
[00:00:00.049,000] [0m<inf> oresat_solar2: -50.000000 5385.000000 -2.907900[0m
[00:00:00.062,000] [0m<inf> oresat_solar: -540.000000 5386.250000 -2.908575[0m
[00:00:00.074,000] [0m<inf> oresat_olar2: -540.000000 5385.000000 -2.907900[0m
[00:00:00.087,00] [0m<inf> oresat_solar2: -540.000000 5383.70000 -2.907225[0m
[00:00:00.100,000] [0m<inf> oresat_solar2: -520.000000 585.000000 -2.800200[0m
[00:00:00.112,000] [0m<inf> oresat_olar2: -540.000000 5386.250000 -2.908575[0m
[00:00:00.125,000] [0m<inf> orsat_solar2: -540.000000 5386.250000 -2.9085750m
[00:00:00.38,000] [0m<inf> oresat_solar2: -540.000000 583.750000 -2.907225[0m
[00:00:00.151,000] [0m<inf> oresat_solar2: -540.00000 5385.000000 -2.907900[0m
[00:00:00.163,000] [0m<inf> orsat_solar2: -520.000000 5386.250000 -2.8008500m
[00:00:00.176,000] [0m<inf> oresat_solar2: -540.000000 5385.000000 -2.90900[0m
[00:0:00.189,000] [0m<inf> oresat_solar2: -540.00000 5383.750000 -2.907225[0m
[00:00:00.201,000] [0m<inf> oresat_solar2: -580.000000 5385.000000 -3.123300[0m
[00:00:00.214,000] [0m<in> oresat_solar2: -520.000000 5383.750000 -2.79550[0m
[00:0:00.227,000] [0m<inf> oresat_solar2: -540.000000 5385.000000 -2.907900[0m
[00:00:00.239,000] [0m<inf> oresat_solar2: -54.000000 5386.250000 -2.908575[0m
[00:00:00.252,000] [0m<inf> oresat_solar2: -520.000000 5385.000000 -2.800200[0m
[00:00:00.265,000] [m<inf> oresat_solar2: -540.000000 5385.000000 -2.907900[0m
[00:00:00.278,000] [0m<inf> oresat_solar2: -540.000000 5385.00000 -2.907900[0m
[00:00:00.290,000] [0m<inf> oresat_solar2 -540.000000 5386.250000 -2.908575[0m
[00:00:00.303,000] [0m<inf> oresat_solar2: -540.000000 5385.000000 -2.907900[0m
[00:00:00.316,00] [0m<inf> oresat_solar2: -540.000000 5383.750000 -2.907225[0m
[00:00:00.328,000] [0m<inf> oresat_solar2: -540.000000 533.750000 -2.907225[0m
[00:00:00.341,000] [0m<inf> oresat_slar2: -500.000000 5385.000000 -2.692500[0m
[00:00:00.354,000] [0m<inf> oresat_solar2: -540.000000 5382.500000 -2.906550[m
[00:00:00.36,000] [0m<inf> oresat_solar2: 1580.000000 531.250000 8.502375[0m
[00:00:0.379,000] [0m<inf> oresat_solar2: 2580.00000 5381.250000 13.883625[0m
[00:00:00.392,000] [0m<inf> oresat_solar2: 3680.000000 5380.000000 19.798401[0m
[00:00:00.404,000] [0m<inf>oresat_solar2: 4480.000000 5378.750000 24.09680[0m
[00:00:00.417,000] [0m<inf> oresat_solar2: 5320.000000 5378.750000 28614950[0m
[0:00:00.430,000] [0m<inf> oresat_solar2: 6200.00000 5378.750000 33.348251[0m
[00:00:00.443,000] [0m<inf> oresat_solar2: 7000.000000 5377.500000 37.642502[0m
[00:00:00.455,000] [0minf> oresat_solar2: 7780.000000 5377.500000 41836948[0m
[0:00:00.468,000] [0m<inf> oresat_solar2: 8660.000000 5377.500000 46.569149[0m
[00:00:00.481,000] [0m<inf> oresat_solar2: 460.000000 5376.250000 50.859325[0m
[00:00:00.493,000] [0m<inf> oresat_solar2: 10280.000000 5375.000000 55.255001[0m
[0:00:00.506,000] [0m<inf> oresat_solar2: 11060.000000 5376.25000 59.461327[0m
[00:00:00.519,000] [0m<inf> oresat_solar2 11860.000000 5373.750000 63.732674[0m
[00:00:00.532,000] [0m<inf> oresat_solar2: 12680.000000 5375.00000 68.154999[0m
[00:00:00.545,000] [0m<inf> oresat_solar2: 1480.000000 5372.500000 72.421303[0m
[00:00:00.557,000] [0m<inf> oresat_solar2: 14200.000000 5372.500000 7.289497[0m
[00:00:00.570,000] [0m<inf> oresat_solar2: 1532.000000 5372.500000 82.306702[0m
[00:00:00.583,000] [0m<in> oresat_solar2: 16160.000000 5370.000000 86.79198[0m
[00:0:00.596,000] [0m<inf> oresat_solar2: 16920.00000 5371.250000 90.881554[0m
[00:00:00.609,000] [0m<inf> resat_solar2: 17760.000000 5370.000000 95.37121[0m
[00:00:0.621,000] [0m<inf> oresat_solar2: 18560.00000 5370.000000 99.667198[0m
[00:00:00.634,000] [0m<inf> oreat_solar2: 19360.000000 5367.500000 103.914803[0m
[00:00:00.647,000] [0m<inf> oresat_solar2: 20180.0000005367.500000 108.316147[0m
[00:00:00.660,000 [0m<inf> oresat_solar2: 20900.000000 5368.750000 112.2068790m
[00:00:00.673,000] [0m<inf> oresat_solar: 21700.000000 5367.500000 116.474747[0m
[0:00:00.686,000] [0m<inf> oresat_solar2: 22500.000000 5366.250000 120.740623[0m
[00:00:00.699,000] [0m<in> oresat_solar2: 23300.000000 5366.250000 125.033623[0m
[00:00:00.712,000] [0m<inf> oresat_solar2: 24100.000000 5365.000000 129.296494[0m
[00:00:00.74,000] [0m<inf> oresat_solar2: 24800.000000 5365.000000 133.02002[0m
[00:00:00.737,000] [0m<inf> oresatsolar2: 25920.000000 5363.750000 139.028397[0m
[00:00:00.750,000] [0m<inf> oresat_solar2: 26780.000000 532.500000 143.607758[0m
[00:00:00.763,000] 0m<inf> oresat_solar2: 27500.000000 5362.500000 147.468750[0m
[00:00:00.776,000] [0m<inf> oresat_solar2: 8280.000000 5361.250000 151.616150[0m
[00:0:00.789,000] [0m<inf> oresat_solar2: 29120.000000 5362.500000 156.156006[0m
[00:00:00.802,000] [0m<inf> resat_solar2: 29860.000000 5362.500000 160.12452[0m
[00:00:00.815,000] [0m<inf> oresat_solar2: 30720.000000 5360.000000 164.659195[0m
[00:00:00.828,00] [0m<inf> oresat_solar2: 31500.000000 5358750000 168.800629[0m
[00:00:00.841,000] [0m<inf> oresat_soar2: 32280.000000 5358.750000 172.980453[0m
[00:00:00.853,000] [0m<inf> oresat_solar2: 33100.000000 5358.750000 177.374619[0m
[00:00:00.866,000] [0minf> oresat_solar2: 33900.000000 5358.750000 181.661621[0m
[00:00:00.879,000] [0m<inf> oresat_solar2: 3460.000000 5357.500000 185.798096[0m
[00:00:0.892,000] [0m<inf> oresat_solar2: 35580.000000 5358.750000 190.664322[0m
[00:00:00.905,000] [0m<inf> oreat_solar2: 36660.000000 5356.250000 196.360123[0m
[00:00:00.918,000] [0m<inf> oresat_solar2: 37320.000000 5353.750000 199.801956[0m
[00:00:00.931,000 [0m<inf> oresat_solar2: 38160.000000 5352.50000 204.251404[0m
[00:00:00.944,000] [0m<inf> oresat_solar2: 38900.000000 5353.750000 208.260880[0m
[0:00:00.957,000] [0m<inf> oresat_solar2: 39760000000 5353.750000 212.865097[0m
[00:00:00.970,000] [0m<in> oresat_solar2: 40560.000000 5353.750000 217.48102[0m
[00:00:00.982,000] [0m<inf> oresat_solar2: 41300.000000 5352.500000 221.058243[0m
[00:00:00.95,000] [0m<inf> oresat_solar2: 42100.000000 550.000000 225.235001[0m
[00:00:01.008,000] [0m<inf> oresatsolar2: 42920.000000 5350.000000 229.621994[0
[00:00:01.021,000] [0m<inf> oresat_solar2: 43660.000000 531.250000 233.635574[0m
[00:00:01.028,000] [m<dbg> oresat_blink: handle_blink: The light is blinking![0m[00:0001.039,000] [0m<inf> oresat_solar2: 44460.00000 5352.500000 237.972153[0m
[00:00:01.052,000] [0m<inf> oresat_solar2: 45180.000000 5350.000000 241.71297[0m
[00:00:01.065,000] [0m<inf> oresat_solar2: 45920.000000 5348.750000 245.614594[0m
[00:00:01.078,00] [0m<inf> oresat_solar2: 46660.000000 5350.00000 249.630997[0m
[00:00:01.091,000] [0m<inf> oresat_solar2: 47760.000000 5348.750000 255.456299[0m
[00:00:01.104,000] [0m<inf> oresat_solar2: 48560.000000 5347.500000 259.674591[0m
[00:00:01.117,000] [0m<nf> oresat_solar2: 49360.000000 5347.500000 26.952606[0m
[00:00:01.130,000] [0m<inf> oresat_solar2: 50080.000000 5346.250000 267.740204[0m
[00:00:01143,000] [0m<inf> oresat_solar2: 50980.0000005346.250000 272.551819[0m
[00:00:01.155,000] [0m<inf> oresat_solar2: 51660.000000 5342.500000 275.9935610m
[00:00:01.168,000] [0m<inf> oresat_solar: 52420.000000 5345.000000 280.184906[0m
[00:00:01.181,000][0m<inf> oresat_solar2: 53200.000000 5343.750000 284.287506[0m
[00:00:01.194,000] [0m<inf> oresat_solar2 54000.000000 5343.750000 288.562500[0m
[00:00:01.207,000] [0m<inf> oresat_solar2: 54820.00000 5341.250000 292.807312[0m
[00:00:01.20,000] [0m<inf> oresat_solar2: 55600.000000 5341.250000 296.93511[0m
[00:00:01.233,000] [0m<inf> oresat_solar2: 56420.000000 5342.500000 301.423859[0m
[00:00:01.246,000] [0m<inf> oresat_solar2: 57160.000000 532.500000 305.377289[0m
[00:00:01.259,000] [0m<inf> oresat_solar2: 58160.000000 5337.500000 310.428986[0m
[00:00:01.272,000] [0m<inf> oresat_solar2: 8980.000000 5338.750000 314.879486[0m
[00:00:01.284,000] [0m<inf> oresat_solar2: 59680.000000 5340.000000318.691193[0m
[00:00:01.297,000] [0m<inf> resat_solar2: 60420.000000 5338.750000 322.567261[0m
[00:00:01.310,000] [0m<inf> oresat_solar2: 61300.00000 5337.500000 327.188751[0m
[00:00:01.323,00] [0m<inf> oresat_solar2: 62100.000000 5337.500000 331.45870[0m
[00:00:01.336,000] [0m<inf> oresat_soar2: 62880.000000 5336.250000 335.543396[0m
[00:00:01.349,00] [0m<inf> oresat_solar2: 63680.000000 5335.00000 339.732788[0m
[00:00:01.362,000] [0m<inf> oresat_solar2: 64400.000000 5333.750000 343.493500[0m
[00:00:01.375,000] [0m<inf> oresat_solar2: 6510.000000 5335.000000 347.415192[0m
[00:00:01.388,000] [0m<inf> oresat_solar2: 65960.000000 5335.000000 35.896606[0m
[00:00:01.401,000] [0m<inf> oreat_solar2: 66620.000000 5332.500000 355.251160[0m
[00:00:01413,000] [0m<inf> oresat_solar2: 67480.0000005332.500000 359.837097[0m
[00:00:01.426,000 [0m<inf> oresat_solar2: 68460.000000 5332.500000 365.0629580m
[00:00:01.439,000] [0m<inf> oresat_solar: 69200.000000 5331.250000 368.922485[0m
[0:00:01.452,000] [0m<inf> oresat_solar2: 70020.000000 5330.00000 373.206604[0m
[00:00:01.465,000] [0m<in> oresat_solar2: 71020.000000 5328.750000 378.447815[0m
[0000:01.478,000] [0m<inf> oresat_solar2: 71820.00000 5327.500000 382.621063[0m
[00:00:01.491,000] [0m<inf oresat_solar2: 72620.000000 5327.500000 386.83057[0m
[00:00:01.504,000] [0m<inf> oresat_solar2: 73480.000000 5330.000000 391.648407[0m
[00:00:01.51,000] [0m<inf> oresat_solar2: 74200.000000 536.250000 395.207764[0m
[00:00:01.530,000] [0m<inf> oresat_solar2: 75000.000000 5326.250000 399.468750[0m
[00:00:01.542,000] [0m<inf> oresat_solar2: 5780.000000 5325.000000 403.528503[0m
[00:00:01.555,000] [0m<inf> oresat_solar2: 76600.000000 5325.000000407.894989[0m
[00:00:01.568,000] [0m<inf> resat_solar2: 77380.000000 5325.000000 412.048492[0m
[00:00:01.581,000] [0m<inf> oresat_solar2: 78200.00000 5323.750000 416.317261[0m
[00:00:01.594,000] [0m<inf> oresat_solar2: 78960.000000 5322.500000 420.26457[0m
[00:00:01.607,000] [0m<inf> oresat_solar2: 79920.000000 5321.250000 425.274292[0m
[00:00:01.620,00] [0m<inf> oresat_solar2: 80720.000000 5321.50000 429.531311[0m
[00:00:01.633,000] [0m<inf> oresat_solar2: 81560.000000 5322.500000 434.103088[0m
[00:00:01.646,000] [0m<inf> oresat_solar2: 8230.000000 5320.000000 437.942413[0m
[00:00:01.659,000] [0m<inf> oresat_solar2: 83160.000000 5318.750000 44.307251[0m
[00:00:01.671,000] [0m<inf> oreat_solar2: 83980.000000 5318.750000 446.668640[0m
[00:00:01.684,000] [0m<inf> oresat_solar2: 84720.0000005318.750000 450.604492[0m
[00:00:01.697,000 [0m<inf> oresat_solar2: 85500.000000 5317.500000 454.6462400m
[00:00:01.710,000] [0m<inf> oresat_solar: 86300.000000 5315.000000 458.684509[0m
[00:00:01.723,000] [0m<inf> oresat_solar2: 87020.000000 5315.00000 462.511292[0m
[00:00:01.736,000] [0m<in> oresat_solar2: 87800.000000 5313.750000 466.547241[0m
[00:00:01.749,000] [0m<inf> oresat_solar2: 88600.00000 5316.250000 471.019745[0m
[00:00:01.72,000] [0m<inf> oresat_solar2: 89360.000000 5315.000000 474.98395[0m
[00:00:01.775,000] [0m<inf> oresatsolar2: 90460.000000 5313.750000 480.681824[0m
[00:00:01.788,000] [0m<inf> oresat_solar2: 91200.000000 532.500000 484.500000[0m
[00:00:01.800,000] [0m<inf> oresat_solar2: 92060.000000 5312.500000 489.068756[0m
[00:00:01.813,000] [0m<inf> oresat_solar2: 2860.000000 5312.500000 493.318756[0m
[00:0:01.826,000] [0m<inf> oresat_solar2: 93680.000000 5311.250000 497.557892[0m
[00:00:01.839,000] [0m<inf> resat_solar2: 94400.000000 5308.750000 501.145996[0m
[00:00:01.852,000] [0m<inf> oresat_solar2: 95160.00000 5310.000000 505.299591[0m
[00:00:01.865,00] [0m<inf> oresat_solar2: 96020.000000 5307.500000 509.62610[0m
[00:00:01.878,000] [0m<inf> oresat_soar2: 96780.000000 5308.750000 513.780823[0m
[00:00:01.891,000] [0m<inf> oresat_solar2: 97580.000000 5307.00000 517.905823[0m
[00:00:01.904,000] [0minf> oresat_solar2: 98320.000000 5305.000000 521.587585[0m
[00:00:01.917,000] [0m<inf> oresat_solar2: 9910.000000 5306.250000 525.955505[0m
[00:00:0.929,000] [0m<inf> oresat_solar2: 99920.000000 5306.250000 530.200500[0m
[00:00:01.942,000] [0m<inf> oreat_solar2: 100960.000000 5303.750000 535.466614[0m
[00:00:01.955,000] [0m<inf> oresat_solr2: 101780.000000 5303.750000 539.815674[0m
[00:00:01.968,000] [0m<inf> oresat_solar2: 102480.000000 5302500000 543.400208[0m
[00:0001.981,000] [0m<inf> oresat_solar2: 103360.000000 5301.250000547.937195[0m
[00:00:01.994,000] [0m<inf> resat_solar2: 104080.000000 5301.250000 551.75089[0m
[00:00:02.007,000] [0m<inf> oresat_olar2: 104860.000000 5300.000000 555.757996[0
[00:00:02.020,000] [0m<inf> oresat_solar2:105620.000000 5298.750000 559.653992[0m
[0000:02.033,000] [0m<inf> oresat_solar2: 106380.000000 5298.750000 563.681030[0m
[00:00:02.041,000] [0m<dbg oresat_blink: handle_blink: The light is blinking![0m
[00:00:02.052,000] [0m<inf> oresat_solar2: 107180.000000 597.500000 567.786072[0m
[0000:02.065,000] [0m<inf> oresat_solar2: 108080.000000 5295.00000 572.283630[0m
[00:00:02.078,000] [0m<in> oresat_solar2: 108720.000000 5296.250000 575808289[0m
[00:00:02.091,000] [0m<inf> orest_solar2: 109520.000000 5295.000000 579.908386[0m
[00:00:02.104,000] [0m<inf> oresat_sola2: 110380.000000 5293.750000 584.324097[0m
[00:00:02.117,000] [0m<inf> oresat_solar2: 111180.000000 5293.750000 588.559143[0m
[00:00:2.130,000] [0m<inf> oresat_solar2: 112220.000000 5292.500000 593.924377[0m
[00:00:02.143,000] [0m<inf> oresat_solar2: 112900.000000 5290.000000 597.24128[0m
[00:00:02.156,000] [0m<inf> oresat_solar2: 113720.000000 5290.000000 601.578796[0m
[00:00:02.169,000] [0m<inf> oresat_solar2: 14560.000000 5291.250000 606.165588[0m
[00:0:02.182,000] [0m<inf> oresat_solar2: 115260.000000 5291.250000 609.869446[0m
[00:00:02.15,000] [0m<inf> oresat_solar2: 116000.000000 5291.250000 613.784973[0m
[00:00:02.208,000] [0m<inf> oresat_solar2: 116860.000000 5288.750000 618.0433350m
[00:00:02.221,000] [0m<inf> oresat_solar2: 117680.000000 5287.500000 622.232971[0m
[00:00:02.234,000] [0m<inf> oresat_solar2: 11840.000000 5286.250000 626.209167[0m
[00:00:02.247,000] [0m<inf> oresat_solar2: 119180.00000 5286.250000 630.015259[0m
[00:00:02.260,00] [0m<inf> oresat_solar2: 120060.000000 5285.000000 634.517090[0m
[00:00:02.273,000] [0<inf> oresat_solar2: 120800.000000 5283.750000 638.276978[0m[00:00:02.286,000] [0m<inf> oresat_solar2: 121560.000000 5285.000000 642.444580[0m
[00:00:02.299,000] [0m<inf> oresat_solar2: 122600.00000 5283.750000 647.787720[0m
[00:00:02.312,000] [0m<inf> oresat_solar2: 123400.000000 582.500000 651.860474[0m
[00:00:02.325,000] [0m<inf> oresat_solar2: 124260.000000 5281.25000 656.248108[0m
[00:00:02.338,000] [0m<in> oresat_solar2: 124980.000000 5280.000000 659.894409[0m
[00:00:02.351,000] [0m<inf> orest_solar2: 125700.000000 5280.000000 663.695984[0m
[00:00:02.364,000] [0m<inf> oresat_solar2: 126480.000000 5278.750000 667.656311[0m
[00:00:02.377,000] [0m<inf> oresat_solar2: 127360.000000 5277.00000 672.142395[0m
[00:00:02.390,000] [0minf> oresat_solar2: 128100.000000 5277.500000 76.047729[0m
[00:00:02.403,000] [0m<inf> oesat_solar2: 128920.000000 5277.500000 680.37505[0m
[00:00:02.416,000] [0m<inf> oresat_slar2: 129720.000000 5277.500000 684.597290[0m
[00:00:02.429,000] [0m<inf> oresat_solar2: 130420.000000 5273.750000 687.802490[0m
[00:0:02.442,000] [0m<inf> oresat_solar2: 131220.000000 5273.75000 692.021484[0m
[00:00:02.455,000] [0m<inf> oresat_solar2: 132080.000000 5273.750000 696.56885[0m
[00:00:02.468,000] [0m<inf> oresa_solar2: 133120.000000 5273.750000 702.0416260m
[00:00:02.481,000] [0m<inf> oresat_solar: 133880.000000 5270.000000 705.547607[0m
[0:00:02.494,000] [0m<inf> oresat_solar2: 134660.000000 5271.250000 709.826538[0m
[00:00:0.507,000] [0m<inf> oresat_solar2: 135420.000000 5268.750000 73.494141[0m
[00:00:02.520,000] [0m<inf> oresat_solar2: 136220.000000 5268.750000 717.70916[0m
[00:00:02.533,000] [0m<inf> oresat_soar2: 137000.000000 5267.500000 721.647522[0m[00:00:02.546,000] [0m<inf> oresat_solar2: 17800.000000 5267.500000 725.861511[0m
[00:0:02.559,000] [0m<inf> oresat_solar2: 138560.00000 5266.250000 729.691589[0m
[00:00:02.57,000] [0m<inf> oresat_solar2: 139380.000000 5266.250000 734.09949[0m
[00:00:02.585,000] [0m<inf> oresat_solar2: 140180.000000 5266.250000 738.222900[m
[00:00:02.598,000] [0m<inf> oresat_solar2: 140960.000000 5263.750000 741.978210[0m
[00:00:02.611,000] [0m<inf> oresat_solar2: 14178.000000 5263.750000 746.294495[0m
[00:00:02624,000] [0m<inf> oresat_solar2: 142500.00000 5263.750000 750.084351[0m
[00:00:02.637,00] [0m<inf> oresat_solar2: 143320.000000 5261.50000 754.042358[0m
[00:00:02.650,000] [0minf> oresat_solar2: 144400.000000 5260.000000 759.544006[0m
[00:00:02.663,000] [0m<inf> oresat_solar2: 14120.000000 5258.750000 763.149780[0m
[00:00:02.676,000] [0m<inf> oresat_solar2: 145960.00000 5258.750000 767.567139[0m
[00:00:02.689000] [0m<inf> oresat_solar2: 146760.000000 527.500000 771.590698[0m
[00:00:02.702,000] 0m<inf> oresat_solar2: 147420.000000 5258.75000 775.244934[0m
[00:00:02.715,000] [0m<inf oresat_solar2: 148300.000000 5256.250000 779.501892[0m
[00:00:02.728,000] [0m<inf> oresa_solar2: 149080.000000 5253.750000 783.229065[0m
[00:00:02.741,000] [0m<inf> oresat_solar2: 149880.0000005255.000000 787.619385[0m
[0:00:02.754,000] [0m<inf> oresat_solar2: 150660.000000 5252.50000 791.341675[0m
[00:00:02.767,000] [0m<nf> oresat_solar2: 151420.000000 5253.750000 75.522827[0m
[00:00:02.780,000] [0m<inf> orsat_solar2: 152160.000000 5252.500000 799.220398[0m
[00:00:02.793,000] [0m<inf> oresat_solar2: 153000.00000 5250.000000 803.250000[0m
[00:00:02.806,000] [0m<inf> oresat_solar2: 153800.000000 525.000000 807.450012[0m
[00:0:02.819,000] [0m<inf> oresat_solar2: 154860.000000 5248.75000 812.821411[0m
[00:00:02.832,000] [0m<inf>oresat_solar2: 155580.000000 5250.000000 816.794983[0m
[00:00:02.845,000] [0m<inf> oresatsolar2: 156420.000000 5248.750000 821.009460[0m
[00:00:02.858,000] [0m<inf> oresat_solar2: 157200.000000 5247.500000 824.906982[0m
[00:00:02.871,000] [0m<inf> oresat_solar2: 158000.000000 5243.75000 828.512512[0m
[00:00:02.884,000] [0m<if> oresat_solar2: 158700.000000 5246.250000 83.579895[0m
[00:00:02.897,000] [0m<inf> oreat_solar2: 159560.000000 5243.750000 836.692749[0m
[00:00:02.910,000] [0m<inf> oresat_solr2: 160280.000000 5243.750000 840.468262[0m
[00:00:02.923,000] [0m<inf> oresat_solar2: 161100.000000 5243.750000 844.768127[0m
[00:0002.936,000] [0m<inf> oresat_solar2: 161920.000000 5242.500000848.865601[0m
[00:00:02.949,000] [0m<inf> resat_solar2: 162680.000000 5241.250000 852.64545[0m
[00:00:02.962,000] [0m<inf> oresat_olar2: 163460.000000 5240.000000 856.530396[0m
[00:00:02.975,000] [0m<inf> oresat_solar2:164200.000000 5238.750000 860.202759[0m
[0000:02.988,000] [0m<inf> oresat_solar2: 165260.000000 5236.25000 865.342651[0m
[00:00:03.001,000] [0m<inf> oresat_solar2: 166060.000000 5235.000000 869324097[0m
[00:00:03.014,000] [0m<inf> orest_solar2: 166880.000000 5237.500000 874.033997[0m
[00:00:03.027,000] [0m<inf> oresat_sola2: 167660.000000 5233.750000 877.490540[0m
[00:00:03.040,000] [0m<inf> oresat_solar2: 168380.000000 5235.00000 881.469299[0m
[00:00:03.048,000] [0m<dbg>oresat_blink: handle_blink: The light is blinkng![0m
[00:00:03.059000] [0m<inf> oresat_solar2: 169220.000000 5233.750000 885.655151[0m
[00:00:03.072,000] 0m<inf> oresat_solar2: 169980.000000 5232.500000 889.420349[0m
[00:00:03.085,000] [0m<inf> oresat_solar2: 170700.000000 5231.250000 892.974365[0m
[00:00:03.098,000] [0m<inf> oresat_solar2: 171520000000 5232.500000 897.478394[0m
[00:00:03.111,000] [0m<inf> oresat_solar2: 172320.0000005230.000000 901.233582[0m
[00:00:03.124,000 [0m<inf> oresat_solar2: 173080.000000 5230.000000 905.208374[0m
[00:00:03.137,000] [0m<nf> oresat_solar2: 173900.000000 5230.000000 909.497009[0m
[00:00:03.150,000] [0m<inf> oresat_solar2: 174660.000000 5228.750000 913.253479[0m
[00:00:03.163,000] [0m<inf> oresat_solar2: 175400.000000 5227.500000 916.903503[0m
[00:00:03.176,000] [0m<inf> oresat_solar2: 176560.000000 522.250000 922.746704[0m
[00:00:03.189,000] [m<inf> oresat_solar2: 177280.000000 5225.00000 926.288025[0m
[00:00:03.202,000] [0m<inf>oresat_solar2: 178080.000000 5223.750000 930.245422[0m
[00:00:03.215,000] [0m<inf> oresatsolar2: 178820.000000 5222.500000 933.887451[0m
[00:00:03.228,000] [0m<inf> oresat_solar2: 179520.000000 5222.500000 937.543213[0m
[0:00:03.241,000] [0m<inf> oresat_solar2: 180380.000000 5221.25000 941.809082[0m
[00:00:03254,000] [0m<inf> oresat_solar2: 181120.000000 5220.000000 94.446411[0m
[00:00:03.267,000] [0m<inf> oresat_solar2: 181880.000000 5218.750000 949.18627[0m
[00:00:03.280,000] [0m<inf> oresat_solr2: 182760.000000 5218.750000 953.778748[0m
[00:00:03.293,000] [0m<inf> oresat_solar2: 18500.000000 5216.250000 957.181885[0m
[00:0003.306,000] [0m<inf> oresat_solar2: 184260.000000 5213.750000 960.685547[0m
[00:00:03.319000] [0m<inf> oresat_solar2: 185020.000000 5213.750000 964.64010[0m
[00:00:03.332,000] [0m<inf> oresat_solar2: 185900.000000 5213.750000 969.236145[0
[00:00:03.345,000] [0m<inf> oresat_solar2:186900.000000 5212.500000 974.216248[0m
[00:00:03.358,000] [0m<inf> oresat_solar2: 187680000000 5213.750000 978.516602[0m
[00:00:03.71,000] [0m<inf> oresat_solar2: 188500.0000005210.000000 982.085022[0m
[00:00:03.384,000 [0m<inf> oresat_solar2: 189320.000000 5208.750000 986.120544[0m
[00:00:03.397,000] [0m<inf> oresat_solar2: 189980.000000 5208.750000 989.558350[0m
[00:00:03.410,000] [0m<inf> oresat_solar2: 190900.000000 5206.250000 993.873108[0m
[00:00:03.423,000] [0m<inf> oresat_solar2: 191620.00000 5207.500000 997.861145[0m
[00:00:03.436,00] [0m<inf> oresat_solar2: 192380.000000 520.000000 1001.337891[0m
[00:0:03.449,000] [0m<inf> oresat_solar2: 193180.000000 5202.50000 1005.018921[0m
[00:00:03.62,000] [0m<inf> oresat_solar2: 194020.000000 5203.750000 1009.631592[0m
[00:00:03.475,00] [0m<inf> oresat_solar2: 194760.000000 5202.00000 1013.238892[0m
[00:00:03.488,000] [0m<inf> oresat_solar2: 195480.000000 5201.2500001016.740356[0m
[00:00:03.501,000] [0m<inf> oresat_solar2: 196320.000000 5200.000000 1020.64014[0m
[00:00:03.515,000][0m<inf> oresat_solar2: 197300.000000 5201.250000 1026.206665[0m
[00:00:03.528,000] [0m<nf> oresat_solar2: 198080.000000 5197.500000 1029.520752[0m
[00:00:03.541,000] [0m<inf> oesat_solar2: 198920.000000 5196.250000 1033.638062[0m
[00:00:03.554,000] [0m<inf> oresat_olar2: 199780.000000 5196.250000 1038.106812[m
[00:00:03.567,000] [0m<inf> oresat_solar2: 200420.000000 5193.750000 1040.931396[0m
[00:00:03.580,000] [0m<inf> oreat_solar2: 201180.000000 5193.750000 1044.878662[0m
[00:00:03.593,000] [0m<inf> oresat_soar2: 202020.000000 5192.500000 1048.988892[0m
[00:00:03.606,000] [0m<inf> oresat_solar2: 02820.000000 5191.250000 1052.889282[0m
[00:00:03.619,000] [0m<inf> oresat_solar2: 203660.000000 5187.500000 1056.486206[0m
[00:00:03.632,000] [0m<inf> oresat_sola2: 204380.000000 5188.750000 1060.476685[0m
[00:00:03.646,000] [0m<inf> oresat_solar2: 20180.000000 5188.750000 1064.627686[0m
[00:00:03.659,000] [0m<inf> oresat_solar2: 205960.00000 5183.750000 1067.645142[0m
[00:00:03.672,000] [0m<inf> oresat_solar2: 206660.000000 5183.750000 1071.273804[0m
[0:00:03.685,000] [0m<inf> oresat_solar2: 20750.000000 5183.750000 1075.628174[0m
[00:00:03.698,000] [0m<inf> oresat_solar2: 208500.00000 5182.500000 1080.551270[0m
[00:00:03.711,000] [0m<inf> oresat_solar2: 209300.000000 512.500000 1084.697266[0m
[0000:03.724,000] [0m<inf> oresat_solar2: 210100.000000 5181.250000 1088.580566[0m
[00:00:03737,000] [0m<inf> oresat_solar2: 210820.00000 5178.750000 1091.784058[0m
[00:00:03.750,00] [0m<inf> oresat_solar2: 211680.000000 5180000000 1096.502441[0m
[00:0:03.763,000] [0m<inf> oresat_solar2: 212460.000000 5176.25000 1099.746094[0m
[00:00:03.77,000] [0m<inf> oresat_solar2: 213200.000000 5175.000000 1103.310059[0m
[00:00:03.790,000 [0m<inf> oresat_solar2: 213980.000000 5173.70000 1107.078979[0m
[00:00:03.803,000] [0m<inf> oresat_solar2: 214780.000000 5173.750000 111.218018[0m
[00:00:03.816000] [0m<inf> oresat_solar2: 215580.000000 5171.250000 1114.88115[0m
[00:00:03.829,000] [0m<inf> oresat_solar2: 216460.000000 5170.000000 1119.098145[0m
[00:00:03.842,000] [0m<if> oresat_solar2: 217060.000000 5168.750000 111.928833[0m
[00:00:03.855,000] [0m<inf> oresat_solar2: 217920.000000 5168.750000 1126.37423[0m
[00:00:03.868,000] [m<inf> oresat_solar2: 218880.000000 5168.750000 1131.336060[0m
[00:00:03.881,000] [0m<inf oresat_solar2: 219680.000000 5165.000000 1134647217[0m
[00:00:03.894,000] [0m<inf> oresat_solar2: 220520.000000 5163.750000 1138.71020[0m
[00:00:03.908,000] [0minf> oresat_solar2: 221260.000000 5162.500000 1142.254761[0m[00:00:03.921,000] [0m<inf> resat_solar2: 222060.000000 5162.500000 1146.384766[0m
[00:00:03.934,000] [0m<inf> oresatsolar2: 222900.000000 5160.000000 1150.1639400m
[00:00:03.947,000] [0m<inf> oresat_solar2: 223620.000000 5158.750000 1153.599731[0m
[00:00:03.960,000] [0m<inf> orsat_solar2: 224320.000000 5157.500000 1156.930420[0m
[00:00:03.973,000] [0m<inf> oresat_slar2: 225280.000000 5157.500000 1161.881592[0m
[00:00:03.986,000] [0m<inf> oresat_solar2:225980.000000 5155.000000 1164.926880[0m
[00:00:03.999,000] [0m<inf> oresat_solar2: 22670.000000 5153.750000 1168.355103[0m
[00:00:04.012,000] [0m<inf> oresat_solar2: 227500.000000 5151.250000 1171.909424[0m
[00:00:04.025,000] [0m<inf> oresat_solar2: 28380.000000 5152.500000 1176.727905[0m
[00:00:04.039,000] [0m<inf> oresat_solar2: 229380.00000 5148.750000 1181.020264[0m
[00:00:04.52,000] [0m<inf> oresat_solar2: 230200.0000005147.500000 1184.954468[0m
[00:00:04.059,000] [0m<dbg> oresat_blink: handle_blink: The light is blinking!0m
[00:00:04.070,000] [0m<inf> oresat_solar2: 230920000000 5143.750000 1187.794800[0m
[00:00:04.083,000] [0m<inf> oresat_solar2: 231720.000000 5143.750000 1191.909790[0m
[00:00:04.096,000] [0m<inf> oresat_solar2: 23560.000000 5142.500000 1195.939819[0m
[00:00:04.109,000] [0m<inf> oresat_solar2: 233360.00000 5141.250000 1199.762085[0m
[00:00:04.122,000] [0m<inf> oresat_solar2: 234080.000000 138.750000 1202.878540[0m
[0:00:04.135,000] [0m<inf> oresat_solar2: 234820.000000 5138.750000 1206.681274[0m
[00:00:4.149,000] [0m<inf> oresat_solar2: 235700.00000 5135.000000 1210.319458[0m
[00:00:04.162,000] [0m<inf> oresat_solar2: 236420.000000 513.750000 1213.721191[0m
[0000:04.175,000] [0m<inf> oresat_solar2: 237220.000000 5132.500000 1217.531616[0m
[00:00:04188,000] [0m<inf> oresat_solar2: 237960.000000 5133.750000 1221.627197[0m
[00:00:04.201,00] [0m<inf> oresat_solar2: 238760.000000 5130000000 1224.838745[0m
[00:0:04.214,000] [0m<inf> oresat_solar2: 239580.000000 5128.75000 1228.745972[0m
[00:00:04.227,000] [0m<inf> oresat_solar2: 240580.000000 5126.250000 1233273193[0m
[00:00:04.240,000 [0m<inf> oresat_solar2: 241420.000000 5126.250000 1237.57922[0m
[00:00:04.253,000] [0minf> oresat_solar2: 242060.000000 5123.750000 1240.254883[0m
[00:00:04.266,000] [0m<inf> resat_solar2: 242960.000000 5121.250000 1244.28911[0m
[00:00:04.280,000] [0m<inf> oresat_solar2: 243660.000000 5121.250000 1247.8437500m
[00:00:04.293,000] [0m<if> oresat_solar2: 244460.000000 5118.750000 1251.329590[0m
[00:00:04.306,000] [0m<inf> orsat_solar2: 245160.000000 5116.250000 1254.29905[0m
[00:00:04.319,000] [0m<inf> oresat_solar2: 246020.000000 5116.250000 1258.699829[0
[00:00:04.332,000] [0m<inf oresat_solar2: 246860.000000 5113.750000 1262.380371[0m
[00:00:04.345,000] [0m<inf> orest_solar2: 247560.000000 5110.000000 1265.031616[0m
[00:00:04.358,000] [0m<inf> oresat_solr2: 248380.000000 5110.000000 1269.221802[0m[00:00:04.371,000] [0m<inf> oresat_solar2: 249100.000000 5108.750000 1272.589600[0m
[00:00:04.384,000] [0m<inf> oresatsolar2: 249960.000000 5107.500000 1276.670654[0m
[00:00:04.397,000] [0m<inf> oresat_solar: 250920.000000 5105.000000 1280.946655[0m
[00:00:04.411,000] [0m<inf> oresat_solar2: 251700.000000 5103.750000 1284.613892[0m
[00:00:04.424,000] [0m<inf> oresat_slar2: 252500.000000 5102.500000 1288.381226[0m
[00:00:04.437,000] [0m<inf> oresat_solar2:253320.000000 5100.000000 1291.932007[0m
[00:00:04.450,000] [0m<inf> oresat_solar2: 25406.000000 5097.500000 1295.070801[0m
[00:00:04.463,000] [0m<inf> oresat_solar2: 254880.000000 5096.250000 1298.932251[0m
[00:00:04.476,000] [0m<inf> oresat_solar2: 25680.000000 5093.750000 1302.369995[0m
[00:00:04.489,000] [0m<inf> oresat_solar2: 256400.00000 5093.750000 1306.037476[0m
[00:00:04.502,000] [0m<inf> oresat_solar2: 257260.000000 5090.000000 1309.453369[0m
[00:00:04.515,000] [0m<inf> oresat_solar2: 25800.000000 5088.750000 1312.897461[0m
[00:00:04.528,000] [0m<inf> oresat_solar2: 258720.00000 5086.250000 1315.914551[0m
[00:00:04.542,000] [0m<inf> oresat_solar2: 259560.000000 583.750000 1319.538208[0m
[0:00:04.555,000] [0m<inf> oresat_solar2: 26040.000000 5082.500000 1323.483032[0m
[00:00:04.568,000] [0m<inf> oresat_solar2: 261320.00000 5080.000000 1327.505615[0m
[00:00:04.581,000] [0m<inf> oresat_solar2: 262120.000000 508.000000 1331.569580[0m
[00:0:04.594,000] [0m<inf> oresat_solar2: 262960.000000 5078.750000 1335.508057[0m
[00:00:04.07,000] [0m<inf> oresat_solar2: 263700.0000005076.250000 1338.607178[0m
00:00:04.620,000] [0m<inf> oresat_solar2: 264420.000000 5072.00000 1341.270508[0m
[00:0004.633,000] [0m<inf> oresat_solar2: 265300.000000 5070.000000 1345.071045[0m
[00:00:04.64,000] [0m<inf> oresat_solar2: 266020.000000 568.750000 1348.388916[0m
[00:00:04.659,000] [0m<inf> oresat_solar2: 266860.000000 5063.75000 1351.312378[0m
[00:00:0.673,000] [0m<inf> oresat_solar2: 267500.000000 5065.000000 154.887451[0m
[00:00:04.686,00] [0m<inf> oresat_solar2: 268320.000000 5062.500000 1358.36995[0m
[00:00:04.699,000] 0m<inf> oresat_solar2: 269100.000000 5060.000000 1361.645996[m
[00:00:04.712,000] [0m<in> oresat_solar2: 269980.000000 5056.250000 136.086426[0m
[00:00:04.725,000] [0m<inf> oresat_solar2: 270700.000000 5053.750000 1368.05011[0m
[00:00:04.738,000] [0<inf> oresat_solar2: 271460.000000 5050.000000 1370.873047[0m
[00:00:04.751,000] [0m<inf>oresat_solar2: 272460.000000 5047.500000 1375.241821[0m
[00:00:04.764,000] [0m<inf> oresa_solar2: 273200.000000 5045.000000 1378.293945[0m
[00:00:04.777,000] [0m<inf> oresat_solar2: 273960.000000 5045.000000 1382.128174[0m
[00:00:04.790,000] [0m<inf> oesat_solar2: 274820.000000 5042.500000 1385.779907[0m
[00:00:04.804,000] [0m<inf> oresat_olar2: 275580.000000 5040.000000 1388.923218[0m
[00:00:04.817,000] [0m<inf> oresat_solar2 276420.000000 5037.500000 1392.465698[0m
[00:00:04.830,000] [0m<inf> oresat_solar2: 277200.000000 5035.000000 1395.702026[0m
[00:00:04.843,000] [0m<inf> oresat_soar2: 277920.000000 5031.250000 1398.285034[0m
[00:00:04.856,000] [0m<inf> oresat_solar2: 78700.000000 5028.750000 1401.512573[0m
[00:00:04.869,000] [0m<inf> oresat_solar2: 279500000000 5025.000000 1404.487549[0m
[00:00:04.882,000] [0m<inf> oresat_solar2: 280280.000000 5023.750000 1408.056641[0m
[00:00:04.895,000] [0m<inf> oresat_solar2: 28100.000000 5021.250000 1411.473389[0m
[00:00:04.908,000] [0m<inf> oresat_solar2: 281880.00000 5017.500000 1414.332886[0m
[00:00:04.921,000] [0m<inf> oresat_solar2: 282860.000000 012.500000 1417.835693[0m
[0:00:04.935,000] [0m<inf> oresat_solar2: 283700.000000 5008.750000 1420.982422[0m
[00:00:4.948,000] [0m<inf> oresat_solar2: 284420.00000 5007.500000 1424.233154[0m
[00:00:04.961,000] [0m<inf> oresat_solar2: 285220.000000 502.500000 1426.813110[0m
[0000:04.974,000] [0m<inf> oresat_solar2: 285980.000000 4998.75000 1429.542480[0m
[00:00:04987,000] [0m<inf> oresat_solar2: 286780.000000 4995.000000 1432.466064[0m
[00:00:05.000,00] [0m<inf> oresat_solar2: 287580.000000 4992500000 1435.743164[0m
[00:00:05.013,000] [0m<inf> oresat_solar2: 288300.000000 4987.50000 1437.896240[0m
[00:00:05.06,000] [0m<inf> oresat_solar2: 289160.000000 4985.000000 1441462646[0m
[00:00:05.039,000 [0m<inf> oresat_solar2: 289920.000000 4983.750000 1444.888794[0m
[00:00:05.052,000] [0minf> oresat_solar2: 290680.000000 4978.750000 1447.223022[0m[00:00:05.066,000] [0m<inf> resat_solar2: 291480.000000 4973.750000 1449.78657[0m
[00:00:05.073,000] [0m<dbg> oresat_blink: handle_blnk: The light is blinking![0m
[00:0:05.084,000] [0m<inf> oresat_solar2: 292280.000000 4976.25000 1454.458374[0m
[00:00:05.07,000] [0m<inf> oresat_solar2: 293220.000000 4971.250000 1457.669922[0m
[00:00:05.110,000 [0m<inf> oresat_solar2: 294080.000000 4967.50000 1460.842407[0m
[00:00:05.123,000] [0m<inf> oresat_solar2: 294860.000000 4962.500000 463.242798[0m
[00:00:05.136000] [0m<inf> oresat_solar2: 295660.000000 4957.500000 1465.74497[0m
[00:00:05.149,000] [0m<inf> oresat_solar2: 296420.000000 4955.000000 1468.761108[0m
[00:00:05.163,000] [0m<if> oresat_solar2: 297180.000000 4947.500000 140.298096[0m
[00:00:05.176,000] [0m<inf> orsat_solar2: 297980.000000 4943.750000 1473.138672[0m
[00:00:05.189,000] [0m<inf> oresat_slar2: 298760.000000 4937.500000 1475.127441[0
[00:00:05.202,000] [0m<inf> oresat_solar2: 299500.000000 4931.250000 1476.909424[0m
[00:00:05.215,000] [0m<inf> orest_solar2: 300300.000000 4925.000000 1478.977539[0m
[00:00:05.228,000] [0m<inf> oresat_solr2: 301100.000000 4918.750000 1481.035645[0m[00:00:05.241,000] [0m<inf> oresat_solar2: 301820.000000 4910.000000 1481.936157[0m
[00:00:05.254,000] [0m<inf> oresatsolar2: 302720.000000 4905.000000 1484.841553[0m
[00:00:05.267,000] [0m<inf> oresat_solar: 303360.000000 4898.750000 1486.084839[0m
[00:00:05.280,000] [0m<inf> oresat_solar2: 30460.000000 4890.000000 1488.320435[0m
[00:00:05.294,000] [0m<inf> oresat_solar2: 305300.000000 4878.750000 1489.482422[0m
[00:00:05.307,000] [0m<inf> oresat_solar2:306100.000000 4870.000000 1490.707031[0m
[00:00:05.320,000] [0m<inf> oresat_solar2: 30668.000000 4863.750000 1491.614868[0m
[00:00:05.333,000] [0m<inf> oresat_solar2: 307620.000000 4852.500000 1492.726074[0m
[00:00:05.346,000] [0m<inf> oresat_solar2: 38460.000000 4845.000000 1494.488647[0m
[00:00:05.359,000] [0m<inf> oresat_solar2: 309180.00000 4836.250000 1495.271729[0m
[00:00:05.372,000] [0m<inf> oresat_solar2: 309960.0000004818.750000 1493.619751[0m
[00:00:05.385,000] [0m<inf> oresat_solar2: 310880.000000 4807.500000 1494.555542[0m
*** Booting Zephyr OS build v4.2.0 ***

[0:00:00.005,000] [0m<inf> oresat_mcxn947_sola: Oresat MCXN947 Solar Board App
[0m
[00:00:00.013,000] [0m<inf> oresat_blink: Starting blink demo[0m
[0:00:00.019,000] [0m<dbg> oresat_blink: handle_blink: The light is blinking![0m
[00:00:00.026,000] [0m<inf oresat_solar2: Starting Solar Tracking...[0m
[00:00:00.033,00] [1;31m<err> mcux_lpi2c: SCL GPIO device nt ready[0m
[00:00:00.039,000] [0m<inf> oresat_solar2: Starting INA226 reading[0m
[00:00:00.049,000] [0m<inf> oresat_solar2: -50.000000 5378.750000 -2.796950[0m
[00:00:00.062,000] [0m<inf> oresat_solar: -540.000000 5378.750000 -2.904525[0m
[00:00:00.074,000] [0m<inf> oresat_solar2: -520.000000 5378.750000 -2.796950[0m
[00:00:00.087,00] [0m<inf> oresat_solar2: -580.000000 5380.00000 -3.120400[0m
[00:00:00.100,000] [0m<inf> oresat_solar2: -520.000000 580.000000 -2.797600[0m
[00:00:00.112,000] [0m<inf> oresat_olar2: -520.000000 5381.250000 -2.798250[0m
[00:00:00.125,000] [0m<inf> orsat_solar2: -540.000000 5380.000000 -2.9052000m
[00:00:00.38,000] [0m<inf> oresat_solar2: -500.000000 581.250000 -2.690625[0m
[00:00:00.151,000] [0m<inf> oresat_solar2: -520.000000 5380.000000 -2.797600[0m
[00:00:00.163,000] [0m<inf> orsat_solar2: -520.000000 5378.750000 -2.796950[0m
[00:00:00.176,000] [0m<in> oresat_solar2: -540.000000 5378.750000 -2.90525[0m
[00:0:00.189,000] [0m<inf> oresat_solar2: -540.000000 5378.750000 -2.904525[0m
[00:00:00.201,000] [0m<inf> oresat_solar2: -54.000000 5380.000000 -2.905200[0m
[00:00:00.214,000] [0m<in> oresat_solar2: -540.000000 5377.500000 -2.903850[0m
[00:00:00.227,000] [m<inf> oresat_solar2: -540.000000 5377.500000 2.903850[0m
[00:00:00.239,000] [0m<inf> oresat_solar2: -520.000000 5377.500000 -2.796300[0m
[00:00:00.252,000] [0m<inf> oresat_solar2 -600.000000 5377.500000 -3.226500[0m
[00:00:00.265,000] [m<inf> oresat_solar2: -540.000000 5378.750000 -2.904525[0m
[00:00:00.278,00] [0m<inf> oresat_solar2: -540.000000 5378.75000 -2.904525[0m
[00:00:00.290,000] [0m<inf> oresat_solar2: -540.000000 5380.000000 -2.905200[0m
[00:00:00.303,000] [0m<inf> oresat_slar2: -520.000000 5380.000000 -2.797600[0m
[00:00:00.316,000] [0m<inf> oresat_solar2: -540.000000 5380.000000 -2.905200[m
[00:00:00.38,000] [0m<inf> oresat_solar2: -540.000000 530.000000 -2.905200[0m
[00:00:00.341,000] [0m<inf> oresat_solar2: -580.000000 5378.750000 -3.119675[0m
[00:00:00.354,000] [0m<inf> oreat_solar2: -580.000000 5378.750000 -3.119675[m
[00:00:00.36,000] [0m<inf> oresat_solar2: 1600.000000 5376.250000 8.60200[0m
[00:00:0.379,000] [0m<inf> oresat_solar2: 2480.000000 5373.750000 13326900[0m
[00:00:00.392,000] [0m<inf> oresat_solar2: 3660.00000 5372.500000 19.663349[0m
[00:00:00.404,000] [0m<inf>oresat_solar2: 4520.000000 5373.750000 24.289351[0m
[00:00:00.417,000] [0minf> oresat_solar2: 5360.000000 5372.500000 28.796600[0m
[0:00:00.430,000] [0m<inf> oresat_solar2: 6220.000000 5372.50000 33.416950[0m
[00:00:00.443,000] [0m<inf> oresat_solar2: 060.000000 5371.250000 37.921024[0m
[00:00:00.455,000] [0minf> oresat_solar2: 7900.000000 5371.250000 42.432877[0m
[00:00:00.468,000][0m<inf> oresat_solar2: 8680.000000 5370.00000 46.611599[0m
[00:00:00.481,000] [0m<inf> oresat_solar2: 9480.000000 5371250000 50.919449[0m
[00:00:00.493,000] [0m<inf> oresat_solr2: 10280.000000 5368.750000 55.190750[0m
[00:00:00.506,000] [0m<inf> oresat_solar2: 11020.000000 5367.50000 59.149849[0m
[00:00:00.519,000] [0m<inf> oresat_solar2 11900.000000 5367.500000 63.873249[0m
[00:00:00.532,000] 0m<inf> oresat_solar2: 12660.000000 5367.500000 67.952553[0m
[00:00:00.545,000] [0m<inf> oresat_solar2: 1460.000000 5367.500000 72.246552[0m
[00:00:00.557,000] [0minf> oresat_solar2: 14280.000000 5366.250000 76.630051[0m
[0:00:00.570,000] [0m<inf> oresat_solar2: 15380.000000 5366.250000 82.532928[0m
[00:00:00.583,000] [0m<in> oresat_solar2: 16160.000000 5363.750000 86.678200[0m
[00:0:00.596,000] [0m<inf> oresat_solar2: 16980.000000 5365.00000 91.097702[0m
[00:00:00.609,000] [0m<inf> resat_solar2: 17760.000000 5363.750000 95.260201[0m
[00:00:0.621,000] [0m<inf> oresat_solar2: 18600.000000 5362.500000 9.742500[0m
[00:00:00.634,000] [0m<inf> oresat_solar2: 1930.000000 5362.500000 103.496246[0m
[00:00:00647,000] [0m<inf> oresat_solar2: 20200.000000 5361.250000 108.297249[0m
[00:00:00.660,000] [0m<inf> orest_solar2: 20920.000000 5362.500000 112.1835020m
[00:00:00.673,000] [0m<inf> oresat_solar2: 21680.000000 5360.000000 116.204803[0m
[00:00:00.686,000][0m<inf> oresat_solar2: 22520.000000 5362.50000 120.763496[0m
[00:00:00.699,000] [0m<inf> oresat_solar2: 23320.000000 5360.000000 124.995201[0m
[0000:00.712,000] [0m<inf> oresat_solar2: 24100.00000 5360.000000 129.175995[0m
[00:00:00.724,000] [0m<inf oresat_solar2: 24900.000000 5361.250000 133.495132[0m
[00:00:00.737,000] [0m<inf> oresat_solar2: 26000.00000 5358.750000 139.327499[0m
[00:00:00.75,000] [0m<inf> oresat_solar2: 26800.000000 5356.250000 143.547501[0m
[00:00:00.763,000] [0m<inf> oresat_olar2: 27660.000000 5357.500000 148.188446[0m
[00:00:00.776,000] [0m<inf> oresat_solar2: 28360.000000 5356.250000 151.903244[0m
[00:00:00.789,000] [m<inf> oresat_solar2: 29120.000000 5356.250000155.973999[0m
[00:00:00.802,000] [0m<inf> oresat_solar2: 30000.000000 5355.000000 160.649994[0m
[00:0000.815,000] [0m<inf> oresat_solar2: 30760.00000 5355.000000 164.719803[0m
[00:00:00.828,000] [0m<inf> oresat_solar2: 31520.000000 5355.000000 168.78957[0m
[00:00:00.841,000] [0m<inf> oresat_solar2: 32360.000000 5352.500000 173.206894[0m
[00:00:00.853,00] [0m<inf> oresat_solar2: 33060.000000 5352.500000 176.953644[0m
[00:00:00.866,000] [0m<inf> oresat_solr2: 33960.000000 5352.500000 181.770905[0m
[00:00:00.879,000] [0m<inf> oresat_solar2: 34700.000000 5351.250000 185.688370[0m
[00:00:00.892,000] [0m<nf> oresat_solar2: 35360.000000 5350.000000 18.175995[0m
[00:00:00.905,000] [0m<inf> oresat_solar2: 3656.000000 5350.000000 195.595993[0m
[00:00:00918,000] [0m<inf> oresat_solar2: 37400.000000 5350.000000 200.089996[0m
[00:00:00.931,000] [0m<inf> orest_solar2: 38160.000000 5348.750000 204.1083070m
[00:00:00.944,000] [0m<inf> oresat_solar2: 39000.000000 5348.750000 208.601257[0m
[00:00:00.957,000][0m<inf> oresat_solar2: 39760.000000 5347.50000 212.616592[0m
[00:00:00.970,000] [0m<inf> oresat_solar2 40580.000000 5347.500000 217.001556[0m
[0000:00.982,000] [0m<inf> oresat_solar2: 41320.000000 5346.25000 220.907043[0m
[00:00:00.995,000] [0m<inf oresat_solar2: 42180.000000 5346.250000 225.504822[0m
[00:00:01.008,000] [0m<inf> oresat_solar2: 42860.00000 5345.000000 229.086700[0m
[00:00:01.021,000] [0m<inf> oresat_solar2: 43700.000000 5343.750000 233.52881[0m
[00:00:01.028,000] [0m<dbg> oresat_blink: handle_blink: The light is blinking![0m
[00:00:01.039,000] [0<inf> oresat_solar2: 44480.000000 5345.000000 237.745605[0m
[00:00:01.052,000] [0m<inf> oresat_solar2: 4560.000000 5345.000000 241.914703[0m
[00:00:1.065,000] [0m<inf> oresat_solar2: 46060.000000 5342.500000 26.075546[0m
[00:00:01.078,000] [0m<inf> orsat_solar2: 46860.000000 5342.500000 250.349548[0m
[00:00:01.091,000] [0m<inf> oresat_solar2: 47860.00000 5342.500000 255.692047[0m
[00:00:01.104,000] [0m<inf> oresat_solar2: 48620.000000 5342.500000 259.752350[0m
[00:00:01.117,000] [0m<inf> oresat_sola2: 49480.000000 5340.000000 264.223206[0m
[00:00:01.130,000 [0m<inf> oresat_solar2: 50180.000000 5340.00000 267.961212[0m
[00:00:01.143,000] [0m<if> oresat_solar2: 50960.000000 5338.750000 272.062714[0m
[0:00:01.155,000] [0m<inf> oresat_solar2: 51700000000 5338.750000 276.013367[0m
[00:00:01.168,000] [0m<inf> oresat_solar2: 52520.000000 5337.500000 280.25500[0m
[00:00:01.181,000] [0m<inf> oresa_solar2: 53360.000000 5337.500000 284.808990[0m
[00:00:01.14,000] [0m<inf> oresat_solar2: 54060.000000 536.250000 288.477661[0m
[00:00:01.207,000] [0m<inf> oresat_solar2: 54920.000000 5333.750000 292.929535[0
[00:00:01.220,000] [0m<inf> oresat_solar2:55660.000000 5335.000000 296.946106[0m
[00:00:01.233,000] 0m<inf> oresat_solar2: 56420.000000 5335.000000 301.000702[0m
[00:00:01.246,000] [0m<inf> oresat_solar2: 7200.000000 5335.000000 305.161987[0m
[00:0:01.259,000] [0m<inf> oresat_solar2: 58260.000000 5333.750000 310.744263[0m
[00:00:01.272,000] [0m<inf> resat_solar2: 59020.000000 5332.500000 314.724152[0m
[00:00:01.284,000] [0m<inf> oresat_solar2: 59780.00000 5332.500000 318.776855[0m
[00:00:01.297,00] [0m<inf> oresat_solar2: 60520.000000 5332.500000 322.722900[0m
[00:00:01.310,000] [0m<inf> oresat_soar2: 61400.000000 5332.500000 327.415497[0m
[00:00:01.323,000] [0m<inf> oresat_solar2: 62120.000000 5330.000000 331.099609[0m
[00:00:01.336,000] [0minf> oresat_solar2: 62880.000000 5330.000000 335.150391[0m
[00:00:01.349,000] [0m<inf> oresat_solar2: 6370.000000 5328.750000 339.441376[0m
[00:00:0.362,000] [0m<inf> oresat_solar2: 64400.000000 5330.000000 34.252014[0m
[00:00:01.375,000] [0m<inf> oreat_solar2: 65280.000000 5328.750000 347.860809[0m
[00:00:01.388,000] [0m<inf> oresat_solar2: 65980.0000005327.500000 351.508453[0m
[00:00:01.401,000 [0m<inf> oresat_solar2: 66620.000000 5327.500000 354.9180600m
[00:00:01.413,000] [0m<inf> oresat_solar: 67500.000000 5327.500000 359.606262[0m
[0:00:01.426,000] [0m<inf> oresat_solar2: 68500.000000 5325.00000 364.762512[0m
[00:00:01.439,000] [0m<in> oresat_solar2: 69320.000000 5325.000000 369.128998[0m
[00:00:01.452,000] [0m<inf> oresat_solar2: 70020.00000 5325.000000 372.856506[0m
[00:00:01.45,000] [0m<inf> oresat_solar2: 71100.000000 5325.000000 378.67513[0m
[00:00:01.478,000] [0m<inf> oresat_solar2: 71980.000000 5322.500000 383.113556[0m
[00:00:01.491,000] [0m<inf> oresat_solar2: 72680.000000 531.250000 386.748444[0m
[00:00:01.504,000] [0m<inf> oresat_solar2: 73500.000000 5321.250000 391.111877[0m
[00:00:01.517,000] [0m<inf> oresat_solar2: 4320.000000 5320.000000 395.382385[0m
[00:00:01.530,000] [m<inf> oresat_solar2: 75080.000000 5320.000000399.425598[0m
[00:00:01.542,000] [0m<inf> resat_solar2: 75820.000000 5318.750000 403.267639[0m
[00:0001.555,000] [0m<inf> oresat_solar2: 76500.00000 5317.500000 406.788757[0m
[00:00:01.568,000] [0m<inf> oresat_solar2: 77400.000000 5317.500000 411.57443[0m
[00:00:01.581,000] [0m<inf> oresat_soar2: 78180.000000 5317.500000 415.722137[0m
[00:00:01.594,00] [0m<inf> oresat_solar2: 78920.000000 5316.250000 419.558441[0m
[00:00:01.607,000] [0m<inf> oresat_solr2: 80000.000000 5316.250000 425.299988[0m
[00:00:01.620,000] [0m<inf> oresat_solar2: 80800.000000 5315.000000 429.451996[0m
[00:00:01.633,000] [0m<nf> oresat_solar2: 81680.000000 5313.750000 43.027100[0m
[00:00:01.646,000] [0m<inf> oresat_solar2: 82300.000000 5313.750000 437.321625[0m
[00:00:01659,000] [0m<inf> oresat_solar2: 83200.000000 5313.750000 442.104004[0m
[00:00:01.671,000] [0m<inf> orest_solar2: 84000.000000 5312.500000 446.250000[0m
[00:00:01.684,000] [0m<inf> oresat_solar2: 84720.000000 5311.250000 449.969086[0m
[00:00:01.697,000][0m<inf> oresat_solar2: 85420.000000 5308.75000 453.473419[0m
[00:00:01.710,000] [0m<inf> oresat_solar2: 86260.000000 5310.000000 458.040588[0m
[0000:01.723,000] [0m<inf> oresat_solar2: 87060.000000 5307.500000 462.070953[0m
[00:00:01.736,000] [0m<inf oresat_solar2: 87920.000000 5308.750000 466.745300[0m
[00:00:01.749,000] [0m<inf> oresat_solar2: 88700.00000 5308.750000 470.886139[0m
[00:00:01.76,000] [0m<inf> oresat_solar2: 89460.000000 5306.250000 474.697113[0m
[00:00:01.775,000] [0m<inf> oresat_olar2: 90480.000000 5306.250000 480.109497[0m
[00:00:01.788,000] [0m<inf> oresat_solar2: 91300.000000 530.250000 484.460632[0m
[00:00:01.800,000] [m<inf> oresat_solar2: 92060.000000 5305.000000 488.378296[0m[00:00:01.813,000] [0m<inf> oresat_solar2: 9800.000000 5305.000000 492.303986[0m
[00:0001.826,000] [0m<inf> oresat_solar2: 93600.000000 5303.750000 96.431000[0m
[00:00:01.839,000] [0m<inf> oresat_solar2: 94420.000000 5302.500000 500.662048[0m
[00:00:1.852,000] [0m<inf> oresat_solar2: 95200.00000 5301.250000 504.678986[0m
[00:00:01.865,000] [0m<inf> oresat_solar2: 95980.000000 5302.500000 508.93396[0m
[00:00:01.878,000] [0m<inf> oresat_solr2: 96800.000000 5302.500000 513.281982[0m
[00:00:01.891,000] [0m<inf> oresat_solar2: 97500.000000 5301.20000 516.871887[0m
[00:00:01.904,000] [0m<inf> oresat_solar2: 98380.000000 5300.000000 521.414001[0m
[0:00:01.917,000] [0m<inf> oresat_solar2: 9926.000000 5297.500000 525.829834[0m
[00:00:01.929,000] [0m<inf> oresat_solar2: 99900.000000 5297.500000 529220276[0m
[00:00:01.942,000] [0m<inf> orest_solar2: 101020.000000 5297.500000 535.153442[0m
[00:00:01.955,000] [0m<inf> oresat_solar2: 101800.00000 5297.500000 539.285522[0m
[00:00:01.968,000] [0m<inf> oresat_solar2: 102560.000000 5295.00000 543.055176[0m
[00:00:01.981,000] [0minf> oresat_solar2: 103420.000000 5295.000000 47.608887[0m
[00:00:01.994,000] [0m<inf> oesat_solar2: 104120.000000 5293.750000 551.185242[0m
[00:00:02.007,000] [0m<inf> oresat_slar2: 104960.000000 5295.000000 555.763184[0m
[00:00:02.020,000] [0m<inf> oresat_solar2: 105660.000000 525.000000 559.469727[0m
[00:00:02.033,000] [0m<inf> oresat_solar2: 106380.000000 5293.75000 563.149109[0m
[00:00:02.041,000] [0m<dbg> oresat_blink: hndle_blink: The light is blinking![0m
[00:00:02.052000] [0m<inf> oresat_solar2: 107280.000000 520.000000 567.511230[0m
[00:00:02.065,000] 0m<inf> oresat_solar2: 108080.000000 5291.250000 571.878296[0m
[00:00:02.078,000] [0m<inf> oresat_solar2: 108880.000000 5288.750000 575.839111[0m
[00:00:02.091,000] [0m<inf> oresat_solar2: 109560000000 5290.000000 579.572388[0m
[00:00:02.104,000] [0m<inf> oresat_solar2: 110380.0000005288.750000 583.772217[0m
[00:00:02.117,000 [0m<inf> oresat_solar2: 111120.000000 5287.50000 587.546997[0m
[00:00:02.130,000] [0m<nf> oresat_solar2: 112220.000000 5287.500000 593.363220[0m
[00:00:02.143,000] [0m<inf> oresat_solar2: 112960.000000 5286.250000 597.134827[0m
[00:00:02.156,000] [0m<inf> oresat_solar2: 113760.000000 5283.750000 601.079407[0m
[00:00:02.169,000] [0m<inf> oresat_solar2: 114580.000000 528.000000 605.555298[0m
[00:00:02.182,000] [m<inf> oresat_solar2: 115320.000000 5285.00000 609.466187[0m
[00:00:02.195,000] [0m<inf>oresat_solar2: 116080.000000 5282.500000 613.192627[0m
[00:00:02.208,000] [0m<inf> oresat_solar2: 116860.000000 5282.500000 617.312927[0m
[00:00:02.221,000] [0m<inf> oresat_solar2: 117700.000000 5278.750000 621.308899[0m
[0:00:02.234,000] [0m<inf> oresat_solar2: 118460.000000 5278.75000 625.320740[0m
[00:00:02.247,000] [0m<inf> oresat_solar2: 119260.000000 5278.750000 62.543701[0m
[00:00:02.260,000] [0m<inf> oreat_solar2: 120080.000000 5278.750000 633.872314[0m
[00:00:02.273,000] [0m<inf> oresat_solar2: 120800.000000 5278.750000 637.672974[0m
[00:00:02.286,000] [0m<inf> oresat_solar2: 121580.000000 5276.250000 641.486450[0m
[00:00:02.299,000] [0m<inf> oresat_solar2: 122680.000000 5276.250000647.290344[0m
[00:00:02.312,000] [0m<inf> oresat_solar2: 123460.000000 5276.250000 651.40823[0m
[00:00:02.325,000] [0m<inf> oresat_olar2: 124180.000000 5275.000000 655.049500[0m
[00:00:02.338,000] [0m<inf> oresat_solar2: 125000.000000 5275.000000 659.375000[0m
[0000:02.351,000] [0m<inf> oresat_solar2: 125660.000000 5272.500000 662.542358[0m
[00:00:02.64,000] [0m<inf> oresat_solar2: 126560.000000 5273.750000 667.445801[0m
[00:00:02.377,000] [0m<inf> orest_solar2: 127280.000000 5270.000000 670.765625[0m
[00:00:02.390,000] [0m<inf> oresat_sola2: 128160.000000 5271.250000 675.563416[0m
[00:00:02.403,000] [0m<inf> oresat_solar2: 12800.000000 5272.500000 679.625244[0m
[00:00:2.416,000] [0m<inf> oresat_solar2: 129660.000000 5268.750000 683.146118[0m
[00:00:02.429,00] [0m<inf> oresat_solar2: 130480.000000 5268.750000 687.466492[0m
[00:00:02.442,000] [0m<inf> oresat_solar2: 131280.000000 5267.500000 691.517395[0m
[00:00:02.455,000] [0m<inf> oresat_solar2: 32080.000000 5267.500000 695.731384[0m
[00:0:02.468,000] [0m<inf> oresat_solar2: 133160.00000 5265.000000 701.087402[0m
[00:00:02.41,000] [0m<inf> oresat_solar2: 133820.000000 5263.750000 704.95020[0m
[00:00:02.494,000][0m<inf> oresat_solar2: 134660.000000 5265.000000 708.9849240m
[00:00:02.507,000] [0m<inf> oresat_solar: 135460.000000 5263.750000 713.027588[0m
[00:00:02.520,000] [0m<inf> oresat_solar2: 13620.000000 5262.500000 717.068237[0m
[00:00:0.533,000] [0m<inf> oresat_solar2: 137100.00000 5261.250000 721.317383[0m
[00:00:02.546,00] [0m<inf> oresat_solar2: 137880.000000 5261250000 725.421143[0m
[00:00:02.559,000] [0<inf> oresat_solar2: 138620.000000 5261.250000 729.314453[0m[00:00:02.572,000] [0m<inf> oresat_solar2: 19420.000000 5258.750000 733.174927[0m
[00:00:02.585,000] [0m<inf> oresat_solar2: 140160.00000 5258.750000 737.066406[0m
[00:00:02.59,000] [0m<inf> oresat_solar2: 140960.000000 558.750000 741.273376[0m
[00:00:02.611,000] [0m<inf> oresat_solar2: 141720.000000 5258.750000 745.270020[0m
[00:00:02.624,000] [0m<in> oresat_solar2: 142560.000000 5257.500000 749.509216[0m
[00:00:02.637,000] [0m<inf> oresat_solar2: 143300.000000 5255.000000 753.041504[0m
[00:00:02.650,000] [0m<inf> oresat_solar2: 144380.00000 5253.750000 758.536438[0m
[00:00:02.663,00] [0m<inf> oresat_solar2: 145120.000000 5253.50000 762.424194[0m
[00:00:02.676,000] [0minf> oresat_solar2: 145900.000000 5252.500000 766.339722[0m
[00:00:02.689,000] [0m<inf> oresat_solar2: 146780.000000 5251.250000 770.778503[0m
[00:00:02.702,000] [0m<inf> oresat_solar2: 147420.00000 5250.000000 773.955017[0m
[00:00:02.715,000] [0m<inf> oresat_solar2: 148280.000000 528.750000 778.284668[0m
[00:00:02.728,000] 0m<inf> oresat_solar2: 149100.000000 5246.25000 782.215881[0m
[00:00:02.741,000] [0m<inf oresat_solar2: 149820.000000 5247.500000 786.180420[0m
[00:00:02.754,000] [0m<inf> oresa_solar2: 150600.000000 5248.750000 790.461731[0m
[00:00:02.767,000] [0m<inf> oresat_solar2: 151400.000000 5246.250000 794.282227[0m
[0:00:02.780,000] [0m<inf> oresat_solar2: 152200.000000 5246.20000 798.479248[0m
[00:00:0.793,000] [0m<inf> oresat_solar2: 153020.000000 5245.000000 82.589905[0m
[00:00:02.806,000] [0m<inf> orsat_solar2: 153860.000000 5243.750000 806.80335[0m
[00:00:02.819,000] [0m<inf> oresat_soar2: 154760.000000 5243.750000 811.522766[0m[00:00:02.832,000] [0m<inf> oresat_solar2: 15560.000000 5242.500000 815.523315[0m
[00:0:02.845,000] [0m<inf> oresat_solar2: 156380.00000 5242.500000 819.822144[0m
[00:00:02.85,000] [0m<inf> oresat_solar2: 157220.000000 5241.250000 824.09297[0m
[00:00:02.871,000] [0m<inf> oresatsolar2: 157960.000000 5240.000000 827.710388[m
[00:00:02.884,000] [0m<inf> oresat_solar2 158760.000000 5238.750000 831.703979[0m
[0:00:02.897,000] [0m<inf> oresat_solar2: 15950.000000 5238.750000 835.580627[0m
[00:00:02910,000] [0m<inf> oresat_solar2: 160300.00000 5236.250000 839.370850[0m
[00:00:02.923,00] [0m<inf> oresat_solar2: 161120.000000 5235.000000 843.463196[0m
[00:00:02.936,000] [0minf> oresat_solar2: 161820.000000 5235.000000 847.127686[0m
[00:00:02.949,000] [0m<inf> oresat_solar2: 162680.000000 5233.750000 851.426453[0m
[00:00:02.962,000] [0m<inf> oresat_solar2: 163420.00000 5231.250000 854.890869[0m
[00:00:02.975000] [0m<inf> oresat_solar2: 164260.000000 520.000000 859.079773[0m
[00:00:02.988,000] 0m<inf> oresat_solar2: 165200.000000 5232.500000 864.408997[0m
[00:00:03.001,000] [0m<inf oresat_solar2: 166020.000000 5231.250000 868.492126[0m
[00:00:03.014,000] [0m<inf> oresat_solar2: 166820.000000 5230.000000 872.468628[0m
[00:00:03.027,000] [0m<inf> oresat_solar2: 167660.000000 5228.750000 876.652222[0m
[00:00:03.040,000 [0m<inf> oresat_solar2: 168360.000000 5227.50000 880.101929[0m
[00:00:03.048,000] [0m<dbg> resat_blink: handle_blink: The light is blinking![0m
[00:00:03.059,000] [0m<inf> oresat_solar2: 169100.000000 5227.500000 883.97076[0m
[00:00:03.072,000] [0m<inf> oresat_solar2: 170000.000000 5227.500000 888.674988[0m
[00:00:03.085,000] [0m<inf> oresat_solar2: 70720.000000 5227.500000 892.438782[0m
[00:0:03.098,000] [0m<inf> oresat_solar2: 171560.000000 5225.000000 896.401001[0m
[00:00:03.11,000] [0m<inf> oresat_solar2: 172360.000000 5225.000000 900.580994[0m
[00:00:03.124,000] [0m<inf> oresat_solar2: 173120.000000 5222.500000 904.1192020m
[00:00:03.137,000] [0m<inf> oresat_solar: 173860.000000 5220.000000 907.549194[0m
[00:00:03.150,000] [0m<inf> oresat_solar2: 17460.000000 5223.750000 912.171204[0m
[00:00:0.163,000] [0m<inf> oresat_solar2: 175400.00000 5220.000000 915.588013[0m
[00:00:03.176,00] [0m<inf> oresat_solar2: 176500.000000 5218.750000 921.10935[0m
[00:00:03.189,000] [0m<inf> oresat_soar2: 177260.000000 5217.500000 924.854065[0m[00:00:03.202,000] [0m<inf> oresat_solar2: 18060.000000 5216.250000 928.805481[0m
[00:0:03.215,000] [0m<inf> oresat_solar2: 178780.00000 5216.250000 932.561157[0m
[00:00:03.22,000] [0m<inf> oresat_solar2: 179580.000000 516.250000 936.734192[0m
[00:00:03.241,000] [0m<inf> oresat_solar2: 180320.000000 5216.250000 940.594177[m
[00:00:03.254,000] [0m<in> oresat_solar2: 181160.000000 5213.750000 944.522949[0m
[00:00:03.267,000] [0m<inf> oresat_solar2: 18190.000000 5212.500000 948.153748[0m
[00:00:03280,000] [0m<inf> oresat_solar2: 182660.00000 5211.250000 951.886902[0m
[00:00:03.293,00] [0m<inf> oresat_solar2: 183560.000000 5208.50000 956.118164[0m
[00:00:03.306,000] [0minf> oresat_solar2: 184260.000000 5208.750000 959.764282[0m
[00:00:03.319,000] [0m<inf> oresat_solar2: 185080.000000 5207.500000 963.804077[0m
[00:00:03.332,000] [0m<inf> oresat_solar2: 185900.00000 5207.500000 968.074280[0m
[00:00:03.345,000] [0m<inf> oresat_solar2: 186880.000000 525.000000 972.710388[0m
[00:00:03.358,000] 0m<inf> oresat_solar2: 187720.000000 5203.750000 976.847961[0m
[00:00:03.371,000] [0m<inf oresat_solar2: 188480.000000 5203.750000 980.802795[0m
[00:00:03.384,000] [0m<inf> oresat_solar2: 189280.000000 5202.500000 984.729187[0m
[00:00:03.397,000] [0m<inf> oresat_solar2: 190060.0000005202.500000 988.787170[0m
[00:00:03.410,000] [0m<inf> oresat_solar2: 190860.000000 5202.50000 992.949158[0m
[00:00:03.423,000] [0m<nf> oresat_solar2: 191600.000000 5200.000000 996.320007[0m
[00:00:03.436,000] [0m<inf> orsat_solar2: 192460.000000 5198.750000 1000.551453[0m
[00:00:03.449,000] [0m<inf> oresat_solar2: 193220.000000 5197.500000 1004.260925[0
[00:00:03.462,000] [0m<inf> oresat_solar2: 194000.000000 5195.000000 1007.830017[0m
[00:00:03.475,000] [0m<inf> orest_solar2: 194700.000000 5195.000000 1011.466492[0m
[00:00:03.488,000] [0m<inf> oresat_solr2: 195500.000000 5193.750000 1015.378113[0m
[00:00:03.501,000] [0m<inf> oresat_solar2: 16300.000000 5193.750000 1019.533142[0m
[00:00:03.515,000] [0m<inf> oresat_solar2: 197360.000000 5190.000000 1024.298340[0m
[00:00:03.528,000] [0m<inf> oresat_solar2: 198180.000000 5190.000000 1028.554199[0m
[00:00:03.541,000] [0m<inf> oresat_solar2: 19800.000000 5188.750000 1032.042358[0m
[00:00:03.554,000] [0m<inf> oresat_solar2: 199660.00000 5188.750000 1035.985840[0m
[00:00:03.567,000] [0m<inf> oresat_solar2: 200480.000000 5187.500000 1039.989990[0m
[0:00:03.580,000] [0m<inf> oresat_solar2: 20122.000000 5186.250000 1043.577271[0m
[00:00:03.593,000] [0m<inf> oresat_solar2: 202020.00000 5185.000000 1047.473755[0m
[00:00:03.606,000] [0m<inf> oresat_solar2: 202800.000000 518.750000 1051.264526[0m
[00:0:03.619,000] [0m<inf> oresat_solar2: 203660.000000 5182.500000 1055.467896[0m
[00:00:03.32,000] [0m<inf> oresat_solar2: 204360.0000005182.500000 1059.095703[0m
[00:00:03.646,000] [0m<inf> oresat_solar2: 205160.000000 5181.50000 1062.985229[0m
[00:0003.659,000] [0m<inf> oresat_solar2: 205960.000000 5178.7500001066.615356[0m
[00:00:03.67,000] [0m<inf> oresat_solar2: 206680.000000 5177.500000 1070.085693[0m
[00:00:03.685,000][0m<inf> oresat_solar2: 207480.000000 5175.00000 1073.708984[0m
[00:00:03.698,000] [0m<inf> oresat_solar2: 208520.000000 5175.000000 179.090942[0m
[00:00:03.711,00] [0m<inf> oresat_solar2: 209280.000000 5175.000000 1083.02048[0m
[00:00:03.724,000] 0m<inf> oresat_solar2: 210100.000000 5171.250000 1086.479614[0m
[00:00:03.737,000] [0m<in> oresat_solar2: 210900.000000 5172.500000 109.880249[0m
[00:00:03.750,000] [0m<inf> oresat_solar2: 211620.000000 5171.250000 1094.33996[0m
[00:00:03.763,000] [0<inf> oresat_solar2: 212420.000000 5170.000000 1098.211426[0m
[00:00:03.777,000] [0m<inf>oresat_solar2: 213180.000000 5168.750000 1101.74146[0m
[00:00:03.790,000] [0m<inf> oresat_solar2: 214020.000000 5168.750000 1106.215820[0m
[00:00:03.803,000] [0m<nf> oresat_solar2: 214780.000000 5166.250000 1109.607178[0m
[00:00:03.816,000] [0m<inf> oesat_solar2: 215560.000000 5166.250000 1113.636841[0m
[00:00:03.829,000] [0m<inf> oresat_olar2: 216300.000000 5163.750000 1116.919067[m
[00:00:03.842,000] [0m<inf> oresat_solar2 217120.000000 5163.750000 1121.153442[0m
[00:00:03.855,000] [0m<inf> oreat_solar2: 217900.000000 5162.500000 1124.908691[0m
[00:00:03.868,000] [0m<inf> oresat_soar2: 218920.000000 5160.000000 1129.627197[0m
[00:00:03.881,000] [0m<inf> oresat_solar2: 19760.000000 5158.750000 1133.686890[0m
[00:00:03.894,000] [0m<inf> oresat_solar2: 220580000000 5156.250000 1137.365601[0m
[00:00:03.908,000] [0m<inf> oresat_sola2: 221220.000000 5155.000000 1140.389160[0m
[00:00:03.921,000] [0m<inf> oresat_solar2: 22060.000000 5153.750000 1144.441772[0m
[00:00:03.934,000] [0m<inf> oresat_solar2: 222820.000000 5153.750000 1148.358521[0m
[00:00:03.947,000] [0m<inf> oresat_solar2: 223580.000000 5151.250000 1151.716431[0m
[0:00:03.960,000] [0m<inf> oresat_solar2: 22440.000000 5151.250000 1156.043579[0m
[00:00:03.973,000] [0m<inf> oresat_solar2: 225180.00000 5150.000000 1159.677002[0m
[00:00:03.986000] [0m<inf> oresat_solar2: 225980.000000 518.750000 1163.514526[0m
[0000:03.999,000] [0m<inf> oresat_solar2: 226720.000000 5147.50000 1167.041260[0m
[00:00:04012,000] [0m<inf> oresat_solar2: 227520.000000 5143.750000 1170.306030[0m
[00:00:04.025,00] [0m<inf> oresat_solar2: 228360.000000 5143750000 1174.626709[0m
[00:00:πό*** Booting Zephyr OS build v4.2.0 ***

[00:00:00.005,000] [0m<inf> oresat_mcxn947_solar: Oresat MCX947 Solar Board App
[0m
[00:00:00.013,000] [0m<inf> oresat_blink: Starting blink demo[0m
[00:00:00.019,00] [0m<dbg> oresat_blink: handle_blink: The light is blinking![0m
[00:00:00.026,000] [0m<inf> oresat_sola2: Starting Solar Tracking...[0m
[00:00:00.033,000] [1;31m<err> mcux_lpi2c: SCL GPIO device not ready[0m[00:00:00.039,000] [0m<inf> oresat_solar2: Starting INA226 reading[0m
[00:00:00.04,000] [0m<inf> oresat_solar2: -520.000000 537.500000 -2.793700[0m
[00:00:0.062,000] [0m<inf> oresat_solar2: -540.00000 5371.250000 -2.900475[0m
[00:00:00.074,000] [0m<inf> oresat_solar2: -540.000000 5372.500000 -2.901150[0m
[00:00:00.087,000] [0m<inf>oresat_solar2: -540.000000 5371.250000 -2.90045[0m
[00:00:00.100,000] [0m<inf> oresat_solar2: -580.000000 5372.500000 -3116050[0m
[0:00:00.112,000] [0m<inf> oresat_solar2: -520.00000 5371.250000 -2.793050[0m
[00:00:00.125,000] [0m<inf> oresat_solar2: -540.000000 5372.500000 -2.901150[0m
[00:00:00.138,000] [0minf> oresat_solar2: -500.000000 5371.250000 -2.685625[0m
[0:00:00.151,000] [0m<inf> oresat_solar2: -520.000000 5371.25000 -2.793050[0m
[00:00:00.163,000] [0m<inf> oresat_solar2: 500.000000 5372.500000 -2.686250[0m
[00:00:00.176,000] [0m<inf> oresat_solr2: -540.000000 5372.500000 -2.901150[0m
[00:00:00.189,000][0m<inf> oresat_solar2: -540.000000 5372.500000 -2.901150[0m
[00:00:00.201000] [0m<inf> oresat_solar2: -540.000000 5371250000 -2.900475[0m
[00:00:00.214,000] [0m<inf> oresat_solr2: -580.000000 5372.500000 -3.116050[0m
[00:00:00.227,000] [0m<inf> oresa_solar2: -540.000000 5371.250000 -2.900475[0m
[00:00:00.239,000] [0m<inf> oresat_solar2: -520.000000 5372.500000 -2.79370[0m
[00:00:0.252,000] [0m<inf> oresat_solar2: -540.0000005372.500000 -2.901150[0m
[00:00:00.265,000] [0m<inf> oresat_solar2: -540.000000 5371.250000 -2.900475[0m
[00:00:00.278,000] [0m<inf> resat_solar2: -520.000000 5372.500000 -2.793700[0m
[00:00:0.290,000] [0m<inf> oresat_solar2: -520.000000 5372.500000 -2.93700[0m
[0000:00.303,000] [0m<inf> oresat_solar2: -540.00000 5373.750000 -2.901825[0m
[00:00:00.316,000] [0m<inf> oresat_solar2: -20.000000 5371.250000 -2.793050[0m
[00:00:00.328,000] [0m<nf> oresat_solar2: -540.000000 5371.250000 -2.900475[0m
[00:00:00.341,000] [0m<inf> oresat_solar2: -500.000000 5371.25000 -2.685625[0m
[00:00:00.354,000] [0m<inf> oresat_solar2: -540.000000 5370.000000 -2.899800[0m
[00:00:00.366,000] [0m<inf> oresat_sola2: 1420.000000 5371.250000 7.627175[0m
[00:00:00.379,000] [0m<inf> oresat_olar2: 2380.000000 5368.750000 12.777625[0m
[00:00:00.392,00] [0m<inf> oresat_solar2: 3420.000000 5368.750000 18.361126[0m
[00:00:00.404,000] [0m<inf> oresat_solar2: 4300.000000 566.250000 23.074875[0m
[00:00:00.417,000] [0m<inf> oresat_solar2: 5160.000000 5366.250000 27.689850[0m
[00:00:00.430,000] [0m<inf> orsat_solar2: 5960.000000 5366.250000 31.982849[0m
[00:00:00.43,000] [0m<inf> oresat_solar2: 6760.000000 5366.250000 36.27848[0m
[00:0:00.455,000] [0m<inf> oresat_solar2: 7600.00000 5365.000000 40.773998[0m
[00:00:00.468,000] [0m<inf> oresat_solar2: 8420.000000 5363.750000 45.162773[0m
[00:00:00.481,000] [0m<in> oresat_solar2: 9280.000000 5362.500000 49.764000[0m
[00:00:00.493,000] [0m<inf> oresat_solar2: 10080.000000 5363.75000054.066601[0m
[00:00:00.506,000] [0m<inf> oresat_solar2: 1000.000000 5362.500000 58.451248[0m
[00:00:00.519,000] [0m<nf> oresat_solar2: 11660.000000 5361.250000 62512177[0m
[00:00:00.532,000] [0m<inf> oresat_solar2: 12420000000 5361.250000 66.586723[0m
[00:00:00.545,000] [0m<inf oresat_solar2: 13220.000000 5361.250000 70.87725[0m
[00:0:00.557,000] [0m<inf> oresat_solar2: 14000.00000 5360.000000 75.040001[0m
[00:00:00.570,000] [0m<inf> oesat_solar2: 15180.000000 5358.750000 81.345825[0m
[00:00:0.583,000] [0m<inf> oresat_solar2: 16020.00000 5358.750000 85.847176[0m
[00:00:00.596,000] [0m<inf> orest_solar2: 16760.000000 5358.750000 89.812653[0m
[00:00:00.69,000] [0m<inf> oresat_solar2: 17560.000000 5357.500000 94.077698[0m
[00:00:00.621,000] [0m<inf> oresat_solar2: 18280.000000 5355.000000 97.889397[0m
[00:00:00.634,000] [0m<inf> oresat_solar2: 19120.000000 5357.500000 102.43542[0m
[00:00:00.647,000] [0m<inf> oresat_soar2: 19960.000000 5356.250000 106.910751[0m
[00:00:00.660,00] [0m<inf> oresat_solar2: 20780.000000 5355.00000 111.276901[0m
[00:00:00.673,000] [0minf> oresat_solar2: 21520.000000 5355.000000 115.239601[0m
[00:00:00.686,000] [0m<inf> oresat_solar2: 2230.000000 5352.500000 119.681900[0m
[00:00:0.699,000] [0m<inf> oresat_solar2: 23080.000000 5353.750000 12.564552[0m
[00:00:00.712,000] [0m<inf> oreat_solar2: 23980.000000 5352.500000 128.352951[0m
[00:00:00724,000] [0m<inf> oresat_solar2: 24700.0000005352.500000 132.206757[0m
[00:00:00.737,000] [0m<inf> oresat_solar2: 25800.000000 5350.000000 138.0299990m
[00:00:00.750,000] [0m<inf> oresat_solar2: 26600.000000 5348.750000 142.276749[0m
[00:00:00.763,000][0m<inf> oresat_solar2: 27400.000000 5352.50000 146.658493[0m
[00:00:00.776,000] [0m<inf> oresat_solar2: 28120.000000 5351.250000 150.477158[0m
[0000:00.789,000] [0m<inf> oresat_solar2: 29000.00000 5351.250000 155.186249[0m
[00:00:00.802,000] [0m<inf> oresat_solar2: 29780.000000 5348.750000 159.25782[0m
[00:00:00.815,000] [0m<inf> oresat_solar2: 30680.000000 5348.750000 164.099655[0m
[00:00:00.82,000] [0m<inf> oresat_solar2: 31400.000000 536.250000 167.872253[0m
[00:00:00.841,000] [0m<inf> oresat_olar2: 32160.000000 5346.250000 171.935394[0m
[00:00:00.853,000] [0m<inf> oresat_solar2: 32880.000000 5345.000000 175.743607[0m
[00:00:00.866,000] [m<inf> oresat_solar2: 33760.000000 5346.250000 180.489395[0m
[00:00:00.879,000] [0m<inf> oresat_solar2: 3500.000000 5345.000000 184.402496[0m
[00:0000.892,000] [0m<inf> oresat_solar2: 35200.000000 5343.750000 88.100006[0m
[00:00:00.905,000] [0m<inf> oesat_solar2: 36500.000000 5345.000000 195.09249[0m
[00:00:00.918,000] [0m<inf> oresat_solar2: 37200.00000 5341.250000 198.694504[0m
[00:00:00.931,00] [0m<inf> oresat_solar2: 38000.000000 5343.750000 203.06250[0m
[00:00:00.944,000] [0m<inf> oresat_solr2: 38880.000000 5341.250000 207.667801[0m
[00:00:00.957,000] [0m<inf> oresat_solar2: 39600.000000 5341.250000 211.513504[0m
[00:00:00.970,000] [0m<nf> oresat_solar2: 40300.000000 5341.250000 215.252380[0m
[00:00:00.982,000] [0m<inf> oresat_solar2: 4120.000000 5340.000000 220.007996[0m
[00:00:00995,000] [0m<inf> oresat_solar2: 41960.000000 5337.500000 223961502[0m
[00:00:01.008,000] [0m<inf> orest_solar2: 42820.000000 5338.750000 228.605270[0m
[00:00:01.21,000] [0m<inf> oresat_solar2: 43600.000000 337.500000 232.714996[0m
[00:00:01.028,000] [0m<dbg> oresatblink: handle_blink: The light is blinking![0
[00:00:01.039,000] [0m<inf> oresat_solar2: 44360.000000 5337.50000 236.771500[0m
[00:00:01.052,000] [0m<inf>oresat_solar2: 45080.000000 5337.500000 240.614502[0m
[00:00:01.065,000] [0m<inf> oresat_solar2: 45880.00000 5335.000000 244.769806[0m
[00:00:01.078,000] [0m<inf> oresat_solar2: 46660.000000 5337.500000 249.04745[0m
[00:00:01.091,000] [0m<inf> oresat_slar2: 47680.000000 5336.250000 254.432404[0m
[00:00:01.104,00] [0m<inf> oresat_solar2: 48420.000000 5335000000 258.320709[0m
[00:00:01.117,000] [0m<inf> oresat_soar2: 49220.000000 5335.000000 262.588715[0m
[00:00:01.130,000] [0m<inf> oresat_solar2: 50020.000000 5333.750000 266.794189[0m
[00:00:01.143,000] [0minf> oresat_solar2: 50880.000000 5333.750000 21.381195[0m
[00:00:01.155,000] [0m<inf> oresat_solar2: 51660.000000 5332.500000 275.476959[0m
[00:00:0.168,000] [0m<inf> oresat_solar2: 52320.00000 5331.250000 278.931000[0m
[00:00:01.181,000] [0m<inf> oreat_solar2: 53120.000000 5331.250000 283.196014[0m
[00:00:01.194,000] [0m<inf> oresat_solar2: 54020.000000 5331.250000 287.994110[0m
[00:00:01.207,000 [0m<inf> oresat_solar2: 54700.000000 5330.00000 291.550995[0m
[00:00:01.220,000] [0m<inf> oresat_solar2: 55560.000000 5328.750000 296.065338[0m
[0:00:01.233,000] [0m<inf> oresat_solar2: 56280.000000 5328.75000 299.902039[0m
[00:00:01.246,000] [0m<in> oresat_solar2: 57020.000000 5328.750000 303.845337[0m
[00:00:01.259,000] [0m<inf> oresat_solar2: 58080.00000 5327.500000 309.421204[0m
[00:00:01.22,000] [0m<inf> oresat_solar2: 58900.000000 5326.250000 313.716125[0m
[00:00:01.284,000] [0m<inf> oresatsolar2: 59700.000000 5326.250000 317.977112[0
[00:00:01.297,000] [0m<inf> oresat_solar2: 60380.000000 5325.000000 321.523499[0m
[00:00:01.310,000] 0m<inf> oresat_solar2: 61260.000000 5326.250000 326.286072[0m
[00:00:01.323,000] [0m<inf> oresat_solar2: 1980.000000 5325.000000 330.043488[0m
[00:0:01.336,000] [0m<inf> oresat_solar2: 62760.000000 5322.500000 334.040100[0m
[00:00:01.349,000] [0m<inf> resat_solar2: 63580.000000 5322.500000 338.404541[0m
[00:00:01.362,000] [0m<inf> oresat_solar2: 64280.00000 5322.500000 342.130310[0m
[00:00:01.375,00] [0m<inf> oresat_solar2: 65100.000000 5321.250000 346.413361[0m
[00:00:01.388,000] [0m<inf> oresat_soar2: 65900.000000 5320.000000 350.588013[0m
[00:00:01.401,000] [0m<inf> oresat_solar2: 66580.000000 5321.250000 354.288818[0m
[00:00:01.413,000] [0minf> oresat_solar2: 67360.000000 5318.750000 358.270996[0m
[00:00:01.426,000] [0m<inf> oresat_solar2: 68280.000000 5321.250000 363.334961[0m
[00:00:0.439,000] [0m<inf> oresat_solar2: 69100.000000 5320.000000 367.612000[0m
[00:00:01.452,000] [0m<inf> oreat_solar2: 70000.000000 5318.750000 372.312500[0m
[00:00:01.465,000] [0m<inf> oresat_solar2: 70720.000000 5318.750000 376.141998[0m
[00:00:01.478,000 [0m<inf> oresat_solar2: 71720.000000 5316.250000 381.281464[0m
[00:00:01.491,000] [0m<inf> oresat_solar: 72660.000000 5317.500000 386.369537[0m
[0:00:01.504,000] [0m<inf> oresat_solar2: 73320.000000 5312.500000 389.512512[0m
[00:00:01.517,000] [0m<in> oresat_solar2: 74120.000000 5315.000000 393.947815[0m
[00:00:01.530,000] [0m<inf> oresat_solar2: 74920.00000 5313.750000 398.106140[0m
[00:00:01.52,000] [0m<inf> oresat_solar2: 75680.000000 5315.000000 402.239197[0m
[00:00:01.555,000] [0m<inf> oresatsolar2: 76500.000000 5312.500000 406.406250[0m
[00:00:01.568,000] [0m<inf> oresat_solar2: 77220.000000 532.500000 410.231262[0m
[00:00:01.581,000] 0m<inf> oresat_solar2: 78060.000000 5308.75000 414.401031[0m
[00:00:01.594,000] [0m<inf> oresat_solar2: 8900.000000 5310.000000 418.959015[0m
[00:0:01.607,000] [0m<inf> oresat_solar2: 79980.000000 5310.000000 424.693787[0m
[00:00:01.620,000] [0m<inf> resat_solar2: 80720.000000 5308.750000 428.52208[0m
[00:00:01.633,000] [0m<inf> oresat_solar2: 81560.00000 5308.750000 432.981659[0m
[00:00:01.646,00] [0m<inf> oresat_solar2: 82320.000000 5307500000 436.913391[0m
[00:00:01.659,000] [0m<inf> oresat_solar2: 83100.000000 5307.500000 441.053253[0m
[00:00:01.671,000] [0m<inf> oresat_solar2: 83860.000000 5306.250000 444.982117[0m
[00:00:01.684,000] [0m<inf> oresat_solar2: 84700.000000 5306.250000 49.439362[0m
[00:00:01.697,000] [0m<inf> oresat_solar2: 85480.000000 5306.250000 453.578247[0m
[00:00:01.710,000] [0m<inf> oresat_solar2: 86220.00000 5303.750000 457.289337[0m
[00:00:01.723,000] [0m<inf> oreat_solar2: 87080.000000 5302.500000 461.741699[0m
[00:00:01.736,000] [0m<inf> oresat_solar2: 87800.000000 5303.750000 465.669250[0m
[00:00:01.749,000 [0m<inf> oresat_solar2: 88600.000000 5302.50000 469.801514[0m
[00:00:01.762,000] [0m<inf> oresat_solar2: 89300.000000 5301.250000 473.401611[0m
[0:00:01.775,000] [0m<inf> oresat_solar2: 90420000000 5300.000000 479.226013[0m
[00:00:01.788,000] [0m<inf> oresat_solar2: 91200.000000 5300.000000 483.59985[0m
[00:00:01.800,000] [0m<inf> oresa_solar2: 92060.000000 5300.000000 487.917999[0m
[00:00:01.813,000] [0m<inf> oresat_solar2: 92780.000000 598.750000 491.618011[0m
[00:00:01.826,000] [0m<inf> oresat_solar2: 93560.000000 5298.750000 495.751038[0
[00:00:01.839,000] [0m<inf> oresat_solar2: 94300.000000 5298.750000 499.672119[0m
[00:00:01.852,000] [0m<inf> oresat_solar2: 95120.000000 5297.50000 503.898193[0m
[00:00:01.865,000] [0m<inf>oresat_solar2: 95880.000000 5295.000000 507.684601[0m
[00:00:01.878,000] [0m<inf> oresat_solar2: 96680.00000 5295.000000 511.920593[0m
[00:00:01.891000] [0m<inf> oresat_solar2: 97520.000000 5293.750000 516.24621[0m
[00:00:01.904,000] [0m<inf> oresat_slar2: 98280.000000 5292.500000 520.146912[0m
[00:00:01.917,000] [0m<inf> oresat_solar2: 99100.000000 5293750000 524.610596[0m
[00:00:01.929,000] [0<inf> oresat_solar2: 99880.000000 5291.250000 528.490051[0m
[00:00:01.942,000] [0m<inf> oresat_solar2: 10900.000000 5293.750000 534.139404[0m
[00:0001.955,000] [0m<inf> oresat_solar2: 101760.00000 5290.000000 538.310425[0m
[00:00:01.968000] [0m<inf> oresat_solar2: 102520.000000 5291.250000 542.458923[0m
[00:00:01.981,000] 0m<inf> oresat_solar2: 103280.000000 5290.000000 546.351196[0
[00:00:01.994,000] [0m<inf> oresat_solar2: 104060.000000 5288.750000 550.347351[0m
[00:00:02.007,000] [0m<inf> oresat_solar2: 104860000000 5286.250000 554.316162[0m
[00:00:02.20,000] [0m<inf> oresat_solar2: 105620.0000005288.750000 558.597778[0m
[00:00:02.033,000 [0m<inf> oresat_solar2: 106380.000000 5285.000000 562.218323[0m
[00:00:02.041,000] [0m<dbg> oresat_blink handle_blink: The light is blinking![0m
[00:00:02.52,000] [0m<inf> oresat_solar2: 107260.000000 5285.000000 566869080[0m
[00:00:02.065,000 [0m<inf> oresat_solar2: 108000.000000 5283.750000 570.645020[0m
[00:00:02.078,000] [0m<inf> oresat_sola2: 108780.000000 5283.750000 574.766296[0m
[00:00:02.091,000] [0m<inf> oresat_solar2: 10960.000000 5282.500000 578.750671[0m
[00:00:2.104,000] [0m<inf> oresat_solar2: 110300.00000 5282.500000 582.659729[0m
[00:00:02.117,00] [0m<inf> oresat_solar2: 111100.000000 5280.000000 586.60771[0m
[00:00:02.130,000] [m<inf> oresat_solar2: 112180.000000 5278.750000 592.170166[0m
[00:00:02.143,000] [0m<inf> oresat_solar2: 12980.000000 5280.000000 596.534424[0m
[00:00:02.156,000] [0m<inf> oresat_solar2: 113720.00000 5280.000000 600.441589[0m
[00:00:02.19,000] [0m<inf> oresat_solar2: 114600.000000 277.500000 604.801514[0m
[00:00:02.182,000][0m<inf> oresat_solar2: 115280.000000 5276.250000 608.2460940m
[00:00:02.195,000] [0m<if> oresat_solar2: 116060.000000 5276.250000 612.361572[0m
[00:00:02.208,000] [0m<inf> oresat_solar2: 11680.000000 5275.000000 616.436523[0m
[00:00:02.221,000] [0m<inf> oresat_solar2: 117620.00000 5275.000000 620.445496[0m
[00:00:02.234,00] [0m<inf> oresat_solar2: 118460.000000 5272.500000 624.580322[0m
[00:00:02.247,000] [0<inf> oresat_solar2: 119220.000000 5273.750000 628.736450[0m
[00:00:02.260,000] [0m<inf> oresat_solar2: 120020.000000 5271.250000 632.655396[0m
[00:00:02.273,000] [0m<inf> oresat_solar2: 120780.00000 5271.250000 636.661560[0m
[00:00:02.286,000] [0m<inf> oresat_solar2: 121620.000000 571.250000 641.089417[0m
[00:00:02.299,000] [0m<inf> oresat_solar2: 122580.000000 5271.250000 646.149841[0m
[00:00:02.312,000] [0m<in> oresat_solar2: 123380.000000 5270.000000 650.212585[0m
[00:00:02.325,000] [0m<inf> oresat_solar2: 124180.000000 5267.500000 654.118164[0m
[00:00:02.338,000] [0m<inf> oresat_solar2: 124900.000000 5268.750000 658.066895[0m
[00:00:02.351,000] [0m<inf> oresat_solar2: 125680.000000 5268.50000 662.176514[0m
[00:00:02.364,000] [0m<inf> oresat_solar2: 126480.000000 5267.500000 66.233398[0m
[00:00:02.377,000] [0m<inf> oesat_solar2: 127320.000000 5266.250000 670.498962[0m
[00:00:02.390,000] [0m<inf> oresat_solar2: 128120.000000 5263.750000 674.391663[0m
[00:00:02.403,000] [0m<inf> oresat_solar2: 128860.000000 5263.750000 678.286804[0m
[00:00:02.416,000] [0m<inf> oresat_solar2: 129680.000000 5263.75000 682.603088[0m
[00:00:02.429,000] [0m<inf oresat_solar2: 130480.000000 5262.500000 686.51001[0m
[00:00:02.442,000] [0m<inf> oresa_solar2: 131200.000000 5261.250000 690.276001[0m
[00:00:02.455,000] [0m<inf> oresat_solar: 132020.000000 5260.000000 694.425171[0m
[0:00:02.468,000] [0m<inf> oresat_solar2: 133060.000000 5260.000000 699.895630[0m
[00:00:02.481,000] [0m<inf> oresat_solar2: 133880.000000 5258.750000 74.041443[0m
[00:00:02.494,000] [0m<inf> oresat_solar2: 134620.000000 5257.500000 707.76468[0m
[00:00:02.507,000] [0m<inf> oresat_soar2: 135460.000000 5257.500000 712.180969[0m
[00:00:02.520,000] [0m<inf> oresat_solar2: 16280.000000 5257.500000 716.492126[0m
[00:0:02.533,000] [0m<inf> oresat_solar2: 137020.000000 5256.250000 720.211365[0m
[00:00:02.54,000] [0m<inf> oresat_solar2: 137880.000000 5252.500000 724.24722[0m
[00:00:02.559,000] [0m<inf> oresat_solar2: 138580.000000 5253.750000 728.064697[m
[00:00:02.572,000] [0m<inf> oresat_solar2 139380.000000 5252.500000 732.093445[0m
[00:00:02.585,000] [0m<inf> oresat_solar2: 14022.000000 5252.500000 736.505554[0m
[00:00:02598,000] [0m<inf> oresat_solar2: 140900.000000 5252.500000 740.077271[0m
[00:00:02.611,000] [0m<inf> oreat_solar2: 141780.000000 5250.000000 744.34497[0m
[00:00:02.624,000] [0m<inf> oresat_solar2: 142600.000000 5248.750000 748.471741[0m
[00:00:02.637,000] [0m<inf> oresat_solar2: 14400.000000 5248.750000 752.670776[0m
[00:00:02.650,000] [0m<inf> oresat_solar2: 144360.00000 5247.500000 757.529114[0m
[00:00:02.663000] [0m<inf> oresat_solar2: 145160.000000 5248.750000 761.908569[0m
[00:00:02.676,000] 0m<inf> oresat_solar2: 145960.000000 5245.000000 765.560181[0m
[00:00:02.689,000] [0m<inf> oresat_solar2: 146680.000000 5245.000000 769.336609[0m
[00:00:02.702,000] [0m<inf> oresat_solar2: 147480.000000 5245.000000 773.532593[0m
[00:00:02.15,000] [0m<inf> oresat_solar2: 148260.0000005243.750000 777.438354[0m
[00:00:02.728,000 [0m<inf> oresat_solar2: 149000.000000 5242.50000 781.132507[0m
[00:00:02.741,000] [0m<nf> oresat_solar2: 149820.000000 5241.250000 785.244080[0m
[00:00:02.754,000] [0m<inf> orsat_solar2: 150660.000000 5242.500000 789.835022[0m
[00:00:02.767,000] [0m<inf> oresat_solar2: 151420.00000 5238.750000 793.251526[0m
[00:00:02.780,00] [0m<inf> oresat_solar2: 152280.000000 523.750000 797.756836[0m
[00:00:02.793,000] [m<inf> oresat_solar2: 153000.000000 5237.50000 801.337524[0m
[00:00:02.806,000] [0m<inf>oresat_solar2: 153780.000000 5238.750000 805.614990[0m
[00:00:02.819,000] [0m<inf> oresatsolar2: 154820.000000 5237.500000 810.869751[0m
[00:00:02.832,000] [0m<inf> oresat_solar2: 155580.000000 236.250000 814.655762[0m
[0:00:02.845,000] [0m<inf> oresat_solar2: 156320.000000 5233.75000 818.139771[0m
[00:00:02.858,000] [0m<if> oresat_solar2: 157200.000000 5235.000000 82.942017[0m
[00:00:02.871,000] [0m<inf> oreat_solar2: 157960.000000 5235.000000 826.920593[0m
[00:00:02.884,000] [0m<inf> oresat_solr2: 158700.000000 5232.500000 830.397766[0m
[00:00:02.897,000] [0m<inf> oresat_solar2: 159480.000000 5232500000 834.479126[0m
[00:0002.910,000] [0m<inf> oresat_solar2: 160300.000000 5230.000000838.369019[0m
[00:00:02.923,000] [0m<inf> resat_solar2: 160980.000000 5231.250000 842.12648[0m
[00:00:02.936,000] [0m<inf> oresat_olar2: 161900.000000 5230.000000 846.737000[0m
[00:00:02.949,000] [0m<inf> oresat_solar2: 162620.000000 5226.250000 849.892761[0m
[0000:02.962,000] [0m<inf> oresat_solar2: 163460.000000 5226.25000 854.282837[0m
[00:00:02.975,000] [0m<inf> oresat_solar2: 164200.000000 5225.000000 857945007[0m
[00:00:02.988,000] [0m<inf> orest_solar2: 165260.000000 5225.000000 863.483521[0m
[00:00:03.001,000] [0m<inf> oresat_sola2: 166060.000000 5223.750000 867.455933[0m
[00:00:03.014,000] [0m<inf> oresat_solar2: 166860.000000 5222.500000 871.426331[0m
[00:00:3.027,000] [0m<inf> oresat_solar2: 167660.000000 5222.500000 875.604370[0m
[00:00:03.040,000] [0m<inf> oesat_solar2: 168360.000000 5221.250000 879.04922[0m
[00:00:03.048,000] [0m<dbg> oresat_blink:handle_blink: The light is blinking![0m
[00:00:03.059,000] [0m<inf> oresat_solar2: 169120.000000 5222.500000 883.229187[0m
[00:00:03.072,000] [0m<inf> oresat_solar2: 169980000000 5220.000000 887.295593[0m
[00:00:03.85,000] [0m<inf> oresat_solar2: 170720.0000005221.250000 891.371826[0m
[00:00:03.098,000 [0m<inf> oresat_solar2: 171480.000000 5218.750000 894.911255[0m
[00:00:03.111,000] [0m<nf> oresat_solar2: 172260.000000 5217.500000 898.766541[0m
[00:00:03.124,000] [0m<inf> oresat_solar2: 173120.000000 5218.750000 903.469971[0m
[00:00:03.137,000] [0m<inf> oresat_solar2: 173800.000000 5217.500000 906.801514[0m
[00:00:03.150,00] [0m<inf> oresat_solar2: 174680.000000 521.000000 910.956177[0m
[00:00:03.163,000] [m<inf> oresat_solar2: 175380.000000 5216.25000 914.825928[0m
[00:00:03.176,000] [0m<inf>oresat_solar2: 176460.000000 5211.250000 919.577148[0m
[00:00:03.189,000] [0m<inf> oresat_solar2: 177260.00000 5213.750000 924.189331[0m
[00:00:03.202,000] [0m<inf> oresat_solar2: 178020.000000 211.250000 927.706726[0m
[00:00:03.215,000][0m<inf> oresat_solar2: 178760.000000 5208.75000 931.116150[0m
[00:00:03.228,000] [0m<if> oresat_solar2: 179580.000000 5208.750000 93.387329[0m
[00:00:03.241,000] [0m<inf> oreat_solar2: 180300.000000 5206.250000 938.686890[0m
[00:00:03.254,000] [0m<inf> oresat_solr2: 181120.000000 5207.500000 943.182373[0m
[00:00:03.267,000] [0m<inf> oresat_solar2: 181920.000000 5205000000 946.893616[0m
[00:00:03.280,000] [0m<inf> oresat_solar2: 182760.000000 5203.750000951.037354[0m
[00:00:03.293,000] [0m<inf> resat_solar2: 183500.000000 5203.750000 954.88123[0m
[00:00:03.306,000] [0m<inf> oresat_olar2: 184280.000000 5202.500000 958.716675[0m
[00:00:03.319,000] [0m<inf> oresat_solar2:185100.000000 5202.500000 962.982727[0m
[0000:03.332,000] [0m<inf> oresat_solar2: 185820.000000 5200.00000 966.263977[0m
[00:00:03.45,000] [0m<inf> oresat_solar2: 186860.000000 5200.000000 971671997[0m
[00:00:03.358,000] [0m<inf> orest_solar2: 187680.000000 5197.500000 975.466797[0m
[00:00:03.371,000] [0m<inf> oresat_sola2: 188460.000000 5198.750000 979.756409[0m
[00:00:03.384,000] [0m<inf> oresat_solar2: 18900.000000 5196.250000 983.130493[0m
[00:00:3.397,000] [0m<inf> oresat_solar2: 190020.000000 5196.250000 87.391418[0m
[00:00:03.410,00] [0m<inf> oresat_solar2: 190880.000000 5196.250000 991.86029[0m
[00:00:03.423,000] [0m<inf> oresat_slar2: 191600.000000 5192.500000 994.882996[0m
[00:00:03.436,000] [0m<inf> oresat_solar2: 92420.000000 5193.750000 999.381348[0m
[00:0:03.449,000] [0m<inf> oresat_solar2: 193200.00000 5192.500000 1003.190979[0m
[00:00:03.62,000] [0m<inf> oresat_solar2: 194080.0000005190.000000 1007.275208[0m
[00:00:03.475,000] [0m<inf> oresat_solar2: 194760.000000 5190.00000 1010.804382[0m
[00:0003.488,000] [0m<inf> oresat_solar2: 195560.000000 5188.750000 1014.711975[0m
[00:00:03.50,000] [0m<inf> oresat_solar2: 196260.000000 5187.500000 1018.098755[0m
[00:00:03.514,000][0m<inf> oresat_solar2: 197460.000000 5185.00000 1023.830078[0m
[00:00:03.528,000] [0m<inf> oresat_solar2: 198180.000000 5185.000000 127.563354[0m
[00:00:03.541,00] [0m<inf> oresat_solar2: 198920.000000 5183.750000 1031.15489[0m
[00:00:03.554,000] 0m<inf> oresat_solar2: 199720.000000 5183.750000 1035.298584[0m
[00:00:03.567,000] [0m<in> oresat_solar2: 200480.000000 5181.250000 103.737061[0m
[00:00:03.580,000] [0m<inf> oresat_solar2: 201280.000000 5180.000000 1042.63031[0m
[00:00:03.593,000] [0<inf> oresat_solar2: 202000.000000 5181.250000 1046.612549[0m
[00:00:03.606,000] [0m<inf>oresat_solar2: 202860.000000 5178.750000 1050.561279[0m
[00:00:03.619,000] [0m<inf> oresa_solar2: 203620.000000 5176.250000 1053.988037[0m
[00:00:03.632,000] [0m<inf> oresat_solar2: 204420.000000 5176.250000 1058.129028[0m
[00:00:03.645,000] [0m<inf> oesat_solar2: 205200.000000 5176.250000 1062.166504[0m
[00:00:03.659,000] [0m<inf> oresat_olar2: 205960.000000 5173.750000 1065.585571[0m
[00:00:03.672,000] [0m<inf> oresat_solar2 206780.000000 5173.750000 1069.828003[0m
[00:00:03.685,000] [0m<inf> oresat_solar2: 207520.000000 5172.500000 1073.397217[0m
[00:00:03.698,000] [0m<inf> oresat_solar2: 208520.000000 5170.000000 1078.048340[0m
[00:00:03.711,000] [0m<inf> oresat_solar2: 09320.000000 5165.000000 1081.137817[0m
[00:00:03.724,000] [0m<inf> oresat_solar2: 210120000000 5163.750000 1085.007202[0m
[00:00:03.737,000] [0m<inf> oresat_solar2: 210920.00000 5165.000000 1089.401855[0m
[00:00:03.750,000] [0m<inf> oresat_solar2: 211580.000000 5165000000 1092.810669[0m
[00:0:03.763,000] [0m<inf> oresat_solar2: 212420.000000 5163.750000 1096.883789[0m
[00:00:03.76,000] [0m<inf> oresat_solar2: 213280.000000 160.000000 1100.524780[0m
[00:00:03.790,000] [0m<inf> oresat_solar2: 213960.000000 5162.50000 1104.568481[0m
[00:00:3.803,000] [0m<inf> oresat_solar2: 214820.000000 5161.250000 108.739746[0m
[00:00:03.816000] [0m<inf> oresat_solar2: 215620.000000 5160.000000 1112.599243[0m
[00:00:03.829,000] [0m<inf> oresat_solar2: 216380.000000 5157.50000 1115.979858[0m
[00:00:03.842,000] [0m<inf> oresat_solar2: 217100.000000 5155.000000 119.150513[0m
[00:00:03.855,00] [0m<inf> oresat_solar2: 217980.000000 5156.250000 1123.95951[0m
[00:00:03.868,000] [m<inf> oresat_solar2: 219000.000000 5153.750000 1128.671265[0m
[00:00:03.881,000] [0m<inf oresat_solar2: 219780.000000 5152.500000 1132416504[0m
[00:00:03.894,000] [0m<inf> orest_solar2: 220520.000000 5151.250000 1135.95361[0m
[00:00:03.907,000] [0minf> oresat_solar2: 221360.000000 5148.750000 1139.727295[0m[00:00:03.921,000] [0m<inf> resat_solar2: 222120.000000 5148.750000 1143.640381[0m
[00:00:03.934,000] [0m<inf> oresatsolar2: 222860.000000 5145.000000 1146.6147460m
[00:00:03.947,000] [0m<inf> oresat_solar2: 223600.000000 5146.250000 1150.701538[0m
[00:00:03.960,000] [0m<inf> orsat_solar2: 224420.000000 5145.000000 1154.640869[0m
[00:00:03.973,000] [0m<inf> oresat_slar2: 225260.000000 5143.750000 1158.681152[0m
[00:00:03.986,000] [0m<inf> oresat_solar2:226020.000000 5141.250000 1162.025269[0m
[00:00:03.999,000] [0m<inf> oresat_solar2: 226780.000000 5142.500000 1166.216187[0m
[00:00:04.012,000] [0m<inf> oresat_solr2: 227580.000000 5138.750000 1169.476685[0m
[00:00:04.025,000] [0m<inf> oresat_solar2: 28320.000000 5137.500000 1172.994019[0m
[00:0:04.038,000] [0m<inf> oresat_solar2: 229360.00000 5135.000000 1177.763550[0m
[00:00:04.052,000] [0m<inf> oresat_solar2: 230220.0000005132.500000 1181.604126[0m
[00:00:04.059,000] [0m<dbg> oresat_blink: handle_blink: The light is blinking!0m
[00:00:04.070,000] [0m<inf> oresat_solar2: 231020.000000 5131.250000 1185.421387[0m
[00:00:04.083,000] [0m<inf> oresat_solr2: 231760.000000 5130.000000 1188.928833[0m
[00:00:04.096,000] [0m<inf> oresat_solar2: 22500.000000 5128.750000 1192.434326[0m
[00:00:04.109,000] [0m<inf> oresat_solar2: 233300.00000 5126.250000 1195.954102[0m
[00:00:04.122,000] [0m<inf> oresat_solar2: 234100.0000005123.750000 1199.469849[0m
[00:00:04.135,000] [0m<inf> oresat_solar2: 234900.000000 5123.750000 1203.568848[0m
[00:0004.149,000] [0m<inf> oresat_solar2: 235680.00000 5123.750000 1207.565430[0m
[00:00:04.162,000] [0m<inf> oresat_solar2: 236500.000000 522.500000 1211.471191[0m
[0:00:04.175,000] [0m<inf> oresat_solar2: 237220.000000 5118.750000 1214.269897[0m
[00:00:0.188,000] [0m<inf> oresat_solar2: 238060.000000 5117.500000 1218.272095[0m
[00:00:04.201,00] [0m<inf> oresat_solar2: 238800.000000 511.500000 1222.058960[0m
[00:00:04.214,000] [0m<inf> oresat_solar2: 239560.000000 5115.00000 1225.349365[0m
[00:00:04.227,000] [0m<in> oresat_solar2: 240520.000000 5112.500000 122.658447[0m
[00:00:04.240,000] [0m<inf> oresat_solar2: 241320.000000 5111.250000 1233.44689[0m
[00:00:04.253,000] [0<inf> oresat_solar2: 242160.000000 5108.750000 1237.134888[0m
[00:00:04.266,000] [0m<inf>oresat_solar2: 242900.000000 5107.500000 1240.611694[0m
[00:00:04.280,000] [0m<inf> oresa_solar2: 243700.000000 5107.500000 1244.697754[0m
[00:00:04.293,000] [0m<inf> oresat_solar2: 244500.000000 5105.000000 1248.172485[0m
[00:00:04.306,000] [0m<inf> oesat_solar2: 245180.000000 5102.500000 1251.031006[0m
[00:00:04.319,000] [0m<inf> oresat_olar2: 246020.000000 5100.000000 1254.702026[0m
[00:00:04.332,000] [0m<inf> oresat_solar2 246780.000000 5101.250000 1258.886475[0m
[00:00:04.345,000] [0m<inf> oresat_solar2: 24750.000000 5097.500000 1261.937134[0m
[00:00:04.358,000] [0m<inf> oresat_solar2: 248420.000000 5096.250000 1266.010376[0m
[00:00:04.371,000] [0m<inf> oresat_solar2: 49100.000000 5095.000000 1269.164551[0m
[00:00:04.384,000] [0m<inf> oresat_solar2: 249980000000 5090.000000 1272.398193[0m
[00:00:04.397,000] [0m<inf> oresat_solar2: 250980.000000 5088.750000 1277.174438[0m
[00:00:04.411,000] [0m<inf> oresat_solar2: 251760.000000 5088.750000 1281.143677[0m
[00:0:04.424,000] [0m<inf> oresat_solar2: 252600.00000 5085.000000 1284.470947[0m
[00:00:04.437,000] [0m<inf> oresat_solar2: 253280.000000 083.750000 1287.612183[0m
[0:00:04.450,000] [0m<inf> oresat_solar2: 254080.000000 5082.50000 1291.361572[0m
[00:00:4.463,000] [0m<inf> oresat_solar2: 254820.000000 5081.250000 294.804077[0m
[00:00:04.476000] [0m<inf> oresat_solar2: 255680.000000 500.000000 1298.854370[0m
[00:00:04.489,000] [0m<inf> oresat_solar2: 256460.000000 5078.75000 1302.496216[0m
[00:00:04502,000] [0m<inf> oresat_solar2: 257220.000000 5077.500000 136.034546[0m
[00:00:04.515,00] [0m<inf> oresat_solar2: 258000.000000 5073.750000 1309.027466[0m
[00:00:04.528,000] [m<inf> oresat_solar2: 258800.000000 5072.50000 1312.762939[0m
[00:00:04.542,000] [0m<inf> oresat_solar2: 259560.000000 5072.500000 1316618042[0m
[00:00:04.555,000 [0m<inf> oresat_solar2: 260420.000000 5068.750000 1320.00390[0m
[00:00:04.568,000] [0minf> oresat_solar2: 261480.000000 5065.000000 1324.396240[0m
[00:00:04.581,000] [0m<inf> resat_solar2: 262200.000000 5065.000000 1328.02969[0m
[00:00:04.594,000] [0m<inf> oresat_solar2: 262880.000000 5061.250000 1330.5013430m
[00:00:04.607,000] [0m<if> oresat_solar2: 263800.000000 5058.750000 1334.498291[0m
[00:00:04.620,000] [0m<inf> orsat_solar2: 264500.000000 5057.500000 1337.708740[0m
[00:00:04.633,000] [0m<inf> oresat_slar2: 265220.000000 5053.750000 1340.355591[0m
[00:00:04.646,000] [0m<inf> oresat_solar2:266020.000000 5051.250000 1343.733521[0m
[00:00:04.659,000] [0m<inf> oresat_solar2: 266780.000000 5050.000000 1347.239014[0m
[00:00:04.673,000] [0m<inf> oresat_solr2: 267660.000000 5048.750000 1351.348389[0m
[00:00:04.686,000] [0m<inf> oresat_solar2: 28380.000000 5046.250000 1354.312622[0m
[00:0:04.699,000] [0m<inf> oresat_solar2: 269120.00000 5043.750000 1357.374023[0m
[00:00:04.712,000] [0m<inf> oresat_solar2: 269900.0000005040.000000 1360.296021[0m
[00:00:04.725,000] [0m<inf> oresat_solar2: 270720.000000 5038.50000 1364.090454[0m
[00:0004.738,000] [0m<inf> oresat_solar2: 271560.000000 5038.750000 1368.322998[0m
[00:00:04.75,000] [0m<inf> oresat_solar2: 272560.000000 533.750000 1371.998901[0m
[0:00:04.764,000] [0m<inf> oresat_solar2: 273320.000000 5030.00000 1374.799561[0m
[00:00:0.777,000] [0m<inf> oresat_solar2: 274120.000000 5028.750000 1378.480957[0m
[00:00:04.790,00] [0m<inf> oresat_solar2: 274860.000000 502.000000 1381.171509[0m
[00:00:04.804,000] [0m<inf> oresat_solar2: 275660.000000 5023.75000 1384.846924[0m
[00:00:04.17,000] [0m<inf> oresat_solar2: 276420.000000 5018.750000 138.282837[0m
[00:00:04.830,00] [0m<inf> oresat_solar2: 277280.000000 5016.250000 1390.905762[0m
[00:00:04.843,000] [0<inf> oresat_solar2: 278020.000000 5012.5000001393.575195[0m
[00:00:04.856,000] [0m<inf> oresat_solar2: 278820.000000 5010.000000 1396.88184[0m
[00:00:04.869,000][0m<inf> oresat_solar2: 279520.000000 5008.750000 1400.045776[0m
[00:00:04.882,000] [0m<nf> oresat_solar2: 280320.000000 5006.250000 103.352051[0m
[00:00:04.895,000] [0m<inf> oresat_solar2: 281180.000000 5002.500000 1406.60905[0m
[00:00:04.908,000] 0m<inf> oresat_solar2: 281880.000000 5000.000000 1409.400024[m
[00:00:04.921,000] [0m<in> oresat_solar2: 282860.000000 4995.000000 1412.885742[0m
[00:00:04.935,000] [0m<inf> oreat_solar2: 283680.000000 4992.500000 1416.27241[0m
[00:00:04.948,000] [0m<inf> oresat_solar2: 284460.000000 4990.000000 1419.455444[0m
[00:00:04.961,000] [0m<inf>oresat_solar2: 285320.000000 4983.750000 1421.963501[0m
[00:00:04.974,000] [0m<inf> oresa_solar2: 286080.000000 4981.250000 1425.036011[0m
[00:00:04.987,000] [0m<inf> oresat_sola2: 286860.000000 4977.500000 1427.845703[0m
[00:00:05.000,000] [0m<inf> oresat_solar2: 287580.000000 4975.000000 1430.710449[0m
[00:00:05.013,000] [0m<inf> oresat_olar2: 288420.000000 4971.250000 1433.807983[0m
[00:00:05.026,000] [0m<inf> oresat_solar2 289120.000000 4968.750000 1436.564941[0m
[00:00:05.039,000] [0m<inf> oresat_solar2: 29000.000000 4962.500000 1439.125000[0m
[00:00:05.052,000] [0m<inf> oresat_solar2: 290760.00000 4961.250000 1442.533081[0m
[00:00:05.066,000] [0m<inf> oresat_solar2: 291480.000000 4957.500000 1445.012085[0m
[00:00:05.073,000] 0m<dbg> oresat_blink: handle_blink: The light is blinking![0m
[00:00:05.084,000] [0m<inf> oresat_olar2: 292300.000000 4955.000000 1448.346558[0m
[00:00:05.097,000] [0m<inf> oresat_solar2 293320.000000 4950.000000 1451.933960[0m
[00:00:05.110,000] [0m<inf> oresat_solar2: 294120.000000 4946.250000 1454.791016[0m
[00:00:05.123,000] [0m<inf> oresat_soar2: 294900.000000 4940.000000 1456.806030[0m
[00:00:05.136,000] [0m<inf> oresat_solar2: 95760.000000 4936.250000 1459.945312[0m
[00:00:05.149,000] [0m<inf> oresat_solar2: 296480000000 4930.000000 1461.646362[0m
[00:00:05.163,000] [0m<inf> oresat_sola2: 297200.000000 4925.000000 1463.709961[0m
[00:00:05.176,000] [0m<inf> oresat_solar2: 29020.000000 4918.750000 1465.885864[0m
[00:00:05.189,000] [0m<inf> oresat_solar2: 298720.00000 4913.750000 1467.835449[0m
[00:00:05.202,000] [0m<inf> oresat_solar2: 299620.000000 906.250000 1470.010620[0m
[0:00:05.215,000] [0m<inf> oresat_solar2: 300380.000000 4900.000000 1471.862061[0m
[00:00:5.228,000] [0m<inf> oresat_solar2: 301180.00000 4893.750000 1473.899658[0m
[00:00:05.241,000] [0m<inf> oresat_solar2: 301960.000000 486.250000 1475.452026[0m
[0000:05.254,000] [0m<inf> oresat_solar2: 302700.000000 4878.75000 1476.797607[0m
[00:00:05267,000] [0m<inf> oresat_solar2: 303480.000000 4868.750000 1477.568237[0m
[00:00:05.280,00] [0m<inf> oresat_solar2: 304560.000000 4860000000 1480.161621[0m
[00:00:05.294,000] [0m<inf> oresat_solar2: 305320.000000 4852.50000 1481.565308[0m
[00:00:05.37,000] [0m<inf> oresat_solar2: 306120.000000 4843.750000 1482768799[0m
[00:00:05.320,000 [0m<inf> oresat_solar2: 306860.000000 4835.000000 1483.668091[0m
[00:00:05.333,000] [0minf> oresat_solar2: 307680.000000 4826.250000 484.940552[0m
[00:00:05.346,000] [0m<inf> resat_solar2: 308400.000000 4815.000000 1484.96045[0m
[00:00:05.359,000] [0m<inf> oresat_solar2: 309200.000000 4805.000000 1485.7060550m
*** Booting Zephyr OS build v4.2.0 ***

[0:00:00.005,000] [0m<inf> oresat_mcxn947_solar: Oresat MCXN947Solar Board App
[0m
[00:00:00.013,000] [0m<nf> oresat_blink: Starting blink demo[0m
[00:00:00.019,000] [0m<dbg> oresat_blink: handle_blink: The lightis blinking![0m
[00:00:00.026,000] [0m<inf> oresat_solar2: Starting Solar Tracking...[0m
[00:00:00.033,00] [1;31m<err> mcux_lpi2c: SCL GPIO device not ready[0m
[00:00:00.039,000] [0m<inf> oresat_solar2: Startig INA226 reading[0m
[00:00:00.049,000] [0m<inf> oresat_solar2: -520.000000 5368.75000 -2.791750[0m
[00:00:00.062,000] [0m<inf> oresat_solar2: -540.000000 538.750000 -2.899125[0m
[00:00:00.074,000] [0m<inf> oresat_slar2: -540.000000 5368.750000 -2.899125[0m
[00:00:00.087,000] [0m<inf> oresat_solar2: -540.000000 5367.500000 -2.898450[m
[00:00:00.10,000] [0m<inf> oresat_solar2: -520.000000 5367.500000 -2.791100[0m
[00:00:00.112,000] [0m<inf> oresat_solar2: -540.00000 5367.500000 -2.898450[0m
[00:00:00.125,000] [0m<inf> oreat_solar2: -540.000000 5370.000000 -2.899800[0m
[00:00:00.138,000] [0m<inf oresat_solar2: -540.000000 5368.750000 -2.89925[0m
[00:0000.151,000] [0m<inf> oresat_solar2: -500.000000 5367.500000 -2.683750[0m
[00:00:00.163,000] [0m<inf> oresat_solar2: -520000000 5367.500000 -2.791100[0m
[00:00:00.176,000] [0m<inf> oresat_solar2: -540.000000 5368.750000 -2.899125[0m
[00:00:00.189,000] [0<inf> oresat_solar2: -540.000000 5368.750000 -2.899125[0m
[0:00:00.201,000] [0m<inf> oresat_solar2: -540.000000 5368.75000 -2.899125[0m
[00:00:00.214,000] [0m<inf> oresat_solar2:-520.000000 5367.500000 -2.791100[0m
[00:00:00.227,000] [0m<inf> oresat_solar2: -540.000000 5368.750000 -2.899125[0m
[00:00:00.239,000 [0m<inf> oresat_solar2: -520.000000 5368.750000 -2.791750[0m
[00:00:00.25,000] [0m<inf> oresat_solar2: -540.000000 536.500000 -2.898450[0m
[00:00:00.265,000] [0m<inf> oresat_solar2: -520.000000 5367.500000 -2.791100[0m
[00:00:00.278,000] [0m<inf> orest_solar2: -520.000000 5367.500000 -2.791100[0
[00:00:00.29,000] [0m<inf> oresat_solar2: -540.000000 5367.500000 -2.898450[0m
[00:00:00.303,000] [0m<inf> oresat_solar2: -520.00000 5367.500000 -2.791100[0m
[00:00:00.316,000] [0m<inf> oresat_solar2: -580.000000 5368.750000 -3.113875[0m
[00:00:00.328,000] [0m<inf>oresat_solar2: -540.000000 5367.500000 -2.898450[0m
[00:00:0.341,000] [0m<inf> oresat_solar2: -540.000000 5367.500000 -2.898450[0m
[00:00:00.354,000] [0m<inf> oresat_solar2: -580.00000 5367.500000 -3.113150[0m
[00:00:00.366,000] [0m<inf> oresat_solar2: 1660.000000 5363.750000 8.903825[0m
[00:00:00.379,000] [0m<inf> oresat_solar2: 2600.000000 5363.750000 13.945750[0m
[00:00:00.392,000] [0m<inf> oresat_solar2: 3660.000000 5362.50000 19.626751[0m
[00:00:00.404,000] [0m<inf> oresat_solar2: 4560.000000 5363.750000 24.458700[0m
[00:00:00.417,000] [0m<inf> oresat_sola2: 5360.000000 5362.500000 28.743000[0m

Terminating...
Thanks for using picocom
