picocom v2024-07

port is        : /dev/ttyACM2
flowcontrol    : none
baudrate is    : 115200
parity is      : none
databits are   : 8
stopbits are   : 1
txdelay is     : 0 ns
escape is      : C-a
local echo is  : no
noinit is      : no
noreset is     : no
hangup is      : no
nolock is      : no
send_cmd is    : sz -vv
receive_cmd is : rz -vv -E
imap is        : 
omap is        : 
emap is        : crcrlf,delbs,
logfile is     : none
initstring     : none
exit_after is  : not set
exit is        : no
minimal cmds is: no

Type [C-a] [C-h] to see available commands
Terminal ready
*** Booting Zephyr OS build v4.2.0 ***

[00:00:00.005,000] [0m<inf> oresat_mcxn947_solar: Oresat MCXN47 Solar Board App
[0m
[00:00:00.013,000] [m<inf> oresat_blink: Starting blink demo[0m
[00:00:00.019,00] [0m<dbg> oresat_blink: handle_blink: The liht is blinking![0m
[00:00:00.026,000] [0m<inf> oresat_solar: Starting Solar Tracking...[0m
[00:00:00.03,000] [1;31m<err> mcux_lpi2c: SCL GPIO device not ready[0m
00:00:00.039,000] [0m<inf> oresat_solar2: Stating INA226 reading[0m
[00:00:00.049,000] [0m<inf> oresat_solar2: -420.000000 5183750000 -2.177175[0m
[00:00:00.062,000] [0m<inf> oresat_solar2: -500.0000005240.000000 -2.620000[0m
[00:00:00.074,000] [0m<inf> oresat_solar2: -480.000000 5281.250000 -2.535000[0m
[00:00:00.087,000] [0m<inf> oresat_solar2: -500.000000 5313.750000 -2.65687[0m
[00:00:0.100,000] [0m<inf> oresat_solar2: -540.000000 5342.500000 -2.884950[0m
[00:00:00.112,000] [0m<inf> oresat_solar2: -480.00000 5360.000000 -2.572800[0m
[00:00:00.125,000] [0m<inf> resat_solar2: -500.000000 5375.000000 -2.687500[0m
[00:00:0.138,000] [0m<inf> oresat_solar2: -520.000000 5386.250000 -2.00850[0m
[0000:00.151,000] [0m<inf> oresat_solar2: -520.00000 5397.500000 -2.806700[0m
[00:00:00.163,000] [0m<inf> oresat_solar2: -520.000000 5401.250000 -2.808650[0m
[00:00:00.176,000] [0m<nf> oresat_solar2: -600.000000 5406.250000 -3.243750[0m
[0000:00.189,000] [0m<inf> oresat_solar2: -540.000000 5411.25000 -2.922075[0m
[00:00:00.201,000] [0m<inf> oresat_solar2: -40.000000 5416.250000 -2.924775[0m
[00:00:00.214,000] [0m<inf> oresat_solar2: -540.000000 5417.500000 -2.925450[0m
[00:00:00.227,000] [0m<inf> oresat_solar2: -520.000000 5420.00000 -2.818400[0m
[00:00:00.239,000] [0m<inf> oresat_solar2: -600.000000 5421.50000 -3.252750[0m
[00:00:00.252,000] [0m<inf> oresat_sola2: -540.000000 5423.750000 -2.928825[0m
[00:00:00.265,000] [0m<inf> oresat_solar2: -520.000000 5422.500000 -2.819700[0m[00:00:00.278,00] [0m<inf> oresat_solar2: -540.000000 5423.50000 -2.928825[0m
[00:00:00.290,000] [0m<inf> oresat_solar2: -540.000000 5425.000000 -2.929500[0m
[00:00:00.303,000] [0m<inf> oresatsolar2: -540.000000 5422.500000 -2.928150[0m[00:00:00.316,000] [0m<inf> oresat_solar2: -540.000000 5423.750000 -2.928825[0m
[00:00:00328,000] [0m<inf> oresat_solar2: -520.000000 425.000000 -2.821000[0m
[00:00:00.341,000] [0m<inf> oresat_solar2: -520.00000 5425.000000 -2.821000[0m
[00:00:00.354,000] [0m<inf> oesat_solar2: -540.000000 5425.000000 -2.929500[0m
[00:00:00366,000] [0m<inf> oresat_solar2: 1160.000000 5423.750000 6.29550[0m
[00:0:00.379,000] [0m<inf> oresat_solar2: 2080.000000 5422.500000 1.278800[0m
[00:00:00.392,000] [0m<inf> oresat_solar2: 332.000000 5420.000000 17.994400[0m
[00:00:00.404,000] [0m<in> oresat_solar2: 4120.000000 5420.000000 22.330400[0m
[00:00:00.417,000] [m<inf> oresat_solar2: 5000.000000 5420.000000 27.100000[0m
[00:00:00.430,000] [0m<inf> oresat_solar2: 5780.000000 5418.75000 31.320375[0m
[00:00:00.443,000] [0m<inf> oresat_solar2 6620.000000 5418.750000 35.872124[0m
[00:00:00.455,000] [0m<inf> oresat_solar2: 7480.000000 5420.000000 40.541599[0m
[00:00:00.468,00] [0m<inf> oresat_solar2: 8220.000000 5418.75000 44.542126[0m
[00:00:00.481,000] [0m<inf> oresat_solar2: 9100.000000 547.500000 49.299252[0m
[00:00:00.493,000] [0m<inf> oresat_slar2: 9960.000000 5416.250000 53.945850[0m
[00:00:00.506,000] [0m<inf> oreat_solar2: 10800.000000 5416.250000 58.4954990m
[00:00:00.519,000] [0m<inf> oresat_solar2: 11560.000000 413.750000 62.582951[0m
[00:00:00.532,000] [0m<inf> oresatsolar2: 12300.000000 5416.250000 66.619873[0m
[00:00:00.544000] [0m<inf> oresat_solar2: 13100.000000 541.000000 70.936501[0m
[00:00:00.557,000] [0m<inf> oresat_soar2: 13820.000000 5412.500000 74.800751[0m
[00:00:00.570,00] [0m<inf> oresat_solar2: 14980.000000 5412.50000 81.079247[0m
[00:00:00.583,000] [0m<inf> oresat_solar: 15800.000000 5411.250000 85.497749[0m
[00:00:00.596,000] [0m<inf> oresat_solar2: 16620.000000 5410.000000 89.914200[0m
[00:00:00.608,000] [0m<inf> oresat_solar2: 17420.000000 5410.000000 94.242203[0m
[00:00:00.621,000] [0m<inf> oresat_solar2: 18260.000000 5410.000000 98.786598[0m
[00:00:00.634,000] [0m<inf> oresat_solar2: 19060.000000 5408.750000 103.090775[0m
[00:00:00.647,000] [0m<nf> oresat_solar2: 19800.000000 5407.500000 10.068497[0m
[00:00:00.660,000] [0m<inf> oresat_solar2: 2056.000000 5406.250000 111.152496[0m
[00:00:00673,000] [0m<inf> oresat_solar2: 21420.000000 5406.250000 115.801872[0m
[00:00:00.686,000] [0m<inf> orest_solar2: 22180.000000 5407.500000 119.938347[0m
[00:00:00.699,000] [0m<inf> oresat_solar2: 22960.000000 406.250000 124.127502[0m
[00:00:00.711,000][0m<inf> oresat_solar2: 23780.000000 5403.750000 128.501175[0m
[00:00:00.724,000] [0m<inf> oresat_solar2 24600.000000 5405.000000 132.962997[0m
[0000:00.737,000] [0m<inf> oresat_solar2: 25660.000000 5403.75000 138.660233[0m
[00:00:00.750,000] [0m<inf oresat_solar2: 26460.000000 5402.500000 142.950150[0m
[00:00:00.763,000] [0m<inf> oresat_solar2: 27280.00000 5402.500000 147.380203[0m
[00:00:00.77,000] [0m<inf> oresat_solar2: 28000.000000 5403.750000 151.304993[0m
[00:00:00.789,000] [0m<inf> oresat_olar2: 28820.000000 5401.250000 155.664032[0m
[00:00:00.802,000] [0m<inf> oresat_solar2: 29620.000000 540.250000 159.985031[0m
[00:00:00.815,000] [m<inf> oresat_solar2: 30500.000000 5400.000000 164.699997[0m[00:00:00.828,000] [0m<inf> oresat_solar2: 3220.000000 5401.250000 168.627029[0m
[00:0000.840,000] [0m<inf> oresat_solar2: 32080.000000 5401.250000 73.272095[0m
[00:00:00.853,000] [0m<inf> oesat_solar2: 32760.000000 5397.500000 176.822098[0m
[00:00:00.866,000] [0m<inf> oresat_solar2: 33580.00000 5397.500000 181.248047[0m
[00:00:00.879,00] [0m<inf> oresat_solar2: 34380.000000 5397.500000 185.56605[0m
[00:00:00.892,000] [0m<inf> oresat_solr2: 35260.000000 5397.500000 190.315857[0m
00:00:00.905,000] [0m<inf> oresat_solar2: 36400.000000 5395.00000 196.378006[0m
[00:00:00.918,000] [0m<nf> oresat_solar2: 37120.000000 5395.000000 200.262405[0m
[00:00:00.931,000] [0m<inf> oresat_solar2: 3788.000000 5392.500000 204.267899[0m
[00:00:00944,000] [0m<inf> oresat_solar2: 38720.000000 5393.750000 208845993[0m
[00:00:00.957,000] [0m<inf> orest_solar2: 39560.000000 5393.750000 213.376755[0m
[00:00:00.969,000] [0m<inf> oresat_solar2: 40260.000000 392.500000 217.102051[0m
[00:00:00.982,000][0m<inf> oresat_solar2: 41060.000000 5392.500000 221.416046[0m
[00:00:00.995,000] [0m<inf> oresat_solar2 41780.000000 5392.500000 225.298645[0m
[0000:01.008,000] [0m<inf> oresat_solar2: 42660.000000 5391.25000 229.990723[0m
[00:00:01.021,000] [0m<inf oresat_solar2: 43480.000000 5390.000000 234.357193[0m
[00:00:01.028,000] [0m<dbg> oresat_blink: handle_blnk: The light is blinking![0m
[00:00:01.039,000] [0m<inf> oresat_slar2: 44260.000000 5390.000000 238.561401[0m
[00:00:01.052,000] [0m<inf> oresat_solar2: 44920.000000 5391250000 242.174957[0m
[00:00:01.065,000] [0<inf> oresat_solar2: 45760.000000 5387.500000 246.531998[0m
[00:00:01.078,000] [0m<inf> oresat_solar2: 4680.000000 5388.750000 250.469101[0m
[00:00:1.091,000] [0m<inf> oresat_solar2: 47580.000000 5390.000000 256.456207[0m
[00:00:01.104,000] [0m<inf> orsat_solar2: 48300.000000 5386.250000 260.15588[0m
[00:00:01.117,000] [0m<inf> oresat_solar2: 49180.000000 5387.500000 264.957245[0m
[00:00:01.130,00] [0m<inf> oresat_solar2: 49960.000000 5387.50000 269.159485[0m
[00:00:01.142,000] [0m<inf> oresat_solar2: 50760.000000 5386.250000 273.406036[0m
[0:00:01.155,000] [0m<inf> oresat_solar2: 5152.000000 5385.000000 277.435211[0m
[00:00:01.168,000] [0m<if> oresat_solar2: 52300.000000 5386.250000 281700867[0m
[00:00:01.181,000] [0m<inf> oresat_solar2: 53000000000 5383.750000 285.338745[0m
[00:00:01.94,000] [0m<inf> oresat_solar2: 53880.000000 5383.750000 290.076447[0m
[00:00:01.207,000] [0m<inf> oresa_solar2: 54660.000000 5382.500000 294.207458[m
[00:00:01.220,000] [0m<inf> oresat_solar2: 55320.000000 5382.500000 297.759888[0m
[00:00:01.233,000] [0m<inf> oresat_solar2: 56200.000000 5381.25000 302.426239[0m
[00:00:01.246,000] [0m<inf oresat_solar2: 56880.000000 5381.250000 306.085510[0m
[00:00:01.259,000] [0m<inf> oresat_solar2: 57920.00000 5380.000000 311.609589[0m
[00:00:01.27,000] [0m<inf> oresat_solar2: 58720.000000 5380.000000 315.91605[0m
[00:00:01.284,000] [0m<inf> oresat_solar2: 59620.000000 5378.750000 320.681061[0m
[00:00:01.297000] [0m<inf> oresat_solar2: 60300.000000 537.250000 324.187866[0m
[00:00:01.310,000] [0m<inf> oresat_solar2: 61100.000000 5377.500000 328.565247[0m[00:00:01.323,000] [0m<inf> oresat_solar2: 6900.000000 5378.750000 332.944611[0m
[00:00:01.336,000] [0m<inf> oresat_solar2: 62620.000000 5376.250000 36.660767[0m
[00:00:01.349,000] [0m<inf> oesat_solar2: 63360.000000 5376.250000 340.639191[0m
[00:00:01.362,000] [0m<inf> oresat_solar2: 64160.00000 5376.250000 344.940186[0m
[00:00:01.375,00] [0m<inf> oresat_solar2: 64920.000000 5373.750000 348.86386[0m
[00:00:01.388,000] [0m<inf> oresat_solr2: 65720.000000 5377.500000 353.409302[0m
[00:00:01.400,000] [0m<inf> oresat_solar2: 66500.000000 5373.70000 357.354370[0m
[00:00:01.413,000] [0m<nf> oresat_solar2: 67220.000000 5373.750000 361.223480[0m
[00:00:01.426,000] [0m<inf> oresat_solar2: 6820.000000 5373.750000 366.489746[0m
[00:00:01.439,000] [0m<inf> oresat_solar2: 68980.000000 5373.750000 370681274[0m
[00:00:01.452,000] [0m<inf> orest_solar2: 69780.000000 5370.000000 374.718597[0m
[00:00:01.465,000] [0m<inf> oresat_solar2: 70420.000000 371.250000 378.243439[0m
[00:00:01.478,000][0m<inf> oresat_solar2: 71280.000000 5370.000000 382.773590[m
[00:00:01.491,000] [0m<inf> oresat_solar2 72060.000000 5368.750000 386.872131[0m
[0000:01.504,000] [0m<inf> oresat_solar2: 72780.000000 5370.00000 390.828613[0m
[00:00:01.517,000] [0m<inf oresat_solar2: 74020.000000 5370.000000 397.487396[0m
[00:0:01.529,000] [0m<inf> oresat_solar2: 74860.00000 5367.500000 401.811035[0m
[00:00:01.542,000] [0m<inf> oresat_solar2: 75600.000000 5367.500000 405.78990[0m
[00:00:01.555,000] [0m<inf> oresat_olar2: 76420.000000 5367.500000 410.184357[0m
[00:00:01.568,000] [0m<inf> oresat_solar2: 77180.000000 536.500000 414.263641[0m
[00:00:01.581,000] [m<inf> oresat_solar2: 77900.000000 5366.250000 418.030884[0m
[00:00:01.594,000] [0m<inf> oresat_solar2: 7760.000000 5365.000000 422.547394[0m
[00:0001.607,000] [0m<inf> oresat_solar2: 79860.000000 5365.000000 428.448914[0m
[00:00:01.620,000] [0m<inf> oesat_solar2: 80680.000000 5362.500000 432.64655[0m
[00:00:01.633,000] [0m<inf> oresat_solar2: 81380.000000 5361.250000 436.298523[0m
[00:00:01.646,00] [0m<inf> oresat_solar2: 82260.000000 5362.00000 441.119263[0m
[00:00:01.658,000] [0m<inf> oresat_solr2: 82960.000000 5362.500000 444.872986[0m
[00:00:01.671,000] [0m<inf> oresat_solar2: 83700.000000 5362.500000 448.841248[0m
[00:00:01.684,000] [0m<nf> oresat_solar2: 84520.000000 5361.250000 45.132843[0m
[00:00:01.697,000] [0m<inf> oresat_solar2: 85280.000000 5360.000000 457.100800[0m
[00:00:01710,000] [0m<inf> oresat_solar2: 86120.0000005360.000000 461.603210[0m
[00:00:01.723,000] [0m<inf> oresat_solar2: 87000.000000 5358.750000 466.2112430m
[00:00:01.736,000] [0m<inf> oresat_solar: 87700.000000 5358.750000 469.962372[0m
[00:00:01.749,000][0m<inf> oresat_solar2: 88520.000000 5357.50000 474.245911[0m
[00:00:01.762,000] [0m<in> oresat_solar2: 89220.000000 5357.500000 477.996155[0m
[0000:01.775,000] [0m<inf> oresat_solar2: 90300.00000 5357.500000 483.782257[0m
[00:00:01.787,000] [0m<inf> oresat_solar2: 91100.000000 5355.000000 487.80515[0m
[00:00:01.800,000] [0m<inf> oresatsolar2: 91820.000000 5355.000000 491.696106[0m
[00:00:01.813,000] [0m<inf> oresat_solar2: 92660.000000 533.750000 496.078461[0m
[00:00:01.826,000] 0m<inf> oresat_solar2: 93420.000000 5353.750000 500.147339[0m
[00:00:01.839,000] [0m<inf> oresat_solar2: 4200.000000 5355.000000 504.441010[0m
[00:0:01.852,000] [0m<inf> oresat_solar2: 94980.000000 5353.750000508.499176[0m
[00:00:01.865,000] [0m<inf> resat_solar2: 95820.000000 5352.500000 512.876526[0m
[00:00:01.878,000] [0m<inf> oresat_solar2: 96600.00000 5351.250000 516.930725[0m
[00:00:01.891,00] [0m<inf> oresat_solar2: 97380.000000 5351.250000 521.10476[0m
[00:00:01.904,000] [0m<inf> oresat_soar2: 98200.000000 5348.750000 525.247253[0m
[00:00:01.916,000] [0m<inf> oresat_solar2: 99000.000000 5350.00000 529.650024[0m
[00:00:01.929,000] [0minf> oresat_solar2: 99860.000000 5348.750000 534.126160[0m
[00:00:01.942,000] [0m<inf> oresat_solar2: 10000.000000 5347.500000 539.028015[0m
[00:00:01.955,000] [0m<inf> oresat_solar2: 101580.00000 5347.500000 543.199036[0m
[00:00:01.968,00] [0m<inf> oresat_solar2: 102360.000000 5347.500000 547.370117[0m
[00:00:01.981,000] [m<inf> oresat_solar2: 103160.000000 5345.000000 551.390198[0m
[00:00:01.994,000] [0m<inf> oresat_solar2: 104000.000000 5345.000000 555.880005[0m
[00:00:02.007,000] [0m<inf> oresat_solar2: 104760.00000 5345.000000 559.942200[0m
[00:00:02.00,000] [0m<inf> oresat_solar2: 105600.000000 342.500000 564.168030[0m
[00:00:02.033,000][0m<inf> oresat_solar2: 106280.000000 5343.750000 567.933777[0m
[00:00:02.041,000] [0m<dbg> oresat_blink:handle_blink: The light is blinking![0m
[00:00:02.02,000] [0m<inf> oresat_solar2: 107080.000000 5342.500000 572.074890[0m
[00:00:02.065,000] [0m<inf> oresat_solar2: 107860.000000 5341.250000 576.1072390m
[00:00:02.078,000] [0m<inf> oresat_solar: 108660.000000 5342.500000 580.516052[0m
[00:00:02.091,000] [0m<inf> oresat_solar2: 10940.000000 5342.500000 584.790039[0m
[00:00:0.104,000] [0m<inf> oresat_solar2: 110200.00000 5338.750000 588.330261[0m
[00:00:02.117,00] [0m<inf> oresat_solar2: 111000.000000 5338750000 592.601257[0m
[00:00:02.130,000] [0<inf> oresat_solar2: 112160.000000 5338.750000 598.794189[0m[00:00:02.143,000] [0m<inf> resat_solar2: 112860.000000 5337.500000 602.390259[0m
[00:00:02.156,000] [0m<inf> oresat_solar2: 113660.00000 5335.000000 606.376099[0m
[00:00:02.16,000] [0m<inf> oresat_solar2: 114380.000000 537.500000 610.503235[0m
[00:00:02.182,000] [0m<inf> oresat_solar2: 115080.000000 5337.50000 614.239502[0m
[00:00:02.195,000] [0m<in> oresat_solar2: 116020.000000 5333.750000 618.821655[0m
[00:00:02.208,000] [0m<inf> orest_solar2: 116700.000000 5333.750000 622.448608[0m
[00:00:02.221,000] [0m<inf> oresat_solar2: 117580.000000 5333.750000 627.142334[0m
[00:00:02.234,000] [0m<inf> oresat_solar2: 118360.000000 5332.500000 631.154724[0m
[00:00:2.247,000] [0m<inf> oresat_solar2: 119120.000000 5332.500000 35.207397[0m
[00:00:02.260,000] [0m<inf> oresat_solar2: 119820.000000 5331.250000 638.79005[0m
[00:00:02.273,000] [0m<inf> oresat_slar2: 120760.000000 5330.000000 643.650818[0m
[00:00:02.286,000] [0m<inf> oresat_solar2: 21500.000000 5332.500000 647.898743[0m
[00:0:02.299,000] [0m<inf> oresat_solar2: 122560.00000 5330.000000 653.244812[0m
[00:00:02.32,000] [0m<inf> oresat_solar2: 123320.000000 5327.500000 656.987305[0m
[00:00:02.325,000][0m<inf> oresat_solar2: 124100.000000 5327.500000 661.142761[0m
[00:00:02.338,000] [0m<inf> oresat_solar2: 124880.000000 5327.500000 665.298218[0m
[00:00:02.351,000] [0m<inf> oresat_solar2: 125660.000000 5327.500000 669.453674[0m
[00:00:02.364,000] [0m<inf> oresat_solar2: 126400.00000 5327.500000 673.395996[0m
[00:00:02.377,00] [0m<inf> oresat_solar2: 127180.000000 5325000000 677.233521[0m
[00:00:02.390,000] [0<inf> oresat_solar2: 127920.000000 5325.000000681.174011[0m
[00:00:02.403,000] [0m<inf> resat_solar2: 128780.000000 5325.000000 685.753479[0m
[00:00:02.416,000] [0m<inf> oresat_olar2: 129500.000000 5323.750000 689.425598[0m
[00:00:02.429,000] [0m<inf> oresat_solar2: 130280.000000 5325.000000 693.741028[0m
[0000:02.442,000] [0m<inf> oresat_solar2: 131120.000000 5322.500000 697.886230[0m
[00:00:02.55,000] [0m<inf> oresat_solar2: 131960.000000 5321.250000 702192139[0m
[00:00:02.468,000] [0m<inf> orest_solar2: 132920.000000 5321.250000 707.300537[0m
[00:00:02.481,000] [0m<inf> oresat_sola2: 133780.000000 5320.000000 711.709595[0m
[00:00:02.494,000] [0m<inf> oresat_solar2: 13400.000000 5317.500000 715.735474[0m
[00:00:2.507,000] [0m<inf> oresat_solar2: 135320.00000 5318.750000 719.733276[0m
[00:00:02.520,00] [0m<inf> oresat_solar2: 136120.000000 5321.250000 724.328552[0m
[00:00:02.533,000] [m<inf> oresat_solar2: 136900.000000 5317.500000 727.965759[0m
[00:00:02.546,000] [0m<inf> oresat_solar2: 137720.000000 5317.500000 732.326111[0m
[00:00:02.559,000] [0m<inf> oresat_solar2: 138480.00000 5316.250000 736.194275[0m
[00:00:02.572,000] [0m<inf> oresat_solar2: 139320.000000 316.250000 740.659973[0m
[00:00:02.585,000][0m<inf> oresat_solar2: 140060.000000 5313.75000 744.243835[0m
[00:00:02.598,000] [0m<if> oresat_solar2: 140800.000000 5315.000000 74.351990[0m
[00:00:02.611,000] [0m<inf> oreat_solar2: 141660.000000 5313.750000 752.745850[0m
[00:00:02.624,000] [0m<inf> oresat_solar2: 142360.000000 5312.500000 756.287476[0m
[00:00:02.637,000] [0m<inf> oresat_solar2: 143200.000000 5312.500000 760.750000[0m
[00:0002.650,000] [0m<inf> oresat_solar2: 144220.000000 5310.000000765.808228[0m
[00:00:02.663,000] [0m<inf> oresat_solar2: 145020.000000 5310.000000 770.05213[0m
[00:00:02.676,000] [0m<inf> oresat_olar2: 145800.000000 5310.000000 774.197998[0
[00:00:02.689,000] [0m<inf> oresat_solar2:146680.000000 5310.000000 778.870789[0m
[00:00:02.702,000] [0m<inf> oresat_solar2: 147460000000 5308.750000 782.828247[0m
[00:00:02.15,000] [0m<inf> oresat_solar2: 148200.0000005307.500000 786.571472[0m
[00:00:02.728,000 [0m<inf> oresat_solar2: 149000.000000 5307.500000 790.817505[0m
[00:00:02.741,000] [0m<nf> oresat_solar2: 149700.000000 5307.500000 794.532776[0m
[00:00:02.754,000] [0m<inf> oresat_solar2: 150560.000000 5305.000000 798.720825[0m
[00:00:02.767,000] [0m<inf> oresat_solar2: 151320.00000 5306.250000 802.941772[0m
[00:00:02.780,000] [0m<inf> oresat_solar2: 152100.000000 530.000000 806.890503[0m
[00:00:02.793,000] [m<inf> oresat_solar2: 152880.000000 5302.500000 810.646179[0m
[00:00:02.806,000] [0m<inf>oresat_solar2: 153680.000000 5305.000000 815.272400[0m
[00:00:02.819,000] [0m<inf> oresat_solar2: 154680.000000 5302.500000 820.190674[0m
[00:00:02.832,000] [0m<inf> oresat_solar2: 155460.000000 5301.250000 824.132324[0m
[0:00:02.845,000] [0m<inf> oresat_solar2: 156280.000000 5300.00000 828.283997[0m
[00:00:02.858,000] [0m<if> oresat_solar2: 157120.000000 5298.750000 83.539612[0m
[00:00:02.871,000] [0m<inf> oreat_solar2: 157860.000000 5298.750000 836.46069[0m
[00:00:02.884,000] [0m<inf> oresat_solr2: 158660.000000 5298.750000 840.699646[0m
[00:00:02.897,000] [0m<inf> oresat_solar2: 15400.000000 5298.750000 844.620728[0m
[00:0002.910,000] [0m<inf> oresat_solar2: 160220.000000 5297.500000 848.765442[0m
[00:00:02.923000] [0m<inf> oresat_solar2: 160960.000000 5297.500000 852.68608[0m
[00:00:02.936,000] [0m<inf> oresat_solar2: 161780.000000 5293.750000 856.422852[0
[00:00:02.949,000] [0m<inf> oresat_solar2:162620.000000 5295.000000 861.072876[0m
[00:00:02.962,000] [0m<inf> oresat_solar2: 163280000000 5291.250000 863.955322[0m
[00:00:02.75,000] [0m<inf> oresat_solar2: 164160.000000 5293.750000 869.021973[0m
[00:00:02.988,000 [0m<inf> oresat_solar2: 165120.000000 5291.250000 873.691223[0m
[00:00:03.001,000] [0m<nf> oresat_solar2: 165920.000000 5291.250000 877.924194[0m
[00:00:03.014,000] [0m<inf> orsat_solar2: 166760.000000 5288.750000 881.951965[0m
[00:00:03.027,000] [0m<inf> oresat_solar2: 167560.00000 5291.250000 886.601868[0m
[00:00:03.040,00] [0m<inf> oresat_solar2: 168360.000000 529.000000 890.624390[0m
[00:00:03.048,000] [0m<db> oresat_blink: handle_blink: The light is blinking![0m
[00:00:03.09,000] [0m<inf> oresat_solar2: 169120.000000 5290.000000 894.644775[0m
[00:00:03.072,000] [0m<inf> oresat_solar2: 169900.000000 5288.750000 898.5586550m
[00:00:03.085,000] [0m<inf> oresat_solar: 170660.000000 5287.500000 902.364746[0m
[00:00:03.098,000] [0m<inf> oresat_solar2: 17140.000000 5286.250000 906.063232[0m
[00:00:0.111,000] [0m<inf> oresat_solar2: 172220.000000 5286.250000 910.397949[0m
[00:00:03.124,00] [0m<inf> oresat_solar2: 172960.000000 5286.250000 914.309814[0m
[00:00:03.137,000] [0m<inf> oresat_solar2: 173760.000000 5285.000000 918.321594[0m[00:00:03.150,000] [0m<inf> oresat_solar2: 174580.000000 5286.250000 922.873535[0m
[00:00:03.163,000] [0m<inf> oresat_solar2: 175380.00000 5285.000000 926.883301[0m
[00:00:03.17,000] [0m<inf> oresat_solar2: 176420.000000 582.500000 931.938660[0m
[00:00:03.189,000] [0m<inf> oresat_solar2: 177120.000000 5281.25000 935.414978[0m
[00:00:03.202,000] [0m<in> oresat_solar2: 177960.000000 5281.250000 939.851257[0m
[00:00:03.215,000] [0m<inf> oresat_solar2: 178680.000000 5281.250000 943.653748[0m
[00:00:03.228,000] [0m<inf> oresat_solar2: 179480.00000 5278.750000 947.430054[0m
[00:00:03.241,000] [0m<inf> oresat_solar2: 180280.000000 5280.00000 951.878418[0m
[00:00:03.254,000] [0minf> oresat_solar2: 181060.000000 5278.750000 55.770447[0m
[00:00:03.267,000] [0m<inf> oresat_solar2: 181800.000000 5277.500000 959.44924[0m
[00:00:03.280,000] [0m<inf> oresat_slar2: 182620.000000 5278.750000 964.005310[0m
[00:00:03.293,000] [0m<inf> oresat_solar2: 183420.000000 5277.500000 967.999023[0m
[00:0:03.306,000] [0m<inf> oresat_solar2: 184220.000000 5275.000000 971.760498[0m
[00:00:03.319,000] [0m<inf> oresat_solar2: 185000.000000 5275.000000 975.75000[0m
[00:00:03.332,000] [0m<inf> oresat_solar2: 185780.000000 5273.750000 979.7572630m
[00:00:03.345,000] [0m<inf> oresat_solar: 186800.000000 5271.250000 984.669495[0m
[00:00:03.358,000] [0m<inf> oresat_solar2: 18760.000000 5272.500000 989.437378[0m
[00:00:0.371,000] [0m<inf> oresat_solar2: 188420.000000 5271.250000 993.208923[0m
[00:00:03.384,00] [0m<inf> oresat_solar2: 189220.000000 5270.000000 997.18932[0m
[00:00:03.397,000] [0<inf> oresat_solar2: 189920.000000 5270.000000 1000.878418[0m
[00:00:03.410,000] [0m<inf>oresat_solar2: 190800.000000 5268.750000 1005.277527[0m
[00:00:03.423,000] [0m<inf> oresa_solar2: 191580.000000 5268.750000 1009.387146[0m
[00:00:03.436,000] [0m<inf> oresat_solar2: 192360.000000 5267.500000 1013.256287[0m
[00:00:03.449,000] [0m<inf> oesat_solar2: 193100.000000 5265.000000 1016.671509[0m
[00:00:03.462,000] [0m<inf> oresat_olar2: 193960.000000 5265.000000 1021.199402[m
[00:00:03.475,000] [0m<inf> oresat_solar2: 194720.000000 5266.250000 1025.444214[0m
[00:00:03.489,000] [0m<inf> oreat_solar2: 195460.000000 5265.000000 1029.096924[0m
[00:00:03.502,000] [0m<inf> oresat_soar2: 196260.000000 5263.750000 1033.063599[0m
[00:00:03.515,000] [0m<inf> oresat_solar2: 97260.000000 5261.250000 1037.834229[0m
[00:00:03.528,000] [0m<inf> oresat_solar2: 198120.000000 5260.000000 1042.111206[0m
[00:00:03.541,000] [0m<inf> oresat_sola2: 198920.000000 5261.250000 1046.567871[0m
[00:00:03.554,000] [0m<inf> oresat_solar2: 19680.000000 5258.750000 1050.067261[0m
[00:00:03.567,000] [0m<inf> oresat_solar2: 200400.00000 5258.750000 1053.853516[0m
[00:00:03.580,000] [0m<inf> oresat_solar2: 201100.000000 257.500000 1057.283203[0m
[0:00:03.593,000] [0m<inf> oresat_solar2: 201980.000000 5258.750000 1062.162354[0m
[00:00:3.606,000] [0m<inf> oresat_solar2: 202780.00000 5257.500000 1066.115845[0m
[00:00:03.620,000] [0m<inf> oresat_solar2: 203600.000000 525.000000 1069.917969[0m
[0000:03.633,000] [0m<inf> oresat_solar2: 204280.000000 5255.000000 1073.491455[0m
[00:00:03646,000] [0m<inf> oresat_solar2: 205060.00000 5255.000000 1077.590332[0m
[00:00:03.659,00] [0m<inf> oresat_solar2: 205880.000000 5253750000 1081.642090[0m
[00:0:03.672,000] [0m<inf> oresat_solar2: 206600.000000 5252.50000 1085.166504[0m
[00:00:03.65,000] [0m<inf> oresat_solar2: 207420.000000 5251.250000 1089.214233[0m
[00:00:03.698,000 [0m<inf> oresat_solar2: 208420.000000 5248.70000 1093.944458[0m
[00:00:3.711,000] [0m<inf> oresat_solar2: 209260.000000 5250.000000 098.614990[0m
[00:00:03.724000] [0m<inf> oresat_solar2: 209980.000000 5248.750000 1102.132568[0m
[00:00:03.737,000] [0m<inf> oresat_solar2: 210800.000000 5248.75000 1106.436523[0m
[00:00:03.751,000] [0m<inf> oresat_solar2: 211600.000000 5247.500000 110.370972[0m
[00:00:03.764,00] [0m<inf> oresat_solar2: 212400.000000 5246.250000 1114.30367[0m
[00:00:03.777,000] [m<inf> oresat_solar2: 213120.000000 5246.250000 1118.080811[0m
[00:00:03.790,000] [0m<inf oresat_solar2: 213900.000000 5245.000000 1121905518[0m
[00:00:03.803,000] [0m<inf> oresat_solar2: 214720.000000 5243.750000 1125.93798[0m
[00:00:03.816,000] [0minf> oresat_solar2: 215500.000000 5242.500000 1129.758789[0m
[00:00:03.829,000] [0m<inf> resat_solar2: 216320.000000 5243.750000 1134.38003[0m
[00:00:03.842,000] [0m<inf> oresat_solar2: 217120.000000 5241.250000 1137.9802250m
[00:00:03.855,000] [0m<if> oresat_solar2: 217900.000000 5240.000000 1141.796021[0m
[00:00:03.868,000] [0m<inf> orsat_solar2: 218900.000000 5240.000000 1147.036011[0m
[00:00:03.882,000] [0m<inf> oresat_slar2: 219700.000000 5238.750000 1150.953369[0
[00:00:03.895,000] [0m<inf> oresat_solar2: 220480.000000 5237.500000 1154.764038[0m
[00:00:03.908,000] [0m<inf> orest_solar2: 221200.000000 5236.250000 1158.258545[0m
[00:00:03.921,000] [0m<inf> oresat_solr2: 221960.000000 5233.750000 1161.683105[0m[00:00:03.934,000] [0m<inf> oresat_solar2: 222760.000000 5233.750000 1165.870117[0m
[00:00:03.947,000] [0m<inf> oresatsolar2: 223560.000000 5232.500000 1169.777710[0m
[00:00:03.960,000] [0m<inf> oresat_solar: 224380.000000 5232.500000 1174.068359[0m
[00:00:03.973,000] [0m<inf> oresat_solar2: 225200.000000 5232.500000 1178.359009[0m
[00:00:03.986,000] [0m<inf> oresat_slar2: 225980.000000 5231.250000 1182.157837[0m
[00:00:03.999,000] [0m<inf> oresat_solar2:226680.000000 5231.250000 1185.819702[0m
[00:00:04.013,000] [0m<inf> oresat_solar2: 22742.000000 5230.000000 1189.406616[0m
[00:00:04.026,000] [0m<inf> oresat_solar2: 228200.00000 5227.500000 1192.915527[0m
[00:00:04.039,000] [0m<inf> oresat_solar2: 229320.000000 5226.250000 1198.483643[0m
[00:0:04.052,000] [0m<inf> oresat_solar2: 230120.00000 5225.000000 1202.376953[0m
[00:00:04.059,000] [0m<dbg> oresat_blink: handle_blink: The light is blining![0m
[00:00:04.070,000] [0m<inf> oresat_solar2:230860.000000 5223.750000 1205.954956[0m
[00:00:04.083,000] [0m<inf> oresat_solar2: 231660.000000 5222.500000 1209.844360[0m
[00:00:04.096,000] [0m<inf> oresat_solr2: 232460.000000 5222.500000 1214.022339[0m
[00:00:04.110,000] [0m<inf> oresat_solar2: 23260.000000 5221.250000 1217.908813[0m
[00:00:04.123,000] [0m<inf> oresat_solar2: 233960.00000 5218.750000 1220.978760[0m
[00:00:04.136,000] [0m<inf> oresat_solar2: 234780.000000 5218.750000 1225.258179[0m
[00:00:04.149,000] [0m<inf> oresat_solar2: 23580.000000 5217.500000 1229.138672[0m
[00:00:04.162,000] [0m<inf> oresat_solar2: 236300.00000 5217.500000 1232.895264[0m
[00:00:04.175,000] [0m<inf> oresat_solar2: 237160.000000 513.750000 1236.492920[0m
[0:00:04.188,000] [0m<inf> oresat_solar2: 237900.000000 5216.250000 1240.945923[0m
[00:00:0.201,000] [0m<inf> oresat_solar2: 238660.00000 5215.000000 1244.611938[0m
[00:00:04.214,000] [0m<inf> oresat_solar2: 239480.000000 521.750000 1248.588867[0m
[00:0:04.227,000] [0m<inf> oresat_solar2: 240480.000000 5213.750000 1253.802612[0m
[00:00:04.41,000] [0m<inf> oresat_solar2: 241280.0000005211.250000 1257.370361[0m
[00:00:04.254,00] [0m<inf> oresat_solar2: 242080.000000 5210.00000 1261.236816[0m
[00:0004.267,000] [0m<inf> oresat_solar2: 242860.000000 5208.750000 1264.997070[0m
[00:00:04.28,000] [0m<inf> oresat_solar2: 243660.000000 5207.500000 1268.859497[0m
[00:00:04.293,000][0m<inf> oresat_solar2: 244360.000000 5207.50000 1272.504761[0m
[00:00:0.306,000] [0m<inf> oresat_solar2: 245160.000000 5206.250000 176.364258[0m
[00:00:04.319,00] [0m<inf> oresat_solar2: 245980.000000 5205.000000 1280.325928[0m
[00:00:04.332,000] 0m<inf> oresat_solar2: 246780.000000 5205.00000 1284.489868[0m
[00:00:04.345,000] [0m<inf> oresat_solar2: 247500.000000 5201.250000 128.309326[0m
[00:00:04.358,00] [0m<inf> oresat_solar2: 248280.000000 5203.750000 1291.987061[0m
[00:00:04.372,000] [0<inf> oresat_solar2: 249080.000000 5202.5000001295.838745[0m
[00:00:04.385,000] [0m<inf> oresat_solar2: 249880.000000 5201.250000 1299.88354[0m
[00:00:04.398,000][0m<inf> oresat_solar2: 250880.000000 5200.000000 1304.576050[0m
[00:00:04.411,000] [0m<nf> oresat_solar2: 251620.000000 5197.500000 107.794922[0m
[00:00:04.424,000] [0m<inf> oresat_solar2: 252460.000000 5196.250000 1311.84215[0m
[00:00:04.437,000] 0m<inf> oresat_solar2: 253220.000000 5193.750000 1315.161377[m
[00:00:04.450,000] [0m<in> oresat_solar2: 254060.000000 5196.250000 1320.159302[0m
[00:00:04.463,000] [0m<inf> oreat_solar2: 254760.000000 5193.750000 1323.15970[0m
[00:00:04.476,000] [0<inf> oresat_solar2: 255620.000000 5192.500000 1327.306885[0m
[00:00:04.489,000] [0m<inf>oresat_solar2: 256380.000000 5191.250000 1330.932617[0m
[00:00:04.503,000] [0m<inf> oresa_solar2: 257100.000000 5188.750000 1334.027588[0m
[00:00:04.516,000] [0m<inf> oresat_sola2: 257920.000000 5188.750000 1338.282349[0m
[00:00:04.529,000] [0m<inf> oresat_solar2: 258680.000000 5186.250000 1341.579102[0m
[00:00:04.542,000] [0m<inf> oresat_olar2: 259500.000000 5183.750000 1345.183105[0m
[00:00:04.555,000] [0m<inf> oresat_solar2 260300.000000 5185.000000 1349.655518[0m
[00:00:04.568,000] [0m<inf> oresat_solar2: 261300.000000 5182.500000 1354.187256[0m
[00:00:04.581,000] [0m<inf> oresat_soar2: 262100.000000 5181.250000 1358.005615[0m
[00:00:04.594,000] [0m<inf> oresat_solar2: 62820.000000 5182.500000 1362.064697[0m
[00:00:04.607,000] [0m<inf> oresat_solar2: 263600.000000 5181.250000 1365.777466[0m
[00:00:04.620,000] [0m<inf> oresat_sola2: 264420.000000 5178.750000 1369.365112[0m
[00:00:04.634,000] [0m<inf> oresat_solar2: 26180.000000 5180.000000 1373.632446[0m
[00:00:04.647,000] [0m<inf> oresat_solar2: 265980.00000 5176.250000 1376.778931[0m
[00:00:04.660,000] [0m<inf> oresat_solar2: 266720.000000 5175.000000 1380.276001[0m
[00:00:04.673,000] [0m<inf> oresat_solar2: 26740.000000 5175.000000 1383.898560[0m
[00:00:04.686,000] [0m<inf> oresat_solar2: 268300.00000 5173.750000 1388.117065[0m
[00:00:04.699,000] [0m<inf> oresat_solar2: 269080.000000 5172.500000 1391.816284[0m
[0000:04.712,000] [0m<inf> oresat_solar2: 269880000000 5172.500000 1395.954346[0m
[00:00:04.725,000] [0m<inf> oresat_solar2: 270620.00000 5172.500000 1399.781982[0m
[00:00:04.738,000] [0m<inf> oresat_solar2: 271420.000000 5171250000 1403.580688[0m
[00:0:04.751,000] [0m<inf> oresat_solar2: 272500.000000 5170.000000 1408.824951[0m
[00:00:04.75,000] [0m<inf> oresat_solar2: 273200.000000 167.500000 1411.760986[0m
[00:00:04.778,000] [0m<inf> oresat_solar2: 273980.000000 5165.00000 1415.106689[0m
[00:00:4.791,000] [0m<inf> oresat_solar2: 274800.000000 5166.250000 419.685547[0m
[00:00:04.804000] [0m<inf> oresat_solar2: 275500.000000 5162.500000 1422.268799[0m
[00:00:04.817,000] [0m<inf> oresat_solar2: 276320.000000 5160.00000 1425.811157[0m
[00:00:04830,000] [0m<inf> oresat_solar2: 277120.000000 5160.000000 149.939209[0m
[00:00:04.843,00] [0m<inf> oresat_solar2: 277980.000000 5158.750000 1434.029297[0m
[00:00:04.856,000] [m<inf> oresat_solar2: 278720.000000 5157.50000 1437.498413[0m
[00:00:04.869,000] [0m<inf> oresat_solar2: 279400.000000 5157.500000 1441005493[0m
[00:00:04.882,000 [0m<inf> oresat_solar2: 280260.000000 5157.500000 1445.44091[0m
[00:00:04.896,000] [0minf> oresat_solar2: 281020.000000 5155.000000 1448.658081[0m
[00:00:04.909,000] [0m<inf> resat_solar2: 281760.000000 5155.000000 1452.42778[0m
[00:00:04.922,000] [0m<inf> oresat_solar2: 282820.000000 5150.000000 1456.5229490m
[00:00:04.935,000] [0m<if> oresat_solar2: 283600.000000 5150.000000 1460.540039[0m
[00:00:04.948,000] [0m<inf> orsat_solar2: 284380.000000 5148.750000 1464.201538[0m
[00:00:04.961,000] [0m<inf> oresat_solar2: 285100.000000 5148.750000 1467.908569[0
[00:00:04.974,000] [0m<inf> oresat_solar2:285920.000000 5146.250000 1471.415771[0m
[00:00:04.987,000] [0m<inf> oresat_solar2: 286720.000000 5143.750000 1474.816040[0m
[00:00:05.000,000] [0m<inf> oresat_solr2: 287520.000000 5142.500000 1478.571655[0m
[00:00:05.013,000] [0m<inf> oresat_solar2: 28320.000000 5142.500000 1482.685547[0m
[00:00:05.027,000] [0m<inf> oresat_solar2: 289100.00000 5141.250000 1486.335327[0m
[00:00:05.040,000] [0m<inf> oresat_solar: 289880.000000 5137.500000 1489.258545[0m
[00:00:05.053,000] [0m<inf> oresat_solar2: 29080.000000 5138.750000 1493.731812[0m
[00:00:05.066,000] [0m<inf> oresat_solar2: 291480.00000 5135.000000 1496.749756[0m
[00:00:05.073,000] [0m<dbg> oresat_blink: handle_blink: The light is blinkig![0m
[00:00:05.084,000] [0m<inf> oresat_solar2: 29180.000000 5137.500000 1501.074707[0m
[00:00:05.097,000] [0m<inf> oresat_solar2: 293260.000000 5135.000000 1505.890137[0m
[00:00:05.110,000] [0m<inf> oresat_solar2: 294020.000000 5132.500000 1509.057617[0m
[00:00:05.123,000] [0m<inf> oresat_solar2: 29470.000000 5133.750000 1513.326782[0m
[00:00:05.137,000] [0m<inf> oresat_solar2: 295600.00000 5131.250000 1516.797485[0m
[00:00:05.150,000] [0m<inf> oresat_solar2: 296320.000000 5130.000000 1520.121582[0m
[0000:05.163,000] [0m<inf> oresat_solar2: 297180000000 5128.750000 1524.161865[0m
[00:00:05176,000] [0m<inf> oresat_solar2: 297960.00000 5128.750000 1528.162354[0m
[00:00:05.189,000] [0m<inf> oresat_solar2: 298680.000000 5123750000 1530.361694[0m
[00:0:05.202,000] [0m<inf> oresat_solar2: 299500.000000 5123.750000 1534.563110[0m
[00:00:05.25,000] [0m<inf> oresat_solar2: 300320.000000 5122.500000 1538.389160[0m
[00:00:05.228,000] [0m<inf> oresat_solar2: 301120.000000 5118.70000 1541.358032[0m
[00:00:5.241,000] [0m<inf> oresat_solar2: 301800.000000 5118.750000 544.838745[0m
[00:00:05.254000] [0m<inf> oresat_solar2: 302580.000000 5116.250000 1548.074951[0m
[00:00:05.268,000] [0m<inf> oresat_solar2: 303360.000000 5116.25000 1552.065552[0m
[00:00:05281,000] [0m<inf> oresat_solar2: 304380.000000 5113.750000 156.523193[0m
[00:00:05.294,00] [0m<inf> oresat_solar2: 305100.000000 5115.000000 1560.58648[0m
[00:00:05.307,000] [m<inf> oresat_solar2: 305980.000000 5112.50000 1564.322754[0m
[00:00:05.320,000] [0m<inf> oresat_solar2: 306680.000000 5108.750000 1566751465[0m
[00:00:05.333,000 [0m<inf> oresat_solar2: 307480.000000 5107.500000 1570.454102[0m
[00:00:05.346,000] [0minf> oresat_solar2: 308220.000000 5105.000000 573.463135[0m
[00:00:05.359,000] [0m<inf> oresat_solar2: 308980.000000 5106.250000 1577.79126[0m
[00:00:05.372,000] [0m<inf> oresat_solar2: 309700.000000 5103.750000 1580.631348[0m
[00:00:05.385,000] [0m<if> oresat_solar2: 310480.000000 5101.250000 153.836060[0m
[00:00:05.399,000] [0m<inf> oresat_solar2: 311360.000000 5101.250000 1588.32595[0m
[00:00:05.412,000] [m<inf> oresat_solar2: 312220.000000 5098.750000 1591.931763[0m
[00:00:05.425,000] [0m<inf oresat_solar2: 312980.000000 5098.750000 1595806763[0m
[00:00:05.438,000] [0m<inf> orest_solar2: 313780.000000 5095.000000 1598.70910[0m
[00:00:05.451,000] [0minf> oresat_solar2: 314780.000000 5092.500000 1603.017090[0m[00:00:05.464,000] [0m<inf> resat_solar2: 315620.000000 5090.000000 1606.505859[0m
[00:00:05.477,000] [0m<inf> oresat_solar2: 316360.000000 5090.000000 1610.2724610m
[00:00:05.490,000] [0m<inf> oresat_solar2: 317120.000000 5087.500000 1613.348022[0m
[00:00:05.503,000] [0m<inf> orsat_solar2: 317920.000000 5087.500000 1617.417969[0m
[00:00:05.516,000] [0m<inf> oresat_slar2: 318680.000000 5085.000000 1620.487793[0
[00:00:05.530,000] [0m<inf> oresat_solar2: 319500.000000 5081.250000 1623.459351[0m
[00:00:05.543,000] [0m<inf> orest_solar2: 320260.000000 5080.000000 1626.920776[0m
[00:00:05.556,000] [0m<inf> oresat_solr2: 320980.000000 5078.750000 1630.177124[0m
[00:00:05.569,000] [0m<inf> oresat_solar2: 31800.000000 5075.000000 1633.135010[0m
[00:00:05.582,000] [0m<inf> oresatsolar2: 322620.000000 5075.000000 1637.296509[0m
[00:00:05.595,000] [0m<inf> oresat_solar: 323360.000000 5073.750000 1640.647827[0m
[00:00:05.608,000] [0m<inf> oresat_solar2: 32480.000000 5068.750000 1643.187378[0m
[00:00:05.621,000] [0m<inf> oresat_solar2: 325180.000000 5066.250000 1647.443115[0m
[00:00:05.634,000] [0m<inf> oresat_solar2:325960.000000 5063.750000 1650.579956[0m
[00:00:05.647,000] [0m<inf> oresat_solar2: 32676.000000 5058.750000 1652.997192[0m
[00:00:05.661,000] [0m<inf> oresat_solar2: 327500.000000 5058.750000 1656.740601[0m
[00:00:05.674,000] [0m<inf> oresat_solar2: 328280.000000 505.500000 1660.276123[0m
[00:0:05.687,000] [0m<inf> oresat_solar2: 329020.000000 5056.250000 1663.607422[0m
[00:00:05.00,000] [0m<inf> oresat_solar2: 329860.0000005055.000000 1667.442261[0m
[00:00:05.713,000] [0m<inf> oresat_solar2: 330680.000000 5052.00000 1670.760742[0m
[00:0005.726,000] [0m<inf> oresat_solar2: 331220.000000 5050.0000001672.661011[0m
[00:00:05.73,000] [0m<inf> oresat_solar2: 332160.000000 548.750000 1676.992798[0m
[00:00:05.752,000] [0m<inf> oresat_solar2: 332980.000000 5043.75000 1679.467896[0m
[00:00:0.765,000] [0m<inf> oresat_solar2: 333760.000000 5042.500000 182.984741[0m
[00:00:05.778,00] [0m<inf> oresat_solar2: 334560.000000 504.250000 1686.600586[0m
[00:00:05.792,000] [0m<inf> oresat_solar2: 335300.000000 5038.75000 1689.492920[0m
[00:00:05.05,000] [0m<inf> oresat_solar2: 336220.000000 5033.750000 169.447388[0m
[00:00:05.818,00] [0m<inf> oresat_solar2: 337000.000000 5032.500000 1695.952515[0m
[00:00:05.831,000] [0m<inf> oresat_solar2: 337760.000000 5031.2500001699.354980[0m
[00:00:05.84,000] [0m<inf> oresat_solar2: 338520.000000 5026.250000 1701.86206[0m
[00:00:05.857,000][0m<inf> oresat_solar2: 339380.000000 5025.000000 1705.384521[0m
[00:00:05.870,000] [0m<nf> oresat_solar2: 340100.000000 5023.750000 108.577393[0m
[00:00:05.883,000] [0m<inf> oresat_solar2: 340860.000000 5018.750000 1710.69162[0m
[00:00:05.896,000] 0m<inf> oresat_solar2: 341660.000000 5017.500000 1714.279053[m
[00:00:05.909,000] [0m<in> oresat_solar2: 342360.000000 5015.000000 171.935425[0m
[00:00:05.923,000] [0m<inf> oresat_solar2: 343220.000000 5011.250000 1719.96112[0m
[00:00:05.936,000] [0<inf> oresat_solar2: 344000.000000 5010.000000 1723.439941[0m
[00:00:05.949,000] [0m<inf>oresat_solar2: 344700.000000 5003.750000 1724.792603[0m
[00:00:05.962,000] [0m<inf> oresa_solar2: 345460.000000 5003.750000 1728.595459[0m
[00:00:05.975,000] [0m<inf> oresat_solar2: 346520.000000 4998.750000 1732.166870[0m
[00:00:05.988,000] [0m<inf> oesat_solar2: 347360.000000 4995.000000 1735.063232[0m
[00:00:06.001,000] [0m<inf> oresat_olar2: 348060.000000 4992.500000 1737.689575[0m
[00:00:06.014,000] [0m<inf> oresat_solar2: 348860.000000 4987.500000 1739.939209[0m
[00:00:06.027,000] [0m<inf> oreat_solar2: 349600.000000 4985.000000 1742.755981[0m
[00:00:06.040,000] [0m<inf> oresat_soar2: 350360.000000 4978.750000 1744.354858[0m
[00:00:06.054,000] [0m<inf> oresat_solar2: 51160.000000 4973.750000 1746.582031[0m
[00:00:06.067,000] [0m<inf> oresat_solar2: 351920000000 4970.000000 1749.042358[0m
[00:00:06.080,000] [0m<inf> oresat_solar2: 352680.00000 4968.750000 1752.378784[0m
[00:00:06.087,00] [0m<dbg> oresat_blink: handle_blink: The light is blinking![0m
[00:00:06.098,000] [0m<inf> oresat_solar2: 353480.000000 4958.750000 1752.818970[0m
[00:00:06.111,000] [0m<inf> oresat_solr2: 354220.000000 4956.250000 1755.602905[0m
[00:00:06.124,000] [0m<inf> oresat_solar2: 35260.000000 4948.750000 1758.092896[0m
[00:00:06.137,000] [0m<inf> oresat_solar2: 356000.00000 4946.250000 1760.864990[0m
[00:00:06.150,000] [0m<inf> oresat_solar2: 356780.000000 4938.750000 1762.047241[0m
[00:00:06.164,000] [0m<inf> oresat_solar2: 35780.000000 4933.750000 1764.703735[0m
[00:00:06.177,000] [0m<inf> oresat_solar2: 358500.00000 4927.500000 1766.508789[0m
[00:00:06.190,000] [0m<inf> oresat_solar2: 359300.000000 4922.500000 1768.654297[0m
[0:00:06.203,000] [0m<inf> oresat_solar2: 36016.000000 4915.000000 1770.186401[0m
[00:00:06.216,000] [0m<inf> oresat_solar2: 360880.00000 4910.000000 1771.920776[0m
[00:00:06.229,000] [0m<inf> oresat_solar2: 361600.000000 490.750000 1773.196045[0m
[00:0:06.242,000] [0m<inf> oresat_solar2: 362320.00000 4895.000000 1773.556396[0m
[00:00:06.255,000] [0m<inf> oresat_solar2: 363220.0000004886.250000 1774.783691[0m
[00:00:06.268,000] [0m<inf> oresat_solar2: 363880.000000 4880.000000 1775.734375[0m
[00:0006.281,000] [0m<inf> oresat_solar2: 364760.00000 4871.250000 1776.837158[0m
[00:00:06.29,000] [0m<inf> oresat_solar2: 365420.000000 463.750000 1777.311523[0m
[0:00:06.308,000] [0m<inf> oresat_solar2: 366220.000000 4850.00000 1776.166992[0m
[00:00:0.321,000] [0m<inf> oresat_solar2: 367000.000000 4843.750000 177.656250[0m
[00:00:06.334,00] [0m<inf> oresat_solar2: 367980.000000 483.750000 1778.723267[0m
[00:0:06.347,000] [0m<inf> oresat_solar2: 368920.000000 4823.75000 1779.577881[0m
[00:00:06.360,000] [0m<inf> oòÿ*** Booting Zephyr OS build v4.2.0 ***

[00:00:00.05,000] [0m<inf> oresat_mcxn947_solar: Oresat CXN947 Solar Board App
[0m
[00:00:00.013,000] [0m<inf> oresat_blink: Starting blink demo[0m
[00:00:00.01,000] [0m<dbg> oresat_blink: handle_blink: The light is blinking![0m
[00:00:00.026,000] [0m<inf> oresat_slar2: Starting Solar Tracking...[0m
[00:00:00.033,000] [1;31m<err> mcux_lpi2c: SCL GPIO device not ready[m
[00:00:00.039,000] [0m<inf> oresat_solar2:Starting INA226 reading[0m
[00:00:00.049,000] [0m<inf> oresat_solar2: -540.000000 407.500000 -2.920050[0m
[00:00:00.062,000] [0m<inf> oresat_solar2: -540.00000 5406.250000 -2.919375[0m
[00:00:00.074,000] [0m<inf> oresat_solar2: -540.000000 5406.250000 -2.919375[0m
[00:00:00.087,000] [0m<if> oresat_solar2: -520.000000 5406.250000 -2.81250[0m
[00:0:00.100,000] [0m<inf> oresat_solar2: -520.000000 5406.250000 -2.811250[0m
[00:00:00.112,000] [0m<inf> oresat_solar2: -50.000000 5406.250000 -2.919375[0m
[00:00:00.125,000] [0m<if> oresat_solar2: -540.000000 5405.000000 -2.918700[0m
[00:00:00.138,000] [0m<inf> oresat_solar2: -540.000000 5406.250000-2.919375[0m
[00:00:00.151,000] [0m<inf> oresat_solar2: -50.000000 5405.000000 -2.918700[0m
[00:00:00.163,000] [0m<inf> oresat_solar2: -540.000000 5405.000000 -2.918700[0m
[00:00:00.176,000] 0m<inf> oresat_solar2: -520.000000 5406.250000 -2.811250[0m
[00:00:00.189,00] [0m<inf> oresat_solar2: -600.000000 5405.00000 -3.243000[0m
[00:00:00.201,000] [0m<inf> oresat_solar: -540.000000 5406.250000 -2.919375[0m
[00:00:00.214,000] [0m<inf> oresat_olar2: -540.000000 5407.500000 -2.920050[0m
[00:00:00.227,00] [0m<inf> oresat_solar2: -540.000000 5405.000000 -2.918700[0m
[00:00:00.39,000] [0m<inf> oresat_solar2: -540.000000 505.000000 -2.918700[0m
[00:00:00.252,000] [0m<inf> oresat_olar2: -540.000000 5403.750000 -2.918025[0m
[00:00:00.265,000] [0m<inf> orsat_solar2: -580.000000 5405.000000 -3.1349000m
[00:00:00.78,000] [0m<inf> oresat_solar2: -540.000000 5406.250000 -2.919375[0m
[00:00:00.290,000] [0m<inf> oresat_solar2: -540.00000 5405.000000 -2.918700[0m
[00:00:00.303,000] [0m<inf> orsat_solar2: -520.000000 5403.750000 -2.809950[0m
[00:00:00.316,000] [0m<in> oresat_solar2: -540.000000 5403.750000 -2.91025[0m
[00:0:00.328,000] [0m<inf> oresat_solar2: -540.000000 5405.000000 -2.918700[0m
[00:00:00.341,000] [0m<inf> oresat_solar2: -52.000000 5406.250000 -2.811250[0m
[00:00:00.354,000] [0m<in> oresat_solar2: -540.000000 5405.000000 -2.918700[0m
[00:00:00.366,000] [0m<inf> oresat_solar2: 1720.000000 5402.500000 .292300[0m
[00:00:00.379,000] [0m<inf> oresat_solar2: 2560.000000 5401.25000 13.827200[0m
[00:00:00.392,000] [0m<inf> oresat_solar2:3760.000000 5401.250000 20.308701[0m
[00:00:00.404,000] [0m<inf> oresat_soar2: 4600.000000 5401.250000 24.845751[0m
[00:00:00.417,000 [0m<inf> oresat_solar2: 5460.000000 5400.000000 29.483999[0
[00:00:00.43,000] [0m<inf> oresat_solar2: 6320.000000 539.500000 34.112202[0m
[00:00:00.443,000] [0m<inf> oresat_solar2: 7160.000000 5398.750000 38.655048[0m
[00:00:00.455,000] [0m<inf> orest_solar2: 7920.000000 5398.750000 42.758099[0
[00:00:00.46,000] [0m<inf> oresat_solar2: 8700.000000 5397.500000 46.95828[0m
[00:00:0.481,000] [0m<inf> oresat_solar2: 9600.00000 5398.750000 51.827999[0m
[00:00:00.493,000] [0m<inf> oresat_solar2: 10380000000 5395.000000 56.000099[0m
[00:00:00.56,000] [0m<inf> oresat_solar2: 11160.000000 5395.000000 60.20199[0m
[00:00:00.519,000] [0m<inf> oresat_solar2: 12000.00000 5393.750000 64.724998[0m
[00:00:00.532,000] [0m<inf> oesat_solar2: 12720.000000 5392.500000 68.59259[0m
[00:00:00.545,000] [0m<inf> oresat_solar2: 13560.00000 5395.000000 73.156197[0m
[00:00:00.557,000] [0m<inf> orest_solar2: 14320.000000 5393.750000 77.238503[0m
[00:00:00.50,000] [0m<inf> oresat_solar2: 15400.000000 5392.500000 83.044502[0m
[00:00:00.583,000] [0m<inf> oresat_olar2: 16200.000000 5391.250000 87.338249[0m
[00:00:00.596,00] [0m<inf> oresat_solar2: 16960.000000 5390.000000 91.414398[0m
[00:00:00.609,000] [0m<inf> oresat_solr2: 17800.000000 5392.500000 95.986504[0m
[00:00:00.621,000 [0m<inf> oresat_solar2: 18560.000000 5388.750000 100.015198[0m
[00:00:00.634,000] [0m<inf> oresat_solar: 19380.000000 5387.500000 104.409752[0m
[0:00:00.647,000] [0m<inf> oresat_solar2: 20200.000000 5390.00000 108.877998[0m
[00:00:00.660,000] [0m<in> oresat_solar2: 20960.000000 5390.000000 112.974403[0m
[00:00:00.673,000] [0m<inf> oresat_solar2: 21760.00000 5388.750000 117.259201[0m
[00:00:00.66,000] [0m<inf> oresat_solar2: 22520.000000 5387.500000 121.36500[0m
[00:00:00.699,000] [0m<inf> oresatsolar2: 23420.000000 5388.750000 126.204529[0m
[00:00:00.712,000] [0m<inf> oresat_solar2: 24220.000000 537.500000 130.485245[0m
[00:00:00.725,000] 0m<inf> oresat_solar2: 24960.000000 5386.250000 134.440796[0m
[00:00:00.737,000] [0m<inf> oresat_solar2: 6080.000000 5386.250000 140.473404[0m
[00:0:00.750,000] [0m<inf> oresat_solar2: 26780.000000 5386.250000144.243774[0m
[00:00:00.763,000] [0m<inf> resat_solar2: 27600.000000 5383.750000 148.591507[0m
[00:00:00.776,000] [0m<inf> oresat_solar2: 28420.00000 5382.500000 152.970657[0m
[00:00:00.789,00] [0m<inf> oresat_solar2: 29220.000000 5385.000000 157.34971[0m
[00:00:00.802,000] [0m<inf> oresat_soar2: 30060.000000 5382.500000 161.797943[0m
[00:00:00.815,000] [0m<inf> oresat_solar2: 30760.000000 5382.00000 165.565704[0m
[00:00:00.828,000] [0minf> oresat_solar2: 31500.000000 5382.500000 169.548752[0m
[00:00:00.841,000] [0m<inf> oresat_solar2: 3230.000000 5381.250000 174.137253[0m
[00:00:0.854,000] [0m<inf> oresat_solar2: 33120.000000 5380.000000 17.185593[0m
[00:00:00.866,000] [0m<inf> oreat_solar2: 34000.000000 5381.250000 182.962494[0m
[00:00:00.879,000] [0m<inf> oresat_solar2: 34780.000000 5378.750000 187.072922[0m
[00:00:00.892,000 [0m<inf> oresat_solar2: 35620.000000 5381.250000 191.680130[0m
[00:00:00.905,000] [0m<inf> oresat_solar: 36620.000000 5377.500000 196.924057[0m
[0:00:00.918,000] [0m<inf> oresat_solar2: 37380.000000 5380.00000 201.104401[0m
[00:00:00.931,000] [0m<in> oresat_solar2: 38180.000000 5377.500000 205.312943[0m
[00:00:00.944,000] [0m<inf> oresat_solar2: 39020.00000 5375.000000 209.732498[0m
[00:00:00.97,000] [0m<inf> oresat_solar2: 39720.000000 5377.500000 213.54299[0m
[00:00:00.970,000] [0m<inf> oresatsolar2: 40560.000000 5376.250000 218.060699[0m
[00:00:00.983,000] [0m<inf> oresat_solar2: 41320.000000 533.750000 222.043350[0m
[00:00:00.995,000] 0m<inf> oresat_solar2: 42120.000000 5373.750000 226.342346[0m
[00:00:01.008,000] [0m<inf> oresat_solar2: 2960.000000 5375.000000 230.910004[0m
[00:0:01.021,000] [0m<inf> oresat_solar2: 43660.000000 5373.750000234.617920[0m
[00:00:01.028,000] [0m<dbg> oesat_blink: handle_blink: The light is blinking![0m
[00:00:01.039,00] [0m<inf> oresat_solar2: 44520.000000 5373.50000 239.239349[0m
[00:00:01.052,000] [0m<inf> oresat_solr2: 45260.000000 5372.500000 243.159348[0m
[00:00:01.065,000] [0m<inf> oresat_solar2: 46000.000000 5373.750000 247.192505[0m
[00:00:01.078,000] [0m<nf> oresat_solar2: 46780.000000 5373.750000 251.384018[0m
[00:00:01.091,000] [0m<inf> oresat_solar2: 4786.000000 5370.000000 257.008209[0m
[00:00:01104,000] [0m<inf> oresat_solar2: 48600.000000 5372.500000 261.103485[0m
[00:00:01.117,000] [0m<inf> orest_solar2: 49360.000000 5370.000000 265.0632020m
[00:00:01.130,000] [0m<inf> oresat_solar2: 50160.000000 5370.000000 269.359192[0m
[00:00:01.143,000][0m<inf> oresat_solar2: 50960.000000 5368.75000 273.591492[0m
[00:00:01.156,000] [0m<inf> oresat_solar2: 51760.000000 5367.500000 277.821808[0m
[0000:01.168,000] [0m<inf> oresat_solar2: 52480.000000 5367.500000 281.686401[0m
[00:00:01.181,000] [0m<inf oresat_solar2: 53220.000000 5367.500000 285.68356[0m
[00:00:01.194,000] [0m<inf> oresat_solar2: 54080.000000 5367.500000 290.274414[0m
[00:00:01.20,000] [0m<inf> oresat_solar2: 54860.000000 537.500000 294.461060[0m
[00:00:01.220,000] [0m<inf> oresat_olar2: 55620.000000 5366.250000 298.470825[0m
[00:00:01.233,000] [0m<inf> oresat_solar2: 56400.000000 5363.750000 302.515503[0m
[00:00:01.246,000] [m<inf> oresat_solar2: 57200.000000 5366.250000306.949493[0m
[00:00:01.259,000] [0m<inf> oresat_solar2: 58200.000000 5363.750000 312.170258[0m
[00:0001.272,000] [0m<inf> oresat_solar2: 59000.00000 5363.750000 316.461243[0m
[00:00:01.285,000] [0m<inf> oresat_solar2: 59760.000000 5363.750000 320.53769[0m
[00:00:01.297,000] [0m<inf> oresat_solar2: 60600.000000 5362.500000 324.967499[0m
[00:00:01.310,00] [0m<inf> oresat_solar2: 61320.000000 5363.50000 328.905151[0m
[00:00:01.323,000] [0m<inf> oresat_solar2: 62080.000000 5362.500000 332.903992[0m
[00:00:01.336,000] [0m<inf> oresat_solar2: 6280.000000 5361.250000 336.793732[0m
[00:00:01.349,000] [0m<nf> oresat_solar2: 63700.000000 5360.000000 34.432007[0m
[00:00:01.362,000] [0m<inf> oresat_solar2: 64460.000000 5360.000000 345.505615[0m
[00:00:01375,000] [0m<inf> oresat_solar2: 65220.0000005360.000000 349.579193[0m
[00:00:01.388,000] [0m<inf> oresat_solar2: 66000.000000 5358.750000 353.6774900m
[00:00:01.401,000] [0m<inf> oresat_solar: 66780.000000 5357.500000 357.773865[0m
[00:00:01.414,000][0m<inf> oresat_solar2: 67480.000000 5358.75000 361.608459[0m
[00:00:01.426,000] [0m<inf> oresat_solar2: 68480.000000 5357.500000 366.881592[0m
[0000:01.439,000] [0m<inf> oresat_solar2: 69300.00000 5357.500000 371.274750[0m
[00:00:01.452,000] [0m<inf oresat_solar2: 70060.000000 5353.750000 375.03740[0m
[00:00:01.465,000] [0m<inf> oresat_solar2: 71180.000000 5355.000000 381.168915[0m
[00:00:01.47,000] [0m<inf> oresat_solar2: 72020.000000 536.250000 385.757111[0m
[00:00:01.491,000] [0m<inf> oresat_solar2: 72680.000000 5353.750000 389.110565[0m
[00:00:01.504,000] [0m<inf> oresat_solar2: 3520.000000 5352.500000 393.515808[0m
[00:00:01.517,000] [m<inf> oresat_solar2: 74220.000000 5352.500000397.262543[0m
[00:00:01.530,000] [0m<inf> oresat_solar2: 75020.000000 5353.750000 401.638336[0m
[00:0001.543,000] [0m<inf> oresat_solar2: 75800.000000 5350.000000 405.529999[0m
[00:00:01.555,000] [0m<inf> oesat_solar2: 76660.000000 5352.500000 410.32262[0m
[00:00:01.568,000] [0m<inf> oresat_solar2: 77400.00000 5351.250000 414.186737[0m
[00:00:01.581,00] [0m<inf> oresat_solar2: 78200.000000 5348.750000 418.272247[0m
[00:00:01.594,000] [0m<inf> oresat_solr2: 78960.000000 5350.000000 422.436005[0m
[00:00:01.607,000] [0m<inf> oresat_solar2: 80000.000000 5348.750000 427.899994[0m
[00:00:01.620,000] [0m<nf> oresat_solar2: 80860.000000 5348.750000 43.499939[0m
[00:00:01.633,000] [0m<inf> oresat_solar2: 81620.000000 5348.750000 436.564972[0m
[00:00:01646,000] [0m<inf> oresat_solar2: 82420.000000 5347.500000 440.740936[0m
[00:00:01.659,000] [0m<inf> orest_solar2: 83180.000000 5347.500000 444.805054[0m
[00:00:01.672,000] [0m<inf> oresat_solar2: 83980.000000 348.750000 449.188019[0m
[00:00:01.684,000][0m<inf> oresat_solar2: 84660.000000 5346.250000 452.613525[0m
[00:00:01.697,000] [0m<inf> oresat_solar2 85560.000000 5346.250000 457.425140[0m
[0000:01.710,000] [0m<inf> oresat_solar2: 86300.000000 5343.750000 461.165619[0m
[00:00:01.723,000] [0m<inf oresat_solar2: 87100.000000 5345.000000 465.549500[0m
[00:0:01.736,000] [0m<inf> oresat_solar2: 87880.00000 5343.750000 469.608765[0m
[00:00:01.749,000] [0m<inf> oresat_solar2: 88760.000000 5343.750000 474.31249[0m
[00:00:01.762,000] [0m<inf> oresat_olar2: 89500.000000 5342.500000 478.153748[0m
[00:00:01.775,000] [0m<inf> oresat_solar2: 90480.000000 534.250000 483.276306[0m
[00:00:01.788,000] [m<inf> oresat_solar2: 91400.000000 5338.750000 487.961761[0m[00:00:01.801,000] [0m<inf> oresat_solar2: 9060.000000 5340.000000 491.600403[0m
[00:0001.813,000] [0m<inf> oresat_solar2: 92800.000000 5340.000000 95.552002[0m
[00:00:01.826,000] [0m<inf> oesat_solar2: 93700.000000 5337.500000 500.123749[0m
[00:00:01.839,000] [0m<inf> oresat_solar2: 94420.00000 5337.500000 503.966736[0m
[00:00:01.852,00] [0m<inf> oresat_solar2: 95200.000000 5340.000000 508.36801[0m
[00:00:01.865,000] [0m<inf> oresat_solr2: 96020.000000 5336.250000 512.386719[0m
[00:00:01.878,000] [0m<inf> oresat_solar2: 96820.000000 5337.50000 516.776733[0m
[00:00:01.891,000] [0m<nf> oresat_solar2: 97500.000000 5336.250000 520.284363[0m
[0:00:01.904,000] [0m<inf> oresat_solar2: 9838.000000 5335.000000 524.857300[0m
[00:00:01.917,000] [0m<inf> oresat_solar2: 99180.000000 5335.000000 529125305[0m
[00:00:01.930,000] [0m<inf> orest_solar2: 99980.000000 5335.000000 533.393311[0m
[00:00:01.942,000] [0m<inf> oresat_solar2: 101000.0000005332.500000 538.582520[0m
[00:00:01.955,000] [0m<inf> oresat_solar2: 101780.000000 5332.50000 542.741821[0m
[00:00:01.968,000] [0m<nf> oresat_solar2: 102580.000000 5331.250000 546.879639[0m
[00:00:01.981,000] [0m<inf> oresat_solar2: 103380.000000 5332.500000 551.273865[0m
[00:00:01.994,000] [0m<inf> oresat_solar2: 104180.000000 5331.250000 555.409607[0m
[00:00:02.007,000] [0m<inf> oresat_solar2: 104980.000000 533.250000 559.674622[0m
[00:00:02.020,000] [m<inf> oresat_solar2: 105680.000000 5328.75000 563.142273[0m
[00:00:02.033,000] [0m<inf>oresat_solar2: 106520.000000 5330.000000 567.751587[0m
[00:0:02.041,000] [0m<dbg> oresat_blink: handle_blnk: The light is blinking![0m
[00:00:02.052,000] [m<inf> oresat_solar2: 107300.000000 5328.750000 571.774902[0m
[00:00:02.065,000] [0m<inf> oresat_solar2: 108100.000000 5327.500000 575.902771[0m
[00:00:02.078,000] [0m<inf> oresat_solar2: 108880.000000 5326.250000 579.922119[0m
[00:00:02.091,000] [0m<inf> oresat_solar2: 109600.000000 325.000000 583.619995[0m
[00:00:02.104,000][0m<inf> oresat_solar2: 110360.000000 5325.00000 587.666992[0m
[00:00:02.117,000] [0m<if> oresat_solar2: 111220.000000 5323.750000 592.107483[0m
[00:00:02.130,000] [0m<inf> oreat_solar2: 112220.000000 5322.500000 597.290955[0m
[00:00:02.143,000] [0m<inf> oresat_solar2: 112920.000000 5322.500000 601.016724[0m
[00:00:02.156,000] [0m<inf> oresat_solar2: 113820.000000 5322500000 605.806946[0m
[00:0002.169,000] [0m<inf> oresat_solar2: 114580.000000 5322.500000609.852051[0m
[00:00:02.182,000] [0m<inf> resat_solar2: 115380.000000 5320.000000 613.82594[0m
[00:00:02.195,000] [0m<inf> oresat_olar2: 116120.000000 5321.250000 617.903564[0m
[00:00:02.208,000] [0m<inf> oresat_solar2:116880.000000 5318.750000 621.655518[0m
[0000:02.221,000] [0m<inf> oresat_solar2: 117720.000000 5320.000000 626.270386[0m
[00:00:02.34,000] [0m<inf> oresat_solar2: 118500.000000 5317.500000 630.123779[0m
[00:00:02.247,000 [0m<inf> oresat_solar2: 119300.000000 5318.750000 634.526855[0m
[00:00:02.260,000] [0m<inf> oresat_solar2: 120060.000000 5318.750000 638.569153[0m
[00:00:02.273,000] [0m<inf> oresat_solar2: 12000.000000 5317.500000 642.885742[0m
[00:00:2.286,000] [0m<inf> oresat_solar2: 121580.00000 5316.250000 646.349670[0m
[00:00:02.299,00] [0m<inf> oresat_solar2: 122720.000000 531.000000 652.256775[0m
[00:00:02.312,000] [m<inf> oresat_solar2: 123400.000000 5313.750000 655.716736[0m
[00:00:02.325,000] [0m<inf>oresat_solar2: 124160.000000 5313.750000 659.755188[0m
[00:00:02.338,000] [0m<inf> oresat_solar2: 124980.000000 5312.500000 663.956238[0m
[00:00:02.351,000] [0m<inf> oresat_solar2: 125780.000000 313.750000 668.363464[0m
[00:00:02.364,000][0m<inf> oresat_solar2: 126660.000000 5312.50000 672.881226[0m
[00:00:02.377,000] [0m<if> oresat_solar2: 127360.000000 5312.500000 676.599976[0m
[00:00:02.390,000] [0m<inf> oreat_solar2: 128180.000000 5311.250000 680.796021[0m
[00:00:02.403,000] [0m<inf> oresat_solar2: 128900.000000 5311.250000 684.620117[0m
[00:00:02.416,000] [0m<inf> oresat_solar2: 129720.000000 5308750000 688.651062[0m
[00:00:02.429,000] [0m<inf> oresat_solar2: 130500.000000 5308.750000692.791870[0m
[00:00:02.442,000] [0m<inf> resat_solar2: 131300.000000 5308.750000 697.03879[0m
[00:00:02.455,000] [0m<inf> oresat_olar2: 132160.000000 5307.500000 701.439209[0m
[00:00:02.468,000] [0m<inf> oresat_solar2:133100.000000 5307.500000 706.428223[0m
[0000:02.481,000] [0m<inf> oresat_solar2: 133900.000000 5307.500000 710.674255[0m
[00:00:02.94,000] [0m<inf> oresat_solar2: 134700.000000 5306.250000 714751892[0m
[00:00:02.507,000] [0m<inf> oresat_solar2: 135520.000000 5305.000000 718.933594[0m
[00:00:02.520,000] [0m<inf> oresat_sola2: 136280.000000 5303.750000 722.795044[0m
[00:00:02.533,000] [0m<inf> oresat_solar2: 13720.000000 5302.500000 727.078796[0m
[00:00:2.546,000] [0m<inf> oresat_solar2: 137880.00000 5302.500000 731.108704[0m
[00:00:02.559,00] [0m<inf> oresat_solar2: 138680.000000 5301.250000 735.177368[0m
[00:00:02.572,000] [0m<inf> oresat_solar2: 139420.000000 5301.250000 739.100281[0m
[00:00:02.585,000] [0m<inf> oresat_solar2: 40200.000000 5302.500000 743.410522[0m
[00:00:02.598,000] [0m<inf> oresat_solar2: 141000.00000 5300.000000 747.299988[0m
[00:00:02.61,000] [0m<inf> oresat_solar2: 141800.000000 298.750000 751.362732[0m
[00:00:02.624,000][0m<inf> oresat_solar2: 142620.000000 5297.50000 755.529480[0m
[00:00:02.637,000] [0m<if> oresat_solar2: 143380.000000 5297.500000 759.555542[0m
[00:00:02.650,000] [0m<inf> oreat_solar2: 144360.000000 5297.500000 764.747070[0m
[00:00:02.663,000] [0m<inf> oresat_solar2: 145120.00000 5297.500000 768.773193[0m
[00:00:02.676,00] [0m<inf> oresat_solar2: 145980.000000 5296250000 773.146545[0m
[00:00:02.689,000] [0<inf> oresat_solar2: 146700.000000 5293.750000776.593140[0m
[00:00:02.702,000] [0m<inf> resat_solar2: 147560.000000 5295.000000 781.330200[0m
[00:00:02.715,000] [0m<inf> oresat_olar2: 148380.000000 5293.750000 785.486633[0m
[00:00:02.728,000] [0m<inf> oresat_solar2: 149160.000000 593.750000 789.615723[0m
[0000:02.741,000] [0m<inf> oresat_solar2: 149920.000000 5290.00000 793.076782[0m
[00:00:02.754,000] [0m<in> oresat_solar2: 150700.000000 5290.000000 797203003[0m
[00:00:02.767,000] [0m<inf> orest_solar2: 151360.000000 5288.750000 800.505188[0m
[00:00:02.780,000] [0m<inf> oresat_sola2: 152280.000000 5291.250000 805.751526[0m
[00:00:02.793,000] [0m<inf> oresat_solar2: 153060.000000 5288.50000 809.496094[0m
[00:00:2.806,000] [0m<inf> oresat_solar2: 153820.000000 5288.750000 13.515503[0m
[00:00:02.819,000] [0m<inf> oesat_solar2: 154800.000000 5287.500000 818.50505[0m
[00:00:02.832,000] [0m<inf> oresat_solar2: 155620.000000 5287.500000 822.840759[0m
[00:00:02.845,000] [0m<inf> oresat_solar2: 56380.000000 5287.500000 826.859253[0m
[00:00:02.858,000] [0m<inf> oresat_solar2: 157180.00000 5285.000000 830.696289[0m
[00:00:02.81,000] [0m<inf> oresat_solar2: 158020.000000 5286.250000 835.333252[0m
[00:00:02.884,000][0m<inf> oresat_solar2: 158700.000000 5285.000000 838.7294920m
[00:00:02.897,000] [0m<if> oresat_solar2: 159560.000000 5283.750000 843.075134[0m
[00:00:02.910,000] [0m<inf> oresat_solar2: 16030.000000 5282.500000 847.101685[0m
[00:00:02.923,000] [0m<inf> oresat_solar2: 161160.00000 5282.500000 851.327698[0m
[00:00:02.936,00] [0m<inf> oresat_solar2: 161920.000000 5280000000 854.937622[0m
[00:00:02.949,000] [0<inf> oresat_solar2: 162720.000000 5281.250000 859.364990[0m
[00:00:02.962,000] [0m<inf> resat_solar2: 163460.000000 5278.750000 862.864502[0m
[00:00:02.975,000] [0m<inf> oresat_solar2: 164200.000000 5278.750000 866.770752[0m
[00:00:02.988,000] [0m<inf> oresat_solar2: 165320.000000 580.000000 872.889587[0m
[00:00:03.001,000] [0m<inf> oresat_solar2: 166180.000000 5276.25000 876.807251[0m
[00:00:03.014,000] [0m<in> oresat_solar2: 166920.000000 5275.000000 880502991[0m
[00:00:03.027,000] [0m<inf> orest_solar2: 167680.000000 5273.750000 884.302429[0m
[00:00:03.040,000] [0m<inf> oresat_solar2: 168460.000000 5275.000000 888.626526[0m
[00:00:03.048,000] [0m<dbg> oresat_blink: handle_blink: The light i blinking![0m
[00:00:03.059,000] [0m<inf> oresat_solar2: 169200.00000 5276.250000 892.741516[0m
[00:00:03.072000] [0m<inf> oresat_solar2: 170000.000000 5273.750000 896.537476[0m
[00:00:03.085,000] 0m<inf> oresat_solar2: 170820.000000 5273.750000 900.862000[0m
[00:00:03.098,000] [0m<inf oresat_solar2: 171560.000000 5273.750000 904.764526[0m
[00:00:03.111,000] [0m<inf> oresat_solar2: 172320000000 5273.750000 908.772583[0m
[00:00:03.124,000] [0m<inf> oresat_solar2: 173160.0000005270.000000 912.553223[0m
[00:00:03.137,000 [0m<inf> oresat_solar2: 173980.000000 5270.00000 916.874573[0m
[00:00:03.150,000] [0m<nf> oresat_solar2: 174720.000000 5270.000000 90.774414[0m
[00:00:03.163,000] [0m<inf> orsat_solar2: 175460.000000 5268.750000 924.454895[0m
[00:00:03.176,000] [0m<inf> oresat_soar2: 176480.000000 5268.750000 929.828979[0m
[00:00:03.189,000] [0m<inf> oresat_solar2: 177300.000000 5267.500000 933.927734[0m
[00:00:03.202,000] [0m<inf> oresat_solar2: 178060.000000 5267.50000 937.931030[0m
[00:00:03.215,000] [0m<inf> oresat_solar2: 178800.000000 5268.750000 942.02490[0m
[00:00:03.228,000] [0m<inf> oresatsolar2: 179600.000000 5265.000000 945.593994[0m
[00:00:03.241,000] [0m<inf> oresat_solar2 180360.000000 5265.000000 949.595398[0m
[0:00:03.254,000] [0m<inf> oresat_solar2: 181160.000000 5262.500000 953.354492[0m
[00:00:03267,000] [0m<inf> oresat_solar2: 181920.000000 5263.750000 95.581421[0m
[00:00:03.280,000] [0m<inf> oresat_solar2: 182760.000000 5261.250000 961.54602[0m
[00:00:03.293,000] [0m<inf> oresat_solr2: 183560.000000 5261.250000 965.755066[0m
[00:00:03.306,000] [0m<inf> oresat_solar2: 18280.000000 5262.500000 969.773499[0m
[00:0003.319,000] [0m<inf> oresat_solar2: 185060.000000 5258.750000 973.184265[0m
[00:00:03.332000] [0m<inf> oresat_solar2: 185900.000000 5258.750000 977.60624[0m
[00:00:03.345,000] [0m<inf> oresat_solar2: 186920.000000 5256.250000 982.498230[0
[00:00:03.358,000] [0m<inf> oresat_solar2: 187700.000000 5257.500000 986.832764[0m
[00:00:03.371,000] [0m<inf> oresat_solar2: 188480000000 5255.000000 990.462402[0m
[00:00:03.84,000] [0m<inf> oresat_solar2: 189260.000000 5256.250000 994.797852[0m
[00:00:03.397,000 [0m<inf> oresat_solar2: 190100.000000 5255.000000 998.975525[0m
[00:00:03.410,000] [0m<inf> oresat_solar2: 190880.000000 5255.000000 1003.074402[0m
[00:00:03.423,000] [0m<inf> oesat_solar2: 191680.000000 5253.750000 1007.038818[0m
[00:00:03.436,000] [0m<inf> oresat_olar2: 192380.000000 5252.500000 1010.475952[0m
[00:00:03.449,000] [0m<inf> oresat_solar2 193220.000000 5251.250000 1014.646545[0m
[00:00:03.462,000] [0m<inf> oresat_solar2: 193980.000000 5248.750000 1018.152527[0m
[00:00:03.476,000] [0m<inf> oresat_soar2: 194720.000000 5250.000000 1022.280029[0m
[00:00:03.489,000] [0m<inf> oresat_solar2: 95560.000000 5248.750000 1026.445557[0m
[00:00:03.502,000] [0m<inf> oresat_solar2: 196360000000 5248.750000 1030.644531[0m
[00:00:03.515,000] [0m<inf> oresat_solar2: 197380.000000 5246.250000 1035.504883[0m
[00:00:03.528,000] [0m<inf> oresat_solar2: 19120.000000 5246.250000 1039.387085[0m
[00:00:03.541,000] [0m<inf> oresat_solar2: 198920.00000 5245.000000 1043.335449[0m
[00:00:03.554,000] [0m<inf> oresat_solar2: 199720.000000 243.750000 1047.281738[0m
[0:00:03.567,000] [0m<inf> oresat_solar2: 200500.000000 5243.750000 1051.371826[0m
[00:00:3.580,000] [0m<inf> oresat_solar2: 201260.00000 5242.500000 1055.105591[0m
[00:00:03.593,000] [0m<inf> oresat_solar2: 202020.000000 523.750000 1059.342407[0m
[0000:03.607,000] [0m<inf> oresat_solar2: 202820.000000 5242.500000 1063.283813[0m
[00:00:03620,000] [0m<inf> oresat_solar2: 203660.00000 5241.250000 1067.432983[0m
[00:00:03.633,00] [0m<inf> oresat_solar2: 204380.000000 5241250000 1071.206665[0m
[00:0:03.646,000] [0m<inf> oresat_solar2: 205160.000000 5240.00000 1075.038452[0m
[00:00:03.69,000] [0m<inf> oresat_solar2: 205920.000000 5238.750000 1078763428[0m
[00:00:03.672,000 [0m<inf> oresat_solar2: 206700.000000 5238.70000 1082.849609[0m
[00:00:03.685,000] [0m<inf> oresat_solar2: 207500.000000 5237.500000 086.781250[0m
[00:00:03.698000] [0m<inf> oresat_solar2: 208560.000000 5235.000000 1091.81646[0m
[00:00:03.711,000] [0m<inf> oresat_solar2: 209320.000000 5236.250000 1096.051880[0m
[00:00:03.724,000] [0m<inf> oresat_solar2: 210020.000000 5235.000000 109.454712[0m
[00:00:03.738,00] [0m<inf> oresat_solar2: 210820.000000 5233.750000 1103.37950[0m
[00:00:03.751,000] [m<inf> oresat_solar2: 211620.000000 5232.500000 1107.301636[0m
[00:00:03.764,000] [0m<inf oresat_solar2: 212460.000000 5231.250000 1111431396[0m
[00:00:03.777,000] [0m<inf> oresat_solar2: 213200.000000 5230.000000 1115.03601[0m
[00:00:03.790,000] [0minf> oresat_solar2: 214000.000000 5230.000000 1119.219971[0m
[00:00:03.803,000] [0m<inf> resat_solar2: 214820.000000 5228.750000 1123.240112[0m
[00:00:03.816,000] [0m<inf> oresatsolar2: 215520.000000 5230.000000 1127.169556[0m
[00:00:03.829,000] [0m<inf> oresat_solar: 216320.000000 5226.250000 1130.542358[0m
[00:00:03.842,000] [0m<inf> orsat_solar2: 217060.000000 5226.250000 1134.409790[0m
[00:00:03.855,000] [0m<inf> oresat_slar2: 217920.000000 5225.000000 1138.631958[0m
[00:00:03.869,000] [0m<inf> oresat_solar2:218920.000000 5223.750000 1143.583374[0m
[00:00:03.882,000] [0m<inf> oresat_solar2: 219760.000000 5223.750000 1147.971313[0m
[00:00:03.895,000] [0m<inf> oresat_solr2: 220520.000000 5222.500000 1151.665649[0m
[00:00:03.908,000] [0m<inf> oresat_solar2: 21320.000000 5221.250000 1155.567017[0m
[00:00:03.921,000] [0m<inf> oresat_solar2: 222100.000000 5220.000000 1159.362061[0m
[00:00:03.934,000] [0m<inf> oresat_solar: 222860.000000 5220.000000 1163.329224[0m
[00:00:03.947,000] [0m<inf> oresat_solar2: 22380.000000 5218.750000 1166.808105[0m
[00:00:03.960,000] [0m<inf> oresat_solar2: 224420.00000 5218.750000 1171.191895[0m
[00:00:03.973,000] [0m<inf> oresat_solar2: 225220.000000 5216.250000 1174.803833[0m
[00:00:03.986,000] [0m<inf> oresat_solar2: 22598.000000 5216.250000 1178.768188[0m
[00:00:04.000,000] [0m<inf> oresat_solar2: 226760.00000 5213.750000 1182.269897[0m
[00:00:04.013,000] [0m<inf> oresat_solar2: 227520.000000 5215.000000 1186.516846[0m
[00:0:04.026,000] [0m<inf> oresat_solar2: 228280.00000 5213.750000 1190.194824[0m
[00:00:04.39,000] [0m<inf> oresat_solar2: 229360.000000 5211.250000 1195.252319[0m
[00:00:04.052,00] [0m<inf> oresat_solar2: 230080.000000 5211.50000 1199.004395[0m
[00:00:04.059,000] [0m<dbg> oresat_blink: handle_blink: The light is blinking![0m
[00:00:04.070,000] [0m<inf> oresat_solar2: 230980.00000 5208.750000 1203.117065[0m
[00:00:04.083,000] [0m<inf> oresat_solar2: 231700.000000 5208.750000 1206.867432[0m
[00:0:04.097,000] [0m<inf> oresat_solar2: 232500.00000 5208.750000 1211.034424[0m
[00:00:04.110,000] [0m<inf> oresat_solar2: 233300.0000005205.000000 1214.326538[0m
[00:00:04.123,000] [0m<inf> oresat_solar2: 234080.000000 5205.00000 1218.386353[0m
[00:0004.136,000] [0m<inf> oresat_solar2: 234880.00000 5205.000000 1222.550415[0m
[00:00:04.14,000] [0m<inf> oresat_solar2: 235600.000000 502.500000 1225.708984[0m
[0:00:04.162,000] [0m<inf> oresat_solar2: 236400.000000 5201.25000 1229.575439[0m
[00:00:0.175,000] [0m<inf> oresat_solar2: 237180.000000 5198.750000 1233.039551[0m
[00:00:04.188,00] [0m<inf> oresat_solar2: 237920.000000 519.750000 1236.886597[0m
[00:00:04.201,000] [0m<inf> oresat_solar2: 238760.000000 5200.00000 1241.552002[0m
[00:00:04.14,000] [0m<inf> oresat_solar2: 239520.000000 5198.750000 1245.204590[0m
[00:00:04.228,00] [0m<inf> oresat_solar2: 240580.000000 5196.250000 1250.113770[0m
[00:00:04.241,000] [0<inf> oresat_solar2: 241360.000000 5197.5000001254.468628[0m
[00:00:04.254,000] [0m<inf> oresat_solar2: 242100.000000 5195.000000 1257.09473[0m
[00:00:04.267,000][0m<inf> oresat_solar2: 242820.000000 5193.750000 1261.146362[0m
[00:00:04.280,000] [0m<nf> oresat_solar2: 243680.000000 5193.750000 165.613037[0m
[00:00:04.293,000] [0m<inf> oesat_solar2: 244400.000000 5193.750000 1269.35539[0m
[00:00:04.306,000] [0m<inf> oresat_olar2: 245180.000000 5191.250000 1272.790649[m
[00:00:04.319,000] [0m<inf> oresat_solar2: 246020.000000 5190.000000 1276.843750[0m
[00:00:04.332,000] [0m<inf> oreat_solar2: 246780.000000 5190.000000 1280.788208[0m
[00:00:04.345,000] [0m<inf> oresat_soar2: 247560.000000 5188.750000 1284.526978[0m
[00:00:04.359,000] [0m<inf> oresat_solar2: 248360.000000 5186.250000 1288.057007[0m
[00:00:04.372,000] [0m<inf> oresa_solar2: 249100.000000 5186.250000 1291.894897[0m
[00:00:04.385,000] [0m<inf> oresat_sola2: 249920.000000 5185.000000 1295.835205[0m
[00:00:04.398,000] [0m<inf> oresat_solar2: 250900.000000 5183.750000 1300.602905[0m
[00:00:04.411,000] [0m<inf> oresat_olar2: 251700.000000 5183.750000 1304.749878[0m
[00:00:04.424,000] [0m<inf> oresat_solar2 252480.000000 5181.250000 1308.161987[0m
[00:00:04.437,000] [0m<inf> oresat_solar2: 25320.000000 5178.750000 1311.570190[0m
[00:00:04.450,000] [0m<inf> oresat_solar2: 254060.000000 5178.750000 1315.713257[0m
[00:00:04.463,000] [0m<inf> oresat_solar2: 54900.000000 5178.750000 1320.063354[0m
[00:00:04.476,000] [0m<inf> oresat_solar2: 255680000000 5176.250000 1323.463623[0m
[00:00:04.490,000] [0m<inf> oresat_solar2: 256420.00000 5176.250000 1327.294067[0m
[00:00:04.503,000] [0m<inf> oresat_solar2: 257160.000000 5173.750000 1330.481567[0m
[00:0:04.516,000] [0m<inf> oresat_solar2: 257960.00000 5175.000000 1334.942993[0m
[00:00:04.529,000] [0m<inf> oresat_solar2: 258760.000000 171.250000 1338.112671[0m
[0:00:04.542,000] [0m<inf> oresat_solar2: 259520.000000 5171.250000 1342.042847[0m
[00:00:4.555,000] [0m<inf> oresat_solar2: 260360.00000 5171.250000 1346.386597[0m
[00:00:04.568,000] [0m<inf> oresat_solar2: 261320.000000 518.750000 1350.697754[0m
[0000:04.581,000] [0m<inf> oresat_solar2: 262120.000000 5166.250000 1354.177490[0m
[00:00:04594,000] [0m<inf> oresat_solar2: 262900.000000 5165.000000 1357.878540[0m
[00:00:04.607,00] [0m<inf> oresat_solar2: 263700.000000 5163750000 1361.680908[0m
[00:0:04.621,000] [0m<inf> oresat_solar2: 264480.000000 5163.75000 1365.708618[0m
[00:00:04.64,000] [0m<inf> oresat_solar2: 265120.000000 5161.250000 1368.350586[0m
[00:00:04.647,000 [0m<inf> oresat_solar2: 266000.000000 5161.20000 1372.892456[0m
[00:00:04.660,000] [0minf> oresat_solar2: 266720.000000 5161.250000 376.608643[0m
[00:00:04.673000] [0m<inf> oresat_solar2: 267580.000000 5158.750000 1380.38296[0m
[00:00:04.686,000] [0m<inf> oresat_solar2: 268320.000000 5158.750000 1384.195801[0m
[00:00:04.699,000] [0m<if> oresat_solar2: 269100.000000 5157.500000 137.883301[0m
[00:00:04.712,000] [0m<inf> orsat_solar2: 269880.000000 5156.250000 1391.56826[0m
[00:00:04.725,000] [m<inf> oresat_solar2: 270700.000000 5155.000000 1395.458496[0
[00:00:04.738,000] [0m<inf oresat_solar2: 271500.000000 5153.750000 1399.243164[0m
[00:00:04.752,000] [0m<inf> orest_solar2: 272460.000000 5150.000000 1403.16894[0m
[00:00:04.765,000] [0m<inf> oresat_solr2: 273220.000000 5150.000000 1407.083008[0m[00:00:04.778,000] [0m<inf> oresat_solar2: 273980.000000 5148.750000 1410.654541[0m
[00:00:04.791,000] [0m<inf> oresatsolar2: 274820.000000 5146.250000 1414.292480[0m
[00:00:04.804,000] [0m<inf> oresat_solar: 275600.000000 5146.250000 1418.306519[0m
[00:00:04.817,000] [0m<inf> oresat_solar2: 276380.000000 5147.500000 1422.666016[0m
[00:00:04.830,000] [0m<inf> oresat_solar2: 277120.000000 5143.750000 1425.436035[0m
[00:00:04.843,000] [0m<inf> oresat_solar2:277920.000000 5142.500000 1429.203613[0m
[00:00:04.856,000] [0m<inf> oresat_solar2: 27866.000000 5141.250000 1432.660767[0m
[00:00:04.869,000] [0m<inf> oresat_solar2: 279460.000000 5140.000000 1436.424438[0m
[00:00:04.883,000] [0m<inf> oresat_solar2: 20300.000000 5138.750000 1440.391602[0m
[00:00:04.896,000] [0m<inf> oresat_solar2: 281080.00000 5138.750000 1444.399902[0m
[00:00:04.909,000] [0m<inf> oresat_solar2: 281780.000000 5137.500000 1447.644775[0m
[00:00:04.922,000] [0m<inf> oresat_solar2: 282880.000000 5135.000000 1452.588745[0m
[00:0004.935,000] [0m<inf> oresat_solar2: 283660.00000 5133.750000 1456.239502[0m
[00:00:04.948,000] [0m<inf> oresat_solar2: 284400.000000 531.250000 1459.327515[0m
[0:00:04.961,000] [0m<inf> oresat_solar2: 285220.000000 5131.250000 1463.535156[0m
[00:00:0.974,000] [0m<inf> oresat_solar2: 285960.00000 5128.750000 1466.617310[0m
[00:00:04.987,00] [0m<inf> oresat_solar2: 286780.000000 512.500000 1470.464478[0m
[00:0:05.000,000] [0m<inf> oresat_solar2: 287480.000000 5126.25000 1473.694336[0m
[00:00:05.14,000] [0m<inf> oresat_solar2: 288300.000000 5123.750000 1477.177124[0m
[00:00:05.027,00] [0m<inf> oresat_solar2: 289020.000000 5122.00000 1480.505005[0m
[00:00:05.040,000] [0m<inf> oresat_solar2: 289900.000000 5120.0000001484.287964[0m
[00:00:05.053,000] [0m<inf>oresat_solar2: 290680.000000 5120.000000 1488.81616[0m
[00:00:05.066,000] [0m<inf> oresat_solar2: 291500.000000 5121.250000 1492.844360[0m
[00:00:05.073,000] [0m<dbg> oresat_blink: handle_blink: The light is blinking![0m
[00:00:05.84,000] [0m<inf> oresat_solar2: 292260.000000 5122.500000 1497.101807[0m
[00:00:05.097,00] [0m<inf> oresat_solar2: 293300.000000 5118.50000 1501.329346[0m
[00:00:05.111,000] [0m<inf> oresat_solar2: 294060.000000 5117.5000001504.852051[0m
[00:00:05.12,000] [0m<inf> oresat_solar2: 294700.000000 5115.000000 1507.90503[0m
[00:00:05.137,000][0m<inf> oresat_solar2: 295580.000000 5113.750000 1511.522217[0m
[00:00:05.150,000] [0m<nf> oresat_solar2: 296320.000000 5111.250000 114.565552[0m
[00:00:05.163,000] [0m<inf> oresat_solar2: 297100.000000 5111.250000 1518.55368[0m
[00:00:05.176,000] 0m<inf> oresat_solar2: 297860.000000 5110.000000 1522.064575[m
[00:00:05.189,000] [0m<in> oresat_solar2: 298680.000000 5107.500000 1525.508057[0m
[00:00:05.202,000] [0m<inf> oreat_solar2: 299480.000000 5107.500000 1529.59416[0m
[00:00:05.215,000] [0m<inf> oresat_solar2: 300180.000000 5103.750000 1532.043701[0m
[00:00:05.228,000] [0m<inf>oresat_solar2: 300920.000000 5102.500000 1535.444336[0m
[00:00:05.242,000] [0m<inf> oresa_solar2: 301780.000000 5100.000000 1539.078003[0m
[00:00:05.255,000] [0m<inf> oresat_sola2: 302480.000000 5098.750000 1542.269897[0m
[00:00:05.268,000] [0m<inf> oresat_solar2: 30320.000000 5096.250000 1545.794556[0m
[00:00:05.281,000] [0m<inf> oresat_solar2: 304360.000000 5095.000000 1550.714233[0m
[00:00:05.294,000] [0m<inf> oresat_solar2: 305180.000000 5092.500000 1554.129150[0m
[00:00:05.307,000] [0m<inf> oresat_solar2: 30590.000000 5091.250000 1557.515259[0m
[00:00:05.320,000] [0m<inf> oresat_solar2: 306660.00000 5092.500000 1561.666016[0m
[00:00:05.333,000] [0m<inf> oresat_solar2: 307460.000000 5091.250000 1565.355713[0m
[0000:05.346,000] [0m<inf> oresat_solar2: 308220.000000 5088.750000 1568.454468[0m
[00:00:05359,000] [0m<inf> oresat_solar2: 309020.00000 5085.000000 1571.366699[0m
[00:00:05.373,000] [0m<inf> oresat_solar2: 309800.000000 5085000000 1575.333008[0m
[00:0:05.386,000] [0m<inf> oresat_solar2: 310600.000000 5083.750000 1579.012695[0m
[00:00:05.39,000] [0m<inf> oresat_solar2: 311420.000000 5082.500000 1582.792114[0m
[00:00:05.412,000 [0m<inf> oresat_solar2: 312180.000000 5078.70000 1585.484131[0m
[00:00:5.425,000] [0m<inf> oresat_solar2: 312880.000000 5077.500000 588.648193[0m
[00:00:05.438000] [0m<inf> oresat_solar2: 313720.000000 5075.000000 1592.129028[0m
[00:00:05.451,000] [0m<inf> oresat_solar2: 314780.000000 5073.75000 1597.114990[0m
[00:00:05.464,000] [0m<if> oresat_solar2: 315480.000000 5071.250000 159.877930[0m
[00:00:05.477,00] [0m<inf> oresat_solar2: 316360.000000 5070.000000 1603.94590[0m
[00:00:05.490,000] [m<inf> oresat_solar2: 317100.000000 5065.000000 1606.111450[0
[00:00:05.504,000] [0m<inf oresat_solar2: 317860.000000 5066.250000 1610358276[0m
[00:00:05.517,000] [0m<inf> oresat_solar2: 318660.000000 5063.750000 1613.61462[0m
[00:00:05.530,000] [0m<inf> oresat_solr2: 319380.000000 5062.500000 1616.861206[0m[00:00:05.543,000] [0m<inf> resat_solar2: 320200.000000 5060.000000 1620.212036[0m
[00:00:05.556,000] [0m<inf> oresatsolar2: 320960.000000 5058.750000 1623.6563720m
[00:00:05.569,000] [0m<inf> oresat_solar2: 321760.000000 5053.750000 1626.094604[0m
[00:00:05.582,000] [0m<inf> orsat_solar2: 322520.000000 5052.500000 1629.532349[0m
[00:00:05.595,000] [0m<inf> oresat_slar2: 323280.000000 5052.500000 1633.372192[0m
[00:00:05.608,000] [0m<inf> oresat_solar2:324020.000000 5048.750000 1635.895996[0m
[00:00:05.621,000] [0m<inf> oresat_solar2: 325100.000000 5048.750000 1641.348633[0m
[00:00:05.635,000] [0m<inf> oresat_solr2: 325880.000000 5045.000000 1644.064575[0m
[00:00:05.648,000] [0m<inf> oresat_solar2: 36620.000000 5040.000000 1646.164795[0m
[00:00:05.661,000] [0m<inf> oresat_solar2: 327420.000000 5037.500000 1649.378296[0m
[00:00:05.674,000] [0m<inf> oresat_solar: 328160.000000 5036.250000 1652.695801[0m
[00:00:05.687,000] [0m<inf> oresat_solar2: 32880.000000 5031.250000 1655.180664[0m
[00:00:05.700,000] [0m<inf> oresat_solar2: 329780.000000 5032.500000 1659.617798[0m
[00:00:05.713,000] [0m<inf> oresat_solar2: 330560.000000 5031.250000 1663.130005[0m
[0:00:05.726,000] [0m<inf> oresat_solar2: 33138.000000 5026.250000 1665.598755[0m
[00:00:05.739,000] [0m<inf> oresat_solar2: 332160.00000 5026.250000 1669.519165[0m
[00:00:05.752,000] [0m<inf> oresat_solar2: 332900.000000 502.750000 1672.406372[0m
[00:0:05.766,000] [0m<inf> oresat_solar2: 333660.000000 5020.000000 1674.973145[0m
[00:00:05.79,000] [0m<inf> oresat_solar2: 334460.0000005018.750000 1678.571167[0m
[00:00:05.792,000] [0m<inf> oresat_solar2: 335420.000000 5016.50000 1682.550537[0m
[00:0005.805,000] [0m<inf> oresat_solar2: 336460.000000 5010.000000 1685.664551[0m
[00:00:05.81,000] [0m<inf> oresat_solar2: 337220.000000 507.500000 1688.629150[0m
[00:00:05.831,000][0m<inf> oresat_solar2: 337900.000000 5007.50000 1692.034302[0m
[00:00:0.844,000] [0m<inf> oresat_solar2: 338620.000000 5003.750000 1694.369873[0m
[00:00:05.857,00] [0m<inf> oresat_solar2: 339320.000000 500.000000 1696.599976[0m
[00:00:05.870,000] [0m<inf> oresat_solar2: 340260.000000 4996.25000 1700.024048[0m
[00:00:05.83,000] [0m<inf> oresat_solar2: 341100.000000 4992.500000 170.941772[0m
[00:00:05.897,00] [0m<inf> oresat_solar2: 341860.000000 4992.500000 1706.736084[0m
[00:00:05.910,000] [0<inf> oresat_solar2: 342680.000000 4987.5000001709.116455[0m
[00:00:05.923,000] [0m<inf> oresat_solar2: 343460.000000 4985.000000 1712.48071[0m
[00:00:05.936,000][0m<inf> oresat_solar2: 344200.000000 4982.500000 1714.976440[0m
[00:00:05.949,000] [0m<nf> oresat_solar2: 344960.000000 4977.500000 117.038452[0m
[00:00:05.962,000] [0m<inf> oesat_solar2: 345760.000000 4976.250000 1720.58257[0m
[00:00:05.975,000] 0m<inf> oresat_solar2: 346760.000000 4968.750000 1722.963745[m
[00:00:05.988,000] [0m<in> oresat_solar2: 347580.000000 4967.500000 1726.603638[0m
[00:00:06.001,000] [0m<inf> oresat_solar2: 348360.000000 4963.750000 1729.17197[0m
[00:00:06.014,000] [0m<inf> oresat_solar2: 349060.000000 4958.750000 1730.901245[0m
[00:00:06.028,000] [0m<inf>oresat_solar2: 349880.000000 4953.750000 1733.218018[0m
[00:00:06.041,000] [0m<inf> oresa_solar2: 350680.000000 4952.500000 1736.742676[0m
[00:00:06.054,000] [0m<inf> oresat_solar2: 351400.000000 4948.750000 1738.990723[0m
[00:00:06.067,000] [0m<inf> oresat_solar2: 352280.000000 4935.000000 1738.501831[0m
[00:00:06.080,000] [0m<inf> oresat_olar2: 352920.000000 4932.500000 1740.777954[0m
[00:00:06.08,000] [0m<dbg> oresat_blink: handle_blink: Th light is blinking![0m
[00:00:06.098,000] [0m<inf>oresat_solar2: 353860.000000 4923.750000 1742.18115[0m
[00:00:06.111,000] [0m<inf> oresat_solar2: 354480.000000 4918.750000 1743.598511[0m
[00:00:06.125,000] [0m<nf> oresat_solar2: 355320.000000 4913.750000 1745.953613[0m
[00:00:06.138,000] [0m<inf> oesat_solar2: 356120.000000 4905.000000 1746.768555[0m
[00:00:06.151,000] [0m<inf> oresat_olar2: 357060.000000 4897.500000 1748.701294[m
[00:00:06.164,000] [0m<inf> oresat_solar2: 357880.000000 4890.000000 1750.033203[0m
[00:00:06.177,000] [0m<inf> oreat_solar2: 358660.000000 4883.750000 1751.605835[0m
[00:00:06.190,000] [0m<inf> oresat_soar2: 359520.000000 4875.000000 1752.660034[0m
[00:00:06.203,000] [0m<inf> oresat_solar2: 60180.000000 4870.000000 1754.076660[0m
[00:00:06.216,000] [0m<inf> oresat_solar2: 361020.000000 4860.000000 1754.557251[0m
[00:00:06.229,000] [0m<inf> oresat_sola2: 361820.000000 4852.500000 1755.731567[0m
[00:00:06.242,000] [0m<inf> oresat_solar2: 36600.000000 4843.750000 1756.343750[0m
[00:00:06.256,000] [0m<inf> oresat_solar2: 363360.00000 4837.500000 1757.754028[0m
[00:00:06.269,000] [0m<inf> oresat_solar2: 364220.000000 4827.500000 1758.272095[0m
[0:00:06.282,000] [0m<inf> oresat_solar2: 36490.000000 4818.750000 1758.651001[0m
[00:00:06.295,000] [0m<inf> oresat_solar2: 365720.00000 4803.750000 1756.827393[0m
*** Booting Zehyr OS build v4.2.0 ***

[00:00:00.005,000] [0m<inf> oresat_mcxn947_solar: Oresat MCXN947 Solar Board App
[0m
[00:00:00.013,000] [0m<inf> oresat_blink Starting blink demo[0m
[00:00:00.019,000] [0m<dbg> oresat_blink: handle_blink: The light is blinking![0m
[00:00:00.026,000] [0m<inf> oresat_solar2: Sarting Solar Tracking...[0m
[00:00:00.033,000] [1;31m<err> cux_lpi2c: SCL GPIO device not ready[0m
[00:0:00.039,000] [0m<inf> oresat_solar2: Starting INA226 reading[0m
[00:00:00.049,000 [0m<inf> oresat_solar2: -520.000000 5397.50000 -2.806700[0m
[00:00:00.06,000] [0m<inf> oresat_solar2: -580.000000 5396.250000 -3.129825[0m
[00:00:00.074,000] [0m<inf> oresat_solar2: -540.00000 5397.500000 -2.914650[0m
[00:00:00.087,000] [0m<inf> orest_solar2: -540.000000 5395.000000 -2.913300[0m
[00:00:00.100,000] [0m<inf>oresat_solar2: -600.000000 5396.250000 -3.23770[0m
[00:00:0.112,000] [0m<inf> oresat_solar2: -540.000000 5397.500000 -2.914650[0m
[00:00:00.125,000] [0m<inf> oresat_solar2: -540.00000 5395.000000 -2.913300[0m
[00:00:00.138,000] [0m<inf>oresat_solar2: -540.000000 5395.000000 -2.913300[0m
[00:00:0.151,000] [0m<inf> oresat_solar2: -580.000000 5396.250000 -3129825[0m
[00:00:00.163,000] [0m<inf> oresat_solar2: -580.00000 5396.250000 -3.129825[0m
[00:00:00.176,000] [0m<inf> oresat_solar2: 600.000000 5396.250000 -3.237750[0m
[00:00:00.189,000] [0minf> oresat_solar2: -540.000000 5395.000000 -2.913300[0m
[0:00:00.201,000] [0m<inf> oresat_solar2: -580.000000 5393.75000 -3.128375[0m
[00:00:00.214,000] [0m<inf> oresat_solar2: 580.000000 5396.250000 -3.129825[0m
[00:00:00.227,000] [0m<inf> oresat_solar2: -540.000000 5396.250000 -2.913975[0m
[00:00:00.239,000][0m<inf> oresat_solar2: -580.000000 5392.500000 -3.127650[0m
[00:00:00.252,000] [0m<inf> oresat_solar2: -540.000000 5393750000 -2.912625[0m
[00:00:00.265,000] [0m<inf> oresat_solr2: -620.000000 5395.000000 -3.344900[0m
[00:00:00.278,000] [0m<inf> oresat_solar2: -540.000000 5393.750000 -2.912625[0m
[00:00:00.290000] [0m<inf> oresat_solar2: -540.000000 5395000000 -2.913300[0m
[00:00:00.303,000] [0m<inf> oresat_solar2: -580.000000 5395.000000 -3.129100[0m
[00:00:00.316,000] [0m<inf> oresa_solar2: -540.000000 5395.000000 -2.913300[0m
[00:00:00.328,000] [0m<inf> oresat_solar2: -580.000000 5396.250000 -3.12982[0m
[00:00:0.341,000] [0m<inf> oresat_solar2: -580.0000005396.250000 -3.129825[0m
[00:00:00.354,000] [0m<inf> oresat_solar2: -540.000000 5392.500000 -2.911950[0m
[00:00:00.366,000] [0m<inf> resat_solar2: 1680.000000 5391.250000 9.057300[0m
[00:00:00.379,000] [0m<if> oresat_solar2: 2580.000000 5390.000000 13.96200[0m
[00:0:00.392,000] [0m<inf> oresat_solar2: 3760.000000 5391.250000 20.271099[0m
[00:00:00.404,000] [0m<inf> oresat_solar2: 460.000000 5390.000000 25.117399[0m
[00:00:00.417,000] [0m<inf> oresat_solar2: 5360.000000 5388.750000 28.883699[0m
[00:00:00.430,000] 0m<inf> oresat_solar2: 6260.000000 5390.00000033.741402[0m
[00:00:00.443,000] [0m<inf> oresat_solar2: 7080.000000 5387.500000 38.143501[0m
[00:00:00.455,000] [0m<inf> oresat_solar: 7900.000000 5390.000000 42.581001[0m
[00:00:00.468,000] 0m<inf> oresat_solar2: 8700.000000 5387.500000 46.871250[0m
[00:00:00.481,00] [0m<inf> oresat_solar2: 9500.000000 5387.50000 51.181252[0m
[00:00:00.493,000] [0m<inf> oresat_solar2: 10360.000000 5385.000000 55.788601[0m
[00:00:00.506,000] [0m<inf> oresat_solar2: 11120.000000 5386.250000 59.895100[0m
[00:00:00.519,000] [0m<inf> oresat_solar2: 11900.000000 5386.250000 64.096375[0m
[00:00:00.532,000] [0m<inf> oresat_solar2: 12720.000000 5385.000000 68.497200[0m
[00:00:00.545,000] [0m<inf> oresat_solar2: 13500.000000 5385.000000 72.697502[0m
[00:00:00.557,000] [0m<inf> oresat_solar2: 14320.000000 5385.000000 77.113197[0m
[0000:00.570,000] [0m<inf> oresat_solar2: 15380.000000 5382.50000 82.782852[0m
[00:00:00.583,000] [0m<inf>oresat_solar2: 16220.000000 5382.500000 87.304153[0m
[00:0000.596,000] [0m<inf> oresat_solar2: 16980.000000 5383.750000 1.416077[0m
[00:00:00.609,000] [0m<inf> orsat_solar2: 17800.000000 5380.000000 95.764000[0m
[00:00:00621,000] [0m<inf> oresat_solar2: 18560.000000 5380.000000 99.52798[0m
[00:00:00.634,000] [0m<inf> oresat_solar2: 19380.000000 5381.250000 104.288628[0m
[00:00:00.67,000] [0m<inf> oresat_solar2: 20120.000000 5378.750000 108.220451[0m
[00:00:00.660,000] [0m<inf> oresat_solar2: 20920.000000 5378.750000 112.523453[0
[00:00:00.673,000] [0m<inf> oresat_solar2:21780.000000 5378.750000 117.149178[0m
[00:00:00.686,000] [0m<inf> oresat_solar2: 22580.000000 5378.75000 121.452171[0m
[00:00:00.699,000] [0m<inf>oresat_solar2: 23360.000000 5376.250000 125.589203[0m
[00:00:00.712,000] [0m<inf> oresat_solar2: 24160.00000 5377.500000 129.920395[0m
[00:00:00.724,000] [0m<inf> oresat_solar2: 24900.000000 5376.250000 133.86822[0m
[00:00:00.737,000] [0m<inf> oresat_slar2: 26080.000000 5375.000000 140.179993[0m
[00:00:00.750,000] [0m<inf> oresat_solar2: 26780.000000 5375000000 143.942505[0m
[00:00:00.763,000] [0<inf> oresat_solar2: 27560.000000 5376.250000 148.169449[0m
[00:00:00.776,000] [0m<inf> oresat_solar2: 2820.000000 5375.000000 152.757507[0m
[00:00:0.789,000] [0m<inf> oresat_solar2: 29220.000000 5375.000000 17.057495[0m
[00:00:00.802,000] [0m<inf> orsat_solar2: 30060.000000 5372.500000 161.497345[0m
[00:00:00.815,000] [0m<inf> oresat_solar2: 30780.00000 5373.750000 165.404022[0m
[00:00:00.828,00] [0m<inf> oresat_solar2: 31560.000000 5371.250000 169.516647[0m
[00:00:00.841,000] [0m<inf> oresat_solar2: 32360.000000 5371.250000 173.813644[0m
[0:00:00.853,000] [0m<inf> oresat_solar2: 33160.000000 5371.25000 178.110657[0m
[00:00:00.866,000] [0m<if> oresat_solar2: 33880.000000 5371.250000 181.977951[0m
[00:00:00.879,000] [0m<inf> oresat_solar2: 34720.000000 5368.750000 186.403000[0m
[00:00:00.92,000] [0m<inf> oresat_solar2: 35600.000000 368.750000 191.127502[0m
[00:00:00.905,000] [0m<inf> oresat_solar2: 36660.000000 5367.500000 196.772552[m
[00:00:00.918,000] [0m<inf> oresat_solar2 37420.000000 5368.750000 200.898621[0m
[00:00:00.931,000] [0m<inf> oresat_solar2: 38220.000000 5367.50000 205.145844[0m
[00:00:00.944,000] [0m<inf oresat_solar2: 39020.000000 5367.500000 209.439850[0m
[00:00:00.957,000] [0m<inf> oresat_solar2: 39760.00000 5366.250000 213.362106[0m
[00:00:00.970,000] [0m<inf> oresat_solar2: 40520.000000 5365.000000 217.38801[0m
[00:00:00.982,000] [0m<inf> oresat_solar2: 41380.000000 5363.750000 221.951981[0m
[00:00:00.995000] [0m<inf> oresat_solar2: 42160.000000 536.000000 226.188400[0m
[00:00:01.008,000] [0m<inf> oresat_solar2: 42900.000000 5365.000000 230.158493[0m[00:00:01.021,000] [0m<inf> oresat_solar2: 43700.000000 5363.750000 234.395874[0m
[00:00:01.028,000] [0mdbg> oresat_blink: handle_blink: The light is blinking![0m
[00:00:01.039,000] [0m<inf> oresat_solar2: 44520.00000 5363.750000 238.794144[0m
[00:00:01.052,00] [0m<inf> oresat_solar2: 45220.000000 5365.000000 242.605301[0m
[00:00:01.065,000] [0m<inf> oresat_sola2: 46060.000000 5362.500000 246.996750[0m
[0:00:01.078,000] [0m<inf> oresat_solar2: 46860.000000 5362.50000 251.286743[0m
[00:00:01.091,000] [0m<if> oresat_solar2: 47900.000000 5361.250000 256.803864[0m
[00:00:01.104,000] [0m<inf> oresat_solar2: 48580000000 5360.000000 260.388794[0m
[00:00:01.17,000] [0m<inf> oresat_solar2: 49300.000000 5360.000000 264.47986[0m
[00:00:01.130,000] [0m<inf> oresa_solar2: 50180.000000 5361.250000 269.027527[0m
[00:00:01.143,000] [0m<inf> oresat_solar2: 50920.000000 5360.000000 272.931213[0m
[00:00:01.155,000] [0m<inf> oresat_solar2: 51800.000000 5360.000000 277.648010[0m
[00:00:01.168,000] [0m<inf> oresat_solar2:52560.000000 5358.750000 281.655914[0m
[00:0:01.181,000] [0m<inf> oresat_solar2: 53300.00000 5358.750000 285.621368[0m
[00:00:01.194,000] [0m<inf> oresat_solar2: 54060.000000 5357.500000 289.62465[0m
[00:00:01.207,000] [0m<inf> oresat_olar2: 54820.000000 5357.500000 293.698151[0m
[00:00:01.220,000] [0m<inf> oresat_solar2: 55700.000000 535.000000 298.273499[0m
[00:00:01.233,000] [0m<inf> oresat_solar2: 56460.000000 5356.250000 302.413879[0m[00:00:01.246,000] [0m<inf> oresat_solar2: 5180.000000 5356.250000 306.270386[0m
[00:0001.259,000] [0m<inf> oresat_solar2: 58260.000000 5353.750000 11.909485[0m
[00:00:01.272,000] [0m<inf> oesat_solar2: 59020.000000 5353.750000 315.978333[0m
[00:00:01.284,000] [0m<inf> oresat_solar2: 59780.00000 5355.000000 320.121887[0m
[00:00:01.297,00] [0m<inf> oresat_solar2: 60620.000000 5352.500000 324.468536[0m
[00:00:01.310,000] [0m<inf> oresat_solr2: 61380.000000 5352.500000 328.536438[0m
[00:00:01.323,000] [0m<inf> oresat_solar2: 62120.000000 5351.250000 332.419647[0m
[00:00:01.336,000] [0m<nf> oresat_solar2: 62900.000000 5348.750000 33.436371[0m
[00:00:01.349,000] [0m<inf> oresat_solar2: 6372.000000 5351.250000 340.981659[0m
[00:00:01362,000] [0m<inf> oresat_solar2: 64460.000000 5350.000000 344.860992[0m
[00:00:01.375,000] [0m<inf> orest_solar2: 65200.000000 5351.250000 348.9014890m
[00:00:01.388,000] [0m<inf> oresat_solar2: 65960.000000 5347.500000 352.721100[0m
[00:00:01.401,000] [0m<inf> oresat_solar2: 66780.000000 5348.75000 357.189514[0m
[00:00:01.413,000] [0m<in> oresat_solar2: 67500.000000 5347.500000 360.956238[0m
[00:00:01.426,000] [0m<inf> oresat_solar2: 68500.00000 5348.750000 366.389374[0m
[00:00:01.49,000] [0m<inf> oresat_solar2: 69280.000000 5346.250000 370.38214[0m
[00:00:01.452,000] [0m<inf> oresatsolar2: 70360.000000 5346.250000 376.162140[0
[00:00:01.465,000] [0m<inf> oresat_solar2: 71120.000000 533.750000 380.047485[0m
[00:00:01.478,000] 0m<inf> oresat_solar2: 71960.000000 5343.750000 384.536255[0m
[00:00:01.491,000] [0m<inf> oresat_solar2: 2760.000000 5345.000000 388.902191[0m
[00:0:01.504,000] [0m<inf> oresat_solar2: 73480.000000 5345.000000 392.750610[0m
[00:00:01.517,000] [0m<inf> resat_solar2: 74260.000000 5342.500000 396.73439[0m
[00:00:01.530,000] [0m<inf> oresat_solar2: 75000.000000 5343.750000 400.781250[0m
[00:00:01.542,00] [0m<inf> oresat_solar2: 75880.000000 5341250000 405.294037[0m
[00:00:01.555,000] [0m<inf> oresat_solar2: 76600.000000 5341.250000 409.139740[0m
[00:00:01.568,000] [0m<inf> oresat_solar2: 7700.000000 5341.250000 413.412750[0m
[00:00:01.581,000] [0m<inf> oresat_solar2: 78220.000000 5340.000000 47.694794[0m
[00:00:01.594,000] [0m<inf> oresat_solar2: 78960.000000 5340.000000 421.646393[0m
[00:00:0.607,000] [0m<inf> oresat_solar2: 80000.00000 5338.750000 427.100006[0m
[00:00:01.620,000] [0m<inf> oresat_solar2: 80800.000000 5338.750000 431.371002[0m
[00:00:01.633,000] [0m<inf> oresat_sola2: 81580.000000 5337.500000 435.433258[0m
[0:00:01.646,000] [0m<inf> oresat_solar2: 82300.000000 5335.00000 439.070496[0m
[00:00:01.659,000] [0m<if> oresat_solar2: 83160.000000 5336.250000 443.762543[0m
[00:00:01.671,000] [0m<inf> oresat_solar2: 83920000000 5336.250000 447.818115[0m
[00:00:01.84,000] [0m<inf> oresat_solar2: 84780.000000 5335.000000 452.301300[0m
[00:00:01.697,000] [0m<inf> oresa_solar2: 85560.000000 5333.750000 456.355652[m
[00:00:01.710,000] [0m<inf> oresat_solar2: 86360.000000 5333.750000 460.622650[0m
[00:00:01.723,000] [0m<inf> oresat_solar2: 87120.000000 5335.000000 464.785187[0m
[00:00:01.736,000] [0m<inf> oresat_solar2:87900.000000 5332.500000 468.726746[0m
[00:0:01.749,000] [0m<inf> oresat_solar2: 88780.000000 5331.250000 473.308380[0m
[00:00:01.762,000] [0m<inf>oresat_solar2: 89480.000000 5332.500000 477.15100[0m
[00:00:01.775,000] [0m<inf> oresat_solar2: 90480.000000 5330.000000 482.258392[0m
[00:00:01.788000] [0m<inf> oresat_solar2: 91320.000000 533.250000 486.849762[0m
[00:00:01.800,000] [m<inf> oresat_solar2: 92080.000000 5331.250000 490.901489[0m[00:00:01.813,000] [0m<inf> oresat_solar2: 9880.000000 5327.500000 494.818207[0m
[00:0001.826,000] [0m<inf> oresat_solar2: 93600.000000 5327.500000 98.653992[0m
[00:00:01.839,000] [0m<inf> oesat_solar2: 94380.000000 5326.250000 502.691467[0m
[00:00:01.852,000] [0m<inf> oresat_solar2: 95260.00000 5325.000000 507.259491[0m
[00:00:01.865,00] [0m<inf> oresat_solar2: 96020.000000 5327.500000 511.54653[0m
[00:00:01.878,000] [0m<inf> oresat_solr2: 96780.000000 5326.250000 515.474487[0m
[00:00:01.891,000] [0m<inf> oresat_solar2: 97600.000000 5326.20000 519.841980[0m
[00:00:01.904,000] [0m<nf> oresat_solar2: 98400.000000 5325.000000 523.979980[0m
[00:00:01.917,000] [0m<inf> oresat_solar2: 9912.000000 5322.500000 527.566223[0m
[00:00:01929,000] [0m<inf> oresat_solar2: 99920.000000 5325.000000 532.073975[0m
[00:00:01.942,000] [0m<inf> oresat_solar2: 100980.000000 5323.750000 537.592285[0m
[00:00:01.955,000] [0m<inf> oresat_sola2: 101780.000000 5321.250000 541.596802[0m
[00:00:01.968,000] [0m<inf> oresat_solar2: 102580.000000 5321.250000 545.853821[0m
[00:00:1.981,000] [0m<inf> oresat_solar2: 103400.000000 5322.500000 550.346497[0m
[00:00:01.994,00] [0m<inf> oresat_solar2: 104100.000000 5318.750000 553.68185[0m
[00:00:02.007,000] [0m<inf> oresat_solar2: 104900.000000 5321.250000 558.199097[0m
[00:00:02.020,000] [0m<inf> oresat_solar2: 05700.000000 5320.000000 562.323975[0m
[00:0:02.033,000] [0m<inf> oresat_solar2: 106460.00000 5317.500000 566.101074[0m
[00:00:02.041,000] [0m<dbg> oresat_blink: handle_blink: The light is blinkng![0m
[00:00:02.052,000] [0m<inf> oresat_solar2: 07160.000000 5317.500000 569.823303[0m
[00:0:02.065,000] [0m<inf> oresat_solar2: 108080.00000 5316.250000 574.580322[0m
[00:00:02.08,000] [0m<inf> oresat_solar2: 108800.000000 5317.500000 578.44006[0m
[00:00:02.091,000] [0m<inf> oresa_solar2: 109560.000000 5316.250000 582.4483640m
[00:00:02.104,000] [0m<inf> oresat_solar: 110380.000000 5313.750000 586.531738[0m
[00:00:02.117,000] [0m<inf> oresat_solar2: 11110.000000 5313.750000 590.676453[0m
[00:00:0.130,000] [0m<inf> oresat_solar2: 112280.000000 5312.500000 596.487488[0m
[00:00:02.143,00] [0m<inf> oresat_solar2: 112960.000000 5311.250000 599.958801[0m
[00:00:02.156,000] [0<inf> oresat_solar2: 113700.000000 5312.500000 604.031250[0m[00:00:02.169,000] [0m<inf> resat_solar2: 114580.000000 5311.250000 608.563049[0m
[00:00:02.182,000] [0m<inf> oresat_solar2: 115380.000000 5311.250000 612.812012[0m
[00:00:02.195,000] [0m<inf> oresat_solar2: 116080.000000 510.000000 616.384827[0m
[00:00:02.208,000] [0m<inf> oresat_solar2: 116900.000000 5310.00000 620.739014[0m
[00:00:02.221,000] [0m<in> oresat_solar2: 117600.000000 5308.750000 624309021[0m
[00:00:02.234,000] [0m<inf> orest_solar2: 118500.000000 5308.750000 629.086853[0m
[00:00:02.247,000] [0m<inf> oresat_sola2: 119220.000000 5307.500000 632.760132[0m
[00:00:02.260,000] [0m<inf> oresat_solar2: 120100.000000 5305.000000 637.130493[0m
[00:00:2.273,000] [0m<inf> oresat_solar2: 120860.000000 5305.000000 41.162292[0m
[00:00:02.286,000] [0m<inf> oresat_solar2: 121620.000000 5305.000000 645.19492[0m
[00:00:02.299,000] [0m<inf> oresat_slar2: 122700.000000 5306.250000 651.076904[0m
[00:00:02.312,000] [0m<inf> oresat_solar2: 23480.000000 5305.000000 655.061401[0m
[00:0:02.325,000] [0m<inf> oresat_solar2: 124200.00000 5303.750000 658.725769[0m
[00:00:02.38,000] [0m<inf> oresat_solar2: 124960.000000 303.750000 662.756592[0m
[00:00:02.351,000][0m<inf> oresat_solar2: 125760.000000 5302.500000 666.8424070m
[00:00:02.364,000] [0m<if> oresat_solar2: 126560.000000 5301.250000 670.926208[0m
[00:00:02.377,000] [0m<inf> oresat_solar2: 127320.000000 5303.750000 675.273438[0m
[00:00:0.390,000] [0m<inf> oresat_solar2: 128160.00000 5300.000000 679.247986[0m
[00:00:02.403,00] [0m<inf> oresat_solar2: 128980.000000 5300000000 683.593994[0m
[00:00:02.416,000] [0<inf> oresat_solar2: 129720.000000 5297.500000 687.191711[0m
[00:00:02.429,000] [0m<inf> resat_solar2: 130480.000000 5298.750000 691.380920[0m
[00:00:02.442,000] [0m<inf> oresat_solar2: 131300.000000 5298.750000 695.725891[0m
[00:00:02.455,000] [0m<inf> oresat_solar2: 132080.000000 5297.500000 699.693787[0m
[00:00:02.468,000] [0m<inf> oresat_solar2: 133180.000000 5296.25000 705.354553[0m
[00:00:02.481,000] [0m<in> oresat_solar2: 133860.000000 5296.250000 708956055[0m
[00:00:02.494,000] [0m<inf> orest_solar2: 134680.000000 5293.750000 712.962280[0m
[00:00:02.507,000] [0m<inf> oresat_sola2: 135420.000000 5295.000000 717.048889[0m
[00:00:02.520,000] [0m<inf> oresat_solar2: 136260.000000 5293.750000 721.326355[0m
[00:00:2.533,000] [0m<inf> oresat_solar2: 137060.000000 5292.500000 25.390076[0m
[00:00:02.546,000] [0m<inf> oresat_solar2: 137860.000000 5292.500000 729.62423[0m
[00:00:02.559,000] [0m<inf> oresat_slar2: 138620.000000 5290.000000 733.299805[0m
[00:00:02.572,000] [0m<inf> oresat_solar2: 39380.000000 5290.000000 737.320190[0m
[00:0:02.585,000] [0m<inf> oresat_solar2: 140220.00000 5290.000000 741.763794[0m
[00:00:02.58,000] [0m<inf> oresat_solar2: 140980.000000 5288.750000 745.607971[0m
[00:00:02.611,000][0m<inf> oresat_solar2: 141760.000000 5288.750000 749.733215[0m
[00:00:02.624,000] [0m<inf> oresat_solar2: 142600.000000 5288.750000 754.175720[0m
[00:00:02.637,000] [0m<inf> oresat_solar2: 143320.000000 5288.750000 757.983643[0m
[00:00:02.650,000] [0m<inf> oresat_solar2: 144380.00000 5286.250000 763.228760[0m
[00:00:02.663,00] [0m<inf> oresat_solar2: 145180.000000 5286250000 767.457764[0m
[00:00:02.676,000] [0<inf> oresat_solar2: 145900.000000 5285.000000 771.081482[0m
[00:00:02.689,000] [0m<inf> resat_solar2: 146680.000000 5285.000000 775.203796[0m
[00:00:02.702,000] [0m<inf> oresat_solar2: 147460.000000 5282.500000 778.957458[0m
[00:00:02.715,000] [0m<inf> oresat_solar2: 148220.000000 582.500000 782.972168[0m
[00:00:02.728,000] [0m<inf> oresat_solar2: 149160.000000 5281.25000 787.751221[0m
[00:00:02.741,000] [0m<in> oresat_solar2: 149800.000000 5282.500000 791318481[0m
[00:00:02.754,000] [0m<inf> orest_solar2: 150620.000000 5280.000000 795.273621[0m
[00:00:02.767,000] [0m<inf> oresat_sola2: 151380.000000 5278.750000 799.097168[0m
[00:00:02.780,000] [0m<inf> oresat_solar2: 152220.000000 5278.750000 803.531311[0m
[00:00:2.793,000] [0m<inf> oresat_solar2: 152960.000000 5278.750000 807.437622[0m
[00:00:02.806,000] [0m<inf> oresat_solar2: 153720.000000 5276.250000 811.06525[0m
[00:00:02.819,000] [0m<inf> oresat_solar2: 154880.000000 5277.500000 817.379211[0m
[00:00:02.832,000] [0m<inf> oresat_solar2: 55600.000000 5277.500000 821.179016[0m
[00:00:02.845,000] [0m<inf> oresat_solar2: 156380.00000 5276.250000 825.099976[0m
[00:00:02.88,000] [0m<inf> oresat_solar2: 157160.000000 275.000000 829.018982[0m
[00:00:02.871,000][0m<inf> oresat_solar2: 157900.000000 5272.500000 832.5277710m
[00:00:02.884,000] [0m<if> oresat_solar2: 158720.000000 5272.500000 836.851196[0m
[00:00:02.897,000] [0m<inf> oresat_solar2: 15950.000000 5273.750000 841.479553[0m
[00:00:02.910,000] [0m<inf> oresat_solar2: 160360.00000 5272.500000 845.498108[0m
[00:00:02.923,00] [0m<inf> oresat_solar2: 161100.000000 5272500000 849.399780[0m
[00:00:02.936,000] [0<inf> oresat_solar2: 161920.000000 5268.750000853.116028[0m
[00:00:02.949,000] [0m<inf> resat_solar2: 162700.000000 5270.000000 857.429016[0m
[00:00:02.962,000] [0m<inf> oresat_solar2: 163480.000000 5268.750000 861.335266[0m
[00:00:02.975,000] [0m<inf> oresat_solar2: 164260.000000 5270.000000 865.650208[0m
[0000:02.988,000] [0m<inf> oresat_solar2: 165280.000000 5267.50000 870.612427[0m
[00:00:03.001,000] [0m<inf> oresat_solar2: 166120.000000 5267.500000 875037109[0m
[00:00:03.014,000] [0m<inf> orest_solar2: 166880.000000 5263.750000 878.414612[0m
[00:00:03.027,000] [0m<inf> oresat_sola2: 167600.000000 5263.750000 882.204529[0m
[00:00:03.040,000] [0m<inf> oresat_solar2: 16880.000000 5263.750000 886.836609[0m
[00:00:03.04,000] [0m<dbg> oresat_blink: handle_blink: The light is blinkng![0m
[00:00:03.059,000] [0m<inf> oresat_solar2: 169280.000000 526.250000 891.470825[0m
[00:00:03.072,000] 0m<inf> oresat_solar2: 169920.000000 5263.75000 894.416382[0m
[00:00:03.085,000] [0m<inf oresat_solar2: 170780.000000 5263.750000 898.943237[0m
[00:00:03.098,000] [0m<inf> oresat_solar2: 171500.000000 5262.500000 902.518738[0m
[00:00:03.111,000] [0m<inf> oresat_solar2: 172280.000000 5261.250000 906.408142[0m
[0:00:03.124,000] [0m<inf> oresat_solar2: 173080.000000 5263.70000 911.049866[0m
[00:00:03.137,000] [0m<inf> oresat_solar2: 173900.000000 5260.000000 94.713989[0m
[00:00:03.150,000] [0m<inf> orsat_solar2: 174680.000000 5258.750000 918.59840[0m
[00:00:03.163,000] [0m<inf> oresat_soar2: 175420.000000 5258.750000 922.489929[0m[00:00:03.176,000] [0m<inf> oresat_solar2: 16520.000000 5257.500000 928.053894[0m
[00:0:03.189,000] [0m<inf> oresat_solar2: 177280.000000 5256.25000 931.828003[0m
[00:00:03.20,000] [0m<inf> oresat_solar2: 178080.000000 5255.000000 935.80425[0m
[00:00:03.215,000] [0m<inf> oresatsolar2: 178880.000000 5255.000000 940.014404[m
[00:00:03.228,000] [0m<inf> oresat_solar2 179660.000000 5253.750000 943.888733[0m
[00:00:03.241,000] [0m<inf> oresat_solar2: 18040.000000 5256.250000 948.227478[0m
[00:00:03254,000] [0m<inf> oresat_solar2: 181100.00000 5252.500000 951.227722[0m
[00:00:03.267,00] [0m<inf> oresat_solar2: 181860.000000 5252.500000 955.219666[0m
[00:00:03.280,000] [0m<inf> oresat_solar2: 182760.000000 5250.000000 959.489990[0m
[00:00:03.293,000] [0m<inf> oresat_solar2: 183520.000000 5251.250000 963.709412[0m
[00:00:03.306,000] [0m<inf> oresat_solar2: 184280.00000 5250.000000 967.469971[0m
[00:00:03.319,000] [0m<inf> oresat_solar2: 185100.000000 528.750000 971.543640[0m
[00:00:03.332,000] 0m<inf> oresat_solar2: 185900.000000 5248.75000 975.742615[0m
[00:00:03.345,000] [0m<inf oresat_solar2: 186880.000000 5247.500000 980.52771[0m
[00:00:03.358,000] [0m<inf> oresa_solar2: 187760.000000 5246.250000 985.035889[0m
[00:00:03.371,000] [0m<inf> oresat_solar: 188560.000000 5243.750000 988.761475[0m
[0:00:03.384,000] [0m<inf> oresat_solar2: 189260.000000 5245.000000 992.668701[0m
[00:00:03.397,000] [0m<inf> oresat_solar2: 190080.000000 5245.000000 96.969604[0m
[00:00:03.410,000] [0m<inf> oresat_solar2: 190820.000000 5242.500000 1000.37340[0m
[00:00:03.423,000] [m<inf> oresat_solar2: 191680.000000 5243.750000 1005.122009[0m
[00:00:03.436,000] [0m<inf oresat_solar2: 192420.000000 5242.500000 1008761841[0m
[00:00:03.449,000] [0m<inf> oresat_solar2: 193200.000000 5241.250000 1012.60949[0m
[00:00:03.462,000] [0minf> oresat_solar2: 194000.000000 5241.250000 1016.802490[0m
[00:00:03.475,000] [0m<inf> resat_solar2: 194800.000000 5240.000000 1020.72014[0m
[00:00:03.489,000] [0m<inf> oresat_solar2: 195580.000000 5237.500000 1024.3502200m
[00:00:03.502,000] [0m<if> oresat_solar2: 196320.000000 5237.500000 1028.225952[0m
[00:00:03.515,000] [0m<inf> orsat_solar2: 197380.000000 5236.250000 1033.53106[0m
[00:00:03.528,000] [0m<inf> oresat_solar2: 198200.000000 5233.750000 1037.329224[0
[00:00:03.541,000] [0m<inf oresat_solar2: 198900.000000 5235.000000 1041.241455[0m
[00:00:03.554,000] [0m<inf> orest_solar2: 199720.000000 5235.000000 1045.534180[0m
[00:00:03.567,000] [0m<inf> oresat_solr2: 200480.000000 5233.750000 1049.262207[0m
[00:00:03.580,000] [0m<inf> oresat_solar2: 201260.000000 5233.750000 1053.344482[0m
[00:00:03.593,000] [0m<inf> oresatsolar2: 202020.000000 5232.500000 1057.069702[0m
[00:00:03.606,000] [0m<inf> oresat_solar: 202800.000000 5231.250000 1060.897461[0m
[00:00:03.620,000] [0m<inf> oresat_solar2: 203700.000000 5230.000000 1065.350952[0m
[00:00:03.633,000] [0m<inf> oresat_slar2: 204400.000000 5231.250000 1069.267456[0m
[00:00:03.646,000] [0m<inf> oresat_solar2:205200.000000 5227.500000 1072.682983[0m
[00:00:03.659,000] [0m<inf> oresat_solar2: 20606.000000 5227.500000 1077.178711[0m
[00:00:03.672,000] [0m<inf> oresat_solar2: 206760.000000 5226.250000 1080.579468[0m
[00:00:03.685,000] [0m<inf> oresat_solar2: 27500.000000 5225.000000 1084.187500[0m
[00:00:03.698,000] [0m<inf> oresat_solar2: 208560.00000 5223.750000 1089.465332[0m
[00:00:03.711,000] [0m<inf> oresat_solar2: 209320.000000 5223.750000 1093.435303[0m
[00:00:03.724,000] [0m<inf> oresat_solar2: 21000.000000 5222.500000 1097.247192[0m
[00:00:03.737,000] [0m<inf> oresat_solar2: 210920.00000 5222.500000 1101.529663[0m
[00:00:03.751,000] [0m<inf> oresat_solar2: 211620.000000 5221.250000 1104.920898[0m
[0:00:03.764,000] [0m<inf> oresat_solar2: 21240.000000 5221.250000 1108.993530[0m
[00:00:03.777,000] [0m<inf> oresat_solar2: 213280.00000 5222.500000 1113.854858[0m
[00:00:03.790,000] [0m<inf> oresat_solar2: 214020.000000 5217.500000 1116.649292[0m
[00:0:03.803,000] [0m<inf> oresat_solar2: 214820.00000 5217.500000 1120.823364[0m
[00:00:03.816,000] [0m<inf> oresat_solar2: 215600.0000005217.500000 1124.892944[0m
[00:00:03.829,000] [0m<inf> oresat_solar2: 216380.000000 5216.50000 1128.692139[0m
[00:0003.842,000] [0m<inf> oresat_solar2: 217100.000000 5216.250000 1132.447876[0m
[00:00:03.85,000] [0m<inf> oresat_solar2: 217960.000000 513.750000 1136.388916[0m
[0:00:03.868,000] [0m<inf> oresat_solar2: 218980.000000 5212.50000 1141.433228[0m
[00:00:0.882,000] [0m<inf> oresat_solar2: 219680.000000 5212.500000 1145.082031[0m
[00:00:03.895,00] [0m<inf> oresat_solar2: 220500.000000 521.000000 1148.805054[0m
[00:0:03.908,000] [0m<inf> oresat_solar2: 221300.000000 5208.75000 1152.696411[0m
[00:00:03.21,000] [0m<inf> oresat_solar2: 222020.000000 5207.500000 115.169189[0m
[00:00:03.934,00] [0m<inf> oresat_solar2: 222920.000000 5206.50000 1160.577271[0m
[00:00:03.947,000] [0<inf> oresat_solar2: 223680.000000 5206.2500001164.534058[0m
[00:00:03.96,000] [0m<inf> oresat_solar2: 224360.000000 5207.500000 1168.54736[0m
[00:00:03.973,000][0m<inf> oresat_solar2: 225280.000000 5205.000000 1172.582397[0m
[00:00:03.986,000] [0m<nf> oresat_solar2: 225980.000000 5203.750000 175.943481[0m
[00:00:03.999,000] [0m<inf> oresat_solar2: 226860.000000 5203.750000 1180.52705[0m
[00:00:04.013,000] [0m<inf> oresat_solar2: 227520.000000 5202.500000 1183.672852[m
[00:00:04.026,000] [0m<in> oresat_solar2: 228360.000000 5203.750000 1188.328369[0m
[00:00:04.039,000] [0m<inf> oreat_solar2: 229460.000000 5200.000000 1193.19207[0m
[00:00:04.052,000] [0m<inf> oresat_solar2: 230120.000000 5198.750000 1196.336304[0m
[00:00:04.059,000] [0m<dbg> oresat_blink: handle_blink: The light is blinking![0m
[00:00:04.070,00] [0m<inf> oresat_solar2: 230980.000000 5198.750000 1200.80251[0m
[00:00:04.083,000] 0m<inf> oresat_solar2: 231720.000000 5195.000000 1203.785400[0m
[00:00:04.096,000] [0m<in> oresat_solar2: 232580.000000 5196.250000 120.543823[0m
[00:00:04.110,00] [0m<inf> oresat_solar2: 233320.000000 5195.000000 1212.09742[0m
[00:00:04.123,000] [0<inf> oresat_solar2: 234080.000000 5191.250000 1215.167847[0m
[00:00:04.136,000] [0m<inf> oresat_solar2: 234900.000000 5190.000000 1219.30981[0m
[00:00:04.149,000] [0m<inf> oresat_solar2: 235660.000000 5191.250000 1223.369995[0m
[00:00:04.162,000] [0m<nf> oresat_solar2: 236460.000000 5188.750000 1226.931885[0m
[00:00:04.175,000] [0m<inf> oesat_solar2: 237200.000000 5190.000000 1231.06993[0m
[00:00:04.188,000] [0m<inf> oresat_solar2: 237920.000000 5188.750000 1234.507446[m
[00:00:04.201,000] [0m<in> oresat_solar2: 238800.000000 5187.500000 1238.775024[0m
[00:00:04.214,000] [0m<inf> oreat_solar2: 239620.000000 5187.500000 1243.02889[0m
[00:00:04.227,000] [0m<inf> oresat_solar2: 240520.000000 5185.000000 1247.096191[0m
[00:00:04.241,000] [0m<inf>oresat_solar2: 241400.000000 5183.750000 1251.357300[0m
[00:00:04.254,000] [0m<inf> oresa_solar2: 242120.000000 5183.750000 1255.089600[0m
[00:00:04.267,000] [0m<inf> oresat_solar2: 242920.000000 5182.500000 1258.932861[0m
[00:00:04.280,000] [0m<inf> oesat_solar2: 243760.000000 5181.250000 1262.981445[0m
[00:00:04.293,000] [0m<inf> oresat_olar2: 244500.000000 5180.000000 1266.510010[m
[00:00:04.306,000] [0m<inf> oresat_solar2: 245260.000000 5177.500000 1269.833618[0m
[00:00:04.319,000] [0m<inf> oreat_solar2: 246020.000000 5176.250000 1273.461060[0m
[00:00:04.332,000] [0m<inf> oresat_soar2: 246860.000000 5176.250000 1277.809082[0m
[00:00:04.345,000] [0m<inf> oresat_solar2: 47680.000000 5176.250000 1282.053589[0m
[00:00:04.358,000] [0m<inf> oresa_solar2: 248460.000000 5176.250000 1286.091064[0m
[00:00:04.372,000] [0m<inf> oresat_sola2: 249180.000000 5173.750000 1289.195068[0m
[00:00:04.385,000] [0m<inf> oresat_solar2: 24960.000000 5173.750000 1293.230591[0m
[00:00:04.398,000] [0m<inf> oresat_solar2: 251020.000000 5170.000000 1297.773438[0m
[00:00:04.411,000] [0m<inf> oresat_solar2 251800.000000 5171.250000 1302.120728[0m
[00:00:04.424,000] [0m<inf> oresat_solar2: 25250.000000 5170.000000 1305.838623[0m
[00:00:04.437,000] [0m<inf> oresat_solar2: 253360.000000 5167.500000 1309.237793[0m
[00:00:04.450,000] [0m<inf> oresat_solar2: 54160.000000 5166.250000 1313.054077[0m
[00:00:04.463,000] [0m<inf> oresat_solar2: 254920000000 5166.250000 1316.980469[0m
[00:00:04.476,000] [0m<inf> oresat_solar2: 255760.00000 5165.000000 1321.000366[0m
[00:00:04.489,000] [0m<inf> oresat_solar2: 25480.000000 5163.750000 1324.398560[0m
[00:00:04.503,000] [0m<inf> oresat_solar2: 257260.00000 5163.750000 1328.426270[0m
[00:00:04.56,000] [0m<inf> oresat_solar2: 258000.000000 161.250000 1331.602539[0m
[0:00:04.529,000] [0m<inf> oresat_solar2: 258760.000000 5158.70000 1334.878174[0m
[00:00:4.542,000] [0m<inf> oresat_solar2: 259560.000000 5158.750000 1339.005127[0m
[00:00:04.555000] [0m<inf> oresat_solar2: 260400.000000 516.250000 1342.687500[0m
[0000:04.568,000] [0m<inf> oresat_solar2: 261460.000000 5157.50000 1348.479980[0m
[00:00:04581,000] [0m<inf> oresat_solar2: 262200.000000 5153.750000 1351.313232[0m
[00:00:04.594,00] [0m<inf> oresat_solar2: 262880.000000 5153750000 1354.817749[0m
[00:0:04.607,000] [0m<inf> oresat_solar2: 263760.000000 5153.75000 1359.353149[0m
[00:00:04.60,000] [0m<inf> oresat_solar2: 264520.000000 5150.000000 1362.277954[0m
[00:00:04.634,000 [0m<inf> oresat_solar2: 265360.000000 5150.00000 1366.604004[0m
[00:00:4.647,000] [0m<inf> oresat_solar2: 266060.000000 5147.500000 369.543823[0m
[00:00:04.660000] [0m<inf> oresat_solar2: 266860.000000 5148.750000 1373.995483[0m
[00:00:04.673,000] [0m<inf> oresat_solar2: 267660.000000 5148.75000 1378.114380[0m
[00:00:04.686,000] [0m<inf> oresat_solar2: 268400.000000 5145.000000 130.917969[0m
[00:00:04.699,00] [0m<inf> oresat_solar2: 269160.000000 5142.500000 1384.155273[0m
[00:00:04.712,000] [m<inf> oresat_solar2: 270000.000000 5143.75000 1388.812500[0m
[00:00:04.725,000] [0m<inf> oresat_solar2: 270760.000000 5143.750000 1392721802[0m
[00:00:04.738,000 [0m<inf> oresat_solar2: 271560.000000 5140.000000 1395.818359[0m
[00:00:04.751,000] [0minf> oresat_solar2: 272560.000000 5138.750000 1400.617676[0m
[00:00:04.765,000] [0m<inf> oresat_solar2: 273280.000000 5138.750000 1404.37627[0m
[00:00:04.778,000] [0m<inf> oresat_solar2: 274080.000000 5135.000000 1407.4007570m
[00:00:04.791,000] [0m<if> oresat_solar2: 274920.000000 5136.250000 1412.057861[0m
[00:00:04.804,000] [0m<inf> orsat_solar2: 275680.000000 5133.750000 1415.27217[0m
[00:00:04.817,000] [0m<inf> oresat_solar2: 276460.000000 5132.500000 1418.930908[0
[00:00:04.830,000] [0m<inf oresat_solar2: 277220.000000 5132.500000 1422.831665[0m
[00:00:04.843,000] [0m<inf> orest_solar2: 278020.000000 5131.250000 1426.590088[0m
[00:00:04.856,000] [0m<inf> oresat_solar2: 278760.000000 5126.250000 1428.993408[0m[00:00:04.869,000] [0m<inf> resat_solar2: 279580.000000 5128.750000 1433.895874[0m
[00:00:04.882,000] [0m<inf> oresatsolar2: 280320.000000 5126.250000 1436.990356[0m
[00:00:04.896,000] [0m<inf> oresat_solar: 281100.000000 5125.000000 1440.637451[0m
[00:00:04.909,000] [0m<inf> oresat_solar2: 281920.000000 5123.750000 1444.487549[0m
[00:00:04.922,000] [0m<inf> oresat_slar2: 282960.000000 5122.500000 1449.462646[0m
[00:00:04.935,000] [0m<inf> oresat_solar2:283700.000000 5122.500000 1453.253296[0m
[00:00:04.948,000] [0m<inf> oresat_solar2: 284480.000000 5116.250000 1455.470825[0m
[00:00:04.961,000] [0m<inf> oresat_solr2: 285260.000000 5116.250000 1459.461426[0m
[00:00:04.974,000] [0m<inf> oresat_solar2: 26060.000000 5116.250000 1463.554443[0m
[00:00:04.987,000] [0m<inf> oresat_solar2: 286860.00000 5115.000000 1467.288940[0m
[00:00:05.000,000] [0m<inf> oresat_solar2: 287560.000000 5113.750000 1470.510010[0m
[00:00:05.013,000] [0m<inf> oresat_solar2: 28880.000000 5113.750000 1474.703247[0m
[00:00:05.027,000] [0m<inf> oresat_solar2: 289180.00000 5112.500000 1478.432739[0m
[00:00:05.040,000] [0m<inf> oresat_solar2: 290000.000000 510.000000 1481.900024[0m
[0:00:05.053,000] [0m<inf> oresat_solar2: 290720.000000 5107.500000 1484.852417[0m
[00:00:0.066,000] [0m<inf> oresat_solar2: 291600.000000 5106.250000 1488.982544[0m
[00:00:05.073,000] [0m<dbg> orsat_blink: handle_blink: The light is blinking![0m
[0:00:05.084,000] [0m<inf> oresat_solar2: 29220.000000 5106.250000 1492.454712[0m
[00:00:05.097,000] [0m<inf> oresat_solar2: 293380.00000 5105.000000 1497.704956[0m
[00:00:05.110,000] [0m<inf> oresat_solar2: 294080.000000 515.000000 1501.278442[0m
[0000:05.123,000] [0m<inf> oresat_solar2: 294900000000 5100.000000 1503.989990[0m
[00:00:05.137,000] [0m<inf> oresat_solar2: 295680.00000 5098.750000 1507.598389[0m
[00:00:05.150,000] [0m<inf> oresat_solar2: 296480.000000 5098.750000 1511.677368[0m
[00:0:05.163,000] [0m<inf> oresat_solar2: 297280.00000 5096.250000 1515.013184[0m
[00:00:05.176,000] [0m<inf> oresat_solar2: 298020.000000 096.250000 1518.784424[0m
[00:00:05.189,000] [0m<inf> oresat_solar2: 298800.000000 5093.70000 1522.012451[0m
[00:00:5.202,000] [0m<inf> oresat_solar2: 299620.000000 5091.250000 525.440308[0m
[00:00:05.215000] [0m<inf> oresat_solar2: 300420.000000 5088.750000 1528.762329[0m
[00:00:05.228,000] [0m<inf> oresat_solar2: 301180.000000 5087.50000 1532.253296[0m
[00:00:05241,000] [0m<inf> oresat_solar2: 301980.000000 5086.250000 155.945801[0m
[00:00:05.254,00] [0m<inf> oresat_solar2: 302680.000000 5083.750000 1538.749390[0m
[00:00:05.268,000] [m<inf> oresat_solar2: 303480.000000 5083.75000 1542.816406[0m
[00:00:05.281,000] [0m<inf> oresat_solar2: 304480.000000 5082.500000 1547519653[0m
[00:00:05.294,000 [0m<inf> oresat_solar2: 305280.000000 5080.000000 1550.822388[0m
[00:00:05.307,000] [0minf> oresat_solar2: 306100.000000 5077.500000 554.222778[0m
[00:00:05.320,000] [0m<inf> oresat_solar2: 306880.000000 5077.500000 1558.13228[0m
[00:00:05.333,000] [0m<inf> oresat_solar2: 307660.000000 5075.000000 1561.374512[0m
[00:00:05.346,000] [0m<if> oresat_solar2: 308420.000000 5073.750000 154.845947[0m
[00:00:05.359,000] [0m<inf> oresat_solar2: 309160.000000 5071.250000 1567.82737[0m
[00:00:05.372,000] [m<inf> oresat_solar2: 310000.000000 5068.750000 1571.312500[0
[00:00:05.385,000] [0m<inf oresat_solar2: 310780.000000 5066.250000 1574.489136[0m
[00:00:05.399,000] [0m<inf> oresat_solar2: 311560.000000 5065.000000 1578.05139[0m
[00:00:05.412,000] [0minf> oresat_solar2: 312360.000000 5062.500000 1581.322510[0m[00:00:05.425,000] [0m<inf> resat_solar2: 313180.000000 5062.500000 1585.473755[0m
[00:00:05.438,000] [0m<inf> oresat_solar2: 313900.000000 5060.000000 1588.3339840m
[00:00:05.451,000] [0m<if> oresat_solar2: 314980.000000 5058.750000 1593.405029[0m
[00:00:05.464,000] [0m<inf> orsat_solar2: 315760.000000 5056.250000 1596.561523[0m
[00:00:05.477,000] [0m<inf> oresat_solar2: 316520.000000 5052.500000 1599.217285[0
[00:00:05.490,000] [0m<inf> oresat_solar2: 317200.000000 5052.500000 1602.652954[0m
[00:00:05.503,000] [0m<inf> orest_solar2: 318080.000000 5050.000000 1606.303955[0m
[00:00:05.516,000] [0m<inf> oresat_solr2: 318860.000000 5048.750000 1609.844482[0m[00:00:05.530,000] [0m<inf> oresat_solar2: 319660.000000 5046.250000 1613.084229[0m
[00:00:05.543,000] [0m<inf> oresatsolar2: 320460.000000 5043.750000 1616.320068[0m
[00:00:05.556,000] [0m<inf> oresat_solar: 321260.000000 5043.750000 1620.355103[0m
[00:00:05.569,000] [0m<inf> oresat_solar2: 321900.000000 5040.000000 1622.375977[0m
[00:00:05.582,000] [0m<inf> oresat_slar2: 322780.000000 5037.500000 1626.004272[0m
[00:00:05.595,000] [0m<inf> oresat_solar2:323520.000000 5033.750000 1628.518799[0m
[00:00:05.608,000] [0m<inf> oresat_solar2: 324280.000000 5030.000000 1631.128418[0m
[00:00:05.621,000] [0m<inf> oresat_solr2: 325360.000000 5026.250000 1635.340698[0m
[00:00:05.634,000] [0m<inf> oresat_solar2: 36160.000000 5026.250000 1639.361694[0m
[00:00:05.647,000] [0m<inf> oresat_solar2: 326880.00000 5025.000000 1642.572021[0m
[00:00:05.661,000] [0m<inf> oresat_solar: 327620.000000 5022.500000 1645.471436[0m
[00:00:05.674,000] [0m<inf> oresat_solar2: 32800.000000 5020.000000 1648.567993[0m
[00:00:05.687,000] [0m<inf> oresat_solar2: 329220.00000 5018.750000 1652.272827[0m
[00:00:05.700,000] [0m<inf> oresat_solar2: 329960.000000 515.000000 1654.749390[0m
[0:00:05.713,000] [0m<inf> oresat_solar2: 33080.000000 5013.750000 1658.548462[0m
[00:00:0.726,000] [0m<inf> oresat_solar2: 331520.00000 5010.000000 1660.915161[0m
[00:00:05.739,000] [0m<inf> oresat_solar2: 332180.000000 500.750000 1663.806519[0m
[00:0:05.752,000] [0m<inf> oresat_solar2: 333160.000000 5005.000000 1667.465820[0m
[00:00:05.65,000] [0m<inf> oresat_solar2: 333880.0000005003.750000 1670.652100[0m
[00:00:05.778,000] [0m<inf> oresat_solar2: 334680.000000 5000.00000 1673.400024[0m
[00:0005.792,000] [0m<inf> oresat_solar2: 335380.000000 4997.500000 1676.061523[0m
[00:00:05.80,000] [0m<inf> oresat_solar2: 336480.000000 493.750000 1680.296997[0m
[0:00:05.818,000] [0m<inf> oresat_solar2: 337260.000000 4991.25000 1683.348999[0m
[00:00:0.831,000] [0m<inf> oresat_solar2: 338060.000000 4988.750000 1686.496826[0m
[00:00:05.844,00] [0m<inf> oresat_solar2: 338780.000000 498.750000 1688.394775[0m
[00:00:05.857,000] [0m<inf> oresat_solar2: 339620.000000 4981.25000 1691.732178[0m
[00:00:05.70,000] [0m<inf> oresat_solar2: 340300.000000 4978.750000 1694.268677[0m
[00:00:05.883,00] [0m<inf> oresat_solar2: 341080.000000 4973.50000 1696.446655[0m
[00:00:05.896,000] [0m<inf> oresat_solar2: 341860.000000 4972.5000001699.898804[0m
[00:00:05.90,000] [0m<inf> oresat_solar2: 342660.000000 4968.750000 1702.591919[0m
[00:00:05.923,000][0m<inf> oresat_solar2: 343480.000000 4965.000000 1705.378174[0m
[00:00:05.936,000] [0m<inf> oresat_solar2: 344180.000000 4961.250000 107.562988[0m
[00:00:05.949,00] [0m<inf> oresat_solar2: 345000.000000 4957.500000 1710.33524[0m
[00:00:05.962,000] 0m<inf> oresat_solar2: 345800.000000 4953.750000 1713.006714[0m
[00:00:05.975,000] [0m<in> oresat_solar2: 346800.000000 4948.750000 171.226440[0m
[00:00:05.988,000] [0m<inf> oresat_solar2: 347660.000000 4943.750000 1718.74411[0m
[00:00:06.001,000] [0<inf> oresat_solar2: 348360.000000 4941.250000 1721.333862[0m
[00:00:06.014,000] [0m<inf>oresat_solar2: 349160.000000 4935.000000 1723.04614[0m
[00:00:06.027,000] [0m<inf> oresat_solar2: 349900.000000 4926.250000 1723.694824[0m
[00:00:06.040,000] [0m<nf> oresat_solar2: 350720.000000 4920.000000 1725.542358[0m
[00:00:06.054,000] [0m<inf> oesat_solar2: 351500.000000 4920.000000 1729.380005[0m
[00:00:06.067,000] [0m<inf> oresat_olar2: 352260.000000 4912.500000 1730.477295[0m
[00:00:06.080,000] [0m<inf> oresat_solar2 353080.000000 4908.750000 1733.181396[0m
[0:00:06.087,000] [0m<dbg> oresat_blink: handle_blink: The ligh is blinking![0m
[00:00:06.098,000][0m<inf> oresat_solar2: 353800.000000 4892.500000 1730.966553[0m
[00:00:06.111,000] [0m<nf> oresat_solar2: 354560.000000 4888.750000 1733.355225[0m
[00:00:06.124,000] [0m<inf> oesat_solar2: 355400.000000 4880.000000 1734.35051[0m
[00:00:06.137,000] [0m<inf> oresat_olar2: 356180.000000 4875.000000 1736.377441[m
[00:00:06.151,000] [0m<inf> oresat_solar2: 357200.000000 4865.000000 1737.777954[0m
[00:00:06.164,000] [0m<inf> oreat_solar2: 358060.000000 4857.500000 1739.276489[0m
[00:00:06.177,000] [0m<inf> oresat_soar2: 358700.000000 4850.000000 1739.694946[0m
[00:00:06.190,000] [0m<inf> oresat_solar2: 359520.000000 4841.250000 1740.526245[0m
[00:00:06.203,000] [0m<inf> oresa_solar2: 360300.000000 4832.500000 1741.149780[0m
[00:00:06.216,000] [0m<inf> oresat_sola2: 361020.000000 4825.000000 1741.921509[0m
[00:00:06.229,000] [0m<inf> oresat_solar2: 36880.000000 4816.250000 1742.904541[0m
[00:00:06.242,000] [0m<inf> oresat_solar2: 362600.000000 4807.500000 1743.199463[0m
[00:00:06.255,000] [0m<inf> oresat_solar2 363520.000000 4786.250000 1739.897583[0m
*** Booing Zephyr OS build v4.2.0 ***

[00:00:00.00,000] [0m<inf> oresat_mcxn947_solar: Oresat MCXN947 Solar Board App
[0m
[00:00:00.013,000] [0m<inf> oresa_blink: Starting blink demo[0m
[00:00:00.019,000] [0m<dbg> oresat_blink: handle_blink: The light is blinkig![0m
[00:00:00.026,000] [0m<inf> oresat_solar2: Starting Solar Tracking...[0m
[00:00:00.033,000] [1;31<err> mcux_lpi2c: SCL GPIO device not ready[0m
[00:00:00.039,000] [0m<inf> oresat_solar2: Starting INA226 eading[0m
[00:00:00.49,000] [0m<inf> oresat_solar2: -520.000000 5388.750000 -2.802150[0m
[00:0:00.062,000] [0m<inf> oresat_solar2: -580.000000 5386.250000 -3.124025[0m
[00:00:00.074,000] [0m<inf> oresat_solar2: -540.000000 5386.250000 -2.908575[0m
[00:00:00.087,000] [0m<in> oresat_solar2: -540.000000 5387.500000 -2.909250[0m
[00:00:00.100,000] [0m<inf> oresat_solar2: -540.000000 5386.250000 2.908575[0m
[00:00:00.112,000] [0m<inf> oresat_solar2: -60.000000 5387.500000 -3.232500[0m
[00:00:00.125,000] [0m<inf> oresat_solar2: -540.000000 5387.500000 -2.909250[0m
[00:00:00.138,000] [m<inf> oresat_solar2: -540.000000 5386.250000 2.908575[0m
[00:00:00.151,000] [0m<inf> oresat_solar2: -540.000000 5387.500000 -2.909250[0m
[00:00:00.163,000] [0m<inf> oresat_solar2 -540.000000 5387.500000 -2.909250[0m
[00:00:00.176,000] [0m<inf> oresat_solar2: -520.000000 5386.250000 -2.800850[0m
[00:00:00.189,00] [0m<inf> oresat_solar2: -540.000000 5385.00000 -2.907900[0m
[00:00:00.201,000] [0m<inf> oresat_solar2: -580.000000 5385.000000 -3.123300[0m
[00:00:00.214,000] [0m<inf> oresat_slar2: -540.000000 5387.500000 -2.909250[0m
[00:00:00.227,00] [0m<inf> oresat_solar2: -540.000000 5386.250000 -2.908575[0m
[00:00:00.29,000] [0m<inf> oresat_solar2: -540.000000 537.500000 -2.909250[0m
[00:00:00.252,000] [0m<inf> oresat_solar2: -540.000000 5386.250000 -2.908575[0m
[00:00:00.265,000] [0m<inf> oreat_solar2: -600.000000 5387.500000 -3.232500[m
[00:00:00.28,000] [0m<inf> oresat_solar2: -580.000000 5386.250000 -3.124025[0m
[00:00:00.290,000] [0m<inf> oresat_solar2: -540.00000 5386.250000 -2.908575[0m
[00:00:00.303,000] [0m<inf> oreat_solar2: -580.000000 5386.250000 -3.124025[0m
[00:00:00.316,000] [0m<inf oresat_solar2: -540.000000 5387.500000 -2.909250[0m
[00:0000.328,000] [0m<inf> oresat_solar2: -540.000000 5387.500000 -.909250[0m
[0:00:00.341,000] [0m<inf> oresat_solar2: -500000000 5386.250000 -2.693125[0m
[00:00:00.354,000] [0m<inf> oresat_solar2: -480.000000 5386.250000 -2.585400[0m
[00:00:00.366,000] [0<inf> oresat_solar2: 1700.000000 5385.000000 9154500[0m
[00:00:00.379,000][0m<inf> oresat_solar2: 2620.000000 5383.75000 14.105425[0m
[00:00:00.392,000] [0m<inf> oresat_solar2: 3800.000000 5381.250000 20.448750[0m
[00:00:00.404,000] [0m<inf> oresat_solr2: 4660.000000 5381.250000 25.076626[0m
[00:00:00.417,000] [0m<inf> oresat_solar2: 5400.000000 5380.000000 29.052000[0m
[00:00:00.430000] [0m<inf> oresat_solar2: 6360.000000 5380.000000 34.216801[0m
[00:00:00.443,000] [0m<inf> oresat_solar2: 7200.000000 5378.750000 38.727001[0m
[00:00:00.455,000] [0m<inf> oresa_solar2: 7960.000000 5378.750000 42.814850[0m
[00:00:00.468000] [0m<inf> oresat_solar2: 8760.000000 5378.750000 47.117851[0m
[00:00:0.481,000] [0m<inf> oresat_solar2: 9580.0000005377.500000 51.516449[0m
[00:00:00.493,000] [0m<inf> oresat_solar2: 10400.00000 5377.500000 55.925999[0m
[00:00:00.50,000] [0m<inf> oresat_solar2: 11260.000000 5377.500000 60.55052[0m
[00:00:00.519,000] [0m<inf> oresat_solar2: 12020.00000 5377.500000 64.637550[0m
[00:00:00.532,000] [0m<inf> orsat_solar2: 12800.000000 5376.250000 68.816002[0m
[00:00:00.545,000] [0m<inf> oresat_solar2: 13600.0000005376.250000 73.116997[0m
[00:00:00.557,000] [0m<inf> oresat_solar2: 14400.000000 5376.250000 77.417999[0
[00:00:00.570,000] [0m<inf> oresat_solar2: 15460.000000 535.000000 83.097504[0m
[00:00:00.583,000] [0m<inf> oresat_solar2: 16200.000000 5372.500000 87.034500[0m
[00:00:00.596,00] [0m<inf> oresat_solar2: 17000.000000 5373.50000 91.353752[0m
[00:00:00.609,000] [0m<inf> oresat_solar2: 17880.000000 5373.750000 96.082649[0m
[00:00:00.621,000] [0m<inf> oresat_solar2: 18620.000000 5373.75000 100.059227[0m
[00:00:00.634,000] [0m<in> oresat_solar2: 19420.000000 5371.250000 104.309677[0m
[00:00:00.647,000] [0m<inf> oresat_solar2: 20280.00000 5371.250000 108.928947[0m
[00:00:00.60,000] [0m<inf> oresat_solar2: 21060.000000 5368.750000 113.05872[0m
[00:00:00.673,000] [0m<inf> oresatsolar2: 21860.000000 5371.250000 117.415527[0m
[00:00:00.68,000] [0m<inf> oresat_solar2: 22600.000000 538.750000 121.333748[0m
[00:00:00.699,000] [0m<inf> oresat_solar2: 23360.000000 5370.000000 125.443199[0m
[00:00:00.712,000] [0m<inf> oresat_solar2: 4220.000000 5368.750000 130.031128[0m
[00:0:00.725,000] [0m<inf> oresat_solar2: 25000.000000 5367.500000134.187500[0m
[00:00:00.737,000] [0m<inf> resat_solar2: 26060.000000 5367.500000 139.877045[0m
[00:00:00.750,000] [0m<inf> oresat_solar2: 26860.00000 5365.000000 144.103897[0m
[00:00:00.763,00] [0m<inf> oresat_solar2: 27600.000000 5365.000000 148.074005[0m
[00:00:00.776,000] [0m<inf> oresat_soar2: 28480.000000 5363.750000 152.759598[0m
[00:00:00.789,000] [0m<inf> oresat_solar2: 29220.000000 5366.50000 156.801819[0m
[00:00:00.802,000] [0minf> oresat_solar2: 30060.000000 5365.000000 161.271896[0m
[00:00:00.815,000] [0m<inf> oresat_solar2: 3080.000000 5363.750000 165.203506[0m
[00:00:0.828,000] [0m<inf> oresat_solar2: 31520.000000 5362.500000 169.026001[0m
[00:00:00.841,000] [0m<inf> oreat_solar2: 32380.000000 5362.500000 173.637756[0m
[00:00:00.854,000] [0m<inf> oresat_solar2: 33220.000000 5362.500000 178.142242[0m
[00:00:00.866,000 [0m<inf> oresat_solar2: 33980.000000 5363.75000 182.260223[0m
[00:00:00.879,000] [0m<inf> oresat_solar2: 34780.000000 5362.500000 186.507751[0m
[0:00:00.892,000] [0m<inf> oresat_solar2: 35680000000 5361.250000 191.289398[0m
[00:00:00.905,000] [0m<in> oresat_solar2: 36680.000000 5360.000000 196.04797[0m
[00:00:00.918,000] [0m<inf> oresat_solar2: 37560.000000 5358.750000 201.274643[0m
[00:00:00.91,000] [0m<inf> oresat_solar2: 38280.000000 560.000000 205.180801[0m
[00:00:00.944,000] [0m<inf> oresat_solar2: 39080.000000 5357.500000 209.371094[0
[00:00:00.957,000] [0m<inf> oresat_solar2:39780.000000 5358.750000 213.171082[0m
[00:00:00.970,000] [0m<inf> oresat_solar2: 40600.000000 5358.75000 217.565247[0m
[00:00:00.983,000] [0m<inf>oresat_solar2: 41460.000000 5357.500000 222.121948[0m
[00:00:00.995,000] [0m<inf> oresat_solar2: 42280.00000 5356.250000 226.462250[0m
[00:00:01.008,000] [0m<inf> oresat_solar2: 43060.000000 5356.250000 230.64021[0m
[00:00:01.021,000] [0m<inf> oresat_slar2: 43780.000000 5355.000000 234.441895[0m
[00:00:01.028,00] [0m<dbg> oresat_blink: handle_blink: The lght is blinking![0m
[00:00:01.039,000] [0m<inf> oresat_solar2: 4440.000000 5355.000000 238.190399[0m
[00:00:01.052,000] [0m<inf> oresat_solar2: 45300.000000 5353.750000 24.524872[0m
[00:00:01.065,000] [0m<inf> oreat_solar2: 46120.000000 5355.000000 246.972595[0m
[00:00:01.078,000] [0m<inf> oresat_solar2: 46820.0000005353.750000 250.662582[0m
[00:00:01.091,000 [0m<inf> oresat_solar2: 47920.000000 5353.750000 256.551697[0m
[00:00:01.104,000] [0m<inf> oresat_solar: 48720.000000 5352.500000 260.773804[0m
[0:00:01.117,000] [0m<inf> oresat_solar2: 49480.000000 5352.500000 264.841705[0m
[00:00:01.130,000] [0m<inf> oresat_solar2: 50300.000000 5350.000000 269.05011[0m
[00:00:01.143,000] [0m<inf> oresat_solar2: 51000.000000 5352.500000 272.977509[0m
[00:00:01.16,000] [0m<inf> oresat_solar2: 51800.000000 548.750000 277.065247[0m
[00:00:01.168,000] [0m<inf> oresatsolar2: 52520.000000 5351.250000 281.047638[0
[00:00:01.181,000] [0m<inf> oresat_solar2: 53320.000000 5348.750000 285.195343[0m
[00:00:01.194,000] [0m<inf> oresat_solar2: 54120.000000 5347.50000 289.406708[0m
[00:00:01.207,000] [0m<inf>oresat_solar2: 54920.000000 5347.500000 293.684692[0m
[00:00:01.220,000] [0m<inf> oresat_solar2: 55720.00000 5347.500000 297.962708[0m
[00:00:01.233000] [0m<inf> oresat_solar2: 56520.000000 5347.500000 302.24092[0m
[00:00:01.246,000] [0m<inf> oresat_slar2: 57280.000000 5346.250000 306.233185[0m
[00:00:01.259,000] [0m<inf> oresat_solar2: 58300.000000 5345000000 311.613495[0m
[00:00:01.272,000] [0m<inf> oresat_solar2: 59020.000000 5343.750000 315.388123[0m
[00:00:01.285,000] [0m<inf> oresat_solar2: 5920.000000 5343.750000 319.663116[0m
[00:00:1.297,000] [0m<inf> oresat_solar2: 60620.000000 5346.250000 34.089661[0m
[00:00:01.310,000] [0m<inf> orsat_solar2: 61420.000000 5342.500000 328.136353[0m
[00:00:01.323,000] [0m<inf> oresat_solar2: 62200.00000 5342.500000 332.303497[0m
[00:00:01.336,00] [0m<inf> oresat_solar2: 63000.000000 5342.500000 336.577515[0m
[00:00:01.349,000] [0m<inf> oresat_sola2: 63680.000000 5343.750000 340.290009[0m
[0:00:01.362,000] [0m<inf> oresat_solar2: 64460.000000 5342.500000 344.377563[0m
[00:00:01.375,000] [0m<inf> oresat_solar2: 65260.000000 5340.000000 348488403[0m
[00:00:01.388,000] [0m<inf> oresat_solar2: 66060.000000 5341.250000 352.842987[0m
[00:00:01.01,000] [0m<inf> oresat_solar2: 66800.000000 340.000000 356.712006[0m
[00:00:01.414,000] [0m<inf> oresa_solar2: 67620.000000 5338.750000 361.006287[m
[00:00:01.426,000] [0m<inf> oresat_solar2: 68520.000000 5340.000000 365.896790[0m
[00:00:01.439,000] [0m<inf> oresat_solar2: 69620.000000 5338.75000 371.683777[0m
[00:00:01.452,000] [0m<inf> oresat_solar2: 70380.000000 5336.250000 375.565277[0m
[00:0:01.465,000] [0m<inf> oresat_solar2: 71180.00000 5337.500000 379.923248[0m
[00:00:01.478,000] [0m<inf> oresat_solar2: 72000.000000 5337.500000 384.29988[0m
[00:00:01.491,000] [0m<inf> oresat_olar2: 72760.000000 5336.250000 388.265564[0m
[00:00:01.504,000] [0m<inf> oresat_solar2: 73480.000000 533.250000 392.107635[0m
[00:00:01.517,000] [m<inf> oresat_solar2: 74260.000000 5333.750000 396.084290[0m
[00:00:01.530,000] [0m<inf> oresat_solar2: 7060.000000 5333.750000 400.351288[0m
[00:00:01.543,000] [0m<inf> oresat_solar2: 75880.000000 5333.750000 04.724945[0m
[00:00:01.555,000] [0m<inf> oesat_solar2: 76600.000000 5331.250000 408.373749[0m
[00:00:01.568,000] [0m<inf> oresat_solar2: 77420.00000 5332.500000 412.842163[0m
[00:00:01.581,00] [0m<inf> oresat_solar2: 78220.000000 5330.000000 416.91259[0m
[00:00:01.594,000] [0m<inf> oresat_solr2: 79100.000000 5330.000000 421.602997[0m
[00:00:01.607,000] [0m<inf> oresat_solar2: 80020.000000 5331.250000 426.606628[0m
[00:00:01.620,000] [0m<nf> oresat_solar2: 80800.000000 5328.750000 43.562988[0m
[00:00:01.633,000] [0m<inf> oresat_solar2: 81660.000000 5330.000000 435.247803[0m
[00:00:01646,000] [0m<inf> oresat_solar2: 82500.0000005326.250000 439.415619[0m
[00:00:01.659,000] [0m<inf> orest_solar2: 83300.000000 5327.500000 443.780762[0m
[00:00:01.672,000] [0m<inf> oresat_solar2: 84020.000000 5327.500000 447.616547[0m
[00:00:01.684,000][0m<inf> oresat_solar2: 84820.000000 5327.500000 451.878540[0m
[00:00:01.697,000] [0m<inf> oresat_solar2 85600.000000 5326.250000 455.927002[0m
[0000:01.710,000] [0m<inf> oresat_solar2: 86360.000000 5325.000000 459.867004[0m
[00:00:01.723,000] [0m<inf oresat_solar2: 87160.000000 5325.000000 464.17014[0m
[00:00:01.736,000] [0m<inf> oresat_solar2: 87920.000000 5322.500000 467.954193[0m
[00:00:01.74,000] [0m<inf> oresat_solar2: 88760.000000 533.750000 472.536041[0m
[00:00:01.762,000] [0m<inf> oresat_solar2: 89560.000000 5322.500000 476.683105[0m
[00:00:01.775,000] [0m<inf> oresat_solar2: 0600.000000 5321.250000 482.105255[0m
[00:00:01.788,000] [0m<inf> oresat_solar2: 91360.000000 5321.250000486.149414[0m
[00:00:01.801,000] [0m<inf> oresat_solar2: 92120.000000 5320.000000 490.078400[0m
[00:0001.813,000] [0m<inf> oresat_solar2: 92960.00000 5321.250000 494.663391[0m
[00:00:01.826,000] [0m<inf> oresat_solar2: 93700.000000 5318.750000 498.36682[0m
[00:00:01.839,000] [0m<inf> oresat_soar2: 94500.000000 5318.750000 502.621887[0m
[00:00:01.852,000] [0m<inf> oresat_solar2: 95280.000000 5318.50000 506.770508[0m
[00:00:01.865,000] [0minf> oresat_solar2: 96120.000000 5317.500000 511.118103[0m
[00:00:01.878,000] [0m<inf> oresat_solar2: 9680.000000 5316.250000 514.719299[0m
[00:00:0.891,000] [0m<inf> oresat_solar2: 97700.000000 5316.250000 519.397644[0m
[00:00:01.904,000] [0m<inf> oreat_solar2: 98500.000000 5317.500000 523.773743[0m
[00:00:01.917,000] [0m<inf> oresat_solar2: 99220.0000005316.250000 527.478333[0m
[00:00:01.930,000 [0m<inf> oresat_solar2: 100060.000000 5315.000000 531.818909[0m
[00:00:01.943,000] [0m<nf> oresat_solar2: 101080.000000 5311.250000 536.861145[0m
[00:00:01.956,000] [0m<inf> oresat_solar2: 101920.000000 5312.500000 541.450012[0m
[00:00:01.969,000] [0m<inf> oresat_solar2: 102620.000000 5313.750000 545.296997[0m
[00:00:01.982,000] [0m<inf> oresat_solar2: 103400.000000 531.750000 549.441772[0m
[00:00:01.995,000] [m<inf> oresat_solar2: 104200.000000 5313.75000 553.692749[0m
[00:00:02.008,000] [0m<inf>oresat_solar2: 104980.000000 5312.500000 557.706238[0m
[00:00:02.021,000] [0m<inf> oresatsolar2: 105700.000000 5311.250000 561.399109[0m
[00:00:02.034,000] [0m<inf> oresat_solar2: 106520.000000 5310.000000 565.621216[0m
[00:00:02.041,000] [0m<dbg> oresat_blink: handle_blink: The light is blinking![0m
[00:00:02.052,000] [0m<inf> oresat_solar2: 107360.00000 5311.250000 570.215820[0m
[00:00:02.065,000] [0m<inf> oresat_solar2: 108200.000000 307.500000 574.271484[0m
[00:00:02.078,000][0m<inf> oresat_solar2: 108820.000000 5308.75000 577.698181[0m
[00:00:02.091,000] [0m<inf> oresat_solar2: 109680.000000 5307.500000 58.126587[0m
[00:00:02.104,000] [0m<inf> oreat_solar2: 110420.000000 5306.250000 585.916138[0m
[00:00:02.117,000] [0m<inf> oresat_solar2: 111260.000000 5305.000000 590.234314[0m
[00:00:02.130,000] [0m<inf> oresat_solar2: 112280.000000 5303.750000 595.505066[0m
[00:0002.143,000] [0m<inf> oresat_solar2: 113080.000000 5303.750000599.748047[0m
[00:00:02.156,000] [0m<inf> oresat_solar2: 113880.000000 5302.500000 603.84694[0m
[00:00:02.169,000] [0m<inf> oresat_olar2: 114580.000000 5302.500000 607.560425[0
[00:00:02.182,000] [0m<inf> oresat_solar2:115380.000000 5301.250000 611.658203[0m
[0000:02.195,000] [0m<inf> oresat_solar2: 116160000000 5302.500000 615.938416[0m
[00:00:02.08,000] [0m<inf> oresat_solar2: 116980.000000 5300.000000 619994019[0m
[00:00:02.221,000 [0m<inf> oresat_solar2: 117700.000000 5300.000000 623.809998[0m
[00:00:02.234,000] [0m<inf> oresat_sola2: 118580.000000 5300.000000 628.473999[0m
[00:00:02.247,000] [0m<inf> oresat_solar2: 119320.000000 5298.750000 632.246826[0m
[00:00:02.260,000] [0m<inf> oresat_solar2: 120120.00000 5298.750000 636.485840[0m
[00:00:02.273,000] [0m<inf> oresat_solar2: 120920.000000 529.750000 640.724854[0m
[00:00:02.286,000] [m<inf> oresat_solar2: 121660.000000 5296.25000 644.341797[0m
[00:00:02.299,000] [0m<inf>oresat_solar2: 122720.000000 5295.000000 649.802429[0m
[00:00:02.312,000] [0m<inf> oresatsolar2: 123520.000000 5292.500000 653.729614[0m
[00:00:02.325,000] [0m<inf> oresat_solar2: 124320.000000 295.000000 658.274414[0m
[0:00:02.338,000] [0m<inf> oresat_solar2: 125020.000000 5296.25000 662.137146[0m
[00:00:02.351,000] [0m<inf> oresat_solar2: 125860.000000 5292.500000 66.114075[0m
[00:00:02.364,000] [0m<inf> oreat_solar2: 126580.000000 5292.500000 669.92462[0m
[00:00:02.377,000] [0m<inf> oresat_solr2: 127420.000000 5292.500000 674.370361[0m
[00:00:02.390,000] [0m<inf> oresat_solar2: 128300.000000 5291.250000 678.867371[0m
[00:0002.403,000] [0m<inf> oresat_solar2: 129020.000000 5290.000000 682.515808[0m
[00:00:02.416,000] [0m<inf> oresat_solar2: 129760.000000 5288.750000 686.26188[0m
[00:00:02.429,000] [0m<inf> oresat_solar2: 130560.000000 5288.750000 690.499207[0
[00:00:02.442,000] [0m<inf> oresat_solar2:131320.000000 5287.500000 694.354492[0m
[00:00:02.455,000] [0m<inf> oresat_solar2: 132180000000 5288.750000 699.066956[0m
[00:00:02.68,000] [0m<inf> oresat_solar2: 133220.0000005285.000000 704.067688[0m
[00:00:02.481,000 [0m<inf> oresat_solar2: 133960.000000 5285.00000 707.978577[0m
[00:00:02.494,000] [0m<nf> oresat_solar2: 134760.000000 5285.000000 712.206604[0m
[00:00:02.507,000] [0m<inf> oresat_solar2: 135560.000000 5285.000000 716.434570[0m
[00:00:02.520,000] [0m<inf> oresat_solar2: 136380.000000 5285.000000 720.768311[0m
[00:00:02.533,000] [0m<inf> oresat_solar2: 137120.000000 528.750000 724.507812[0m
[00:00:02.546,000] [0m<inf> oresat_solar2: 137820.000000 5283.75000 728.206421[0m
[00:00:02.559,000] [0m<inf>oresat_solar2: 138680.000000 5281.250000 732.43748[0m
[00:00:02.572,000] [0m<inf> oresatsolar2: 139520.000000 5280.000000 736.665588[m
[00:00:02.585,000] [0m<inf> oresat_solar2 140260.000000 5282.500000 740.923462[0m
[0:00:02.598,000] [0m<inf> oresat_solar2: 141080.000000 5280.000000 744.902405[0m
[00:00:02611,000] [0m<inf> oresat_solar2: 141860.000000 5280.000000 749.020813[0m
[00:00:02.624,000] [0m<inf> oresat_solar2: 142680.000000 5280.000000 753.35040[0m
[00:00:02.637,000] [0m<inf> oresat_solar2: 143460.000000 5277.500000 757.110168[0m
[00:00:02.650,000] [0m<inf> oresat_solar2: 14420.000000 5277.500000 762.176575[0m
[00:00:02.663,000] [0m<inf> oresat_solar2: 145180.00000 5277.500000 766.187439[0m
[00:00:02.676000] [0m<inf> oresat_solar2: 146000.000000 528.750000 770.697510[0m
[00:00:02.689,000] 0m<inf> oresat_solar2: 146760.000000 5277.500000 774.525879[0
[00:00:02.702,000] [0m<inf oresat_solar2: 147560.000000 5273.750000 778.194580[0m
[00:00:02.715,000] [0m<inf> oresat_solar2: 148380.000000 5273.750000 782.519043[0m
[00:00:02.728,000] [0m<inf> oresat_solar2: 149160.000000 5273.750000 786.632568[0m
[0:00:02.741,000] [0m<inf> oresat_solar2: 149900.000000 5272.50000 790.347778[0m
[00:00:0.754,000] [0m<inf> oresat_solar2: 150720.000000 5272.500000 74.671204[0m
[00:00:02.767,000] [0m<inf> orsat_solar2: 151500.000000 5271.250000 798.59430[0m
[00:00:02.780,000] [0m<inf> oresat_soar2: 152300.000000 5270.000000 802.620972[0m
[00:00:02.793,000] [0m<inf> oresat_solar2: 13060.000000 5270.000000 806.626221[0m
[00:0:02.806,000] [0m<inf> oresat_solar2: 153860.000000 5267.500000 810.457520[0m
[00:00:02.81,000] [0m<inf> oresat_solar2: 154880.000000 5267.500000 815.830383[0m
[00:00:02.832,000] [0m<inf> oresat_solar2: 155720.000000 5267.500000 820.255127[m
[00:00:02.845,000] [0m<inf> oresat_solar2: 156480.000000 5267.500000 824.258423[0m
[00:00:02.858,000] [0m<inf> oresat_solar2: 15726.000000 5266.250000 828.170471[0m
[00:00:02871,000] [0m<inf> oresat_solar2: 158060.00000 5266.250000 832.383484[0m
[00:00:02.884,00] [0m<inf> oresat_solar2: 158780.000000 5265.000000 835.976685[0m
[00:00:02.897,000] [0minf> oresat_solar2: 159520.000000 5263.750000 839.673401[0m
[00:00:02.910,000] [0m<inf> oresat_solar2: 160360.000000 5265.000000 844.295410[0m
[00:00:02.923,000] [0m<inf> oresat_solar2: 161200.00000 5263.750000 848.516479[0m
[00:00:02.936,000] [0m<inf> oresat_solar2: 161900.000000 522.500000 851.998779[0m
[00:00:02.949,000] 0m<inf> oresat_solar2: 162760.000000 5261.25000 856.321045[0m
[00:00:02.962,000] [0m<inf oresat_solar2: 163560.000000 5261.250000 860.30029[0m
[00:00:02.975,000] [0m<inf> oresa_solar2: 164260.000000 5261.250000 864.212952[0m
[00:00:02.988,000] [0m<inf> oresat_solar2: 165320.000000 5258.750000 869.376526[0m
[0:00:03.001,000] [0m<inf> oresat_solar2: 166100.000000 5260.000000 873.685974[0m
[00:00:03.014,000] [0m<nf> oresat_solar2: 166960.000000 5257.500000 87.792175[0m
[00:00:03.027,000] [0m<inf> oresat_solar2: 167700.000000 5257.500000 881.68279[0m
[00:00:03.040,000] [0m<inf> oresat_soar2: 168460.000000 5253.750000 885.046753[0m[0000:03.048,000] [0m<dbg> oresat_blink: handle_blink: The light is blinking![0m
[00:00:03.059,000] [0m<inf> oresat_solar2: 169300.00000 5256.250000 889.883118[0m
[00:00:03.072,000] [0m<inf> oresat_solar2: 169960.000000 255.000000 893.139771[0m
[00:00:03.085,000] [0m<inf> oresat_solar2: 170860.000000 5256.25000 898.082886[0m
[00:00:03.098,000] [0m<if> oresat_solar2: 171600.000000 5253.750000 901.543518[0m
[00:00:03.111,000] [0m<inf> oreat_solar2: 172380.000000 5252.500000 905.425964[0m
[00:00:03.124,000] [0m<inf> oresat_solar2: 173160.000000 5250.000000 909.090027[0m
[00:00:03.137,000] [0m<inf> oresat_solar2: 173960.000000 5251.250000 913.507446[0m
[00:0003.150,000] [0m<inf> oresat_solar2: 174660.000000 5250.000000916.965027[0m
[00:00:03.163,000] [0m<inf> resat_solar2: 175500.000000 5250.000000 921.37000[0m
[00:00:03.176,000] [0m<inf> oresat_olar2: 176520.000000 5248.750000 926.509338[0
[00:00:03.189,000] [0m<inf> oresat_solar2:177320.000000 5251.250000 931.151672[0m
[00:00:03.202,000] [0m<inf> oresat_solar2: 178100000000 5248.750000 934.802368[0m
[00:00:03.15,000] [0m<inf> oresat_solar2: 178900.0000005246.250000 938.554138[0m
[00:00:03.228,000 [0m<inf> oresat_solar2: 179660.000000 5246.20000 942.541260[0m
[00:00:03.241,000] [0m<nf> oresat_solar2: 180460.000000 5246.250000 946.738281[0m
[00:00:03.254,000] [0m<inf> orsat_solar2: 181220.000000 5245.000000 950.498901[0m
[00:00:03.267,000] [0m<inf> oresat_solar2: 181980.00000 5243.750000 954.257629[0m
[00:00:03.280,000] [0m<inf> oresat_solar2: 182760.000000 5243.750000 958.347778[0m
[00:00:03.293,000] [m<inf> oresat_solar2: 183600.000000 5241.25000 962.293518[0m
[00:00:03.306,000] [0m<inf>oresat_solar2: 184360.000000 5242.500000 966.57324[0m
[00:00:03.319,000] [0m<inf> oresatsolar2: 185160.000000 5240.000000 970.238403[m
[00:00:03.332,000] [0m<inf> oresat_solar2 185900.000000 5240.000000 974.116028[0m
[0:00:03.345,000] [0m<inf> oresat_solar2: 18698.000000 5237.500000 979.307739[0m
[00:00:03358,000] [0m<inf> oresat_solar2: 187860.000000 5238.750000 984.151550[0m
[00:00:03.371,00] [0m<inf> oresat_solar2: 188600.000000 5236.250000 987.556763[0m
[00:00:03.384,000] [0m<inf> oresat_solar2: 189320.000000 5236.250000 991.326843[0m
[00:00:03.397,000] [0m<inf> oresat_solar2: 19160.000000 5235.000000 995.487610[0m
[00:00:03.410,000] [0m<inf> oresat_solar2: 190920.00000 5235.000000 999.466187[0m
[00:00:03.423000] [0m<inf> oresat_solar2: 191620.000000 525.000000 1003.130676[0m
[00:00:03.436,000] [0m<inf> oresat_solar2: 192420.000000 5232.50000 1006.837646[0m
[00:00:03449,000] [0m<inf> oresat_solar2: 193280.000000 5233.750000 1011.579224[0m
[00:00:03.462,00] [0m<inf> oresat_solar2: 194060.000000 5231250000 1015.176392[0m
[00:00:03.476,000] [0m<inf> oresat_solar2: 194860.000000 5231.25000 1019.361389[0m
[00:00:03.49,000] [0m<inf> oresat_solar2: 195620.000000 5228.750000 1022.848083[0m
[00:00:03.502,000 [0m<inf> oresat_solar2: 196380.000000 5230.00000 1027.067383[0m
[00:00:03.515,000] [0minf> oresat_solar2: 197460.000000 5227.500000 032.222168[0m
[00:00:03.528000] [0m<inf> oresat_solar2: 198220.000000 5227.500000 1036.15068[0m
[00:00:03.541,000] [0m<inf> oresat_solar2: 199020.000000 5226.25000 1040.128296[0m
[00:00:03.554,000] [0m<if> oresat_solar2: 199760.000000 5225.000000 103.745972[0m
[00:00:03.567,00] [0m<inf> oresat_solar2: 200520.000000 5225.000000 1047.717041[0m
[00:00:03.580,000] [m<inf> oresat_solar2: 201300.000000 5223.75000 1051.540894[0m
[00:00:03.593,000] [0m<inf> oresat_solar2: 202100.000000 5225.000000 1055972534[0m
[00:00:03.607,000 [0m<inf> oresat_solar2: 202800.000000 5223.750000 1059.376465[0m
[00:00:03.620,000] [0minf> oresat_solar2: 203680.000000 5222.500000 063.718750[0m
[00:00:03.633000] [0m<inf> oresat_solar2: 204520.000000 5220.000000 1067.54360[0m
[00:00:03.646,000] [0m<inf> oresat_solar2: 205220.000000 5220.000000 1071.248413[0m
[00:00:03.659,000] [0m<if> oresat_solar2: 206060.000000 5220.000000 105.633179[0m
[00:00:03.672,000] [0m<inf> orsat_solar2: 206700.000000 5218.750000 1078.71576[0m
[00:00:03.685,000] [m<inf> oresat_solar2: 207520.000000 5216.250000 1082.476196[0m
[00:00:03.698,000] [0m<inf> oresat_solar2: 208620.000000 5216.250000 1088214111[0m
[00:00:03.711,000 [0m<inf> oresat_solar2: 209380.000000 5216.250000 1092.178467[0m
[00:00:03.724,000] [0minf> oresat_solar2: 210200.000000 5215.000000 096.192993[0m
[00:00:03.738,000] [0m<inf> oresat_solar2: 210920.000000 5213.750000 1099.64204[0m
[00:00:03.751,000] [0m<inf> oresat_solar2: 211680.000000 5212.500000 1103.3819580m
[00:00:03.764,000] [0m<if> oresat_solar2: 212480.000000 5211.250000 117.286377[0m
[00:00:03.777,000] [0m<inf> oresat_solar2: 213280.000000 5211.250000 1111.45544[0m
[00:00:03.790,000] [m<inf> oresat_solar2: 214100.000000 5211.250000 1115.728638[0m
[00:00:03.803,000] [0m<inf oresat_solar2: 214880.000000 5210.000000 1119.524780[0m
[00:00:03.816,000] [0m<inf> orest_solar2: 215600.000000 5208.750000 1123.00647[0m
[00:00:03.829,000] [0m<inf> oresat_solar2: 216460.000000 5208.750000 1127.486084[0m[00:00:03.842,000] [0m<inf> resat_solar2: 217160.000000 5208.750000 1131.132202[0m
[00:00:03.855,000] [0m<inf> oresat_solar2: 218000.000000 5203.750000 1134.4174800m
[00:00:03.869,000] [0m<if> oresat_solar2: 219020.000000 5203.750000 1139.725342[0m
[00:00:03.882,000] [0m<inf> orsat_solar2: 219760.000000 5201.250000 1143.026733[0m
[00:00:03.895,000] [0m<inf> oresat_slar2: 220620.000000 5201.250000 1147.499756[0
[00:00:03.908,000] [0m<inf> oresat_solar2: 221360.000000 5202.500000 1151.625366[0m
[00:00:03.921,000] [0m<inf> orest_solar2: 222160.000000 5201.250000 1155.509644[0m
[00:00:03.934,000] [0m<inf> oresat_solr2: 222960.000000 5198.750000 1159.113281[0m[00:00:03.947,000] [0m<inf> resat_solar2: 223700.000000 5200.000000 1163.239990[0m
[00:00:03.960,000] [0m<inf> oresatsolar2: 224500.000000 5197.500000 1166.838745[0m
[00:00:03.973,000] [0m<inf> oresat_solar: 225260.000000 5196.250000 1170.507324[0m
[00:00:03.986,000] [0m<inf> orsat_solar2: 226060.000000 5196.250000 1174.664307[0m
[00:00:04.000,000] [0m<inf> oresat_slar2: 226880.000000 5195.000000 1178.641602[0m
[00:00:04.013,000] [0m<inf> oresat_solar2: 227620.000000 5195.000000 1182.485840[0m
[00:00:04.026,000] [0m<inf> orest_solar2: 228380.000000 5192.500000 1185.863159[0m
[00:00:04.039,000] [0m<inf> oresat_solr2: 229560.000000 5190.000000 1191.416382[0m
[00:00:04.052,000] [0m<inf> oresat_solar2: 20220.000000 5193.750000 1195.705078[0m
[00:00:04.059,000] [0m<dbg> oresat_blink: handle_blink: The light i blinking![0m
[00:00:04.070,000] [m<inf> oresat_solar2: 230980.000000 5188.750000 1198.497437[0
[00:00:04.083,000] [0m<inf oresat_solar2: 231800.000000 5185.000000 1201.883057[0m
[00:00:04.097,000] [0m<inf> oresat_solar2: 232600.000000 5185.000000 1206.03100[0m
[00:00:04.110,000] [0minf> oresat_solar2: 233420.000000 5183.750000 1209.990967[0m[00:00:04.123,000] [0m<inf> resat_solar2: 234100.000000 5185.000000 1213.808472[0m
[00:00:04.136,000] [0m<inf> oresatsolar2: 234900.000000 5182.500000 1217.3692630m
[00:00:04.149,000] [0m<if> oresat_solar2: 235720.000000 5182.500000 1221.618896[0m
[00:00:04.162,000] [0m<inf> orsat_solar2: 236500.000000 5181.250000 1225.365601[0m
[00:00:04.175,000] [0m<inf> oresat_solar2: 237320.000000 5180.000000 1229.317627[0
[00:00:04.188,000] [0m<inf oresat_solar2: 238020.000000 5178.750000 1232.646118[0m
[00:00:04.201,000] [0m<inf> orest_solar2: 238720.000000 5178.750000 1236.27124[0m
[00:00:04.214,000] [0m<inf> oresat_solar2: 239600.000000 5177.500000 1240.529053[0m[00:00:04.228,000] [0m<inf> resat_solar2: 240620.000000 5178.750000 1246.110840[0m
[00:00:04.241,000] [0m<inf> oresatsolar2: 241460.000000 5175.000000 1249.555542[0m
[00:00:04.254,000] [0m<inf> oresat_solar2: 242200.000000 5175.000000 1253.385010[0m
[00:00:04.267,000] [0m<inf> orsat_solar2: 242980.000000 5173.750000 1257.117798[0m
[00:00:04.280,000] [0m<inf> oresat_slar2: 243780.000000 5173.750000 1261.256836[0
[00:00:04.293,000] [0m<inf> oresat_solar2: 244580.000000 5171.250000 1264.784302[0m
[00:00:04.306,000] [0m<inf> oresat_solar2: 24530.000000 5170.000000 1268.201050[0m
[00:00:04.319,000] [0m<inf> oresat_solr2: 246100.000000 5167.500000 1271.721802[0m
[00:00:04.332,000] [0m<inf> oresat_solar2: 26900.000000 5167.500000 1275.855713[0m
[00:00:04.345,000] [0m<inf> oresat_solar2: 247700.000000 5166.250000 1279.680176[0m
[00:00:04.359,000] [0m<inf> oresat_solar: 248420.000000 5165.000000 1283.089355[0m
[00:00:04.372,000] [0m<inf> oresat_solar2: 24900.000000 5165.000000 1287.118042[0m
[00:00:04.385,000] [0m<inf> oresat_solar2: 250000.00000 5163.750000 1290.937500[0m
[00:00:04.398,000] [0m<inf> oresat_solar2:251080.000000 5163.750000 1296.514404[0m
[00:00:04.411,000] [0m<inf> oresat_solar2: 25180.000000 5160.000000 1299.287964[0m
[00:00:04.424,000] [0m<inf> oresat_solar2: 252580.00000 5160.000000 1303.312744[0m
[00:00:04.437,000] [0m<inf> oresat_solar2: 253360.000000 5158.750000 1307.020874[0m
[00:0:04.450,000] [0m<inf> oresat_solar2: 254200.00000 5158.750000 1311.354248[0m
[00:00:04.463,000] [0m<inf> oresat_solar2: 254900.0000005157.500000 1314.646729[0m
[00:00:04.476,000] [0m<inf> oresat_solar2: 255720.000000 5156.250000 1318.556274[0m
[00:0004.490,000] [0m<inf> oresat_solar2: 256500.00000 5153.750000 1321.936890[0m
[00:00:04.503,000] [0m<inf> oresat_solar2: 257300.000000 552.500000 1325.738281[0m
[0:00:04.516,000] [0m<inf> oresat_solar2: 258120.000000 5151.25000 1329.640625[0m
[00:00:0.529,000] [0m<inf> oresat_solar2: 258860.000000 5151.250000 1333.452515[0m
[00:00:04.542,00] [0m<inf> oresat_solar2: 259600.000000 515.000000 1336.939941[0m
[00:0:04.555,000] [0m<inf> oresat_solar2: 260380.000000 5148.75000 1340.631470[0m
[00:00:04.68,000] [0m<inf> oresat_solar2: 261480.000000 5146.250000 1345.641479[0m
[00:00:04.581,00] [0m<inf> oresat_solar2: 262260.000000 5146.50000 1349.655518[0m
[00:0004.594,000] [0m<inf> oresat_solar2: 262920.000000 5143.7500001352.394775[0m
[00:00:04.60,000] [0m<inf> oresat_solar2: 263760.000000 5146.250000 1357.374878[0m
[00:00:04.621,000][0m<inf> oresat_solar2: 264560.000000 5143.75000 1360.830444[0m
[00:00:04.634,000] [0m<inf> oresat_solar2: 265300.000000 5142.500000 164.305298[0m
[00:00:04.647,00] [0m<inf> oresat_solar2: 266000.000000 5140.000000 1367.23990[0m
[00:00:04.660,000] 0m<inf> oresat_solar2: 266860.000000 5141.25000 1371.994019[0m
[00:00:04.673,000] [0m<inf> oresat_solar2: 267660.000000 5138.750000 137.437866[0m
[00:00:04.686,00] [0m<inf> oresat_solar2: 268420.000000 5136.250000 1378.67221[0m
[00:00:04.699,000] [0<inf> oresat_solar2: 269160.000000 5135.0000001382.136597[0m
[00:00:04.712,000] [0m<inf>oresat_solar2: 270000.000000 5135.000000 1386.49951[0m
[00:00:04.725,000][0m<inf> oresat_solar2: 270800.000000 5133.750000 1390.219482[0m
[00:00:04.738,000] [0m<nf> oresat_solar2: 271520.000000 5131.250000 1393.237061[0m
[00:00:04.752,000] [0m<inf> oesat_solar2: 272560.000000 5132.500000 1398.91185[0m
[00:00:04.765,000] [0m<inf> oresat_olar2: 273380.000000 5128.750000 1402.097656[m
[00:00:04.778,000] [0m<inf> oresat_solar2: 274120.000000 5126.250000 1405.207642[0m
[00:00:04.791,000] [0m<inf> oreat_solar2: 274920.000000 5126.250000 1409.308594[0m
[00:00:04.804,000] [0m<inf> oresat_soar2: 275680.000000 5126.250000 1413.204590[0m
[00:00:04.817,000] [0m<inf> oresat_solar2: 276480.000000 5122.500000 1416.268799[0m
[00:00:04.830,000] [0m<inf> oresa_solar2: 277200.000000 5122.500000 1419.957031[0m
[00:00:04.843,000] [0m<inf> oresat_sola2: 278080.000000 5123.750000 1424.812378[0m
[00:00:04.856,000] [0m<inf> oresat_solar2: 278820.000000 5120.000000 1427.558350[0m
[00:00:04.869,000] [0m<inf> oresat_olar2: 279520.000000 5121.250000 1431.491821[0m
[00:00:04.883,000] [0m<inf> oresat_solar2 280400.000000 5118.750000 1435.297485[0m
[00:00:04.896,000] [0m<inf> oresat_solar2: 28110.000000 5115.000000 1437.826538[0m
[00:00:04.909,000] [0m<inf> oresat_solar2: 281920.000000 5113.750000 1441.668457[0m
[00:00:04.922,000] [0m<inf> oresat_solar2: 82960.000000 5113.750000 1446.986694[0m
[00:00:04.935,000] [0m<inf> oresat_solar2: 283700000000 5108.750000 1449.352417[0m
[00:00:04.948,000] [0m<inf> oresat_solar2: 284460.00000 5108.750000 1453.234985[0m
[00:00:04.961,000] [0m<inf> oresat_solar2: 285320.000000 5106.250000 1456.915283[0m
[00:0:04.974,000] [0m<inf> oresat_solar2: 286020.00000 5107.500000 1460.847168[0m
[00:00:04.987,000] [0m<inf> oresat_solar2: 286820.000000 107.500000 1464.933105[0m
[0:00:05.000,000] [0m<inf> oresat_solar2: 287680.000000 5105.000000 1468.606445[0m
[00:00:5.014,000] [0m<inf> oresat_solar2: 288480.00000 5103.750000 1472.329834[0m
[00:00:05.027,000] [0m<inf> oresat_solar2: 289180.000000 511.250000 1475.179443[0m
[0000:05.040,000] [0m<inf> oresat_solar2: 289960.000000 5101.25000 1479.158447[0m
[00:00:05053,000] [0m<inf> oresat_solar2: 290780.000000 5100.000000 142.978027[0m
[00:00:05.066,00] [0m<inf> oresat_solar2: 291560.000000 5097.500000 1486.227051[0m
[00:00:05.073,000] [0m<dbg> oresat_blnk: handì*** Booting ephyr OS build v4.2.0 ***

[00:00:00.005,000] [0m<inf> oresat_mcxn947_solar: Oresat MCXN947 Solar Board Ap
[0m
[00:00:00.013,000] [0m<inf> oresat_blink: Starting blink demo[0m
[00:00:00.019,000] [0m<dbg> oresa_blink: handle_blink: The light is blinking![0m
[00:00:00.026,000] [0m<inf> oresat_solar2: Starting Solar racking...[0m
[00:00:00.033,000] [1;31m<err> mcux_lpi2c: SCL GPIO device not ready[0m
[00:00:00.039,000][0m<inf> oresat_solar2: Starting INA226 readig[0m
[00:00:00.049,000] [0m<inf> oresat_solar2: -480.000000 5377.500000 -2.5812000m
[00:00:00.062,000] [0m<inf> oresat_solar2: -540.000000 5377.500000 -2.90850[0m
[00:0:00.074,000] [0m<inf> oresat_solar2: -520.00000 5377.500000 -2.796300[0m
[00:00:00.087,000] [0m<inf> oresat_solar2: -540.000000 5377.500000 -2.903850[0m
[00:00:00.100,000] [0m<in> oresat_solar2: -520.000000 5377.500000 -2.796300[0m
[00:00:00.112,000] [0m<inf> oresat_solar2: -520.000000 5378.750000 2.796950[0m
[00:00:00.125,000] [0m<inf> oresat_solar2: -52.000000 5377.500000 -2.796300[0m
[00:00:00.138,000] [0m<inf> oresat_solar2: -580.000000 5377.500000 -3.118950[0m
[00:00:00.151,000] [m<inf> oresat_solar2: -520.000000 5377.500000 -2.796300[0m
[00:00:00.163,000] [0m<inf> oresat_solar2: -520.000000 5377.50000 -2.796300[0m
[00:00:00.176,000] [0m<inf> oresat_solar2: -520.000000 5377.500000 -2.796300[0m
[00:00:00.189,000] [0m<inf> oresat_slar2: -500.000000 5378.750000 -2.689375[0m
[00:00:00.201,00] [0m<inf> oresat_solar2: -540.000000 5378.750000 -2.904525[0m
[00:00:00.214,000] [0m<inf> oresat_solar2: -540.000000 537.500000 -2.903850[0m
[00:00:00.227,000] [0m<inf> oresat_slar2: -540.000000 5377.500000 -2.903850[0m
[00:00:00.239,000] [0m<inf> oreat_solar2: -520.000000 5377.500000 -2.796300[0m
[00:00:00.22,000] [0m<inf> oresat_solar2: -580.000000 5378.750000 -3.11975[0m
[00:0000.265,000] [0m<inf> oresat_solar2: -540.00000 5377.500000 -2.903850[0m
[00:00:00.278,000] [0m<inf> oresat_solar2: -540.000000 5378.750000 -2.904525[0m
[00:00:00.290,000] [0m<inf oresat_solar2: -540.000000 5377.500000 -2.90350[0m
[00:0000.303,000] [0m<inf> oresat_solar2: -540.000000 5377.500000 -2.903850[0m
[0:00:00.316,000] [0m<inf> oresat_solar2: -520000000 5376.250000 -2.795650[0m
[00:00:00.328,000] [0m<inf> oresat_solar2: -540.000000 5377.500000 -2.903850[0m
[00:00:00.341,000] [0<inf> oresat_solar2: -540.000000 5377.500000 -.903850[0m
[0:00:00.354,000] [0m<inf> oresat_solar2: -520.000000 5377.500000 -2.796300[0m
[00:00:00.366,000] [0m<inf> oresat_solar2:1380.000000 5373.750000 7.415775[0m
[00:00:00.379,000] [0m<inf> oresat_solr2: 2360.000000 5375.000000 12.685000[0m
[00:00:00.392,000][0m<inf> oresat_solar2: 3560.000000 5373.750000 19.130550[0m
[00:00:00.404,000] [0m<inf> oresat_solar2: 4360.000000 5373750000 23.429550[0m
[00:00:00.417,000] [0m<inf> oresat_solar2: 5220.0000005372.500000 28.044451[0m
[00:00:00.430,000] [0m<inf> oresa_solar2: 5980.000000 5372.500000 32.127548[0m
[00:00:00.443000] [0m<inf> oresat_solar2: 6860.000000 5371.250000 36.84677[0m
[00:00:00.455,000] [0m<inf> oresat_solar2: 7700.0000005368.750000 41.339375[0m
[00:00:00.468,000] [0m<inf> oresat_solar2: 8500.000000 5371.250000 45.655624[0m
[00:00:00.481,000] [0m<inf> resat_solar2: 9280.000000 5370.000000 49.833599[0m
[00:00:0.493,000] [0m<inf> oresat_solar2: 10100.000000 5368.750000 54224377[0m
[00:00:00.506,000] [0m<inf> oresat_solar2: 10860.000000 5367.500000 58.291050[0m
[00:00:00.519,000] [0m<inf> oresat_solar2: 11700.000000 5367.500000 62.79751[0m
[00:00:00.532,000] [0m<inf> oresat_solar2: 12500.00000 5367.500000 67.093750[0m
[00:00:00.545,000] [0m<inf> oresat_solar2: 13380.000000 5367.500000 71.81714[0m
[00:00:00.557,000] [0m<inf> oresat_solar2: 14060.00000 5366.250000 75.449478[0m
[00:00:00.570,000] [0m<inf> orest_solar2: 15160.000000 5366.250000 81.352348[0m
[00:00:00.583,000] [0m<inf> oresat_solar2: 16060.000000 565.000000 86.161903[0m
[00:00:00.596,000] [0m<inf> oresat_olar2: 16760.000000 5365.000000 89.917397[0m
[00:00:00.609,00] [0m<inf> oresat_solar2: 17600.000000 5365000000 94.424004[0m
[00:00:00.621,000] [0m<inf> oresat_solr2: 18360.000000 5365.000000 98.501404[0m
[00:00:00.634,000 [0m<inf> oresat_solar2: 19180.000000 5362.500000 102.852753[0m
[00:00:00.647,000] [0m<inf> oresat_solar: 19980.000000 5362.500000 107.142754[0m
[0:00:00.660,000] [0m<inf> oresat_solar2: 20700.000000 5362.500000 111.003754[0m
[00:00:00.673,000] [0m<in> oresat_solar2: 21560.000000 5361.250000 115.88547[0m
[00:00:00.686,000] [0m<inf> oresat_solar2: 22320.000000 5362.500000 119.691002[0m
[00:00:00.69,000] [0m<inf> oresat_solar2: 23080.000000 560.000000 123.708801[0m
[00:00:00.712,000] [0m<inf> oresat_solar2: 23920.000000 5360.000000 128.211197[0
[00:00:00.724,000] [0m<inf> oresat_solar2: 24700.000000 5357.500000 132.330246[0m
[00:00:00.737,000] 0m<inf> oresat_solar2: 25820.000000 5357.50000 138.330643[0m
[00:00:00.750,000] [0m<inf> oresat_solar2: 26620.000000 5358.750000 142.649918[0m
[00:00:00.763,000] [0m<inf> oresat_solar2: 27400.00000 5360.000000 146.863998[0m
[00:00:00.776,000] [0m<inf> oresat_solar2: 28220.000000 5357.500000 151.18844[0m
[00:00:00.789,000] [0m<inf> oresat_slar2: 28980.000000 5357.500000 155.260345[0m
[00:00:00.802,000] [0m<inf> oresat_solar2: 29800.000000 5356250000 159.616257[0m
[00:00:00.815,000] [0<inf> oresat_solar2: 30600.000000 5357.500000 163.939499[0m
[00:00:00.828,000] [0m<inf> oresat_solar2: 3180.000000 5357.500000 168.118347[0m
[00:00:0.841,000] [0m<inf> oresat_solar2: 32220.000000 5353.750000 12.497818[0m
[00:00:00.853,000] [0m<inf> orsat_solar2: 32880.000000 5356.250000 176.113495[0m
[00:00:00.866,000] [0m<inf> oresat_solar2: 33800.00000 5353.750000 180.956757[0m
[00:00:00.879,00] [0m<inf> oresat_solar2: 34520.000000 5352.500000 184.768295[0m
[00:00:00.892,000] [0m<inf> oresat_sola2: 35460.000000 5352.500000 189.799652[0m
[0:00:00.905,000] [0m<inf> oresat_solar2: 36560.000000 5352.50000 195.687393[0m
[00:00:00.918,000] [0m<if> oresat_solar2: 37280.000000 5351.250000 199.494598[0m
[00:00:00.931,000] [0m<inf> oresat_solar2: 38060.000000 5350.000000 203.621002[0m
[00:00:00.44,000] [0m<inf> oresat_solar2: 38720.000000 5350.000000 207.151993[0m
[00:00:00.957,000] [0m<inf> oresa_solar2: 39620.000000 5351.250000 212.016525[m
[00:00:00.970,000] [0m<inf> oresat_solar2: 40460.000000 548.750000 216.410431[0m
[00:00:00.982,000] [0m<inf> oresat_solar2: 41220.000000 5347.500000 220.423950[0m
[00:00:00.995,000] [0m<inf> oresat_solar2:41960.000000 5348.750000 224.433548[0m
[00:0:01.008,000] [0m<inf> oresat_solar2: 42780.000000 5347.500000 228.766052[0m
[00:00:01.021,000] [0m<inf>oresat_solar2: 43500.000000 5347.500000 232.616257[0m
[00:0001.028,000] [0m<dbg> oresat_blink: handle_blik: The light is blinking![0m
[00:00:01.039,000] [0m<inf> oresat_soar2: 44320.000000 5347.500000 237.001205[0m
[00:00:01.052,000] [0m<inf> oresat_solar2: 45120.000000 5346.250000 241.222794[0m
[00:00:01.065,000] [0m<inf> oresat_solar2: 45800.000000 5347.500000 24.915497[0m
[00:00:01.078,000] [0m<inf> oresat_solar2: 46680.000000 5347.500000 249.621307[0m
[00:00:0.091,000] [0m<inf> oresat_solar2: 47600.000000 5343.750000 254.362503[0m
[00:00:01.104,000] [0m<inf> oreat_solar2: 48500.000000 5343.750000 259.171875[0m
[00:00:01.117,000] [0m<inf> oresat_solar2: 49280.000000 5343.750000 263.339996[0m
[00:00:01.130,000 [0m<inf> oresat_solar2: 50020.000000 5342.50000 267.231842[0m
[00:00:01.143,000] [0m<inf> oresat_solar: 50860.000000 5342.500000 271.719543[0m
[0:00:01.155,000] [0m<inf> oresat_solar2: 51620000000 5342.500000 275.779846[0m
[00:00:01.168,000] [0m<inf> oresat_solar2: 52360.000000 5340.000000 279.02386[0m
[00:00:01.181,000] [0m<inf> oresa_solar2: 53120.000000 5340.000000 283.660797[0m
[00:00:01.194,000] [0m<inf> oresat_solar2: 53960.000000 540.000000 288.146393[0m
[00:00:01.207,000] [0m<inf> oresat_solar2: 54620.000000 5341.250000 291.739075[0
[00:00:01.220,000] [0m<inf> oresat_solar2:55500.000000 5341.250000 296.439362[0m
[00:00:01.233,000] [0m<inf> oresat_solar2: 56320.000000 5338.75000 300.678406[0m
[00:00:01.246,000] [0m<inf>oresat_solar2: 57080.000000 5337.500000 304.664490[0m
[00:00:01.259,000] [0m<inf> oresat_solar2: 58020.00000 5338.750000 309.754272[0m
[00:00:01.272000] [0m<inf> oresat_solar2: 58880.000000 5337.500000 314.27203[0m
[00:00:01.284,000] [0m<inf> oresat_slar2: 59620.000000 5336.250000 318.147217[0m[00:00:01.297,000] [0m<inf> oresat_solar2: 60480.000000 5336250000 322.736389[0m
[00:00:01.310,000] [0<inf> oresat_solar2: 61160.000000 5335.000000 326.288605[0m
[00:00:01.323,000] [0m<inf> oresat_solar2: 6200.000000 5335.000000 330.769989[0m
[00:00:1.336,000] [0m<inf> oresat_solar2: 62780.000000 5333.750000 334.852814[0m
[00:00:01.349,000] [0m<inf> orsat_solar2: 63460.000000 5333.750000 338.479767[0m
[00:00:01.362,000] [0m<inf> oresat_solar2: 64300.000000 5332.500000 342.879761[0m
[00:00:01.375,00] [0m<inf> oresat_solar2: 65180.000000 5332.500000 347.572357[0m
[00:00:01.388,000] [0m<inf> oresat_sola2: 65880.000000 5332.500000 351.305115[0m
[0:00:01.401,000] [0m<inf> oresat_solar2: 66660.000000 5332.500000 355.464447[0m
[00:00:01.413,000] [0m<if> oresat_solar2: 67500.000000 5332.500000 359943756[0m
[00:00:01.426,000] [0m<inf> orest_solar2: 68460.000000 5332.500000 365.062958[0m
[00:00:01.439,000] [0m<inf> oresat_solar2: 69220.000000 328.750000 368.856079[0m
[00:00:01.452,000][0m<inf> oresat_solar2: 70260.000000 5327.500000 374.310150[m
[00:00:01.465,000] [0m<inf> oresat_solar2 71020.000000 5327.500000 378.359039[0m
[00:00:01.478,000] [0m<inf> oresat_solar2: 71820.000000 5328.75000 382.710815[0m
[00:00:01.491,000] [0m<inf oresat_solar2: 72620.000000 5326.250000 386.792267[0m
[00:00:01.504,000] [0m<inf> oresat_solar2: 73360.00000 5326.250000 390.733704[0m
[00:00:01.51,000] [0m<inf> oresat_solar2: 74160.000000 5326.250000 394.99690[0m
[00:00:01.530,000] [0m<inf> oresat_olar2: 74980.000000 5325.000000 399.268494[0m
[00:00:01.542,000] [0m<inf> oresat_solar2: 75800.000000 532.000000 403.635010[0m
[00:00:01.555,000] [m<inf> oresat_solar2: 76460.000000 5325.000000407.149506[0m
[00:00:01.568,000] [0m<inf> oresat_solar2: 77360.000000 5323.750000 411.845306[0m
[00:0001.581,000] [0m<inf> oresat_solar2: 78120.00000 5323.750000 415.891357[0m
[00:00:01.594,000] [0m<inf> oesat_solar2: 79000.000000 5321.250000 420.37874[0m
[00:00:01.607,000] [0m<inf> oresat_solar2: 80060.000000 5323.750000 426.219421[0m
[00:00:01.620,00] [0m<inf> oresat_solar2: 80800.000000 5321.50000 429.957001[0m
[00:00:01.633,000] [0m<inf> oresat_solr2: 81500.000000 5322.500000 433.783752[0m
[00:00:01.646,000] [0m<inf> oresat_solar2: 8230.000000 5322.500000 438.148193[0m
[00:00:01.659,000] [0m<inf> oresat_solar2: 83100.000000 5318.750000 44.988129[0m
[00:00:01.671,000] [0m<inf> oreat_solar2: 83960.000000 5318.750000 446.562256[0m
[00:00:01.684,000] [0m<inf> oresat_solar2: 84700.0000005318.750000 450.498138[0m
[00:00:01.697,000 [0m<inf> oresat_solar2: 85460.000000 5317.500000 454.433563[0m
[00:00:01.710,000] [0m<inf> oresat_solar: 86300.000000 5320.000000 459.115997[0m
[0:00:01.723,000] [0m<inf> oresat_solar2: 87100.000000 5316.25000 463.045380[0m
[00:00:01.736,000] [0m<in> oresat_solar2: 87800.000000 5316.250000 466.766754[0m
[00:00:01.749,000] [0m<inf> oresat_solar2: 88600.00000 5316.250000 471.019745[0m
[00:00:01.72,000] [0m<inf> oresat_solar2: 89400.000000 5315.000000 475.161011[0m
[00:00:01.775,000] [0m<inf> oresatsolar2: 90380.000000 5313.750000 480.256714[0
[00:00:01.788,000] [0m<inf> oresat_solar2: 91200.000000 5312.500000 484.500000[0m
[00:00:01.800,000] 0m<inf> oresat_solar2: 91980.000000 5312.500000 488.643738[0m
[00:00:01.813,000] [0m<inf>oresat_solar2: 92760.000000 5313.750000 492.903442[0m
[00:0:01.826,000] [0m<inf> oresat_solar2: 93520.00000 5312.500000 496.825012[0m
[00:00:01.839,000] [0m<inf> oresat_solar2: 94380.000000 5310.000000 501.15706[0m
[00:00:01.852,000] [0m<inf> oresat_slar2: 95160.000000 5310.000000 505.299591[0m
[00:00:01.865,00] [0m<inf> oresat_solar2: 96000.000000 5310000000 509.760010[0m
[00:00:01.878,000] [0<inf> oresat_solar2: 96780.000000 5311.250000 514.022766[0m
[00:00:01.891,000] [0m<inf> oresat_solar2: 9700.000000 5308.750000 517.603149[0m
[00:00:1.904,000] [0m<inf> oresat_solar2: 98320.000000 5307.500000 521.833374[0m
[00:00:01.917,000] [0m<inf> orsat_solar2: 99080.000000 5307.500000 525.86712[0m
[00:00:01.929,000] [0m<inf> oresat_solar2: 99880.000000 5307.500000 530.113098[0m
[00:00:01.942,00] [0m<inf> oresat_solar2: 100900.000000 5305.00000 535.274475[0m
[00:00:01.955,000] [0minf> oresat_solar2: 101720.000000 5306.250000 539.751770[0m
[00:00:01.968,000] [0m<inf> oresat_solar2: 102560.000000 5303.750000 543.952576[0m
[00:00:01.981,000] [0m<inf> oresat_solar2: 103320.000000 5305.000000 548.112610[0m
[00:00:01.994,000] [0m<inf> oresat_solar2: 104020.000000 532.500000 551.566040[0m
[00:0:02.007,000] [0m<inf> oresat_solar2: 104900.000000 5303.75000 556.363403[0m
[00:00:02.020,000] [0m<inf oresat_solar2: 105620.000000 5301.250000 559.18030[0m
[00:00:02.033,000] [0m<inf> oresa_solar2: 106420.000000 5300.000000 564.026001[0m
[00:00:02.041,000] [0m<dbg> oresat_blink: handle_blink: Te light is blinking![0m
[00:00:02.052,000] [0m<inf oresat_solar2: 107220.000000 5301.250000 568.400024[0m
[00:00:02.065,000] [0m<inf> oresa_solar2: 108020.000000 5300.000000 572.505981[0m
[00:00:02.078,000] [0m<inf> oresat_solar2: 108720.000000 5300.000000 576.216003[0m
[0:00:02.091,000] [0m<inf> oresat_solar2: 109520.000000 5298.70000 580.319092[0m
[00:00:0.104,000] [0m<inf> oresat_solar2: 110360.000000 5297.500000 54.632080[0m
[00:00:02.117,000] [0m<inf> orsat_solar2: 111120.000000 5297.500000 588.65823[0m
[00:00:02.130,000] [0m<inf> oresat_solar2: 112160.000000 5296.250000 594.027405[0m[00:00:02.143,000] [0m<inf> oresat_solar2: 12820.000000 5296.250000 597.522949[0m
[00:00:02.156,000] [0m<inf> oresat_solar2: 113720.00000 5295.000000 602.147400[0m
[00:00:02.16,000] [0m<inf> oresat_solar2: 114520.000000 596.250000 606.526550[0m
[00:00:02.182,000] [0m<inf> oresat_solar2: 115360.000000 5295.000000 610.831177[m
[00:00:02.195,000] [0m<in> oresat_solar2: 116080.000000 5291.250000 614.208313[0m
[00:00:02.208,000] [0m<inf> oresat_solar2: 116820.000000 5293.750000 618.415894[0m
[00:00:02.221,000] [0m<inf> oresat_solar2: 117700.00000 5293.750000 623.074402[0m
[00:00:02.234,00] [0m<inf> oresat_solar2: 118480.000000 5292.00000 627.055420[0m
[00:00:02.247,000] [0m<inf> oresat_solar2: 119300.000000 5290.000000 31.096985[0m
[00:00:02.260,000] [0m<inf> oesat_solar2: 120020.000000 5291.250000 635.05547[0m
[00:00:02.273,000] [0m<inf> oresat_slar2: 120800.000000 5290.000000 639.031982[0m
[00:00:02.286,000] [0m<inf> oresat_solar2: 21620.000000 5288.750000 643.217773[0m
[00:0:02.299,000] [0m<inf> oresat_solar2: 122680.000000 5288.750000 648.823853[0m
[00:00:02.32,000] [0m<inf> oresat_solar2: 123400.000000 5288.750000 652.631775[0m
[00:00:02.325,000] [0m<inf> oresat_solar2: 124220.000000 5288.750000 656.9685060m
[00:00:02.338,000] [0m<inf> oresat_solar2: 124980.000000 5286.250000 660.675537[0m
[00:00:02.351,000] [0m<inf> oresat_solar2: 12570.000000 5285.000000 664.641602[0m
[00:00:02.364,000] [0m<inf> oresat_solar2: 126560.00000 5283.750000 668.711426[0m
[00:00:02.377,00] [0m<inf> oresat_solar2: 127380.000000 5285000000 673.203308[0m
[00:00:02.390,000] [0<inf> oresat_solar2: 128120.000000 5285.000000 677.114197[0m
[00:00:02.403,000] [0m<inf> resat_solar2: 128900.000000 5282.500000 680.914246[0m
[00:00:02.416,000] [0m<inf> oresat_solar2: 129600.000000 5282.500000 684.612000[0m
[00:00:02.429,000] [0m<inf> oresat_solar2: 130480.000000 581.250000 689.097473[0m
[0000:02.442,000] [0m<inf> oresat_solar2: 131280.000000 5282.50000 693.486572[0m
[00:00:02.55,000] [0m<inf> oresat_solar2: 132120.000000 5280.000000 697593628[0m
[00:00:02.468,000] [0m<inf> orest_solar2: 133080.000000 5280.000000 702.662415[0m
[00:00:02.481,000] [0m<inf> oresat_sola2: 133900.000000 5278.750000 706.824646[0m
[00:00:02.494,000] [0m<inf> oresat_solar2: 13460.000000 5278.750000 710.836487[0m
[00:00:2.507,000] [0m<inf> oresat_solar2: 135460.000000 5277.500000 714.890137[0m
[00:00:02.520,00] [0m<inf> oresat_solar2: 136280.000000 5277.500000 719.21712[0m
[00:00:02.533,000] [0m<inf> oresat_solar2: 137020.000000 5275.000000 722.780518[0m
[00:00:02.546,000] [0m<inf> oresat_solar2: 137800.000000 5273.750000 726.722778[0m
[00:00:02.559,000] [0m<inf> oresat_solar2: 138680.00000 5275.000000 731.536987[0m
[00:00:02.52,000] [0m<inf> oresat_solar2: 139420.000000 275.000000 735.440491[0m
[00:00:02.585,000][0m<inf> oresat_solar2: 140160.000000 5273.75000 739.168823[0m
[00:00:02.598,000] [0m<if> oresat_solar2: 141020.000000 5271.250000 743.351685[0m
[00:00:02.611,000] [0m<inf> oreat_solar2: 141780.000000 5273.750000 747.712280[0m
[00:00:02.624,000] [0m<inf> oresat_solar2: 142580.000000 5271.250000 751.574829[0m
[00:00:02.637,000] [0m<inf> oresat_solar2: 143320.000000 5270.000000 755.296387[0m
[00:00:02.650,000] [0<inf> oresat_solar2: 144380.000000 5270.000000760.882629[0m
[00:00:02.663,000] [0m<inf> resat_solar2: 145180.000000 5270.000000 765.09572[0m
[00:00:02.676,000] [0m<inf> oresat_olar2: 145920.000000 5270.000000 768.998413[0
[00:00:02.689,000] [0m<inf> oresat_solar2:146680.000000 5267.500000 772.636902[0m
[0000:02.702,000] [0m<inf> oresat_solar2: 147400000000 5267.500000 776.429504[0m
[00:00:02.15,000] [0m<inf> oresat_solar2: 148200.000000 5266.250000 780458252[0m
[00:00:02.728,000 [0m<inf> oresat_solar2: 149080.000000 5263.750000 784.719849[0m
[00:00:02.741,000] [0m<inf> oresat_sola2: 149880.000000 5265.000000 789.118225[0m
[00:00:02.754,000] [0m<inf> oresat_solar2: 150720.000000 5262.500000 793.164001[0m
[00:00:02.767,000] [0m<inf> oresat_solar2: 151460.00000 5263.750000 797.247559[0m
[00:00:02.780,00] [0m<inf> oresat_solar2: 152220.000000 526.500000 801.057739[0m
[00:00:02.793,000] [m<inf> oresat_solar2: 153000.000000 5262.50000 805.162476[0m
[00:00:02.806,000] [0m<inf>oresat_solar2: 153800.000000 5262.500000 809.372498[0m
[00:00:02.819,000] [0m<inf> oresatsolar2: 154900.000000 5258.750000 814.580383[0m
[00:00:02.832,000] [0m<inf> oresat_solar2: 155600.000000 5258.750000 818.261475[0m
[0:00:02.845,000] [0m<inf> oresat_solar2: 156420.000000 5258.750000 822.573669[0m
[00:00:02.858,000] [0m<inf> oresat_solar2: 157120.000000 5258.750000 82.254822[0m
[00:00:02.871,000] [0m<inf> oreat_solar2: 157980.000000 5258.750000 830.77734[0m
[00:00:02.884,000] [0m<inf> oresat_solr2: 158760.000000 5257.500000 834.680725[0m
[00:00:02.897,000] [0m<inf> oresat_solar2: 15600.000000 5255.000000 838.697998[0m
[00:0002.910,000] [0m<inf> oresat_solar2: 160380.00000 5255.000000 842.796875[0m
[00:00:02.923000] [0m<inf> oresat_solar2: 161080.000000 5253.750000 846.274048[0m
[00:00:02.936,000] 0m<inf> oresat_solar2: 161960.000000 5253.750000 850.897339[0
[00:00:02.949,000] [0m<inf> oresat_solar2: 162720.000000 5253.750000 854.890198[0m
[00:00:02.962,000] [0m<inf> oresat_solar2: 163460000000 5252.500000 858.573669[0m
[00:00:02.975,000] [0m<inf> oresat_solar2: 164200.0000005252.500000 862.460510[0m
[00:00:02.988,000 [0m<inf> oresat_solar2: 165320.000000 5250.00000 867.929993[0m
[00:00:03.001,000] [0m<nf> oresat_solar2: 166120.000000 5250.000000 872.130005[0m
[00:00:03.014,000] [0m<inf> orsat_solar2: 167000.000000 5248.750000 876.541260[0m
[00:00:03.027,000] [0m<inf> oresat_soar2: 167700.000000 5247.500000 880.005737[0m
[00:00:03.040,000] [0m<inf> oresat_solar2: 168420.000000 5246.250000 883.573425[0m
[00:00:03.048,000] [0m<dbg> oresat_blink: handle_blink: The light is bliking![0m
[00:00:03.09,000] [0m<inf> oresat_solar2: 169180.000000 246.250000 887.560547[0m
[00:00:03.072,000][0m<inf> oresat_solar2: 170000.000000 5246.25000 891.862488[0m
[00:00:03.085,000] [0m<if> oresat_solar2: 170700.000000 5245.000000 895.321472[0m
[00:00:03.098,000] [0m<inf> oresat_solar2: 17140.000000 5243.750000 899.198242[0m
[00:00:03.111,000] [0m<inf> oresat_solar2: 172320.00000 5245.000000 903.818420[0m
[00:00:03.124,00] [0m<inf> oresat_solar2: 173160.000000 5243750000 908.007751[0m
[00:00:03.137,000] [0<inf> oresat_solar2: 173880.000000 5242.500000911.565918[0m
[00:00:03.150,000] [0m<inf> resat_solar2: 174760.000000 5242.500000 916.179321[0m
[00:00:03.163,000] [0m<inf> oresat_olar2: 175460.000000 5242.500000 919.849060[0m
[00:00:03.176,000] [0m<inf> oresat_solar2: 176460.000000 5241.250000 924.870972[0m
[0000:03.189,000] [0m<inf> oresat_solar2: 177400.000000 5240.00000 929.575989[0m
[00:00:03.202,000] [0m<inf> oresat_solar2: 178000.000000 5240.000000 932719971[0m
[00:00:03.215,000] [0m<inf> orest_solar2: 178860.000000 5240.000000 937.226379[0m
[00:00:03.228,000] [0m<inf> oresat_sola2: 179560.000000 5238.750000 940.669922[0m
[00:00:03.241,000] [0m<inf> oresat_solar2: 18060.000000 5238.750000 944.860962[0m
[00:00:3.254,000] [0m<inf> oresat_solar2: 181200.00000 5236.250000 948.808472[0m
[00:00:03.267,00] [0m<inf> oresat_solar2: 182000.000000 5233.750000 952.54280[0m
[00:00:03.280,000] [0m<inf> oresat_slar2: 182800.000000 5236.250000 957.186523[0m
[00:00:03.293,000] [0m<inf> oresat_solar2: 83520.000000 5233.750000 960.497803[0m
[00:0:03.306,000] [0m<inf> oresat_solar2: 184360.00000 5233.750000 964.894165[0m
[00:00:03.39,000] [0m<inf> oresat_solar2: 185100.000000 231.250000 968.304382[0m
[00:00:03.332,000][0m<inf> oresat_solar2: 185920.000000 5230.000000 972.3615720m
[00:00:03.345,000] [0m<if> oresat_solar2: 186960.000000 5230.000000 977.800781[0m
[00:00:03.358,000] [0m<inf> oresat_solar2: 18780.000000 5231.250000 982.428772[0m
[00:00:03.371,000] [0m<inf> oresat_solar2: 188460.00000 5228.750000 985.410217[0m
[00:00:03.384,00] [0m<inf> oresat_solar2: 189300.000000 5227500000 989.565735[0m
[00:00:03.397,000] [0<inf> oresat_solar2: 190060.000000 5228.750000 993.776245[0m
[00:00:03.410,000] [0m<inf> resat_solar2: 190920.000000 5227.500000 998.034302[0m
[00:00:03.423,000] [0m<inf> oresat_solar2: 191720.00000 5227.500000 1002.216309[0m
[00:00:03.436,000] [0m<inf> oresat_solar2: 192480.000000 5228.750000 1006.429810[0m
[0:00:03.449,000] [0m<inf> oresat_solar2: 19320.000000 5225.000000 1009.888000[0m
[00:00:03.462,000] [0m<inf> oresat_solar2: 194020.00000 5223.750000 1013.511963[0m
[00:00:03.475,000] [0m<inf> oresat_solar2: 194760.000000 5223.750000 1017.377563[0m
[0000:03.488,000] [0m<inf> oresat_solar2: 195560000000 5223.750000 1021.556580[0m
[00:00:03.502,000] [0m<inf> oresat_solar2: 196360.00000 5223.750000 1025.735596[0m
[00:00:03.515,000] [0m<inf> oresat_solar2: 197480.000000 5222500000 1031.339355[0m
[00:0:03.528,000] [0m<inf> oresat_solar2: 198320.000000 5217.500000 1034.734619[0m
[00:00:03.51,000] [0m<inf> oresat_solar2: 199020.000000 217.500000 1038.386841[0m
[0:00:03.554,000] [0m<inf> oresat_solar2: 199780.000000 5216.20000 1042.102417[0m
[00:00:3.567,000] [0m<inf> oresat_solar2: 200520.000000 5216.250000 045.962402[0m
[00:00:03.580000] [0m<inf> oresat_solar2: 201300.000000 525.000000 1049.779541[0m
[00:00:03.593,000] [0m<inf> oresat_solar2: 202120.000000 5215.00000 1054.055786[0m
[00:00:03606,000] [0m<inf> oresat_solar2: 202880.000000 5215.000000 108.019165[0m
[00:00:03.619,00] [0m<inf> oresat_solar2: 203660.000000 5213.750000 1061.832275[0m
[00:00:03.633,000] [m<inf> oresat_solar2: 204520.000000 5213.75000 1066.316162[0m
[00:00:03.646,000] [0m<inf> oresat_solar2: 205220.000000 5212.500000 1069709229[0m
[00:00:03.659,000 [0m<inf> oresat_solar2: 206020.000000 5210.000000 1073.36425[0m
[00:00:03.672,000] [0minf> oresat_solar2: 206780.000000 5211.250000 1077.582275[0m
[00:00:03.685,000] [0m<inf> resat_solar2: 207560.000000 5208.750000 1081.18174[0m
[00:00:03.698,000] [0m<inf> oresat_solar2: 208600.000000 5208.750000 1086.5452880m
[00:00:03.711,000] [0m<if> oresat_solar2: 209360.000000 5206.250000 1089.980469[0m
[00:00:03.724,000] [0m<inf> orsat_solar2: 210200.000000 5207.500000 1094.61655[0m
[00:00:03.737,000] [0m<inf> oresat_solar2: 210960.000000 5205.000000 1098.046753[0
[00:00:03.750,000] [0m<inf oresat_solar2: 211700.000000 5203.750000 1101.633911[0m
[00:00:03.764,000] [0m<inf> orest_solar2: 212460.000000 5205.000000 1105.854248[0m
[00:00:03.777,000] [0m<inf> oresat_solr2: 213260.000000 5202.500000 1109.485107[0m
[00:00:03.790,000] [0m<inf> oresat_solar2: 24080.000000 5202.500000 1113.751221[0m
[00:00:03.803,000] [0m<inf> oresat_solar2: 214860.000000 5201.250000 1117.540527[0m
[00:00:03.816,000] [0m<inf> oresat_solar: 215580.000000 5198.750000 1120.746582[0m
[00:00:03.829,000] [0m<inf> oresat_solar2: 21600.000000 5198.750000 1125.009521[0m
[00:00:03.842,000] [0m<inf> oresat_solar2: 217260.000000 5198.750000 1129.480469[0m
[00:00:03.855,000] [0m<inf> oresat_solar2:217960.000000 5198.750000 1133.119507[0m
[00:00:03.868,000] [0m<inf> oresat_solar2: 21902.000000 5196.250000 1138.082642[0m
[00:00:03.881,000] [0m<inf> oresat_solar2: 219760.00000 5193.750000 1141.378540[0m
[00:00:03.895,000] [0m<inf> oresat_solar2: 220580.000000 5193.750000 1145.637329[0m
[00:00:03.908,000] [0m<inf> oresat_solar2: 221320.00000 5192.500000 1149.204102[0m
[00:00:03.921,000] [0m<inf> oresat_solar2: 222120.0000005192.500000 1153.358154[0m
[00:00:03.934,000] [0m<inf> oresat_solar2: 222920.000000 5191.250000 1157.233398[0m
[00:0003.947,000] [0m<inf> oresat_solar2: 223680.00000 5191.250000 1161.178833[0m
[00:00:03.960,000] [0m<inf> oresat_solar2: 224500.000000 588.750000 1164.874390[0m
[0:00:03.973,000] [0m<inf> oresat_solar2: 225260.000000 5188.750000 1168.817871[0m
[00:00:0.986,000] [0m<inf> oresat_solar2: 226020.00000 5186.250000 1172.196167[0m
[00:00:03.999,000] [0m<inf> oresat_solar2: 226780.000000 518.750000 1176.704712[0m
[00:0:04.012,000] [0m<inf> oresat_solar2: 227620.000000 5185.000000 1180.209717[0m
[00:00:04.26,000] [0m<inf> oresat_solar2: 228380.0000005183.750000 1183.864868[0m
[00:00:04.039,00] [0m<inf> oresat_solar2: 229480.000000 5183.50000 1189.566895[0m
[00:00:04.052,000] [0m<inf> oresat_solar2: 230280.000000 5182.5000001193.426147[0m
[00:00:04.059,000] [0m<dbg> oresat_blink: handle_blink: The light is blinking![0m
[00:00:04.070,000] [0m<inf> oresat_solar2: 231060.000000 5180.000000 1196.890747[0m
[00:0:04.083,000] [0m<inf> oresat_solar2: 231800.00000 5180.000000 1200.723999[0m
[00:00:04.096,000] [0m<inf> oresat_solar2: 232620.0000005178.750000 1204.680786[0m
[00:00:04.109,000] [0m<inf> oresat_solar2: 233400.000000 5177.500000 1208.428467[0m
[00:0004.123,000] [0m<inf> oresat_solar2: 234180.00000 5176.250000 1212.174194[0m
[00:00:04.13,000] [0m<inf> oresat_solar2: 234980.000000 577.500000 1216.609009[0m
[0:00:04.149,000] [0m<inf> oresat_solar2: 235700.000000 5175.00000 1219.747559[0m
[00:00:0.162,000] [0m<inf> oresat_solar2: 236520.000000 5173.750000 1223.695312[0m
[00:00:04.175,00] [0m<inf> oresat_solar2: 237220.000000 517.750000 1227.317017[0m
[00:00:04.188,000] [0m<inf> oresat_solar2: 238000.000000 5170.00000 1230.459961[0m
[00:00:04.01,000] [0m<inf> oresat_solar2: 238880.000000 5168.750000 123.711060[0m
[00:00:04.214,00] [0m<inf> oresat_solar2: 239600.000000 5168.50000 1238.432495[0m
[00:00:04.227,000] [0m<inf> oresat_solar2: 240600.000000 5167.5000001243.300537[0m
[00:00:04.24,000] [0m<inf> oresat_solar2: 241420.000000 5167.500000 1247.37842[0m
[00:00:04.254,000][0m<inf> oresat_solar2: 242180.000000 5166.250000 1251.162476[0m
[00:00:04.267,000] [0m<nf> oresat_solar2: 242960.000000 5165.000000 1254.888428[0m
[00:00:04.280,000] [0m<inf> oesat_solar2: 243760.000000 5163.750000 1258.71698[0m
[00:00:04.293,000] [0m<inf> oresat_solar2: 244500.000000 5163.750000 1262.536865[m
[00:00:04.306,000] [0m<in> oresat_solar2: 245320.000000 5161.250000 1266.157837[0m
[00:00:04.319,000] [0m<inf> oreat_solar2: 246160.000000 5161.250000 1270.49326[0m
[00:00:04.332,000] [0m<inf> oresat_solar2: 246900.000000 5161.250000 1274.312622[0m
[00:00:04.345,000] [0m<inf>oresat_solar2: 247680.000000 5157.500000 1277.409546[0m
[00:00:04.358,000] [0m<inf> oresa_solar2: 248460.000000 5157.500000 1281.432495[0m
[00:00:04.371,000] [0m<inf> oresat_sola2: 249220.000000 5156.250000 1285.040649[0m
[00:00:04.385,000] [0m<inf> oesat_solar2: 250000.000000 5153.750000 1288.437500[0m
[00:00:04.398,000] [0m<inf> oresat_olar2: 251080.000000 5153.750000 1294.003540[0m
[00:00:04.411,000] [0m<inf> oresat_solar2 251860.000000 5152.500000 1297.708618[0m
[00:00:04.424,000] [0m<inf> oresat_solar2: 252560.000000 5152.500000 1301.315430[0m
[00:00:04.437,000] [0m<inf> oresat_soar2: 253360.000000 5150.000000 1304.803955[0m
[00:00:04.450,000] [0m<inf> oresat_solar2: 54200.000000 5150.000000 1309.130005[0m
[00:00:04.463,000] [0m<inf> oresat_solar2: 255000000000 5148.750000 1312.931274[0m
[00:00:04.476,000] [0m<inf> oresat_sola2: 255780.000000 5147.500000 1316.627563[0m
[00:00:04.489,000] [0m<inf> oresat_solar2: 25520.000000 5145.000000 1319.795410[0m
[00:00:04.502,000] [0m<inf> oresat_solar2: 257320.000000 5146.250000 1324.233032[0m
[00:00:04.516,000] [0m<inf> oresat_solar2 258060.000000 5143.750000 1327.396118[0m
[00:00:04.529,000] [0m<inf> oresat_solar2: 25880.000000 5143.750000 1331.305420[0m
[00:00:04.542,000] [0m<inf> oresat_solar2: 259680.000000 5141.250000 1335.079834[0m
[00:00:04.555,000] [0m<inf> oresat_solar2: 60460.000000 5142.500000 1339.415527[0m
[0000:04.568,000] [0m<inf> oresat_solar2: 261460000000 5138.750000 1343.577515[0m
[00:00:04.581,000] [0m<inf> oresat_solar2: 262200.00000 5137.500000 1347.052490[0m
[00:00:04.594,000] [0m<inf> oresat_solar2: 263000.000000 5137.500000 1351.162476[0m
[00:00:04.607,000] [0m<inf> oresat_solar2: 263800.00000 5132.500000 1353.953491[0m
[00:00:04.620,000] [0m<inf> oresat_solar2: 264620.000000 132.500000 1358.162109[0m
[0:00:04.633,000] [0m<inf> oresat_solar2: 265320.000000 5133.750000 1362.086548[0m
[00:00:4.647,000] [0m<inf> oresat_solar2: 266180.00000 5133.750000 1366.501587[0m
[00:00:04.660,000] [0m<inf> oresat_solar2: 266880.000000 510.000000 1369.094360[0m
[0000:04.673,000] [0m<inf> oresat_solar2: 267600.000000 5130.000000 1372.787964[0m
[00:00:04686,000] [0m<inf> oresat_solar2: 268520.00000 5126.250000 1376.500610[0m
[00:00:04.699,000] [0m<inf> oresat_solar2: 269220.000000 5126250000 1380.088989[0m
[00:0:04.712,000] [0m<inf> oresat_solar2: 270000.000000 5128.75000 1384.762451[0m
[00:00:04.75,000] [0m<inf> oresat_solar2: 270720.000000 5123.750000 1387101562[0m
[00:00:04.738,000 [0m<inf> oresat_solar2: 271500.000000 5121.20000 1390.419434[0m
[00:00:04.751,000] [0m<inf> oresat_solar2: 272600.000000 5122.500000 396.393555[0m
[00:00:04.764000] [0m<inf> oresat_solar2: 273360.000000 5118.750000 1399.21475[0m
[00:00:04.778,000] [0m<inf> oresat_solar2: 274180.000000 5120.00000 1403.801636[0m
[00:00:04.791,000] [0m<inf> oresat_solar2: 274980.000000 5118.750000 147.553833[0m
[00:00:04.804,00] [0m<inf> oresat_solar2: 275680.000000 5116.250000 1410.44754[0m
[00:00:04.817,000] [m<inf> oresat_solar2: 276480.000000 5115.00000 1414.195190[0m
[00:00:04.830,000] [0m<inf> oresat_solar2: 277260.000000 5113.750000 1417838379[0m
[00:00:04.843,000 [0m<inf> oresat_solar2: 278020.000000 5112.500000 1421.37719[0m
[00:00:04.856,000] [0minf> oresat_solar2: 278800.000000 5111.250000 425.016479[0m
[00:00:04.869,000] [0m<inf> resat_solar2: 279560.000000 5110.000000 1428.51636[0m
[00:00:04.882,000] [0m<inf> oresat_solar2: 280380.000000 5108.750000 1432.3913570m
[00:00:04.895,000] [0m<if> oresat_solar2: 281180.000000 5108.750000 146.478271[0m
[00:00:04.909,000] [0m<inf> orsat_solar2: 281900.000000 5105.000000 1439.09987[0m
[00:00:04.922,000] [m<inf> oresat_solar2: 283000.000000 5103.750000 1444.361206[0
[00:00:04.935,000] [0m<inf oresat_solar2: 283780.000000 5103.750000 1448.342163[0m
[00:00:04.948,000] [0m<inf> oresat_solar2: 284560.000000 5100.000000 1451.25598[0m
[00:00:04.961,000] [0minf> oresat_solar2: 285400.000000 5098.750000 1455.183228[0m
[00:00:04.974,000] [0m<inf> resat_solar2: 286020.000000 5098.750000 1458.344482[0m
[00:00:04.987,000] [0m<inf> oresat_solar2: 286920.000000 5096.250000 1462.2160640m
[00:00:05.000,000] [0m<if> oresat_solar2: 287700.000000 5097.500000 1466.550781[0m
[00:00:05.013,000] [0m<inf> orsat_solar2: 288420.000000 5090.000000 1468.057739[0m
[00:00:05.026,000] [0m<inf> oresat_slar2: 289160.000000 5091.250000 1472.185791[0
[00:00:05.040,000] [0m<inf oresat_solar2: 290000.000000 5088.750000 1475.737549[0m
[00:00:05.053,000] [0m<inf> orest_solar2: 290760.000000 5088.750000 1479.604980[0m
[00:00:05.066,000] [0m<inf> oresat_solr2: 291600.000000 5087.500000 1483.515015[0m
[00:00:05.073,000] [0m<dbg> oresat_blink: handle_blink: The lght is blinking![0m
[00:00:05.084,000] [0m<inf> oresat_solar2: 292420.000000 5087.500000 1487.68668[0m
[00:00:05.097,000] [m<inf> oresat_solar2: 293380.000000 5087.500000 1492.570801[0m
[00:00:05.110,000] [0m<inf oresat_solar2: 294220.000000 5083.750000 1495.740967[0m
[00:00:05.123,000] [0m<inf> oresat_solar2: 294980.000000 5083.750000 1499.60461[0m
[00:00:05.137,000] [0minf> oresat_solar2: 295780.000000 5082.500000 1503.301880[0m[00:00:05.150,000] [0m<inf> resat_solar2: 296560.000000 5080.000000 1506.524780[0m
[00:00:05.163,000] [0m<inf> oresat_solar2: 297320.000000 5080.000000 1510.3856200m
[00:00:05.176,000] [0m<if> oresat_solar2: 298160.000000 5077.500000 1513.907349[0m
[00:00:05.189,000] [0m<inf> orsat_solar2: 298900.000000 5075.000000 1516.917480[0m
[00:00:05.202,000] [0m<inf> oresat_slar2: 299720.000000 5072.500000 1520.329712[0
[00:00:05.215,000] [0m<inf> oresat_solar2:300480.000000 5075.000000 1524.936035[0m
[00:00:05.228,000] [0m<inf> orest_solar2: 301260.000000 5071.250000 1527.764771[0m
[00:00:05.241,000] [0m<inf> oresat_solr2: 301980.000000 5066.250000 1529.906128[0m
[00:00:05.254,000] [0m<inf> oresat_solar2: 32760.000000 5065.000000 1533.479370[0m
[00:00:05.268,000] [0m<inf> oresatsolar2: 303500.000000 5065.000000 1537.227539[0m
[00:00:05.281,000] [0m<inf> oresat_solar: 304560.000000 5062.500000 1541.834961[0m
[00:00:05.294,000] [0m<inf> oresat_solar2: 305380.000000 5060.000000 1545.222778[0m
[00:00:05.307,000] [0m<inf> oresat_slar2: 306220.000000 5057.500000 1548.707642[0m
[00:00:05.320,000] [0m<inf> oresat_solar2:306960.000000 5058.750000 1552.833862[0m
[00:00:05.333,000] [0m<inf> oresat_solar2: 30778.000000 5057.500000 1556.597290[0m
[00:00:05.346,000] [0m<inf> oresat_solar2: 308480.000000 5057.500000 1560.137573[0m
[00:00:05.359,000] [0m<inf> oresat_solar2: 39200.000000 5053.750000 1562.619507[0m
[00:00:05.372,000] [0m<inf> oresat_solar2: 310080.00000 5052.500000 1566.679199[0m
[00:00:05.385,000] [0m<inf> oresat_solar2: 310800.000000 5048.750000 1569.151489[0m
[00:00:05.399,000] [0m<inf> oresat_solar2: 31160.000000 5047.500000 1573.103882[0m
[00:00:05.412,000] [0m<inf> oresat_solar2: 312400.00000 5045.000000 1576.057983[0m
[00:00:05.425,000] [0m<inf> oresat_solar2: 313100.000000 5043.750000 1579.198120[0m
[0:00:05.438,000] [0m<inf> oresat_solar2: 31396.000000 5042.500000 1583.143311[0m
[00:00:05.451,000] [0m<inf> oresat_solar2: 314960.00000 5038.750000 1587.004761[0m
[00:00:05.464,000] [0m<inf> oresat_solar2: 315780.000000 5038.750000 1591.136475[0m
[00:0:05.477,000] [0m<inf> oresat_solar2: 316600.00000 5035.000000 1594.081055[0m
[00:00:05.490,000] [0m<inf> oresat_solar2: 317300.0000005033.750000 1597.208862[0m
[00:00:05.503,000] [0m<inf> oresat_solar2: 318100.000000 5031.50000 1600.440674[0m
[00:0005.516,000] [0m<inf> oresat_solar2: 318920.00000 5032.500000 1604.964844[0m
[00:00:05.53,000] [0m<inf> oresat_solar2: 319680.000000 526.250000 1606.791626[0m
[0:00:05.543,000] [0m<inf> oresat_solar2: 320480.000000 5023.750000 1610.011353[0m
[00:00:0.556,000] [0m<inf> oresat_solar2: 321200.00000 5023.750000 1613.628540[0m
[00:00:05.569,00] [0m<inf> oresat_solar2: 322020.000000 502.250000 1616.942871[0m
[00:0:05.582,000] [0m<inf> oresat_solar2: 322780.000000 5018.75000 1619.952148[0m
[00:00:05.95,000] [0m<inf> oresat_solar2: 323560.000000 5017.500000 1623.462280[0m
[00:00:05.608,000] [0m<inf> oresat_solar2: 324320.000000 5015.00000 1626.464844[0m
[00:0005.621,000] [0m<inf> oresat_solar2: 325360.000000 5008.7500001629.646851[0m
[00:00:05.63,000] [0m<inf> oresat_solar2: 326100.000000 5010.000000 1633.760986[0m
[00:00:05.647,000] [0m<inf> oresat_solar2: 326880.000000 5005.00000 1636.034424[0m
[00:00:05.661,000] [0m<nf> oresat_solar2: 327700.000000 5000.000000 138.500000[0m
[00:00:05.674,000] [0m<inf> oresat_solar2: 328480.000000 4997.500000 1641.57857[0m
[00:00:05.687,000] 0m<inf> oresat_solar2: 329280.000000 4996.250000 1645.165161[0m
[00:00:05.700,000] [0m<in> oresat_solar2: 330060.000000 4995.000000 164.649658[0m
[00:00:05.713,000] [0m<inf> oreat_solar2: 330860.000000 4993.750000 1652.23218[0m
[00:00:05.726,000] [0<inf> oresat_solar2: 331600.000000 4991.250000 1655.098511[0m
[00:00:05.739,000] [0m<inf>oresat_solar2: 332320.000000 4988.750000 1657.61450[0m
[00:00:05.752,000] [0m<inf> oresat_solar2: 333160.000000 4985.000000 1660.802612[0m
[00:00:05.765,000] [0m<nf> oresat_solar2: 333960.000000 4982.500000 1663.955688[0m
[00:00:05.778,000] [0m<inf> oesat_solar2: 334720.000000 4980.000000 1666.905640[0m
[00:00:05.792,000] [0m<inf> oresat_olar2: 335500.000000 4977.500000 1669.951294[m
[00:00:05.805,000] [0m<inf> oresat_solar2: 336560.000000 4972.500000 1673.544556[0m
[00:00:05.818,000] [0m<inf> oreat_solar2: 337360.000000 4970.000000 1676.679199[0m
[00:00:05.831,000] [0m<inf> oresat_soar2: 338080.000000 4967.500000 1679.412354[0m
[00:00:05.844,000] [0m<inf> oresat_solar2: 338860.000000 4963.750000 1682.016357[0m
[00:00:05.857,000] [0m<inf> oresa_solar2: 339660.000000 4960.000000 1684.713623[0m
[00:00:05.870,000] [0m<inf> oresat_sola2: 340400.000000 4958.750000 1687.958496[0m
[00:00:05.883,000] [0m<inf> oresat_solar2: 341180.000000 4955.000000 1690.546875[0m
[00:00:05.896,000] [0m<inf> oresat_olar2: 341900.000000 4951.250000 1692.832397[0m
[00:00:05.909,000] [0m<inf> oresat_solar2 342700.000000 4947.500000 1695.508301[0m
[00:00:05.923,000] [0m<inf> oreat_solar2: 343560.000000 4943.750000 1698.474731[0m
[00:00:05.936,000] [0m<inf> oresat_soar2: 344260.000000 4938.750000 1700.214111[0m
[00:00:05.949,000] [0m<inf> oresat_solar2: 345020.000000 4935.000000 1702.673706[0m
[00:00:05.962,000] [0m<inf> oresat_solar2: 345880.000000 4930.000000 1705.188354[0m
[00:00:05.975,000] [0m<inf> oresat_sola2: 346880.000000 4925.000000 1708.384033[0m
[00:00:05.988,000] [0m<inf> oresat_solar2: 34660.000000 4920.000000 1710.487183[0m
[00:00:06.001,000] [0m<inf> oresat_olar2: 348480.000000 4916.250000 1713.214844[0m
[00:00:06.014,000] [0m<inf> oresat_solar2 349180.000000 4911.250000 1714.910278[0m
[00:00:06.027,000] [0m<inf> oresat_solar2: 35000.000000 4906.250000 1717.187500[0m
[00:00:06.040,000] [0m<inf> oresat_soar2: 350760.000000 4902.500000 1719.600952[0m
[00:00:06.054,000] [0m<inf> oresat_solar2: 51560.000000 4895.000000 1720.886230[0m
[00:00:06.067,000] [0m<inf> oresat_solar2: 352300000000 4886.250000 1721.425903[0m
[00:00:06.080,000] [0m<inf> oresat_solar2: 353060.000000 4881.250000 1723.374146[0m
[00:00:06.087,00] [0m<dbg> oresat_blink: handle_blink: The light is blinking![0m
[00:00:06.098,000] [0m<inf> oreat_solar2: 353860.000000 4868.750000 1722.855835[0m
[00:00:06.111,000] [0m<inf> oresat_soar2: 354620.000000 4861.250000 1723.896484[0m
[00:00:06.124,000] [0m<inf> oresat_solar2: 355380.000000 4853.750000 1724.925659[0m
[00:00:06.137,000] [0m<inf> oresa_solar2: 356120.000000 4847.500000 1726.291748[0m
[00:00:06.151,000] [0m<inf> oresat_sola2: 357180.000000 4835.000000 1726.965332[0m
[00:00:06.164,000] [0m<inf> oresat_solar2: 35020.000000 4828.750000 1728.789062[0m
[00:00:06.177,000] [0m<inf> oresat_solar2: 358780.000000 4823.750000 1730.665039[0m
[00:00:06.190,000] [0m<inf> oresat_solar2 359520.000000 4811.250000 1729.740601[0m
[00:00:06.203,000] [0m<inf> oresat_solar2: 36030.000000 4803.750000 1731.079346[0m
[00:00:06.216,000] [0m<inf> oresat_solar2: 361120.000000 4796.250000 1732.021851[0m
[00:00:06.229,000] [0m<inf> oresat_solar2: 61860.000000 4787.500000 1732.404785[0m
[0ð*** BootingZephyr OS build v4.2.0 ***

[00:00:00.005,000] [0m<inf> oreat_mcxn947_solar: Oresat MCXN947 Solar Board Ap
[0m
[00:00:00.013,000] [0m<inf> oresat_blink: Starting blink demo[0m
[00:00:00.019,000] [0m<dbg> orest_blink: handle_blink: The light is blinking!0m
[00:00:00.026,000] [0m<inf> oresat_solar2: Starting SolarTracking...[0m
[00:00:00.033,000] [1;31m<er> mcux_lpi2c: SCL GPIO device not ready[0m
[00:00:00.039,000 [0m<inf> oresat_solar2: Starting INA226 readng[0m
[00:00:00.049,00] [0m<inf> oresat_solar2: -520.000000 5373.750000 -2.794350[0m
[00:00:00062,000] [0m<inf> oresat_solar2: -520.000000 5372.500000 -2.793700[0m
[00:00:00.074,000] [0m<inf> oresat_solar2: -520.00000 5372.500000 -2.793700[0m
[00:00:00.087,000] [0m<inf> oresat_solar2: -540.000000 5375.000000 -2.902500[0m
[00:00:00.100,000] [0m<if> oresat_solar2: -580.000000 5372.500000 -3.16050[0m
[00:0:00.112,000] [0m<inf> oresat_solar2: -540.000000 5373.750000 -2.901825[0m
[00:00:00.125,000] [0m<inf> oresat_solar2: -50.000000 5372.500000 -3.116050[0m
[00:00:00.138,000] [0m<if> oresat_solar2: -540.000000 5372.500000 -2.901150[0m
[00:0:00.151,000] [0m<inf> oresat_solar2: -520.000000 5373.750000-2.794350[0m
[00:00:00.163,000] [0m<inf> oresat_solar2: -50.000000 5372.500000 -2.901150[0m
[00:00:00.176,000] [0m<inf> oresat_solar: -520.000000 5372.500000 -2.793700[0m
[00:00:00.189,000] 0m<inf> oresat_solar2: -520.000000 5372.500000 -2.793700[0m
[00:00:00.201,000] [0m<inf> oresat_solar2: -540.000000 5372.50000 -2.901150[0m
[00:00:00.214,000] [0m<inf> oresat_solar: -540.000000 5372.500000 -2.901150[0m
[00:00:00.227,000] [0m<inf> oresat_solar2: -540.000000 5372.500000 -2.901150[0m
[00:00:00.239,00] [0m<inf> oresat_solar2: -580.000000 5372.500000 -3.116050[0m
[00:00:00.252,000] [0m<inf> oresat_solar2: -520.000000 572.500000 -2.793700[0m
[00:00:00.265,000] [0m<inf> oresat_olar2: -600.000000 5372.500000 -3.223500[0m
[00:00:00.278,000] [0m<inf> oresat_solar2: -540.000000 5373.750000 -2.9018250m
[00:00:00.90,000] [0m<inf> oresat_solar2: -520.000000 571.250000 -2.793050[0m
[00:00:00.303,000] [0m<inf> oresat_solar2: -520.000000 5372.500000 -2.793700[0m
[00:00:00.316,000] [0m<inf> orsat_solar2: -540.000000 5372.500000 -2.901150[0m
[00:00:00.28,000] [0m<inf> oresat_solar2: -520.000000 5371.250000 -2.79050[0m
[00:00:00.341,000] [0m<inf> oresat_solar2: -540.00000 5372.500000 -2.901150[0m
[00:00:00.354,000] [0m<inf> oresat_solar2: -520.000000 5372.500000 -2.793700[0m
[00:00:00.366,000] [0m<inf> oresat_solar2: 1760.000000 5368.750000 9.44900[0m
[00:00:00.379,000] [0m<inf> oresat_solar2: 2600.000000 5370.000000 1.962000[0m
[0:00:00.392,000] [0m<inf> oresat_solar2: 3780.000000 5366.250000 20.284426[0m
[00:00:00.404,000] [0m<inf> oresat_solar2: 4680.000000 5368.750000 25.125750[0m
[00:00:00.417,000] [0<inf> oresat_solar2: 5500.000000 5368.750000 29.528126[0m
[00:00:00.430,000] [0m<inf> oresat_solar2: 6300.000000 5367.50000 33.815250[0m
[00:00:00.443,000] [0m<inf> oresat_solar2:7100.000000 5365.000000 38.091499[0m
[00:00:00.455,000] [0m<inf> oresat_solar2: 8000.000000 5365.000000 42.919998[0m
[00:00:00.468,000 [0m<inf> oresat_solar2: 8800.000000 5363.750000 47.201000[0m
[00:00:00.48,000] [0m<inf> oresat_solar2: 9660.000000 536.750000 51.813824[0m

Terminating...
Thanks for using picocom
