picocom v2024-07

port is        : /dev/ttyACM2
flowcontrol    : none
baudrate is    : 115200
parity is      : none
databits are   : 8
stopbits are   : 1
txdelay is     : 0 ns
escape is      : C-a
local echo is  : no
noinit is      : no
noreset is     : no
hangup is      : no
nolock is      : no
send_cmd is    : sz -vv
receive_cmd is : rz -vv -E
imap is        : 
omap is        : 
emap is        : crcrlf,delbs,
logfile is     : none
initstring     : none
exit_after is  : not set
exit is        : no
minimal cmds is: no

Type [C-a] [C-h] to see available commands
Terminal ready
*** Booing Zephyr OS build v4.2.0 ***

[00:00:00.005,000] [0m<inf>oresat_mcxn947_solar: Oresat MCXN947 Solar Boad App
[0m
[00:00:00.013,000] [0m<inf> oresat_blink: Startin blink demo[0m
[00:00:00.019,000] [0m<dbg> resat_blink: handle_blink: The light is blinking![0m
[00:00:0.026,000] [0m<inf> oresat_solar2: Starting Slar Tracking...[0m
[00:00:00.033,000] [1;31m<err> mcux_lpi2c: SCL GPIO device not ready[0m
[00:00:00.039000] [0m<inf> oresat_solar2: Starting INA226 reading[0m
[00:00:00.049,000] [0m<in> oresat_solar2: -500.000000 5206.250000 -2.60125[0m
[00:00:00.062,000] [m<inf> oresat_solar2: -540.000000 5260.000000 2.840400[0m
[00:00:00.074,000] [0m<inf> oresat_solar2: -480.000000 5297.500000 -2.542800[0m
[00:00:00.087,000] [0m<inf> oresat_solar2 -520.000000 5328.750000 -2.770950[0m
[00:00:00.100,000] [m<inf> oresat_solar2: -540.000000 5352.500000 -2.890350[0m
[00:00:00.112,00] [0m<inf> oresat_solar2: -520.000000 5368.75000 -2.791750[0m
[00:00:00.125,000] [0m<inf> oresat_solar2 -540.000000 5382.500000 -2.906550[0m
[00:00:00.138,000] [0m<inf> oresat_slar2: -600.000000 5395.000000 -3.237000[0m
[00:00:00.151,00] [0m<inf> oresat_solar2: -540.000000 5403.75000 -2.918025[0m
[00:00:00.163,000] [0m<inf> oresat_solar2: -540.000000 547.500000 -2.920050[0m
[00:00:00.176,000] [0m<inf> oresat_slar2: -540.000000 5412.500000 -2.922750[0m
[00:00:00.189,000] [0m<inf> oresat_solar2: -540.000000 5415.000000 -2.924100[m
[00:00:00.21,000] [0m<inf> oresat_solar2: -540.000000 540.000000 -2.926800[0m
[00:00:00.214,000] [0m<inf> oresat_solar2: -580.00000 5421.250000 -3.144325[0m
[00:00:00.227,000] [0m<inf> oreat_solar2: -520.000000 5421.250000 -2.819050[m
[00:00:00.239,000] [0m<inf oresat_solar2: -520.000000 5423.750000 -2.82050[0m
[00:0000.252,000] [0m<inf> oresat_solar2: -500.00000 5423.750000 -2.711875[0m
[00:00:00.265,000] [0m<inf> oresat_solar2: -540000000 5426.250000 -2.930175[0m
[00:00:00.278,000] [0m<inf oresat_solar2: -540.000000 5425.000000 -2.929500[0m
[00:0000.290,000] [0m<inf> oresat_solar2: -540.000000 5426.250000 -.930175[0m
[00:00:00.303,000] [0m<inf> oresat_solar2: -540000000 5426.250000 -2.930175[0m
[00:00:00.316,000] [0m<inf> oresat_solar2: -540.000000 5425.000000 -2.929500[0m
[00:00:00.328,000] [0<inf> oresat_solar2: -540.000000 5425.000000 -2.929500[0m
[0:00:00.341,000] [0m<inf> oresat_solar2: -520.000000 5426.25000 -2.821650[0m
[00:00:00.354,000] [0m<inf> oresat_solar2:-540.000000 5427.500000 -2.930850[0m
[00:00:00.366,000] [0<inf> oresat_solar2: 1180.000000 5425.000000 6.401500[0m
[00:00:00.379,000][0m<inf> oresat_solar2: 2080.000000 5423.750000 11.281400[0m
[00:00:00.392,000] [0m<inf> oresat_solar2: 3300.000000 5422500000 17.894251[0m
[00:00:00.404,000] [0m<inf> oresat_solr2: 4200.000000 5421.250000 22.769251[0m
[00:00:00.417,000] [0m<inf> oresa_solar2: 5000.000000 5421.250000 27.106251[0m
[00:00:00.430000] [0m<inf> oresat_solar2: 5780.000000 5420.000000 31.32760[0m
[00:00:00.443,000] [0m<inf> oresat_solar2: 6660.0000005421.250000 36.105526[0m
[00:00:00.455,000] [0m<inf> oresa_solar2: 7480.000000 5420.000000 40.541599[0m
[00:00:00.468,000] [0m<inf> oresat_solar2: 8320.000000 5417.500000 45.07360[0m
[00:00:0.481,000] [0m<inf> oresat_solar2: 9120.000000 5418.750000 49.18999[0m
[00:00:00.493,000] [0m<inf> oresat_solar2: 9900.00000 5418.750000 53.645626[0m
[00:00:00.506,000] [0m<inf> resat_solar2: 10760.000000 5416.250000 58.278851[0m
[00:00:0.519,000] [0m<inf> oresat_solar2: 11500.000000 5415.000000 62.272499[0m
[00:00:00.532,000] [0m<inf> oreat_solar2: 12320.000000 5415.000000 66.712799[0m
[00:00:00.44,000] [0m<inf> oresat_solar2: 13120.000000 5412.500000 71.02001[0m
[00:00:00.557,000] [0m<inf> oresatsolar2: 13880.000000 5412.500000 75.125504[0m
[00:00:00.570000] [0m<inf> oresat_solar2: 15060.000000 5412.500000 81.51223[0m
[00:00:00.583,000] [0m<inf> oresat_solar2: 15760.000000 5411.250000 85.281303[0m
[00:00:00.596,00] [0m<inf> oresat_solar2: 16680.000000 5410.000000 90.2388000m
[00:00:00.608,000] [0m<inf> oresat_solar2: 17400.000000 412.500000 94.177498[0m
[00:00:00.621,000] [0m<inf> oresat_solar2: 18260.000000 5411.250000 98.809425[0m
[00:00:00.634,000] [0m<inf> oresat_solar2: 19060.000000 541.000000 103.114601[0m
[00:00:00.647,000] [m<inf> oresat_solar2: 19820.000000 5410.000000 107.226196[0m
[00:00:00.660,000] [0m<inf> oresat_solar2: 2660.000000 5407.500000 111.718948[0m
[00:0000.673,000] [0m<inf> oresat_solar2: 21420.000000 5410.000000 15.882202[0m
[00:00:00.686,000] [0m<inf> oesat_solar2: 22200.000000 5408.750000 120.074249[0m
[00:00:00.699,000] [0m<inf> oresat_solar2: 23000.00000 5407.500000 124.372498[0m
[00:00:00.711,00] [0m<inf> oresat_solar2: 23780.000000 5407.500000 128.590347[0m
[00:00:00.724,000] [0m<inf> oresat_solr2: 24600.000000 5406.250000 132.993744[0m
00:00:00.737,000] [0m<inf> oresat_solar2: 25620.000000 5406.20000 138.508118[0m
[00:00:00.750,000] [0m<nf> oresat_solar2: 26480.000000 5403.750000 14.091293[0m
[00:00:00.763,000] [0m<inf> oresat_solar2: 2722.000000 5403.750000 147.090073[0m
[00:00:00776,000] [0m<inf> oresat_solar2: 28000.0000005403.750000 151.304993[0m
[00:00:00.789,000] [0m<inf> orest_solar2: 28860.000000 5402.500000 155.916153[0m
[00:00:00.802,000] [0m<inf> oresat_solar2: 29660.000000 403.750000 160.275223[0m
[00:00:00.815,000][0m<inf> oresat_solar2: 30420.000000 5401.250000 164.306030[0m
[00:00:00.828,000] [0m<inf> oresat_solar2 31280.000000 5400.000000 168.912003[0m
[0000:00.840,000] [0m<inf> oresat_solar2: 32020.000000 5402.500000 172.988052[0m
[00:00:00.853,000] [0m<inf oresat_solar2: 32880.000000 5400.000000 177.52002[0m
[00:00:00.866,000] [0m<inf> oresat_solar2: 33600.000000 5398.750000 181.397995[0m
[00:00:00.87,000] [0m<inf> oresat_solar2: 34400.000000 538.750000 185.716995[0m
[00:00:00.892,000] [0m<inf> oresat_solar2: 35300.000000 5397.500000 190.531754[0m
[00:00:00.905,000] [0m<inf> oresat_solar2: 36320.000000 5397.500000 196.037201[0m
[00:00:00.918,000] [m<inf> oresat_solar2: 37060.000000 5398.750000200.077682[0m
[00:00:00.931,000] [0m<inf> oresat_solar2: 37820.000000 5397.500000 204.133453[0m
[00:0000.944,000] [0m<inf> oresat_solar2: 38780.00000 5395.000000 209.218094[0m
[00:00:00.957,000] [0m<inf> oresat_solar2: 39560.000000 5396.250000 213.47567[0m
[00:00:00.969,000] [0m<inf> oresat_soar2: 40380.000000 5395.000000 217.850098[0m
[00:00:00.982,000] [0m<inf> oresat_solar2: 41100.000000 5395.00000 221.734497[0m
[00:00:00.995,000] [0minf> oresat_solar2: 41980.000000 5393.750000 226.429626[0m
[00:00:01.008,000] [0m<inf> oresat_solar2: 4260.000000 5393.750000 229.881622[0m
[00:00:01.021,000] [0m<inf> oresat_solar2: 43480.000000 5392.500000 23.465897[0m
[00:00:01.028,000] [0m<dbg> oresat_blink: handle_blink: The light is blinking![0m
[00:00:01.039,000][0m<inf> oresat_solar2: 44260.000000 5393.750000 238.727371[m
[00:00:01.052,000] [0m<inf> oresat_solar2 44980.000000 5392.500000 242.554657[0m
[0000:01.065,000] [0m<inf> oresat_solar2: 45800.000000 5391.25000 246.919250[0m
[00:00:01.078,000] [0m<inf oresat_solar2: 46580.000000 5391.250000 251.124420[0m
[00:00:01.091,000] [0m<inf> oresat_solar2: 47620.00000 5391.250000 256.731323[0m
[00:00:01.10,000] [0m<inf> oresat_solar2: 48400.000000 5390.000000 260.876007[0m
[00:00:01.117,000] [0m<inf> oresat_olar2: 49180.000000 5390.000000 265.080200[0m
[00:00:01.130,000] [0m<inf> oresat_solar2: 49920.000000 5390.000000 269.068787[0m
[00:00:01.142,000] [m<inf> oresat_solar2: 50720.000000 5388.750000273.317413[0m
[00:00:01.155,000] [0m<inf> oresat_solar2: 51480.000000 5386.250000 277.284149[0m
[00:0001.168,000] [0m<inf> oresat_solar2: 52280.000000 5386.250000 281.593140[0m
[00:00:01.181,000] [0m<inf> oesat_solar2: 53020.000000 5387.500000 285.64524[0m
[00:00:01.194,000] [0m<inf> oresat_solar2: 53900.00000 5385.000000 290.251495[0m
[00:00:01.207,00] [0m<inf> oresat_solar2: 54660.000000 5385.000000 294.344086[0m
[00:00:01.220,000] [0m<inf> oresat_solr2: 55420.000000 5386.250000 298.505981[0m
[00:00:01.233,000] [0m<inf> oresat_solar2: 56220.000000 5385.000000 302.744690[0m
[00:00:01.246,000] [0m<nf> oresat_solar2: 57080.000000 5383.750000 30.304443[0m
[00:00:01.259,000] [0m<inf> oresat_solar2: 58020.000000 5382.500000 312.292664[0m
[00:00:01271,000] [0m<inf> oresat_solar2: 58800.0000005382.500000 316.490997[0m
[00:00:01.284,000] [0m<inf> orest_solar2: 59560.000000 5382.500000 320.5816960m
[00:00:01.297,000] [0m<inf> oresat_solar2: 60320.000000 5382.500000 324.672394[0m
[00:00:01.310,000][0m<inf> oresat_solar2: 61060.000000 5381.25000 328.579132[0m
[00:00:01.323,000] [0m<inf> oresat_solar2: 61960.000000 5381.250000 333.422241[0m
[0000:01.336,000] [0m<inf> oresat_solar2: 62660.00000 5380.000000 337.110809[0m
[00:00:01.349,000] [0m<inf> oresat_solar2: 63460.000000 5378.750000 341.35480[0m
[00:00:01.362,000] [0m<inf> oresatsolar2: 64160.000000 5381.250000 345.260986[0m
[00:00:01.375,000] [0m<inf> oresat_solar2: 64980.000000 538.750000 349.511169[0m
[00:00:01.388,000] 0m<inf> oresat_solar2: 65700.000000 5378.750000 353.383881[0m
[00:00:01.400,000] [0m<inf> oresat_solar2: 6520.000000 5377.500000 357.711304[0m
[00:00:01.413,000] [0m<inf> oresat_solar2: 67280.000000 5376.250000361.714111[0m
[00:00:01.426,000] [0m<inf> resat_solar2: 68320.000000 5377.500000 367.390808[0m
[00:0001.439,000] [0m<inf> oresat_solar2: 69080.00000 5375.000000 371.304993[0m
[00:00:01.452,00] [0m<inf> oresat_solar2: 69860.000000 5375.000000 375.49748[0m
[00:00:01.465,000] [0m<inf> oresat_soar2: 70600.000000 5373.750000 379.386749[0m
[00:00:01.478,000] [0m<inf> oresat_solar2: 71400.000000 5373.50000 383.685760[0m
[00:00:01.491,000] [0m<inf> oresat_solar2: 72080.000000 5375.000000 387.429993[0m
[00:00:01.504,000] [0m<inf> oresat_solar2: 7330.000000 5373.750000 394.003357[0m
[00:00:0.517,000] [0m<inf> oresat_solar2: 74080.000000 5371.250000 397.902191[0m
[00:00:01.529,000] [0m<inf> oreat_solar2: 74860.000000 5371.250000 402.091766[0m
[00:00:01.542,000] [0m<inf> oresat_solar2: 75700.0000005371.250000 406.603638[0m
[00:00:01.555,000 [0m<inf> oresat_solar2: 76480.000000 5371.250000 410.7932130m
[00:00:01.568,000] [0m<inf> oresat_solar: 77280.000000 5370.000000 414.993591[0m
[0:00:01.581,000] [0m<inf> oresat_solar2: 78020.000000 5370.000000 418.967407[0m
[00:00:01.594,000] [0m<in> oresat_solar2: 78880.000000 5368.750000 423.487000[0m
[00:00:01.607,000] [0m<inf> oresat_solar2: 80000.00000 5367.500000 429.399994[0m
[00:00:01.60,000] [0m<inf> oresat_solar2: 80760.000000 5368.750000 433.580261[0m
[00:00:01.633,000] [0m<inf> oresatsolar2: 81460.000000 5366.250000 437.134735[0
[00:00:01.646,000] [0m<inf> oresat_solar2:82220.000000 5367.500000 441.315857[0m
[00:00:01.658,000] 0m<inf> oresat_solar2: 83020.000000 5365.000000 445.402313[0m
[00:00:01.671,000] [0m<inf> oresat_solar2: 3800.000000 5363.750000 449.482239[0m
[00:0:01.684,000] [0m<inf> oresat_solar2: 84680.000000 5366.250000 454.414062[0m
[00:00:01.697,000] [0m<inf> oresat_solar2: 85400.000000 5365.000000 458.17090[0m
[00:00:01.710,000] [0m<inf> oresat_slar2: 86180.000000 5363.750000 462.247986[0m
[00:00:01.723,00] [0m<inf> oresat_solar2: 86980.000000 5363750000 466.538971[0m
[00:00:01.736,000] [0<inf> oresat_solar2: 87660.000000 5362.500000 470.076752[0m
[00:00:01.749,000] [0m<inf> oresat_solar2: 8880.000000 5363.750000 475.120972[0m
[00:00:1.762,000] [0m<inf> oresat_solar2: 89320.000000 5362.500000 48.978485[0m
[00:00:01.775,000] [0m<inf> oresat_solar2: 90380.000000 5361.250000 484.549774[0m
[00:00:0.787,000] [0m<inf> oresat_solar2: 91120.00000 5361.250000 488.517090[0m
[00:00:01.800,000] [0m<inf> oresat_solar2: 91980.000000 5360.000000 493.012787[0m
[00:00:01.813,000] [0m<inf> oresat_sola2: 92700.000000 5360.000000 496.872009[0m
[00:00:01.826,000] [0m<inf> oresat_solar2: 93500.000000 5358.75000 501.043121[0m
[00:00:01.839,000] [0m<if> oresat_solar2: 94300.000000 5357.500000 505.212250[0m
[00:00:01.852,000] [0m<inf> oresat_solar2: 95160000000 5357.500000 509.819702[0m
[00:00:01.65,000] [0m<inf> oresat_solar2: 95880.000000 5357.500000 513.77124[0m
[00:00:01.878,000] [0m<inf> oresa_solar2: 96680.000000 5356.250000 517.842224[0m
[00:00:01.891,000] [0m<inf> oresat_solar2: 97500.000000 557.500000 522.356262[0m
[00:00:01.904,000] [0m<inf> oresat_solar2: 98300.000000 5356.250000 526.519348[0
[00:00:01.916,000] [0m<inf> oresat_solar2:99060.000000 5355.000000 530.466309[0m
[00:00:01.929,000] [0m<inf> oresat_solar2: 99800.000000 5355.00000 534.429016[0m
[00:00:01.942,000] [0m<inf>oresat_solar2: 100880.000000 5353.750000 540.086304[0m
[00:00:01.955,000] [0m<inf> oresatsolar2: 101720.000000 5352.500000 544.456299[0m
[00:00:01.968,000] [0m<inf> oresat_solar2: 102480.000000 353.750000 548.652283[0m
[00:00:01.981,000][0m<inf> oresat_solar2: 103220.000000 5351.25000 552.356018[0m
[00:00:01.994,000] [0m<if> oresat_solar2: 104080.000000 5352.500000 55.088196[0m
[00:00:02.007,000] [0m<inf> oreat_solar2: 104820.000000 5352.500000 561.049072[0m
[00:00:02.020,000] [0m<inf> oresat_solar2: 105600.000000 5351.250000 565.091980[0m
[00:00:02.033,00] [0m<inf> oresat_solar2: 106320.000000 5348750000 568.679077[0m
[00:00:02.041,000] [0m<dbg> oresat_blink: handle_blink: The light is blinking![0m
[00:00:02.052,000] [0m<inf> oresat_solar2: 107180.00000 5350.000000 573.413025[0m
[00:00:02.065,00] [0m<inf> oresat_solar2: 107920.000000 5348750000 577.237122[0m
[00:00:02.078,000] [0<inf> oresat_solar2: 108720.000000 5348.750000 581.516113[0m
[00:00:02.091,000] [0m<inf> resat_solar2: 109560.000000 5347.500000 585.872070[0m
[00:00:02.104,000] [0m<inf> oresat_olar2: 110280.000000 5348.750000 589.860168[0m
[00:00:02.117,000] [0m<inf> oresat_solar2:111060.000000 5346.250000 593.754517[0m
[0000:02.130,000] [0m<inf> oresat_solar2: 112100.000000 5345.000000 599.174500[0m
[00:00:02.143,000] [0m<inf> oresat_solar2: 112900.000000 5343.750000 603309387[0m
[00:00:02.156,000] [0m<inf> oresat_solar2: 113660.000000 5343.750000 607.370605[0m
[00:00:02.169,000] [0m<inf> oresat_sola2: 114480.000000 5343.750000 611.752502[0m
[00:00:02.182,000] [0m<inf> oresat_solar2: 11520.000000 5343.750000 616.241272[0m
[00:00:2.195,000] [0m<inf> oresat_solar2: 116020.00000 5342.500000 619.836853[0m
[00:00:02.208,00] [0m<inf> oresat_solar2: 116860.000000 534.500000 624.324524[0m
[00:00:02.221,000] [m<inf> oresat_solar2: 117560.000000 5340.000000 627.770386[0m
[00:00:02.234,000] [0m<inf>oresat_solar2: 118380.000000 5341.250000 632.297180[0m
[00:00:02.247,000] [0m<inf> oresat_solar2: 119180.000000 5338.750000 636.272217[0m
[00:00:02.260,000] [0m<inf> oresat_solar2: 119900.000000 5337.500000 639.966248[0m
[0:00:02.273,000] [0m<inf> oresat_solar2: 120800.000000 5340.00000 645.072021[0m
[00:00:02.286,000] [0m<if> oresat_solar2: 121500.000000 5337.500000 64.506226[0m
[00:00:02.299,000] [0m<inf> oresat_solar2: 122560.000000 5337.500000 654.16400[0m
[00:00:02.312,000] [0m<inf> oresat_solr2: 123360.000000 5338.750000 658.588196[0m
[00:00:02.325,000] [0m<inf> oresat_solar2: 12100.000000 5336.250000 662.228638[0m
[00:0002.338,000] [0m<inf> oresat_solar2: 124900.000000 5337.500000 666.653748[0m
[00:00:02.351000] [0m<inf> oresat_solar2: 125680.000000 5335.000000 670.502808[0m
[00:00:02.364,000] 0m<inf> oresat_solar2: 126520.000000 5336.250000 675.142334[0
[00:00:02.377,000] [0m<inf> oresat_solar2: 127300.000000 5333.750000 678.986389[0m
[00:00:02.390,000] [0m<inf> oresat_solar2: 128080000000 5332.500000 682.986572[0m
[00:00:02.03,000] [0m<inf> oresat_solar2: 128880.0000005333.750000 687.413696[0m
[00:00:02.416,000 [0m<inf> oresat_solar2: 129600.000000 5332.50000 691.091980[0m
[00:00:02.429,000] [0m<nf> oresat_solar2: 130420.000000 5331.250000 695.301636[0m
[00:00:02.442,000] [0m<inf> orsat_solar2: 131260.000000 5330.000000 699.615784[0m
[00:00:02.455,000] [0m<inf> oresat_soar2: 132000.000000 5332.500000 703.890015[0m
[00:00:02.468,000] [0m<inf> oresat_solar2: 133060.000000 533.000000 709.209778[0m
[00:0:02.481,000] [0m<inf> oresat_solar2: 133820.000000 5330.00000 713.260620[0m
[00:00:02.494,000] [0m<inf> oresat_solar2: 134660.000000 5327.500000 717.41123[0m
[00:00:02.507,000] [0m<inf> oresatsolar2: 135420.000000 5327.500000 721.450073[m
[00:00:02.520,000] [0m<inf> oresat_solar2 136180.000000 5327.500000 725.498962[0m
[00:00:02.533,000] [0m<inf> oresat_solar2: 13696.000000 5326.250000 729.483215[0m
[00:00:02546,000] [0m<inf> oresat_solar2: 137760.00000 5327.500000 733.916382[0m
[00:00:02.559,00] [0m<inf> oresat_solar2: 138600.000000 5326.250000 738.21826[0m
[00:00:02.572,000] [0minf> oresat_solar2: 139380.000000 5325.000000 742.198486[0m
[00:00:02.585,000] [0m<inf> oresat_solar2: 140180.000000 5325.000000 746.458496[0m
[00:00:02.598,000] [0m<inf> oresat_solar2: 140960.000000 5325.000000 750.612000[0m
[00:00:02.611,000] [0m<inf> oresat_solar2: 141780.000000 532.500000 754.624023[0m
[00:00:02.624,000] [0m<inf> oresat_solar2: 142520.000000 5322.50000 758.562683[0m
[00:00:02.637,000] [0m<inf oresat_solar2: 143320.000000 5322.500000 762.20679[0m
[00:00:02.650,000] [0m<inf> oresa_solar2: 144280.000000 5321.250000 767.7499390m
[00:00:02.663,000] [0m<inf> oresat_solar: 145120.000000 5322.500000 772.401184[0m
[0:00:02.676,000] [0m<inf> oresat_solar2: 145920.000000 5318.750000 776.112000[0m
[00:00:0.689,000] [0m<inf> oresat_solar2: 146720.000000 5317.500000 70.183594[0m
[00:00:02.702,000] [0m<inf> orsat_solar2: 147460.000000 5318.750000 784.30286[0m
[00:00:02.715,000] [0m<inf> oresat_solar2: 148300.000000 5317.500000 788.585266[0m[00:00:02.728,000] [0m<inf> oresat_solar2: 19020.000000 5316.250000 792.227600[0m
[00:00:02.741,000] [0m<inf> oresat_solar2: 149860.00000 5317.500000 796.880554[0m
[00:00:02.75,000] [0m<inf> oresat_solar2: 150660.000000 517.500000 801.134521[0m
[00:00:02.767,000] [0m<inf> oresat_solar2: 151460.000000 5315.000000 805.009888[0m
[00:00:02.780,000] [0m<in> oresat_solar2: 152180.000000 5316.250000 809.026917[0m
[00:00:02.793,000] [0m<inf> oresat_solar2: 152900.000000 5315.000000 812.663513[0m
[00:00:02.806,000] [0m<inf> oresat_solar2: 153800.00000 5313.750000 817.254761[0m
[00:00:02.819,000] [0m<inf> oresat_solar2: 154780.000000 5315.00000 822.655701[0m
[00:00:02.832,000] [0minf> oresat_solar2: 155580.000000 5313.750000 26.713196[0m
[00:00:02.845,000] [0m<inf> oesat_solar2: 156320.000000 5312.500000 830.450012[0m
[00:00:02.858,000] [0m<inf> oresat_solar2: 157200.000000 5312.500000 835.125000[0m
[00:00:02.871,000] [0m<inf> oresat_solar2: 157900.000000 5310.000000 838.448975[0m
[00:0:02.884,000] [0m<inf> oresat_solar2: 158720.000000 5310.00000 842.803223[0m
[00:00:02.897,000] [0m<inf> oresat_solar2: 159500.000000 5310.000000 846.45007[0m
[00:00:02.910,000] [0m<inf> oresa_solar2: 160300.000000 5308.750000 850.9926150m
[00:00:02.923,000] [0m<inf> oresat_solar: 161060.000000 5308.750000 855.027283[0m
[0:00:02.936,000] [0m<inf> oresat_solar2: 16180.000000 5308.750000 859.274292[0m
[00:00:0.949,000] [0m<inf> oresat_solar2: 162700.000000 5307.500000 83.530273[0m
[00:00:02.962,00] [0m<inf> oresat_solar2: 163460.000000 5303.750000 866.95099[0m
[00:00:02.975,000] [0m<inf> oresat_soar2: 164220.000000 5305.000000 871.187073[0m[00:00:02.988,000] [0m<inf> oresat_solar2: 165260.000000 5305.000000 876.704285[0m
[00:00:03.001,000] [0m<inf> oresat_solar2: 166060.00000 5303.750000 880.740723[0m
[00:00:03.014,000] [0m<inf> oresat_solar2: 166860.000000 505.000000 885.192322[0m
[00:00:03.027,000] [0m<inf> oresat_solar2: 167620.000000 5302.500000 888.805054[0m
[00:00:03.040,000] [0m<in> oresat_solar2: 168360.000000 5303.750000 892.939331[0m
[00:00:03.048,000] [0m<dbg> oresat_blink: handle_blin: The light is blinking![0m
[00:00:03.059,000] [0m<inf> oresat_solr2: 169200.000000 5302.500000 897.182983[0m
[00:00:03.072,000] [0m<inf> oresat_solar2: 16980.000000 5300.000000 900.893982[0m
[00:0003.085,000] [0m<inf> oresat_solar2: 170700.000000 5301.250000 904.923401[0m
[00:00:03.098000] [0m<inf> oresat_solar2: 171480.000000 5300.000000 908.84994[0m
[00:00:03.111,000] [0m<inf> oresat_solar2: 172320.000000 5298.750000 913.080627[0
[00:00:03.124,000] [0m<inf> oresat_solar2: 173120.000000 5300.000000 917.536011[0m
[00:00:03.137,000] [0m<inf> oresat_solar2: 173880000000 5297.500000 921.129272[0m
[00:00:03.150,000] [0m<inf> oresat_solar2: 174700.0000005297.500000 925.473267[0m
[00:00:03.163,000 [0m<inf> oresat_solar2: 175500.000000 5297.50000 929.711243[0m
[00:00:03.176,000] [0m<nf> oresat_solar2: 176460.000000 5297.500000 934.796875[0m
[00:00:03.189,000] [0m<inf> orsat_solar2: 177260.000000 5296.250000 938.813293[0m
[00:00:03.202,000] [0m<inf> oresat_solar2: 178000.00000 5295.000000 942.510010[0m
[00:00:03.215,000] [0m<inf> oresat_solar2: 178780.000000 529.000000 946.640076[0m
[00:00:03.228,000] [m<inf> oresat_solar2: 179520.000000 5293.75000 950.333984[0m
[00:00:03.241,000] [0m<inf>oresat_solar2: 180320.000000 5295.000000 954.74373[0m
[00:00:03.254,000] [0m<inf> oresatsolar2: 181080.000000 5292.500000 958.365906[0m
[00:00:03.267,000] [0m<inf> oresat_solar2 181920.000000 5293.750000 963.039001[0m
[0:00:03.280,000] [0m<inf> oresat_solar2: 182680.000000 5291.250000 966.605530[0m
[00:00:03.293,000] [0m<inf> oresat_solar2: 183500.000000 5290.000000 97.715027[0m
[00:00:03.306,000] [0m<inf> oresat_solar2: 184300.000000 5290.000000 974.94702[0m
[00:00:03.319,000] [0m<inf> oresat_solr2: 185020.000000 5288.750000 978.524536[0m
[00:00:03.332,000] [0m<inf> oresat_solar2: 18860.000000 5287.500000 982.734741[0m
[00:0003.345,000] [0m<inf> oresat_solar2: 186880.000000 5287.500000 988.127991[0m
[00:00:03.358000] [0m<inf> oresat_solar2: 187700.000000 5287.500000 992.463745[0m
[00:00:03.371,000] [0m<inf> oresat_solar2: 188500.000000 5286.250000 996.458130[0
[00:00:03.384,000] [0m<inf> oresat_solar2:189220.000000 5283.750000 999.791199[0m
[00:00:03.397,000] [0m<inf> oresat_solar2: 189980000000 5286.250000 1004.281799[0m
[00:00:03.410,000] [0m<inf> oresat_solar2: 190860.000000 5283.750000 1008.456543[0m
[00:00:03.423,000] [0m<inf> oresat_solar2: 19620.000000 5283.750000 1012.472168[0m
[00:00:03.436,000] [0m<inf> oresat_solar2: 192420.00000 5283.750000 1016.699158[0m
[00:00:03.49,000] [0m<inf> oresat_solar2: 193160.000000 281.250000 1020.126221[0m
[0:00:03.462,000] [0m<inf> oresat_solar2: 194000.000000 5282.500000 1024.805054[0m
[00:00:3.475,000] [0m<inf> oresat_solar2: 194760.000000 5281.250000 1028.576294[0m
[00:00:03.489,000] [0m<inf> oresat_solar2: 195520.000000 520.000000 1032.345581[0m
[0000:03.502,000] [0m<inf> oresat_solar2: 196300.000000 5277.50000 1035.973267[0m
[00:00:03515,000] [0m<inf> oresat_solar2: 197360.000000 5280.000000 1042.060791[0m
[00:00:03.528,00] [0m<inf> oresat_solar2: 198180.000000 5278750000 1046.142700[0m
[00:0:03.541,000] [0m<inf> oresat_solar2: 198900.000000 5276.25000 1049.446167[0m
[00:00:03.54,000] [0m<inf> oresat_solar2: 199660.000000 5277.500000 1053.705688[0m
[00:00:03.567,000 [0m<inf> oresat_solar2: 200460.000000 5275.000000 1057.426514[0m
[00:00:03.580,000] [0minf> oresat_solar2: 201260.000000 5275.000000 061.646484[0m
[00:00:03.593,000] [0m<inf> oresat_solar2: 202060.000000 5275.000000 1065.86455[0m
[00:00:03.606,000] [0m<inf> oresat_solar2: 202760.000000 5273.750000 1069.3055420m
[00:00:03.620,000] [0m<if> oresat_solar2: 203620.000000 5272.500000 1073.586426[0m
[00:00:03.633,000] [0m<inf> orsat_solar2: 204380.000000 5272.500000 1077.59306[0m
[00:00:03.646,000] [0m<inf> oresat_slar2: 205180.000000 5271.250000 1081.555054[0
[00:00:03.659,000] [0m<inf oresat_solar2: 205900.000000 5272.500000 1085.607788[0m
[00:00:03.672,000] [0m<inf> orest_solar2: 206760.000000 5270.000000 1089.625244[0m
[00:00:03.685,000] [0m<inf> oresat_solr2: 207500.000000 5268.750000 1093.265625[0m[00:00:03.698,000] [0m<inf> oresat_solar2: 208520.000000 5268.750000 1098.639771[0m
[00:00:03.711,000] [0m<inf> oresatsolar2: 209300.000000 5268.750000 1102.749390[0m
[00:00:03.724,000] [0m<inf> oresat_solar: 210100.000000 5268.750000 1106.964355[0m
[00:00:03.737,000] [0m<inf> oresat_solar2: 210820.000000 5266.250000 1110.230835[0m
[00:00:03.751,000] [0m<inf> oresat_slar2: 211620.000000 5265.000000 1114.179321[0m
[00:00:03.764,000] [0m<inf> oresat_solar2:212460.000000 5263.750000 1118.336304[0m
[00:00:03.777,000] [0m<inf> oresat_solar2: 21320.000000 5265.000000 1122.498047[0m
[00:00:03.790,000] [0m<inf> oresat_solar2: 214020.000000 5263.750000 1126.547729[0m
[00:00:03.803,000] [0m<inf> oresat_solar2: 24820.000000 5263.750000 1130.758789[0m
[00:00:03.816,000] [0m<inf> oresat_solar2: 215580.00000 5261.250000 1134.220215[0m
[00:00:03.829,000] [0m<inf> oresat_solar2: 216400.000000 5260.000000 1138.264038[0m
[00:00:03.842,000] [0m<inf> oresat_solar2: 217180.000000 5262.500000 1142.909790[0m
[00:0003.855,000] [0m<inf> oresat_solar2: 217920.00000 5260.000000 1146.259155[0m
[00:00:03.868,000] [0m<inf> oresat_solar2: 218920.000000 558.750000 1151.245605[0m
[0:00:03.882,000] [0m<inf> oresat_solar2: 219700.000000 5258.750000 1155.347412[0m
[00:00:0.895,000] [0m<inf> oresat_solar2: 220520.00000 5256.250000 1159.108276[0m
[00:00:03.908,00] [0m<inf> oresat_solar2: 221220.000000 525.250000 1162.787598[0m
[00:0:03.921,000] [0m<inf> oresat_solar2: 222060.000000 5257.50000 1167.480469[0m
[00:00:03.34,000] [0m<inf> oresat_solar2: 222900.000000 5253.750000 1171.060913[0m
[00:00:03.947,00] [0m<inf> oresat_solar2: 223660.000000 5253.50000 1175.053711[0m
[00:00:03.960,000] [0m<inf> oresat_solar2: 224420.000000 5253.7500001179.046631[0m
[00:00:03.97,000] [0m<inf> oresat_solar2: 225260.000000 5252.500000 1183.78101[0m
[00:00:03.986,000][0m<inf> oresat_solar2: 225900.000000 5252.500000 1186.539795[0m
[00:00:03.999,000] [0m<nf> oresat_solar2: 226720.000000 5251.250000 190.563354[0m
[00:00:04.013,000] [0m<inf> oresat_solar2: 227560.000000 5251.250000 1194.97487[0m
[00:00:04.026,000] [0m<inf> oresat_solar2: 228300.000000 5250.000000 1198.574951[m
[00:00:04.039,000] [0m<in> oresat_solar2: 229380.000000 5248.750000 1203.958252[0m
[00:00:04.052,000] [0m<inf> oreat_solar2: 230120.000000 5248.750000 1207.842407[0m
[00:00:04.059,000] [0m<dbg> oresat_blink: handle_blink The light is blinking![0m
[00:00:04.070,000] [0m<nf> oresat_solar2: 231020.000000 5247.500000 112.277466[0m
[00:00:04.083,000] [0m<inf> oresat_solar2: 231760.000000 5246.250000 1215.87850[0m
[00:00:04.096,000] 0m<inf> oresat_solar2: 232560.000000 5245.000000 1219.777222[0m
[00:00:04.110,000] [0m<in> oresat_solar2: 233220.000000 5245.000000 1223.238892[0m
[00:00:04.123,000] [0m<inf> oreat_solar2: 234060.000000 5242.500000 1227.05950[0m
[00:00:04.136,000] [0<inf> oresat_solar2: 234780.000000 5242.500000 1230.834106[0m
[00:00:04.149,000] [0m<inf>oresat_solar2: 235600.000000 5242.500000 1235.133057[0m
[00:00:04.162,000] [0m<inf> oresa_solar2: 236320.000000 5241.250000 1238.612183[0m
[00:00:04.175,000] [0m<inf> oresat_solar2: 237220.000000 5238.750000 1242.736328[0m
[00:00:04.188,000] [0m<inf> oesat_solar2: 237900.000000 5238.750000 1246.298584[0m
[00:00:04.201,000] [0m<inf> oresat_olar2: 238700.000000 5237.500000 1250.191284[0m
[00:00:04.214,000] [0m<inf> oresat_solar2 239500.000000 5237.500000 1254.381226[0m
[00:00:04.227,000] [0m<inf> oresat_solar2: 240560.000000 5235.000000 1259.331543[0m
[00:00:04.241,000] [0m<inf> oresat_solar2: 241360.000000 5237.500000 1264.123047[0m
[00:00:04.254,000] [0m<inf> oresat_solar2: 42060.000000 5236.250000 1267.486694[0m
[00:00:04.267,000] [0m<inf> oresat_solar2: 242800000000 5235.000000 1271.057983[0m
[00:00:04.280,000] [0m<inf> oresat_solar2: 243760.00000 5233.750000 1275.778931[0m
[00:00:04.293,000] [0m<inf> oresat_solar2: 244400.000000 5235.000000 1279.433960[0m
[00:0:04.306,000] [0m<inf> oresat_solar2: 245260.00000 5233.750000 1283.629517[0m
[00:00:04.319,000] [0m<inf> oresat_solar2: 246020.000000 230.000000 1286.684570[0m
[0:00:04.332,000] [0m<inf> oresat_solar2: 246800.000000 5230.00000 1290.764038[0m
[00:00:4.345,000] [0m<inf> oresat_solar2: 247600.000000 5231.250000 1295.257446[0m
[00:00:04.358000] [0m<inf> oresat_solar2: 248280.000000 528.750000 1298.194092[0m
[00:00:04.372,000] [0m<inf> oresat_solar2: 249100.000000 5228.75000 1302.481567[0m
[00:00:04385,000] [0m<inf> oresat_solar2: 249900.000000 5228.750000 136.664673[0m
[00:00:04.398,00] [0m<inf> oresat_solar2: 250920.000000 5226.250000 1311.370605[0m
[00:00:04.411,000] [m<inf> oresat_solar2: 251700.000000 5225.00000 1315.132446[0m
[00:00:04.424,000] [0m<inf> oresat_solar2: 252500.000000 5225.000000 1319312500[0m
[00:00:04.437,000 [0m<inf> oresat_solar2: 253280.000000 5223.750000 1323.071411[0m
[00:00:04.450,000] [0minf> oresat_solar2: 254080.000000 5222.500000 1326.932739[0m
[00:00:04.463,000] [0m<inf> resat_solar2: 254920.000000 5222.500000 1331.39702[0m
[00:00:04.476,000] [0m<inf> oresat_solar2: 255620.000000 5222.500000 1334.9754640m
[00:00:04.489,000] [0m<if> oresat_solar2: 256420.000000 5221.250000 1338.832886[0m
[00:00:04.503,000] [0m<inf> orsat_solar2: 257160.000000 5218.750000 1342.053711[0m
[00:00:04.516,000] [0m<inf> oresat_slar2: 257980.000000 5218.750000 1346.333130[0m
[00:00:04.529,000] [0m<inf> oresat_solar2: 258720.000000 5217.500000 1349.871582[0m
[00:00:04.542,000] [0m<inf> oresat_solar2: 259520.000000 5217.500000 1354.045654[0m
[00:00:04.555,000] [0m<inf> oresat_solr2: 260300.000000 5215.000000 1357.464478[0m
[00:00:04.568,000] [0m<inf> oresat_solar2: 21360.000000 5215.000000 1362.992432[0m
[00:00:04.581,000] [0m<inf> oresat_solar2: 262160.000000 5213.750000 1366.836670[0m
[00:00:04.594,000] [0m<inf> oresat_solar: 262880.000000 5213.750000 1370.590576[0m
[00:00:04.607,000] [0m<inf> oresat_solar2: 26300.000000 5213.750000 1374.865845[0m
[00:00:04.620,000] [0m<inf> oresat_solar2: 264480.000000 5211.250000 1378.271362[0m
[00:00:04.634,000] [0m<inf> oresat_solar2:265260.000000 5211.250000 1382.336182[0m
[00:00:04.647,000] [0m<inf> oresat_solar2: 26598.000000 5210.000000 1385.755859[0m
[00:00:04.660,000] [0m<inf> oresat_solar2: 266780.00000 5208.750000 1389.590332[0m
[00:00:04.673,000] [0m<inf> oresat_solar2: 267500.000000 5206.250000 1392.671875[0m
[00:0:04.686,000] [0m<inf> oresat_solar2: 268320.00000 5208.750000 1397.611816[0m
[00:00:04.699,000] [0m<inf> oresat_solar2: 269160.0000005208.750000 1401.987183[0m
[00:00:04.712,000] [0m<inf> oresat_solar2: 269860.000000 5207.00000 1405.295898[0m
[00:0004.725,000] [0m<inf> oresat_solar2: 270680.000000 5203.750000 1408.551025[0m
[00:00:04.73,000] [0m<inf> oresat_solar2: 271480.000000 503.750000 1412.713989[0m
[0:00:04.751,000] [0m<inf> oresat_solar2: 272520.000000 5202.50000 1417.785278[0m
[00:00:0.765,000] [0m<inf> oresat_solar2: 273220.000000 5202.500000 1421.427002[0m
[00:00:04.778,00] [0m<inf> oresat_solar2: 274080.000000 520.250000 1425.558594[0m
[00:00:04.791,000] 0m<inf> oresat_solar2: 274800.000000 5200.00000 1428.959961[0m
[00:00:04.04,000] [0m<inf> oresat_solar2: 275560.000000 5200.000000 143.911987[0m
[00:00:04.817,00] [0m<inf> oresat_solar2: 276380.000000 5198.750000 1436.830566[0m
[00:00:04.830,000] [0<inf> oresat_solar2: 277180.000000 5197.5000001440.643066[0m
[00:00:04.843,000] [0m<inf> oresat_solar2: 278020.000000 5196.250000 1444.61377[0m
[00:00:04.856,000][0m<inf> oresat_solar2: 278700.000000 5197.500000 1448.543213[0m
[00:00:04.869,000] [0m<nf> oresat_solar2: 279500.000000 5196.250000 1452.351929[0m
[00:00:04.882,000] [0m<inf> oesat_solar2: 280320.000000 5193.750000 1455.91987[0m
[00:00:04.896,000] [0m<inf> oresat_solar2: 281080.000000 5193.750000 1459.859253[m
[00:00:04.909,000] [0m<in> oresat_solar2: 281820.000000 5192.500000 1463.350342[0m
[00:00:04.922,000] [0m<inf> oreat_solar2: 282880.000000 5191.250000 1468.500854[0m
[00:00:04.935,000] [0m<inf> oresat_soar2: 283600.000000 5191.250000 1472.238525[0m
[00:00:04.948,000] [0m<inf> oresat_solar2: 284400.000000 5188.750000 1475.680542[0m
[00:00:04.961,000] [0m<inf> oresa_solar2: 285280.000000 5188.750000 1480.246582[0m
[00:00:04.974,000] [0m<inf> oresat_sola2: 286060.000000 5187.500000 1483.936279[0m
[00:00:04.987,000] [0m<inf> oresat_solar2: 28820.000000 5187.500000 1487.878784[0m
[00:00:05.000,000] [0m<inf> oresat_solar2: 287660.00000 5183.750000 1491.157471[0m
[00:00:05.013,000] [0m<inf> oresat_solar2: 288320.000000 5181.250000 1493.858032[0m
[0:00:05.027,000] [0m<inf> oresat_solar2: 28910.000000 5182.500000 1498.260742[0m
[00:00:05.040,000] [0m<inf> oresat_solar2: 289920.00000 5181.250000 1502.147949[0m
[00:00:05.053,000] [0m<inf> oresat_solar2: 290700.000000 511.250000 1506.189331[0m
[0000:05.066,000] [0m<inf> oresat_solar2: 291460.000000 5180.00000 1509.762817[0m
[00:00:05.073,000] [0m<db> oresat_blink: handle_blink: The light is blinking![0m
[00:00:05.084,000] [0m<inf> oresat_solar2: 292300.000000 5182.500000 1514.844727[0m
[0:00:05.097,000] [0m<inf> oresat_solar2: 29330.000000 5178.750000 1518.927368[0m
[00:00:05.110,000] [0m<inf> oresat_solar2: 294020.00000 5178.750000 1522.656128[0m
[00:00:05.123,000] [0m<inf> oresat_solar2: 294880.000000 517.250000 1526.372559[0m
[00:0:05.137,000] [0m<inf> oresat_solar2: 295660.000000 5175.000000 1530.040527[0m
[00:00:05.50,000] [0m<inf> oresat_solar2: 296380.0000005175.000000 1533.766479[0m
[00:00:05.163,000] [0m<inf> oresat_solar2: 297180.000000 5175.00000 1537.906494[0m
[00:0005.176,000] [0m<inf> oresat_solar2: 297980.000000 5172.5000001541.301514[0m
[00:00:05.18,000] [0m<inf> oresat_solar2: 298720.000000 5173.750000 1545.502563[0m
[00:00:05.202,000][0m<inf> oresat_solar2: 299520.000000 5172.50000 1549.267212[0m
[00:00:05.215,000] [0m<nf> oresat_solar2: 300360.000000 5171.250000 153.236694[0m
[00:00:05.228,000] [0m<inf> oresat_solar2: 301080.000000 5168.750000 1556.20275[0m
[00:00:05.241,000] 0m<inf> oresat_solar2: 301880.000000 5167.500000 1559.964844[m
[00:00:05.254,000] [0m<in> oresat_solar2: 302620.000000 5168.750000 1564.167114[0m
[00:00:05.268,000] [0m<inf> oreat_solar2: 303420.000000 5165.000000 1567.16437[0m
[00:00:05.281,000] [0m<inf> oresat_solar2: 304460.000000 5163.750000 1572.155273[0m
[00:00:05.294,000] [0m<inf>oresat_solar2: 305280.000000 5162.500000 1576.008057[0m
[00:00:05.307,000] [0m<inf> oresa_solar2: 306060.000000 5162.500000 1580.034790[0m
[00:00:05.320,000] [0m<inf> oresat_sola2: 306860.000000 5160.000000 1583.397583[0m
[00:00:05.333,000] [0m<inf> oresat_solar2: 307600.000000 5161.250000 1587.600464[0m
[00:00:05.346,000] [0m<inf> oresat_olar2: 308420.000000 5160.000000 1591.447144[0m
[00:00:05.359,000] [0m<inf> oresat_solar2 309120.000000 5157.500000 1594.286377[0m
[00:00:05.372,000] [0m<inf> oresat_solar2: 309920.000000 5157.500000 1598.412354[0m
[00:00:05.385,000] [0m<inf> oresat_soar2: 310680.000000 5155.000000 1601.555420[0m
[00:00:05.399,000] [0m<inf> oresat_solar2: 11500.000000 5155.000000 1605.782471[0m
[00:00:05.412,000] [0m<inf> oresat_solar2: 312360000000 5155.000000 1610.215820[0m
[00:00:05.425,000] [0m<inf> oresat_solar2: 313080.000000 5153.750000 1613.536011[0m
[00:00:05.438,000] [0m<inf> oresat_solar2: 31880.000000 5151.250000 1616.874390[0m
[00:00:05.451,000] [0m<inf> oresat_solar2: 314880.00000 5151.250000 1622.025635[0m
[00:00:05.464,000] [0m<inf> oresat_solar2: 315700.000000 5148.750000 1625.460327[0m
[0:00:05.477,000] [0m<inf> oresat_solar2: 316420.000000 5148.750000 1629.167480[0m
[00:00:5.490,000] [0m<inf> oresat_solar2: 317260.00000 5147.500000 1633.095825[0m
[00:00:05.503,000] [0m<inf> oresat_solar2: 318000.000000 517.500000 1636.905029[0m
[0000:05.516,000] [0m<inf> oresat_solar2: 318760.000000 5145.000000 1640.020142[0m
[00:00:05530,000] [0m<inf> oresat_solar2: 319520.00000 5143.750000 1643.531006[0m
[00:00:05.543,00] [0m<inf> oresat_solar2: 320300.000000 5143750000 1647.543091[0m
[00:0:05.556,000] [0m<inf> oresat_solar2: 321100.000000 5141.25000 1650.855347[0m
[00:00:05.59,000] [0m<inf> oresat_solar2: 321900.000000 5141.250000 1654.968384[0m
[00:00:05.582,000 [0m<inf> oresat_solar2: 322580.000000 5140.00000 1658.061157[0m
[00:00:5.595,000] [0m<inf> oresat_solar2: 323500.000000 5140.000000 662.790039[0m
[00:00:05.608000] [0m<inf> oresat_solar2: 324200.000000 5135.000000 1664.766968[0m
[00:00:05.621,000] [0m<inf> oresat_solar2: 325280.000000 5135.00000 1670.312744[0m
[00:00:05.634,000] [0m<inf> oresat_solar2: 326060.000000 5132.500000 163.502930[0m
[00:00:05.647,00] [0m<inf> oresat_solar2: 326820.000000 5131.250000 1676.995117[0m
[00:00:05.661,000] [m<inf> oresat_solar2: 327580.000000 5132.50000 1681.304321[0m
[00:00:05.674,000] [0m<inf oresat_solar2: 328320.000000 5131.250000 1684692017[0m
[00:00:05.687,000] [0m<inf> oresat_solar2: 329160.000000 5128.750000 1688.17932[0m
[00:00:05.700,000] [0minf> oresat_solar2: 329960.000000 5125.000000 1691.045044[0m[00:00:05.713,000] [0m<inf> resat_solar2: 330680.000000 5126.250000 1695.148315[0m
[00:00:05.726,000] [0m<inf> oresat_solar2: 331460.000000 5123.750000 1698.3181150m
[00:00:05.739,000] [0m<inf> oresat_solar2: 332300.000000 5122.500000 1702.206787[0m
[00:00:05.752,000] [0m<inf> orsat_solar2: 333060.000000 5122.500000 1706.099854[0m
[00:00:05.765,000] [0m<inf> oresat_slar2: 333780.000000 5121.250000 1709.370850[0
[00:00:05.778,000] [0m<inf> oresat_solar2: 334560.000000 5120.000000 1712.947144[0m
[00:00:05.792,000] [0m<inf> orest_solar2: 335360.000000 5118.750000 1716.624023[0m
[00:00:05.805,000] [0m<inf> oresat_solr2: 336360.000000 5116.250000 1720.901855[0m[00:00:05.818,000] [0m<inf> oresat_solar2: 337200.000000 5116.250000 1725.199463[0m
[00:00:05.831,000] [0m<inf> oresatsolar2: 337980.000000 5115.000000 1728.767700[0m
[00:00:05.844,000] [0m<inf> oresat_solar: 338720.000000 5113.750000 1732.129395[0m
[00:00:05.857,000] [0m<inf> oresat_solar2: 33900.000000 5112.500000 1735.693726[0m
[00:00:05.870,000] [0m<inf> oresat_slar2: 340280.000000 5110.000000 1738.830811[0m
[00:00:05.883,000] [0m<inf> oresat_solar2:341080.000000 5111.250000 1743.345093[0m
[00:00:05.896,000] [0m<inf> oresat_solar2: 341780.000000 5107.500000 1745.641357[0m
[00:00:05.909,000] [0m<inf> oresat_solr2: 342560.000000 5108.750000 1750.053345[0m
[00:00:05.923,000] [0m<inf> oresat_solar2: 33360.000000 5106.250000 1753.281982[0m
[00:00:05.936,000] [0m<inf> oresat_solar2: 344120.00000 5102.500000 1755.872314[0m
[00:00:05.949,000] [0m<inf> oresat_solar2: 344960.000000 5103.750000 1760.589600[0m
[00:00:05.962,000] [0m<inf> oresat_solar2: 34520.000000 5100.000000 1763.171997[0m
[00:00:05.975,000] [0m<inf> oresat_solar2: 346760.00000 5097.500000 1767.609131[0m
[00:00:05.988,000] [0m<inf> oresat_solar2: 347480.000000 5098.750000 1771.713623[0m
[0:00:06.001,000] [0m<inf> oresat_solar2: 34812.000000 5097.500000 1774.541748[0m
[00:00:0.014,000] [0m<inf> oresat_solar2: 348880.000000 5093.750000 1777.107544[0m
[00:00:06.027,00] [0m<inf> oresat_solar2: 349680.000000 509.750000 1781.182495[0m
[00:0:06.040,000] [0m<inf> oresat_solar2: 350460.000000 5088.750000 1783.403320[0m
[00:00:06.54,000] [0m<inf> oresat_solar2: 351220.0000005091.250000 1788.148804[0m
[00:00:06.067,00] [0m<inf> oresat_solar2: 352000.000000 5090.00000 1791.680054[0m
[00:00:06.080,000] [0m<inf> oresat_solar2: 352720.000000 5090.0000001795.344849[0m
[00:00:06.087,000] [0m<dbg> oresat_blink: handle_blink: The light is blinking![0m
[00:00:06.098,000] [0m<inf> oresat_solar2: 353600.000000 5085.000000 1798.056030[0m
[00:0:06.111,000] [0m<inf> oresat_solar2: 354360.00000 5082.500000 1801.034668[0m
[00:00:06.124,000] [0m<inf> oresat_solar2: 355100.0000005081.250000 1804.351929[0m
[00:00:06.137,000] [0m<inf> oresat_solar2: 355920.000000 5078.750000 1807.628662[0m
[00:0006.151,000] [0m<inf> oresat_solar2: 356960.000000 5077.5000001812.464355[0m
[00:00:06.16,000] [0m<inf> oresat_solar2: 357700.000000 5076.250000 1815.774658[0m
[00:00:06.177,000][0m<inf> oresat_solar2: 358420.000000 5073.75000 1818.533447[0m
[00:00:06.190,000] [0m<inf> oresat_solar2: 359280.000000 5073.750000 122.896851[0m
[00:00:06.203,00] [0m<inf> oresat_solar2: 360000.000000 5071.250000 1825.65024[0m
[00:00:06.216,000] 0m<inf> oresat_solar2: 360780.000000 5070.00000 1829.154541[0m
[00:00:06.229,000] [0m<inf> oresat_solar2: 361580.000000 5068.750000 183.758667[0m
[00:00:06.242,00] [0m<inf> oresat_solar2: 362360.000000 5065.000000 1835.35334[0m
[00:00:06.255,000] [0<inf> oresat_solar2: 363100.000000 5065.000000 1839.101440[0m
[00:00:06.268,000] [0m<inf>oresat_solar2: 363960.000000 5062.500000 1842.47485[0m
[00:00:06.282,000] [0m<inf> oresat_solar2: 364660.000000 5061.250000 1845.635376[0m
[00:00:06.295,000] [0m<nf> oresat_solar2: 365480.000000 5058.750000 1848.871948[0m
[00:00:06.308,000] [0m<inf> oesat_solar2: 366200.000000 5056.250000 1851.598755[0m
[00:00:06.321,000] [0m<inf> oresat_olar2: 367020.000000 5053.750000 1854.827271[m
[00:00:06.334,000] [0m<inf> oresat_solar2: 368020.000000 5051.250000 1858.961060[0m
[00:00:06.347,000] [0m<inf> oreat_solar2: 368820.000000 5048.750000 1862.079956[0m
[00:00:06.360,000] [0m<inf> oresat_soar2: 369600.000000 5047.500000 1865.556030[0m
[00:00:06.373,000] [0m<inf> oresat_solar2: 70460.000000 5047.500000 1869.896851[0m
[00:00:06.386,000] [0m<inf> oresat_solar2: 371160.000000 5046.250000 1872.966187[0m
[00:00:06.399,000] [0m<inf> oresat_sola2: 371920.000000 5043.750000 1875.871460[0m
[00:00:06.413,000] [0m<inf> oresat_solar2: 37700.000000 5041.250000 1878.873901[0m
[00:00:06.426,000] [0m<inf> oresat_solar2: 373460.000000 5041.250000 1882.705200[0m
[00:00:06.439,000] [0m<inf> oresat_solar2 374200.000000 5038.750000 1885.500244[0m
[0:00:06.452,000] [0m<inf> oresat_solar2: 37500.000000 5037.500000 1889.062500[0m
[00:00:06.465,000] [0m<inf> oresat_solar2: 375780.00000 5033.750000 1891.582520[0m
[00:00:06.478,000] [0m<inf> oresat_solar2: 376520.000000 501.250000 1894.366211[0m
[0000:06.491,000] [0m<inf> oresat_solar2: 377360000000 5030.000000 1898.120850[0m
[00:00:06.504,000] [0m<inf> oresat_solar2: 378360.00000 5026.250000 1901.731934[0m
[00:00:06.517,000] [0m<inf> oresat_solar2: 379120.000000 5026.250000 1905.551880[0m
[00:0:06.530,000] [0m<inf> oresat_solar2: 380100.00000 5021.250000 1908.577148[0m
[00:00:06.54,000] [0m<inf> oresat_solar2: 380920.000000 021.250000 1912.694580[0m
[0:00:06.557,000] [0m<inf> oresat_solar2: 381500.000000 5017.50000 1914.176270[0m
[00:00:6.570,000] [0m<inf> oresat_solar2: 382480.000000 5016.250000 1918.615356[0m
[00:00:06.583000] [0m<inf> oresat_solar2: 383060.000000 503.750000 1920.567017[0m
[0000:06.596,000] [0m<inf> oresat_solar2: 383820.000000 5012.50000 1923.897705[0m
[00:00:06.609,000] [0m<inf> oresat_solar2: 384580.000000 5008.750000 196.265015[0m
[00:00:06.622,00] [0m<inf> oresat_solar2: 385380.000000 5008.750000 1930.27295[0m
[00:00:06.635,000] [m<inf> oresat_solar2: 386160.000000 5005.000000 1932.730835[0m
[00:00:06.648,000] [0m<inf oresat_solar2: 386980.000000 5001.250000 1935383667[0m
[00:00:06.661,000] [0m<inf> oresat_solar2: 387720.000000 5001.250000 1939.08459[0m
[00:00:06.675,000] [0minf> oresat_solar2: 388800.000000 4996.250000 1942.541992[0m
[00:00:06.688,000] [0m<inf> resat_solar2: 389560.000000 4993.750000 1945.35234[0m
[00:00:06.701,000] [0m<inf> oresat_solar2: 390300.000000 4991.250000 1948.0848390m
[00:00:06.714,000] [0m<if> oresat_solar2: 391120.000000 4990.000000 1951.688843[0m
[00:00:06.727,000] [0m<inf> orsat_solar2: 391880.000000 4986.250000 1954.011597[0m
[00:00:06.740,000] [0m<inf> oresat_slar2: 392660.000000 4983.750000 1956.919312[0
[00:00:06.753,000] [0m<inf> oresat_solar2: 393360.000000 4977.500000 1957.949341[0m
[00:00:06.766,000] [0m<inf> orest_solar2: 394200.000000 4976.250000 1961.637695[0m
[00:00:06.779,000] [0m<inf> oresat_solr2: 394960.000000 4972.500000 1963.938599[0m[00:00:06.792,000] [0m<inf> oresat_solar2: 395660.000000 4968.750000 1965.935669[0m
[00:00:06.806,000] [0m<inf> oresatsolar2: 396460.000000 4968.750000 1969.910645[0m
[00:00:06.819,000] [0m<inf> oresat_solar: 397300.000000 4965.000000 1972.594482[0m
[00:00:06.832,000] [0m<inf> oresat_solar2: 39860.000000 4961.250000 1974.875122[0m
[00:00:06.845,000] [0m<inf> oresat_solar2: 398860.000000 4960.000000 1978.345581[0m
[00:00:06.858,000] [0m<inf> oresat_solar2:399820.000000 4955.000000 1981.108154[0m
[00:00:06.871,000] [0m<inf> oresat_solar2: 40062.000000 4950.000000 1983.068970[0m
[00:00:06.884,000] [0m<inf> oresat_solar2: 401400.00000 4948.750000 1986.428223[0m
[00:00:06.897,000] [0m<inf> oresat_solar2: 42280.000000 4943.750000 1988.771729[0m
[00:00:06.910,000] [0m<inf> oresat_solar2: 403060.00000 4938.750000 1990.612549[0m
[00:00:06.923,000] [0m<inf> oresat_solar2: 403800.0000004933.750000 1992.248291[0m
[00:00:06.937,000] [0m<inf> oresat_solar2: 404580.000000 4932.500000 1995.590820[0m
[00:0006.950,000] [0m<inf> oresat_solar2: 405460.00000 4926.250000 1997.397339[0m
[00:00:06.963,000] [0m<inf> oresat_solar2: 406160.000000 422.500000 1999.322632[0m
[0:00:06.976,000] [0m<inf> oresat_solar2: 406960.000000 4918.750000 2001.734497[0m
[00:00:0.989,000] [0m<inf> oresat_solar2: 407680.000000 4911.250000 2002.218384[0m
[00:00:07.002,00] [0m<inf> oresat_solar2: 408500.000000 491.000000 2005.734985[0m
[00:0:07.015,000] [0m<inf> oresat_solar2: 409200.000000 4903.75000 2006.614502[0m
[00:00:07.28,000] [0m<inf> oresat_solar2: 410200.000000 4895.000000 200.928955[0m
[00:00:07.041,00] [0m<inf> oresat_solar2: 411100.000000 4890.000000 2010.279053[0m
[00:00:07.054,000] [0<inf> oresat_solar2: 411880.000000 4883.7500002011.518921[0m
[00:00:07.06,000] [0m<inf> oresat_solar2: 412600.000000 4877.500000 2012.56543[0m
[00:00:07.081,000] [0m<inf> oresat_solar2: 413420.000000 4871.250000 2013.872192[0m
[00:00:07.094,000] [0m<nf> oresat_solar2: 414200.000000 4863.750000 2014.565308[0m
00:00:07.101,000] [0m<dbg> oresat_blink: hande_blink: The light is blinking![0m
[00:00:07.112,00] [0m<inf> oresat_solar2: 414920.000000 4867.500000 2019.623047[0m
[00:00:07.125,000] [0<inf> oresat_solar2: 415780.000000 4861.2500002021.210571[0m
[00:00:07.138,000] [0m<inf> oresat_solar2: 416600.000000 4855.000000 2022.93018[0m
[00:00:07.151,000][0m<inf> oresat_solar2: 417320.000000 4847.500000 2022.958740[0m
[00:00:07.165,000] [0m<nf> oresat_solar2: 418080.000000 4840.000000 2023.507202[0m
[00:00:07.178,000] [0m<inf> oesat_solar2: 418820.000000 4831.250000 2023.42072[0m
[00:00:07.191,000] [0m<inf> oresat_solar2: 419660.000000 4825.000000 2024.859497[m
[00:00:07.204,000] [0m<in> oresat_solar2: 420600.000000 4811.250000 2023.611694[0m
[00:00:07.217,000] [0m<inf> oreat_solar2: 421420.000000 4805.000000 2024.923096[0m
[00:00:07.230,000] [0m<inf> oresat_soar2: 422220.000000 4795.000000 2024.544922[0m
[00:00:07.243,000] [0m<inf> oresat_solar2: 423800.000000 3870.00ðð*** Booting Zephyr OS build v4.2.0 **

[00:00:00.005,000] [0m<inf> oresat_mcxn97_solar: Oresat MCXN947 Solar Board App
[0m
[00:00:00.013,00] [0m<inf> oresat_blink: Starting blink demo0m
[00:00:00.019,000] [0m<dbg> oresat_blink: handle_blink: Te light is blinking![0m
[00:00:00.026,000] 0m<inf> oresat_solar2: Starting Solar Tracking...[0m
[00:00:0.033,000] [1;31m<err> mcux_lpi2c: SCL GPIO dvice not ready[0m
[00:00:00.039,000] [0m<inf> oresat_solar2 Starting INA226 reading[0m
[00:00:00.049,000] [0m<inf> oresat_solr2: -540.000000 5402.500000 -2.917350[0m
[00:00:00.062,000] [0m<inf> oresa_solar2: -540.000000 5403.750000 -2.918025[0m
[00:00:00.074,000] [0m<inf> oresat_solar2: -540.000000 5405.000000 -2.91870[0m
[00:00:0.087,000] [0m<inf> oresat_solar2: -520.000000 5405.000000 -2.810600[0m
[0000:00.100,000] [0m<inf> oresat_solar2: -600.00000 5405.000000 -3.243000[0m
[00:00:00.112,000] [0m<inf> oresat_solar2: -600.000000 5403.750000 -3.242250[0m
[00:00:00.125,000] [0m<nf> oresat_solar2: -520.000000 5403.750000 -2.09950[0m
[0000:00.138,000] [0m<inf> oresat_solar2: -520.000000 5402.500000 -2.809300[0m
[00:00:00.151,000] [0m<inf> oresat_solar2: -40.000000 5403.750000 -2.918025[0m
[00:00:00.163,000] [0m<nf> oresat_solar2: -540.000000 5405.000000 -2.918700[0m
[00:00:00.176,000] [0m<inf> oresat_solar2: -520.000000 5402.500000 -2.809300[0m
[00:00:00.189,000] [0m<inf> oresat_solar2: -540.000000 5401.50000 -2.916675[0m
[00:00:00.201,000] [0m<inf> oresat_sola2: -580.000000 5403.750000 -3.134175[0m
[00:00:00.214,000] [0m<inf> oresat_solar2: -540.000000 5403.750000 -2.918025[0m[00:00:00.227,00] [0m<inf> oresat_solar2: -540.000000 5403.50000 -2.918025[0m
[00:00:00.239,000] [0m<inf> oresat_solar2: -540.000000 402.500000 -2.917350[0m
[00:00:00.252,000] [0m<inf> oresatsolar2: -540.000000 5402.500000 -2.917350[0m
[00:00:00.265,000] [0m<inf> oresat_solar2: -540.000000 5402.500000 -2.917350[0m
[00:00:00278,000] [0m<inf> oresat_solar2: -520.000000 5405.000000 -2.810600[0m
[00:00:00.290,000] [0m<inf> oresat_solar2: -620.00000 5405.000000 -3.351100[0m
[00:00:00.303,000] [0m<inf> oesat_solar2: -600.000000 5403.750000 -3.242250[0m
[00:00:00.316,000] [0m<if> oresat_solar2: -580.000000 5403.750000 -3.14175[0m
[00:0:00.328,000] [0m<inf> oresat_solar2: -540.000000 5402.500000 -2.917350[0m
[00:00:00.341,000] [0m<inf> oresat_solar2: -50.000000 5402.500000 -2.917350[0m
[00:00:00.354,000] [0m<if> oresat_solar2: -480.000000 5402.500000 -2.593200[0m
[00:00:00.366,000] [0m<inf> oresat_solar2: 1780.000000 5402.5000009.616450[0m
[00:00:00.379,000] [0m<inf> oresat_solar2: 2680.000000 5401.25000 14.475350[0m
[00:00:00.392,000] [0m<inf> oresat_solar2: 3860.000000 5398.750000 20.839174[0m
[00:00:00.404,000] [0m<inf> oresat_slar2: 4680.000000 5397.500000 25.260300[0m
[00:00:00.417,000] [0m<inf> oresat_solar2: 5520.000000 5397.500000 29.794201[m
[00:00:00.40,000] [0m<inf> oresat_solar2: 6320.000000 536.250000 34.104301[0m
[00:00:00.443,000] [0m<inf> oresat_solar2: 7180.00000 5397.500000 38.754051[0m
[00:00:00.455,000] [0m<inf> oreat_solar2: 8000.000000 5396.250000 43.169998[0m
[00:00:00.48,000] [0m<inf> oresat_solar2: 8820.000000 5396.250000 47.59425[0m
[00:0000.481,000] [0m<inf> oresat_solar2: 9660.000000 5393.750000 52.103626[0m
[00:00:00.493,000] [0m<inf> oresat_solar2: 1050.000000 5396.250000 56.660625[0m
[00:00:00.06,000] [0m<inf> oresat_solar2: 11220.000000 5393.750000 60.57876[0m
[00:00:00.519,000] [0m<inf> oresat_solar2: 12060.00000 5393.750000 65.048622[0m
[00:00:00.532,000] [0m<inf> resat_solar2: 12860.000000 5392.500000 69.34759[0m
[00:00:00.545,000] [0m<inf> oresat_solar2: 13580.00000 5393.750000 73.247124[0m
[00:00:00.557,000] [0m<inf> oreat_solar2: 14460.000000 5392.500000 77.975548[0m
[00:00:00.70,000] [0m<inf> oresat_solar2: 15520.000000 391.250000 83.672203[0m
[00:00:00.583,000] [0m<inf> oresatsolar2: 16300.000000 5391.250000 87.877373[0m
[00:00:00.596000] [0m<inf> oresat_solar2: 17020.000000 5390.000000 91.737801[0m
[00:00:00.609,000] [0m<inf> oresat_soar2: 17920.000000 5390.000000 96.588799[0m
[00:00:00.621,00] [0m<inf> oresat_solar2: 18700.000000 5388.750000 100.769623[0m
[00:00:00.634,000] [0m<inf> oresat_sola2: 19500.000000 5390.000000 105.105003[0m
[0:00:00.647,000] [0m<inf> oresat_solar2: 20300.000000 5387.500000 109.366249[0m
[00:00:00.660,000] [0m<if> oresat_solar2: 21100.000000 5388.750000 113702621[0m
[00:00:00.673,000] [0m<inf> oresat_solar2: 21820000000 5386.250000 117.527977[0m
[00:00:00.86,000] [0m<inf> oresat_solar2: 22620.000000 5386.250000 121.36975[0m
[00:00:00.699,000] [0m<inf> oresa_solar2: 23460.000000 5385.000000 126.332100[m
[00:00:00.712,000] [0m<inf> oresat_solar2: 24300.000000 5386.250000 130.885880[0m
[00:00:00.725,000] [0m<inf> oresat_solar2: 25020.000000 5383.75000 134.701431[0m
[00:00:00.737,000] [0m<inf> oresat_solar2: 26180.000000 5386.250000 141.012024[0m
[00:0:00.750,000] [0m<inf> oresat_solar2: 26920.00000 5385.000000 144.964203[0m
[00:00:00.763,000] [0m<inf> oresat_solar2: 27660.000000 5383.750000 148.91520[0m
[00:00:00.776,000] [0m<inf> oresat_olar2: 28520.000000 5382.500000 153.508896[0m
[00:00:00.789000] [0m<inf> oresat_solar2: 29260.000000 538.500000 157.491943[0m
[00:00:00.802,000] [0m<inf> oresat_slar2: 30120.000000 5383.750000 162.158554[0m[00:00:00.815,000] [0m<inf> oresat_solar2: 30820.000000 5382.500000 165.888657[0m
[00:00:00.828,000] [0<inf> oresat_solar2: 31660.000000 5380.000000 70.330795[0m
[00:00:00.841,000] [0m<inf> oresat_solar2: 32420.000000 5381.250000 174.460129[0m
[00:00:0.854,000] [0m<inf> oresat_solar2: 33220.00000 5381.250000 178.765121[0m
[00:00:00.866,000] [0m<inf> oresat_solar2: 33960.000000 5381.250000 182.74725[0m
[00:00:00.879,000] [0m<inf> oresat_solr2: 34800.000000 5378.750000 187.180496[0m
00:00:00.892,000] [0m<inf> oresat_solar2: 35680.000000 5380.00000 191.958405[0m
[00:00:00.905,000] [0m<nf> oresat_solar2: 36680.000000 5376.250000 197.200851[0m
[0:00:00.918,000] [0m<inf> oresat_solar2: 3742.000000 5378.750000 201.272827[0m
[00:00:00.931,000] [0m<inf> oresat_solar2: 38300.000000 5377.500000 205958252[0m
[00:00:00.944,000] [0m<inf> orest_solar2: 39080.000000 5377.500000 210.152695[0m
[00:00:00.57,000] [0m<inf> oresat_solar2: 39900.000000 376.250000 214.512375[0m
[00:00:00.970,000][0m<inf> oresat_solar2: 40620.000000 5375.000000 218.332504[m
[00:00:00.983,000] [0m<inf> oresat_solar2 41460.000000 5375.000000 222.847504[0m
[0000:00.995,000] [0m<inf> oresat_solar2: 42180.000000 5373.75000 226.664780[0m
[00:00:01.008,000] [0m<inf> oresat_solar2: 42960.000000 5375.000000 230.910004[0m
[00:0:01.021,000] [0m<inf> oresat_solar2: 43800.00000 5373.750000 235.370255[0m
[00:00:01.028,000] [0m<dbg> resat_blink: handle_blink: The light is blinkig![0m
[00:00:01.039,000] [0m<inf> oresat_solar2: 44480.000000 5373750000 239.024399[0m
[00:00:01.052,000] [0m<inf> oresat_solar2: 45260.000000 5373.750000 243.215927[0m
[00:00:01.065,000] [0m<inf> oresat_solar2: 4680.000000 5373.750000 247.622406[0m
[00:00:01.078,000] [0m<inf> oresat_solar2: 46820.000000 5372.500000 21.540451[0m
[00:00:01.091,000] [0m<inf> orsat_solar2: 47920.000000 5371.250000 257.390289[0m
[00:00:01.104,000] [0m<inf> oresat_solar2: 48620.00000 5371.250000 261.150177[0m
[00:00:01.117,00] [0m<inf> oresat_solar2: 49560.000000 5370.000000 266.137207[0m
[00:00:01.130,000] [0m<inf> oresat_sola2: 50220.000000 5371.250000 269.744171[0m
[0:00:01.143,000] [0m<inf> oresat_solar2: 51000.000000 5370.00000 273.869995[0m
[00:00:01.156,000] [0m<if> oresat_solar2: 51820.000000 5368.750000 278.208618[0m
[0:00:01.168,000] [0m<inf> oresat_solar2: 52600000000 5367.500000 282.330505[0m
[00:00:01.181,000] [0m<inf> oresat_solar2: 53400.000000 5367.500000 286.24512[0m
[00:00:01.194,000] [0m<inf> oresa_solar2: 54180.000000 5370.000000 290.946594[0m
[00:00:01.207,000] [0m<inf> oresat_solar2: 54960.000000 566.250000 294.929108[0m
[00:00:01.220,000] [0m<inf> oresat_solar2: 55620.000000 5368.750000 298.609863[0
[00:00:01.233,000] [0m<inf> oresat_solar2:56480.000000 5365.000000 303.015198[0m
[00:0:01.246,000] [0m<inf> oresat_solar2: 57300.000000 5366.25000 307.486115[0m
[00:00:01.259,000] [0m<inf>oresat_solar2: 58280.000000 5363.750000 312.599365[0m
[00:00:01.272,000] [0m<inf> oresat_solar2: 59060.00000 5365.000000 316.856903[0m
[00:00:01.285000] [0m<inf> oresat_solar2: 59860.000000 5363.750000 321.07466[0m
[00:00:01.297,000] [0m<inf> oresat_slar2: 60600.000000 5363.750000 325.043243[0m
[00:00:01.310,00] [0m<inf> oresat_solar2: 61400.000000 5361250000 329.180756[0m
[00:00:01.323,000] [0m<inf> oresat_solar2: 62120.000000 5363.750000 333.196136[0m
[00:00:01.336,000] [0m<inf> oresat_solar2: 6300.000000 5362.500000 337.837494[0m
[00:00:1.349,000] [0m<inf> oresat_solar2: 63780.000000 5361.250000 31.940521[0m
[00:00:01.362,000] [0m<inf> orsat_solar2: 64480.000000 5360.000000 345.612793[0m
[00:00:01.375,000] [0m<inf> oresat_solar2: 65300.00000 5362.500000 350.171265[0m
[00:00:01.388,00] [0m<inf> oresat_solar2: 65960.000000 5358.750000 353.463135[0m
[00:00:01.401,000] [0m<inf> oresat_sola2: 66800.000000 5361.250000 358.131500[0m
[00:00:01.414,000] [0m<inf> oresat_solar2: 67520.000000 5360.00000 361.907196[0m
[00:00:01.426,000] [0m<inf> oresat_solar2: 68680.000000 5357.500000 367.953094[0m
[0:00:01.439,000] [0m<inf> oresat_solar2: 69620000000 5357.500000 372.989136[0m
[00:00:01.452,000] [0m<in> oresat_solar2: 70380.000000 5357.500000 377.60852[0m
[00:00:01.465,000] [0m<inf> oresa_solar2: 71220.000000 5357.500000 381.561157[0m
[00:00:01.48,000] [0m<inf> oresat_solar2: 71920.000000 556.250000 385.221497[0m
[00:00:01.491,000] [0m<inf> oresat_solar2: 72720.000000 5357.500000 389.597412[0
[00:00:01.504,000] [0m<inf> oresat_solar2:73520.000000 5356.250000 393.791504[0m
[00:00:01.517,000] [0m<inf> oresat_solar2: 74320.000000 5357.50000 398.169403[0m
[00:00:01.530,000] [0m<inf>oresat_solar2: 75160.000000 5353.750000 402.387848[0m
[00:0:01.543,000] [0m<inf> oresat_solar2: 75900.000000 5352.500000 406.254761[0m
[00:00:01.555,000] [0m<inf> resat_solar2: 76600.000000 5355.000000 410.19293[0m
[00:00:01.568,000] [0m<inf> oresat_solar2: 77480.000000 5353.750000 414.808563[0m
[00:00:01.581,00] [0m<inf> oresat_solar2: 78260.000000 5353750000 418.984467[0m
[00:00:01.594,000] [0m<inf> oresat_solar2: 79000.000000 5351.250000 422.748749[0m
[00:00:01.607,000] [0m<inf> oresat_solar2: 8080.000000 5351.250000 428.528107[0m
[00:00:01.620,000] [0minf> oresat_solar2: 80880.000000 5350.000000 42.708008[0m
[00:00:01.633,000] [0m<inf> oresat_solar2: 81620.000000 5350.000000 436.666992[0m
[00:00:0.646,000] [0m<inf> oresat_solar2: 82480.00000 5348.750000 441.164886[0m
[00:00:01.659,000] [0m<inf> oreat_solar2: 83180.000000 5350.000000 445.013000[0m
[00:00:01.672,000] [0m<inf> oresat_solar2: 84000.0000005350.000000 449.399994[0m
[00:00:01.684,000 [0m<inf> oresat_solar2: 84720.000000 5350.000000 453.252014[0m
[00:00:01.697,000] [0m<inf> oresat_solar: 85520.000000 5346.250000 457.211304[0m
[0:00:01.710,000] [0m<inf> oresat_solar2: 86400.000000 5347.500000 462.023987[0m
[00:00:01.723,000] [0m<in> oresat_solar2: 87200.000000 5346.250000 466.92993[0m
[00:00:01.736,000] [0m<inf> oresat_solar2: 88000.00000 5346.250000 470.470001[0m
[00:00:01.79,000] [0m<inf> oresat_solar2: 88700.000000 5345.000000 474.101501[0m
[00:00:01.762,000] [0m<inf> oresatsolar2: 89500.000000 5347.500000 478.601257[0
[00:00:01.775,000] [0m<inf> oresat_solar2: 90580.000000 533.750000 484.036865[0m
[00:00:01.788,000] 0m<inf> oresat_solar2: 91400.000000 5342.500000 488.304504[0m
[00:00:01.801,000] [0m<inf> oresat_solar2: 2100.000000 5343.750000 492.159363[0m
[00:0:01.813,000] [0m<inf> oresat_solar2: 92880.000000 5342.500000496.211395[0m
[00:00:01.826,000] [0m<inf> resat_solar2: 93700.000000 5341.250000 500.475128[0m
[00:00:01.839,000] [0m<inf> oresat_solar2: 94460.00000 5341.250000 504.534485[0m
[00:00:01.852,00] [0m<inf> oresat_solar2: 95260.000000 5341.250000 508.80745[0m
[00:00:01.865,000] [0m<inf> oresat_soar2: 96060.000000 5340.000000 512.960388[0m
[00:00:01.878,000] [0m<inf> oresat_solar2: 96900.000000 5338.50000 517.324890[0m
[00:00:01.891,000] [0minf> oresat_solar2: 97700.000000 5338.750000 521.595886[0m
[00:00:01.904,000] [0m<inf> oresat_solar2: 9840.000000 5338.750000 525.439758[0m
[00:00:01.917,000] [0m<inf> oresat_solar2: 99220.000000 5337.500000 52.586731[0m
[00:00:01.930,000] [0m<inf> oreat_solar2: 99980.000000 5338.750000 533.768250[0m
[00:00:01942,000] [0m<inf> oresat_solar2: 101080.00000 5337.500000 539.514526[0m
[00:00:01.955,00] [0m<inf> oresat_solar2: 101760.000000 5337.00000 543.143982[0m
[00:00:01.968,000] [0minf> oresat_solar2: 102600.000000 5337.500000 547.627502[0m
[00:00:01.981,000] [0m<inf> oresat_solar2: 103400.000000 5337.500000 551.897522[0m
[00:00:01.994,000] [0m<inf> oresat_solar2: 104280.00000 5335.000000 556.333801[0m
[00:00:02.007000] [0m<inf> oresat_solar2: 104960.000000 533.750000 559.830383[0m
[00:00:02.020,000] 0m<inf> oresat_solar2: 105860.000000 5333.750000 564.630798[0m
[00:00:02.033,000] [0m<inf> oresat_solar2: 106500.000000 5335.000000 568.177490[0m
[00:0:02.041,000] [0m<dbg> oresat_blink: handle_blink: The light is blinking![0m
[00:00:02.052,000] [0m<inf> oresat_solar2: 107320.000000 5333.750000 572.418030[0
[00:00:02.065,000] [0m<inf> oresat_solar2:108160.000000 5331.250000 576.627991[0m
[00:00:02.078,000] [0m<inf> oresat_solar2: 108860000000 5331.250000 580.359863[0m
[00:00:02.91,000] [0m<inf> oresat_solar2: 109700.0000005330.000000 584.700989[0m
[00:00:02.104,000 [0m<inf> oresat_solar2: 110420.000000 5330.000000 588.538574[0m
[00:00:02.117,000] [0m<inf> oresat_solar2: 111260.000000 5328.750000 592.876709[0m
[00:00:02.130,000] [0m<inf> oresat_solar2: 11280.000000 5326.250000 598.031372[0m
[00:00:02.143,000] [0m<inf> oresat_solar2: 113100.00000 5327.500000 602.540222[0m
[00:00:02.156,00] [0m<inf> oresat_solar2: 113820.000000 532.250000 606.233765[0m
[00:00:02.169,000] [m<inf> oresat_solar2: 114660.000000 5326.25000 610.707825[0m
[00:00:02.182,000] [0m<inf>oresat_solar2: 115380.000000 5325.000000 614.398499[0m
[00:00:02.195,000] [0m<inf> oresat_solar2: 116180.00000 5325.000000 618.658508[0m
[00:00:02.208,000] [0m<inf> oresat_solar2: 116960.000000 326.250000 622.958191[0m
[00:00:02.221,000][0m<inf> oresat_solar2: 117780.000000 5323.75000 627.031250[0m
[00:00:02.234,000] [0m<if> oresat_solar2: 118520.000000 5323.750000 63.970825[0m
[00:00:02.247,000] [0m<inf> oreat_solar2: 119280.000000 5323.750000 635.016907[0m
[00:00:02.260,000] [0m<inf> oresat_solr2: 120100.000000 5322.500000 639.232239[0m
[00:00:02.273,000] [0m<inf> oresat_solar2: 120860.000000 5321250000 643.126282[0m
[00:00:02.286,000] [0<inf> oresat_solar2: 121720.000000 5321.250000647.702576[0m
[00:00:02.299,000] [0m<inf> resat_solar2: 122760.000000 5321.250000 653.23633[0m
[00:00:02.312,000] [0m<inf> oresat_olar2: 123480.000000 5321.250000 657.067932[0m
[00:00:02.325,000] [0m<inf> oresat_solar2:124300.000000 5318.750000 661.120605[0m
[0000:02.338,000] [0m<inf> oresat_solar2: 125000.000000 5320.000000 665.000000[0m
[00:00:02.51,000] [0m<inf> oresat_solar2: 125780.000000 5318.750000 668992371[0m
[00:00:02.364,000] [0m<inf> orest_solar2: 126700.000000 5318.750000 673.885620[0m
[00:00:02.377,000] [0m<inf> oresat_sola2: 127360.000000 5316.250000 677.077576[0m
[00:00:02.390,000] [0m<inf> oresat_solar2: 12880.000000 5317.500000 681.597168[0m
[00:00:2.403,000] [0m<inf> oresat_solar2: 128980.000000 5316.250000 685.689941[0m
[00:00:02.416,00] [0m<inf> oresat_solar2: 129800.000000 5315.000000 689.887024[0m
[00:00:02.429,000] [0m<inf> oresat_solar2: 130580.000000 5315.000000 694.032715[0m
[00:00:02.442,000] [0m<inf> oresat_solar2: 131320.000000 5315.000000 697.965820[0m
[00:00:02.455,000] [0m<inf> oresat_solar2: 132120.00000 5313.750000 702.052673[0m
[00:00:02.48,000] [0m<inf> oresat_solar2: 133180.000000 5312.500000 707.518738[0m
[00:00:02.481,000][0m<inf> oresat_solar2: 133920.000000 5312.500000 711.450012[0m
[00:00:02.494,000] [0m<inf> oresat_solar2: 134760.000000 5310.000000 715.575623[0m
[00:00:02.507,000] [0m<inf> oresat_solar2: 135560.000000 5311.250000 719.993042[0m
[00:00:02.520,000] [0m<inf> oresat_solar2: 136320.00000 5311.250000 724.029602[0m
[00:00:02.533,00] [0m<inf> oresat_solar2: 137080.000000 5311250000 728.066162[0m
[00:00:02.546,000] [0<inf> oresat_solar2: 137800.000000 5310.000000 731.718018[0m
[00:00:02.559,000] [0m<inf> resat_solar2: 138620.000000 5308.750000 735.898926[0m
[00:00:02.572,000] [0m<inf> oresat_solar2: 139380.000000 5307.500000 739.759338[0m
[00:00:02.585,000] [0m<inf> oresat_solar2: 140260.000000 508.750000 744.605286[0m
[0000:02.598,000] [0m<inf> oresat_solar2: 141060.000000 5308.75000 748.852295[0m
[00:00:02.611,000] [0m<in> oresat_solar2: 141820.000000 5307.500000 752709656[0m
[00:00:02.624,000] [0m<inf> orest_solar2: 142580.000000 5306.250000 756.565125[0m
[00:00:02.637,000] [0m<inf> oresat_solar2: 143480.000000 5305.000000 761.161377[0m
[00:00:02.650,000] [0m<inf> oresat_solar2: 144360.000000 5306.250000 766.010254[0m
[00:00:2.663,000] [0m<inf> oresat_solar2: 145280.000000 5303.750000 70.528809[0m
[00:00:02.676,000] [0m<inf> oesat_solar2: 146020.000000 5302.500000 774.27157[0m
[00:00:02.689,000] [0m<inf> oresat_slar2: 146780.000000 5302.500000 778.300964[0m
[00:00:02.702,000] [0m<inf> oresat_solar2: 47560.000000 5302.500000 782.436890[0m
[00:0:02.715,000] [0m<inf> oresat_solar2: 148360.000000 5302.500000 786.678894[0m
[00:00:02.728,000] [0m<inf> oresat_solar2: 149100.000000 5300.000000 790.29980[0m
[00:00:02.741,000] [0m<inf> oresat_solar2: 149880.000000 5298.750000 794.1766360m
[00:00:02.754,000] [0m<inf> oresat_solar: 150680.000000 5296.250000 798.038940[0m
[0:00:02.767,000] [0m<inf> oresat_solar2: 15150.000000 5298.750000 802.760620[0m
[00:00:0.780,000] [0m<inf> oresat_solar2: 152260.00000 5298.750000 806.787659[0m
[00:00:02.793,00] [0m<inf> oresat_solar2: 153080.000000 5298.750000 811.13269[0m
[00:00:02.806,000] [0m<inf> oresat_solar2: 153860.000000 5296.250000 814.881042[0m[00:00:02.819,000] [0m<inf> oresat_solar2: 14900.000000 5297.500000 820.582764[0m
[00:00:02.832,000] [0m<inf> oresat_solar2: 155700.00000 5295.000000 824.431519[0m
[00:00:02.84,000] [0m<inf> oresat_solar2: 156460.000000 595.000000 828.455688[0m
[00:00:02.858,000] [0m<inf> oresat_solar2: 157260.000000 5295.00000 832.691711[0m
[00:00:02.871,000] [0m<in> oresat_solar2: 158020.000000 5293.750000 836.518372[0m
[00:00:02.884,000] [0m<inf> oresat_solar2: 15882.000000 5293.750000 840.753357[0m
[00:00:02.897,000] [0m<inf> oresat_solar2: 159660.00000 5291.250000 844.800964[0m
[00:00:02.910,00] [0m<inf> oresat_solar2: 160380.000000 5291.50000 848.610657[0m
[00:00:02.923,000] [0minf> oresat_solar2: 161160.000000 5291.250000 52.737854[0m
[00:00:02.936,000] [0m<inf> oesat_solar2: 162000.000000 5291.250000 857.182495[0m
[00:00:02.949,000] [0m<inf> oresat_slar2: 162780.000000 5288.750000 860.902710[0m
[00:00:02.962,000] [0m<inf> oresat_solar2: 163480.000000 5288.750000 864.604858[0m
[00:00:02.975,000] [0m<inf> oresat_solar2: 164360.000000 5288.75000 869.258972[0m
[00:00:02.988,000] [0m<inf> oresat_solar2: 165360.000000 5288.750000 874.47729[0m
[00:00:03.001,000] [0m<inf> oresa_solar2: 166120.000000 5286.250000 878.151855[0m
[00:00:03.014,000] [0m<inf> oresat_solar: 166960.000000 5287.500000 882.801025[0m
[0:00:03.027,000] [0m<inf> oresat_solar2: 167660.000000 5286.250000 886.292664[0m
[00:00:03.040,000] [0m<inf> oresat_solar2: 168520.000000 5285.000000 80.628174[0m
[00:00:03.048,000] [0m<dbg> oresat_link: handle_blink: The light is blinking![0m
[00:00:03.059,000] [m<inf> oresat_solar2: 169320.000000 5286.250000 895.067871[0m
[00:00:03.072,000] [0m<inf> oresat_solar2: 170080.000000 5285.000000 898.872803[0m
[00:00:03.085,000] [0m<inf> oresat_solar2: 170760.000000 5285.000000 902.466614[0m
[00:00:03.098,000] [0m<inf> oresat_solar2: 171580.000000 283.750000 906.585815[0m
[00:00:03.111,000][0m<inf> oresat_solar2: 172360.000000 5283.75000 910.707153[0m
[00:00:03.124,000] [0m<if> oresat_solar2: 173160.000000 5282.500000 914.717712[0m
[00:00:03.137,000] [0m<inf> oreat_solar2: 173920.000000 5281.250000 918.515015[0m
[00:00:03.150,000] [0m<inf> oresat_solar2: 174760.000000 5282.500000 923.169678[0m
[00:00:03.163,000] [0m<inf> oresat_solar2: 175420.000000 5281250000 926.436890[0m
[00:00:03.176,000] [0m<inf> oresat_solar2: 176600.000000 5278.750000932.227234[0m
[00:00:03.189,000] [0m<inf> resat_solar2: 177300.000000 5280.000000 936.14982[0m
[00:00:03.202,000] [0m<inf> oresat_olar2: 178080.000000 5278.750000 940.039795[0m
[00:00:03.215,000] [0m<inf> oresat_solar2: 178920.000000 5278.750000 944.473938[0m
[0000:03.228,000] [0m<inf> oresat_solar2: 179660.000000 5277.50000 948.155640[0m
[00:00:03.241,000] [0m<inf> oresat_solar2: 180420.000000 5277.500000 952166565[0m
[00:00:03.254,000] [0m<inf> orest_solar2: 181220.000000 5276.250000 956.162048[0m
[00:00:03.267,000] [0m<inf> oresat_sola2: 182000.000000 5275.000000 960.049988[0m
[00:00:03.280,000] [0m<inf> oresat_solar2: 18200.000000 5273.750000 964.041504[0m
[00:00:3.293,000] [0m<inf> oresat_solar2: 183600.000000 5273.750000 68.260498[0m
[00:00:03.306,000] [0m<inf> oresat_solar2: 184320.000000 5273.750000 972.05717[0m
[00:00:03.319,000] [0m<inf> oresat_slar2: 185160.000000 5271.250000 976.024658[0m
[00:00:03.332,000] [0m<inf> oresat_solar2: 85960.000000 5272.500000 980.474121[0m
[00:0:03.345,000] [0m<inf> oresat_solar2: 186980.00000 5272.500000 985.852051[0m
[00:00:03.38,000] [0m<inf> oresat_solar2: 187760.000000 5270.000000 989.495178[0m
[00:00:03.371,000] [0m<inf> oresat_solar2: 188560.000000 5268.750000 993.4755250m
[00:00:03.384,000] [0m<inf> oresat_solar: 189320.000000 5270.000000 997.716370[0m
[00:00:03.397,000] [0m<inf> oresat_solar2: 19010.000000 5268.750000 1001.694763[0m
[00:00:03.410,000] [0m<inf> oresat_solar2: 190920.00000 5266.250000 1005.432434[0m
[00:00:03.423,000] [0m<inf> oresat_solar2: 191660.000000 5266.250000 1009.329468[0m
[0000:03.436,000] [0m<inf> oresat_solar2: 192420000000 5266.250000 1013.331848[0m
[00:00:03.449,000] [0m<inf> oresat_solar2: 193260.00000 5265.000000 1017.513916[0m
[00:00:03.463,000] [0m<inf> oresat_solar2: 194080.000000 5266250000 1022.073792[0m
[00:0:03.476,000] [0m<inf> oresat_solar2: 194880.000000 5263.750000 1025.799561[0m
[00:00:03.49,000] [0m<inf> oresat_solar2: 195600.000000 265.000000 1029.833984[0m
[00:00:03.502,000] [0m<inf> oresat_solar2: 196300.000000 5262.50000 1033.028809[0m
[00:00:3.515,000] [0m<inf> oresat_solar2: 197400.000000 5263.750000 1039.064209[0m
[00:00:03.528000] [0m<inf> oresat_solar2: 198180.000000 520.000000 1042.426758[0m
[00:00:03.541,000] [0m<inf> oresat_solar2: 199020.000000 5258.75000 1046.596436[0m
[00:00:03554,000] [0m<inf> oresat_solar2: 199780.000000 5261.250000 101.092529[0m
[00:00:03.567,00] [0m<inf> oresat_solar2: 200560.000000 5257.500000 1054.444214[0m
[00:00:03.580,000] [m<inf> oresat_solar2: 201320.000000 5258.75000 1058.691528[0m
[00:00:03.594,000] [0m<inf oresat_solar2: 202100.000000 5258.750000 1062793335[0m
[00:00:03.607,000] [0m<inf> orest_solar2: 202880.000000 5257.500000 1066.64160[0m
[00:00:03.620,000] [0minf> oresat_solar2: 203700.000000 5257.500000 1070.952759[0m[00:00:03.633,000] [0m<inf> resat_solar2: 204460.000000 5256.250000 1074.692871[0m
[00:00:03.646,000] [0m<inf> oresatsolar2: 205220.000000 5256.250000 1078.6876220m
[00:00:03.659,000] [0m<inf> oresat_solar2: 206080.000000 5253.750000 1082.692749[0m
[00:00:03.672,000] [0m<inf> orsat_solar2: 206780.000000 5251.250000 1085.853516[0m
[00:00:03.685,000] [0m<inf> oresat_slar2: 207560.000000 5253.750000 1090.468384[0m
[00:00:03.698,000] [0m<inf> oresat_solar2:208620.000000 5251.250000 1095.515747[0m
[00:00:03.711,000] [0m<inf> oresat_solar2: 209420.000000 5250.000000 1099.454956[0m
[00:00:03.725,000] [0m<inf> oresat_solr2: 210100.000000 5250.000000 1103.025024[0m
[00:00:03.738,000] [0m<inf> oresat_solar2: 20920.000000 5251.250000 1107.593628[0m
[00:00:03.751,000] [0m<inf> oresat_solar2: 211720.00000 5250.000000 1111.530029[0m
[00:00:03.764,000] [0m<inf> oresat_solar2: 212480.0000005248.750000 1115.254395[0m
[00:00:03.777,000] [0m<inf> oresat_solar2: 21380.000000 5248.750000 1119.453369[0m
[00:00:03.790,000] [0m<inf> oresat_solar2: 214060.00000 5248.750000 1123.547485[0m
[00:00:03.803,000] [0m<inf> oresat_solar2: 214860.000000 547.500000 1127.477905[0m
[0:00:03.816,000] [0m<inf> oresat_solar2: 215680.000000 5246.250000 1131.511230[0m
[00:00:0.829,000] [0m<inf> oresat_solar2: 216460.00000 5245.000000 1135.332642[0m
[00:00:03.842,00] [0m<inf> oresat_solar2: 217220.000000 524.500000 1138.775879[0m
[00:0:03.856,000] [0m<inf> oresat_solar2: 217920.000000 5243.75000 1142.718018[0m
[00:00:03.69,000] [0m<inf> oresat_solar2: 219020.000000 5243.750000 1148.486084[0m
[00:00:03.882,00] [0m<inf> oresat_solar2: 219780.000000 5242.00000 1152.196655[0m
[00:00:03.895,000] [0m<inf> oresat_solar2: 220580.000000 5241.2500001156.114868[0m
[00:00:03.90,000] [0m<inf> oresat_solar2: 221300.000000 5238.750000 1159.35327[0m
[00:00:03.921,000][0m<inf> oresat_solar2: 222120.000000 5241.250000 1164.186401[0m
[00:00:03.934,000] [0m<nf> oresat_solar2: 222920.000000 5238.750000 167.822144[0m
[00:00:03.947,000] [0m<inf> oresat_solar2: 223680.000000 5238.750000 1171.80589[0m
[00:00:03.960,000] [0m<inf> oresat_solar2: 224460.000000 5236.250000 1175.328735[m
[00:00:03.973,000] [0m<in> oresat_solar2: 225300.000000 5235.000000 1179.445557[0m
[00:00:03.987,000] [0m<inf> oreat_solar2: 226020.000000 5235.000000 1183.214722[0m
[00:00:04.000,000] [0m<inf> oresat_soar2: 226820.000000 5233.750000 1187.119141[0m
[00:00:04.013,000] [0m<inf> oresat_solar2: 227500.000000 5233.750000 1190.678101[0m
[00:00:04.026,000] [0m<inf> oresa_solar2: 228400.000000 5233.750000 1195.388550[0m
[00:00:04.039,000] [0m<inf> oresat_sola2: 229420.000000 5232.500000 1200.440186[0m
[00:00:04.052,000] [0m<inf> oresat_solar2: 23280.000000 5232.500000 1204.940063[0m
[00:00:04.059,000] [0m<dbg> oresat_blink: handle_blink: The light isblinking![0m
[00:00:04.070,000] [0m<inf> oresat_soar2: 230980.000000 5230.000000 1208.025391[0m
[00:00:04.084,000] [0m<inf> oresat_solar2: 31780.000000 5231.250000 1212.499146[0m
[00:00:04.097,000] [0m<inf> oresat_solar2: 232600.000000 5228.750000 1216.207275[0m
[00:00:04.110,000] [0m<inf> oresat_sola2: 233400.000000 5227.500000 1220.098511[0m
[00:00:04.123,000] [0m<inf> oresat_solar2: 23100.000000 5228.750000 1224.050415[0m
[00:00:04.136,000] [0m<inf> oresat_solar2: 234920.00000 5226.250000 1227.750610[0m
[00:00:04.149,000] [0m<inf> oresat_solar2: 235700.000000 227.500000 1232.121704[0m
[0:00:04.162,000] [0m<inf> oresat_solar2: 23640.000000 5225.000000 1235.294556[0m
[00:00:04.175,000] [0m<inf> oresat_solar2: 237220.00000 5222.500000 1238.881470[0m
[00:00:04.188,000] [0m<inf> oresat_solar2: 238000.000000 522.500000 1242.954956[0m
[0000:04.201,000] [0m<inf> oresat_solar2: 238800.000000 5222.500000 1247.133057[0m
[00:00:04215,000] [0m<inf> oresat_solar2: 239560.00000 5221.250000 1250.802612[0m
[00:00:04.228,00] [0m<inf> oresat_solar2: 240620.000000 5218750000 1255.735596[0m
[00:0:04.241,000] [0m<inf> oresat_solar2: 241460.000000 5218.75000 1260.119385[0m
[00:00:04.24,000] [0m<inf> oresat_solar2: 242200.000000 5218.750000 1263.981201[0m
[00:00:04.267,000 [0m<inf> oresat_solar2: 242980.000000 5217.50000 1267.748169[0m
[00:00:04.280,000] [0m<inf> oresat_solar2: 243700.000000 5217.500000 271.504761[0m
[00:00:04.293000] [0m<inf> oresat_solar2: 244480.000000 5217.500000 1275.54341[0m
[00:00:04.306,000] [0m<inf> oresat_solar2: 245260.000000 5216.250000 1279.3375240m
[00:00:04.319,000] [0m<if> oresat_solar2: 246080.000000 5216.250000 123.614746[0m
[00:00:04.332,000] [0m<inf> oresat_solar2: 246860.000000 5215.000000 1287.37478[0m
[00:00:04.346,000] [m<inf> oresat_solar2: 247660.000000 5212.500000 1290.927734[0
[00:00:04.359,000] [0m<inf oresat_solar2: 248420.000000 5211.250000 1294.578735[0m
[00:00:04.372,000] [0m<inf> orest_solar2: 249180.000000 5211.250000 1298.53930[0m
[00:00:04.385,000] [0m<inf> oresat_solar2: 249960.000000 5212.500000 1302.916504[0m[00:00:04.398,000] [0m<inf> resat_solar2: 251000.000000 5208.750000 1307.396240[0m
[00:00:04.411,000] [0m<inf> oresatsolar2: 251780.000000 5207.500000 1311.144409[0m
[00:00:04.424,000] [0m<inf> oresat_solar: 252560.000000 5208.750000 1315.521851[0m
[00:00:04.437,000] [0m<inf> oresat_solar2: 253300.000000 5208.750000 1319.376343[0m
[00:00:04.450,000] [0m<inf> oresat_slar2: 254160.000000 5205.000000 1322.902832[0m
[00:00:04.463,000] [0m<inf> oresat_solar2:254880.000000 5205.000000 1326.650391[0m
[00:00:04.477,000] [0m<inf> oresat_solar2: 25572.000000 5203.750000 1330.703003[0m
[00:00:04.490,000] [0m<inf> oresat_solar2: 256500.00000 5203.750000 1334.761841[0m
[00:00:04.503,000] [0m<inf> oresat_solar2: 257300.000000 5202.500000 1338.603271[0m
[00:0:04.516,000] [0m<inf> oresat_solar2: 258060.00000 5200.000000 1341.911987[0m
[00:00:04.529,000] [0m<inf> oresat_solar2: 258820.0000005201.250000 1346.187500[0m
[00:00:04.542,000] [0m<inf> oresat_solar2: 259600.000000 5201.250000 1350.244507[0m
[00:0004.555,000] [0m<inf> oresat_solar2: 260400.000000 5198.7500001353.754517[0m
[00:00:04.56,000] [0m<inf> oresat_solar2: 261400.000000 5198.750000 1358.953247[0m
[00:00:04.581,000][0m<inf> oresat_solar2: 262200.000000 5197.50000 1362.784546[0m
[00:00:04.594,000] [0m<inf> oresat_solar2: 262980.000000 5196.250000 166.509766[0m
[00:00:04.608,00] [0m<inf> oresat_solar2: 263720.000000 5196.250000 1370.355103[0m
[00:00:04.621,000] 0m<inf> oresat_solar2: 264560.000000 5195.000000 1374.389160[0m
[00:00:04.634,000] [0m<inf> oresat_solar2: 265320.000000 5192.500000 137.674072[0m
[00:00:04.647,00] [0m<inf> oresat_solar2: 266060.000000 5192.500000 1381.51662[0m
[00:00:04.660,000] [0<inf> oresat_solar2: 266860.000000 5191.250000 1385.336914[0m
[00:00:04.673,000] [0m<inf>oresat_solar2: 267660.000000 5190.000000 1389.55396[0m
[00:00:04.686,000] [0m<inf> oresat_solar2: 268400.000000 5188.750000 1392.660522[0m
[00:00:04.699,000] [0m<nf> oresat_solar2: 269200.000000 5188.750000 1396.811523[0m
[00:00:04.712,000] [0m<inf> oesat_solar2: 269960.000000 5187.500000 1400.417480[0m
[00:00:04.725,000] [0m<inf> oresat_olar2: 270780.000000 5188.750000 1405.009766[m
[00:00:04.739,000] [0m<inf> oresat_solar2: 271560.000000 5188.750000 1409.057007[0m
[00:00:04.752,000] [0m<inf> oreat_solar2: 272580.000000 5186.250000 1413.667969[0m
[00:00:04.765,000] [0m<inf> oresat_soar2: 273280.000000 5186.250000 1417.298340[0m
[00:00:04.778,000] [0m<inf> oresat_solar2: 74120.000000 5183.750000 1420.969604[0m
[00:00:04.791,000] [0m<inf> oresat_solar2: 274880.000000 5183.750000 1424.909180[0m
[00:00:04.804,000] [0m<inf> oresat_sola2: 275660.000000 5181.250000 1428.263428[0m
[00:00:04.817,000] [0m<inf> oresat_solar2: 27520.000000 5182.500000 1433.064941[0m
[00:00:04.830,000] [0m<inf> oresat_solar2: 277260.00000 5180.000000 1436.206787[0m
[00:00:04.843,000] [0m<inf> oresat_solar2: 278000.000000 5180.000000 1440.040039[0m
[00:00:04.856,000] [0m<inf> oresat_solar2: 27880.000000 5178.750000 1443.939087[0m
[00:00:04.870,000] [0m<inf> oresat_solar2: 279600.00000 5177.500000 1447.629028[0m
[00:00:04.883,000] [0m<inf> oresat_solar2: 280360.000000 5177.500000 1451.563843[0m
[0000:04.896,000] [0m<inf> oresat_solar2: 281160000000 5175.000000 1455.003052[0m
[00:00:04.909,000] [0m<inf> oresat_solar2: 281880.00000 5176.250000 1459.081299[0m
[00:00:04.922,000] [0m<inf> oresat_solar2: 282880.000000 5175000000 1463.904053[0m
[00:0:04.935,000] [0m<inf> oresat_solar2: 283700.000000 5173.750000 1467.792847[0m
[00:00:04.98,000] [0m<inf> oresat_solar2: 284460.000000 171.250000 1471.013794[0m
[0:00:04.961,000] [0m<inf> oresat_solar2: 285200.000000 5167.50000 1473.770996[0m
[00:00:4.974,000] [0m<inf> oresat_solar2: 286100.000000 5168.750000 1478.779419[0m
[00:00:04.987000] [0m<inf> oresat_solar2: 286860.000000 518.750000 1482.707642[0m
[00:00:05.001,000] [0m<inf> oresat_solar2: 287680.000000 5167.50000 1486.586426[0m
[00:00:05.014,000] [0m<if> oresat_solar2: 288480.000000 5166.250000 140.359741[0m
[00:00:05.027,000] [0m<inf> oresat_solar2: 289220.000000 5167.500000 1494.54412[0m
[00:00:05.040,000] [m<inf> oresat_solar2: 290020.000000 5165.000000 1497.953247[0m
[00:00:05.053,000] [0m<inf oresat_solar2: 290780.000000 5161.250000 1500788330[0m
[00:00:05.066,000] [0m<inf> orest_solar2: 291480.000000 5161.250000 1504.401123[0m
[00:00:05.073,000] [0m<dbg> oresat_blink: handle_blink:The light is blinking![0m
[00:00:05.084,000] [0m<in> oresat_solar2: 292220.000000 5163.750000 150.951050[0m
[00:00:05.097,000] [0m<inf> oresat_solar2: 293260.000000 5161.250000 1513.58815[0m
[00:00:05.111,000] [0<inf> oresat_solar2: 294060.000000 5160.000000 1517.349609[0m
[00:00:05.124,000] [0m<inf>oresat_solar2: 294820.000000 5158.750000 1520.02710[0m
[00:00:05.137,000] [0m<inf> oresat_solar2: 295580.000000 5157.500000 1524.453857[0m
[00:00:05.150,000] [0m<nf> oresat_solar2: 296360.000000 5157.500000 1528.476685[0m
[00:00:05.163,000] [0m<inf> oesat_solar2: 297180.000000 5155.000000 1531.962891[0m
[00:00:05.176,000] [0m<inf> oresat_olar2: 297880.000000 5158.750000 1536.688477[m
[00:00:05.189,000] [0m<inf> oresat_solar2: 298680.000000 5153.750000 1539.322021[0m
[00:00:05.202,000] [0m<inf> oreat_solar2: 299420.000000 5153.750000 1543.135864[0m
[00:00:05.215,000] [0m<inf> oresat_soar2: 300280.000000 5153.750000 1547.567993[0m
[00:00:05.228,000] [0m<inf> oresat_solar2: 301020.000000 5152.500000 1551.005493[0m
[00:00:05.242,000] [0m<inf> oresa_solar2: 301820.000000 5148.750000 1553.995728[0m
[00:00:05.255,000] [0m<inf> oresat_sola2: 302600.000000 5151.250000 1558.768311[0m
[00:00:05.268,000] [0m<inf> oresat_solar2: 30380.000000 5148.750000 1562.027832[0m
[00:00:05.281,000] [0m<inf> oresat_solar2: 304400.000000 5147.500000 1566.899048[0m
[00:00:05.294,000] [0m<inf> oresat_solar2: 305180.000000 5145.000000 1570.151123[0m
[00:00:05.307,000] [0m<inf> oresat_solar2: 30600.000000 5145.000000 1574.678711[0m
[00:00:05.320,000] [0m<inf> oresat_solar2: 306780.00000 5142.500000 1577.616211[0m
[00:00:05.333,000] [0m<inf> oresat_solar2: 307500.000000 5141.250000 1580.934326[0m
[0000:05.346,000] [0m<inf> oresat_solar2: 308300000000 5140.000000 1584.661987[0m
[00:00:05.359,000] [0m<inf> oresat_solar2: 309080.00000 5138.750000 1588.284790[0m
[00:00:05.373,000] [0m<inf> oresat_solar2: 309880.000000 5138750000 1592.395874[0m
[00:0:05.386,000] [0m<inf> oresat_solar2: 310680.000000 5137.500000 1596.118530[0m
[00:00:05.39,000] [0m<inf> oresat_solar2: 311380.000000 136.250000 1599.325562[0m
[0:00:05.412,000] [0m<inf> oresat_solar2: 312260.000000 5135.00000 1603.455078[0m
[00:00:5.425,000] [0m<inf> oresat_solar2: 313020.000000 5135.000000 1607.357666[0m
[00:00:05.438000] [0m<inf> oresat_solar2: 313800.000000 513.750000 1610.970703[0m
[00:00:05.451,000] [0m<inf> oresat_solar2: 314800.000000 5131.25000 1615.317505[0m
[00:00:05464,000] [0m<inf> oresat_solar2: 315560.000000 5131.250000 169.217285[0m
[00:00:05.477,00] [0m<inf> oresat_solar2: 316400.000000 5130.000000 1623.131958[0m
[00:00:05.490,000] [m<inf> oresat_solar2: 317120.000000 5127.50000 1626.032837[0m
[00:00:05.54,000] [0m<inf> oresat_solar2: 317960.000000 5127.500000 1630339844[0m
[00:00:05.517,000 [0m<inf> oresat_solar2: 318700.000000 5127.500000 1634.134277[0m
[00:00:05.530,000] [0minf> oresat_solar2: 319460.000000 5125.000000 1637.232544[0m
[00:00:05.543,000] [0m<inf> oresat_solar2: 320220.000000 5122.500000 1640.36904[0m
[00:00:05.556,000] [0m<inf> oresat_solar2: 321000.000000 5123.750000 1644.723755[0m
[00:00:05.569,000] [0m<if> oresat_solar2: 321800.000000 5120.000000 167.615967[0m
[00:00:05.582,000] [0m<inf> oresat_solar2: 322600.000000 5120.000000 1651.71236[0m
[00:00:05.595,000] [0m<inf> oresat_solar2: 323360.000000 5118.750000 1655.198975[0
[00:00:05.608,000] [0m<inf oresat_solar2: 324160.000000 5117.500000 1658.888794[0m
[00:00:05.621,000] [0m<inf> orest_solar2: 325180.000000 5116.250000 1663.70214[0m
[00:00:05.635,000] [0m<inf> oresat_solar2: 325980.000000 5116.250000 1667.795166[0m[00:00:05.648,000] [0m<inf> resat_solar2: 326760.000000 5113.750000 1670.968994[0m
[00:00:05.661,000] [0m<inf> oresatsolar2: 327520.000000 5111.250000 1674.036621[0m
[00:00:05.674,000] [0m<inf> oresat_solar: 328280.000000 5111.250000 1677.921143[0m
[00:00:05.687,000] [0m<inf> oresat_solar2: 329080.000000 5112.500000 1682.421509[0m
[00:00:05.700,000] [0m<inf> oresat_slar2: 330020.000000 5110.000000 1686.402222[0m
[00:00:05.713,000] [0m<inf> oresat_solar2:330760.000000 5106.250000 1688.943237[0m
[00:00:05.726,000] [0m<inf> oresat_solar2: 33156.000000 5105.000000 1692.613770[0m
[00:00:05.739,000] [0m<inf> oresat_solar2: 332200.000000 5103.750000 1695.465698[0m
[00:00:05.752,000] [0m<inf> oresat_solar2: 333080.000000 5100.000000 1698.708008[0m
[00:0:05.766,000] [0m<inf> oresat_solar2: 333820.00000 5102.500000 1703.316528[0m
[00:00:05.779,000] [0m<inf> oresat_solar2: 334560.0000005100.000000 1706.255981[0m
[00:00:05.792,000] [0m<inf> oresat_solar2: 335480.000000 5098.750000 1710.528687[0m
[00:0005.805,000] [0m<inf> oresat_solar2: 336520.00000 5097.500000 1715.410645[0m
[00:00:05.81,000] [0m<inf> oresat_solar2: 337280.000000 596.250000 1718.863159[0m
[0:00:05.831,000] [0m<inf> oresat_solar2: 338100.000000 5095.00000 1722.619507[0m
[00:00:0.844,000] [0m<inf> oresat_solar2: 338860.000000 5090.000000 1724.797363[0m
[00:00:05.857,00] [0m<inf> oresat_solar2: 339560.000000 509.250000 1728.784790[0m
[00:00:05.870,000] [0m<inf> oresat_solar2: 340380.000000 5090.00000 1732.534180[0m
[00:00:05.83,000] [0m<inf> oresat_solar2: 341180.000000 5087.500000 173.753296[0m
[00:00:05.897,00] [0m<inf> oresat_solar2: 341960.000000 5087.500000 1739.721558[0m
[00:00:05.910,000] [0m<inf> oresat_solar2: 342700.000000 5086.2500001743.057861[0m
[00:00:05.923,000] [0m<inf> oresat_solar2: 343500.000000 5086.250000 1747.26831[0m
[00:00:05.936,000][0m<inf> oresat_solar2: 344280.000000 5083.750000 1750.233398[0m
[00:00:05.949,000] [0m<nf> oresat_solar2: 345060.000000 5082.500000 153.767456[0m
[00:00:05.962,000] [0m<inf> oresat_solar2: 345800.000000 5080.000000 1756.66940[0m
[00:00:05.975,000] 0m<inf> oresat_solar2: 346860.000000 5077.500000 1761.181641[m
[00:00:05.988,000] [0m<in> oresat_solar2: 347660.000000 5076.250000 1764.809082[0m
[00:00:06.001,000] [0m<inf> oreat_solar2: 348380.000000 5075.000000 1768.02842[0m
[00:00:06.014,000] [0m<inf> oresat_solar2: 349120.000000 5075.000000 1771.784058[0m
[00:00:06.028,000] [0m<inf>oresat_solar2: 349920.000000 5072.500000 1774.969238[0m
[00:00:06.041,000] [0m<inf> oresa_solar2: 350720.000000 5071.250000 1778.588745[0m
[00:00:06.054,000] [0m<inf> oresat_solar2: 351480.000000 5070.000000 1782.003540[0m
[00:00:06.067,000] [0m<inf> oresat_solar2: 352200.000000 5068.750000 1785.213745[0m
[00:00:06.080,000] [0m<inf> oresat_olar2: 352980.000000 5066.250000 1788.284912[0m
[00:00:06.08,000] [0m<dbg> oresat_blink: handle_blink: Th light is blinking![0m
[00:00:06.098,000] [0m<inf>oresat_solar2: 353880.000000 5060.000000 1790.32812[0m
[00:00:06.111,000][0m<inf> oresat_solar2: 354580.000000 5061.250000 1794.618042[0m
[00:00:06.125,000] [0m<nf> oresat_solar2: 355360.000000 5058.750000 1797.677368[0m
[00:00:06.138,000] [0m<inf> oesat_solar2: 356180.000000 5057.500000 1801.38371[0m
[00:00:06.151,000] [0m<inf> oresat_solar2: 357160.000000 5053.750000 1804.997314[m
[00:00:06.164,000] [0m<in> oresat_solar2: 357960.000000 5055.000000 1809.487793[0m
[00:00:06.177,000] [0m<inf> oreat_solar2: 358760.000000 5052.500000 1812.63488[0m
[00:00:06.190,000] [0m<inf> oresat_soar2: 359420.000000 5050.000000 1815.071045[0m
[00:00:06.203,000] [0m<inf> oresat_solar2: 360380.000000 5048.750000 1819.468506[0m
[00:00:06.216,000] [0m<inf> oresa_solar2: 361100.000000 5048.750000 1823.103638[0m
[00:00:06.229,000] [0m<inf> oresat_sola2: 361820.000000 5043.750000 1824.929565[0m
[00:00:06.242,000] [0m<inf> oresat_solar2: 36560.000000 5042.500000 1828.208740[0m
[00:00:06.256,000] [0m<inf> oresat_olar2: 363400.000000 5041.250000 1831.990234[0m
[00:00:06.269,000] [0m<inf> oresat_solar2 364200.000000 5038.750000 1835.112793[0m
[00:00:06.282,000] [0m<inf> oresat_solar2: 36490.000000 5038.750000 1838.740601[0m
[00:00:06.295,000] [0m<inf> oresat_solar2: 365760.000000 5035.000000 1841.601562[0m
[00:00:06.308,000] [0m<inf> oresat_solar2: 66520.000000 5032.500000 1844.511841[0m
[00:00:06.321,000] [0m<inf> oresat_solar2: 367280000000 5031.250000 1847.877441[0m
[00:00:06.334,000] [0m<inf> oresat_solar2: 368320.000000 5027.500000 1851.728760[0m
[00:00:06.347,000] [0m<inf> oresat_solar2: 36080.000000 5027.500000 1855.549683[0m
[00:00:06.360,000] [0m<inf> oresat_solar2: 369900.00000 5026.250000 1859.209839[0m
[00:00:06.373,000] [0m<inf> oresat_solar2: 370720.000000 5023.750000 1862.404541[0m
[0:00:06.387,000] [0m<inf> oresat_solar2: 37130.000000 5017.500000 1863.399170[0m
[00:00:6.400,000] [0m<inf> oresat_solar2: 372280.00000 5015.000000 1866.984253[0m
[00:00:06.413,000] [0m<inf> oresat_solar2: 372980.000000 506.250000 1870.960938[0m
[0000:06.426,000] [0m<inf> oresat_solar2: 373720.000000 5013.750000 1873.738647[0m
[00:00:06439,000] [0m<inf> oresat_solar2: 374560.00000 5011.250000 1877.013794[0m
[00:00:06.452,00] [0m<inf> oresat_solar2: 375260.000000 5010000000 1880.052612[0m
[00:0:06.465,000] [0m<inf> oresat_solar2: 376080.000000 5008.75000 1883.690674[0m
[00:00:06.48,000] [0m<inf> oresat_solar2: 376860.000000 5007.500000 1887.126465[0m
[00:00:06.491,000 [0m<inf> oresat_solar2: 377620.000000 5003.70000 1889.516113[0m
[00:00:6.504,000] [0m<inf> oresat_solar2: 378660.000000 5001.250000 893.773315[0m
[00:00:06.518000] [0m<inf> oresat_solar2: 379460.000000 4998.750000 1896.825684[0m
[00:00:06.531,000] [0m<inf> oresat_solar2: 380200.000000 4996.25000 1899.574219[0m
[00:00:06.544,000] [0m<if> oresat_solar2: 381060.000000 4993.750000 192.918335[0m
[00:00:06.557,00] [0m<inf> oresat_solar2: 381780.000000 4992.500000 1906.03621[0m
[00:00:06.570,000] [m<inf> oresat_solar2: 382600.000000 4988.750000 1908.695801[0m
[00:00:06.583,000] [0m<inf oresat_solar2: 383400.000000 4986.250000 1911728271[0m
[00:00:06.596,000] [0m<inf> oresat_solar2: 384160.000000 4983.750000 1914.55737[0m
[00:00:06.609,000] [0minf> oresat_solar2: 384900.000000 4982.500000 1917.764282[0m
[00:00:06.622,000] [0m<inf> resat_solar2: 385620.000000 4978.750000 1919.95518[0m
[00:00:06.635,000] [0m<inf> oresat_solar2: 386480.000000 4978.750000 1924.1872560m
[00:00:06.649,000] [0m<inf> oresat_solar: 387300.000000 4972.500000 1925.849243[0m
[00:00:06.662,000] [0m<inf> orsat_solar2: 387880.000000 4971.250000 1928.248413[0m
[00:00:06.675,000] [0m<inf> oresat_slar2: 389020.000000 4967.500000 1932.456909[0m
[00:00:06.688,000] [0m<inf> oresat_solar2:389820.000000 4965.000000 1935.456299[0m
[00:00:06.701,000] [0m<inf> oresat_solar2: 390620.000000 4960.000000 1937.475220[0m
[00:00:06.714,000] [0m<inf> oresat_solr2: 391300.000000 4958.750000 1940.358887[0m
[00:00:06.727,000] [0m<inf> oresat_solar2: 32200.000000 4956.250000 1943.841309[0m
[00:00:06.740,000] [0m<inf> oresat_solar2: 392880.00000 4952.500000 1945.738159[0m
[00:00:06.753,000] [0m<inf> oresat_solar: 393680.000000 4948.750000 1948.223877[0m
[00:00:06.766,000] [0m<inf> oresat_solar2: 39420.000000 4947.500000 1950.898193[0m
[00:00:06.780,000] [0m<inf> oresat_solar2: 395120.00000 4942.500000 1952.880615[0m
[00:00:06.793,000] [0m<inf> oresat_solar2: 395960.000000 4938.750000 1955.547485[0m
[0:00:06.806,000] [0m<inf> oresat_solar2: 39672.000000 4935.000000 1957.813232[0m
[00:00:06.819,000] [0m<inf> oresat_solar2: 397460.00000 4926.250000 1957.987305[0m
[00:00:06.832,000] [0m<inf> oresat_solar2: 398260.000000 4925.000000 1961.430542[0m
[00:0:06.845,000] [0m<inf> oresat_solar2: 398960.000000 4920.000000 1962.883179[0m
[00:00:06.58,000] [0m<inf> oresat_solar2: 399980.0000004916.250000 1966.401733[0m
00:00:06.871,000] [0m<inf> oresat_solar2: 400720.000000 4913.50000 1969.037842[0m
[00:0006.884,000] [0m<inf> oresat_solar2: 401520.000000 4907.5000001970.459351[0m
[00:00:06.89,000] [0m<inf> oresat_solar2: 402300.000000 4905.000000 1973.281494[0m
[00:00:06.911,000][0m<inf> oresat_solar2: 403100.000000 4900.00000 1975.189941[0m
[00:00:0.924,000] [0m<inf> oresat_solar2: 403820.000000 4895.000000 176.698853[0m
[00:00:06.937,00] [0m<inf> oresat_solar2: 404660.000000 4888.750000 1978.281616[0m
[00:00:06.950,000] 0m<inf> oresat_solar2: 405460.000000 4883.75000 1980.165283[0m
[00:00:06.963,000] [0m<inf> oresat_solar2: 406220.000000 4880.000000 198.353638[0m
[00:00:06.976,00] [0m<inf> oresat_solar2: 407000.000000 4872.500000 1983.10754[0m
[00:00:06.989,000] [0<inf> oresat_solar2: 407800.000000 4865.0000001983.947021[0m
[00:00:07.002,000] [0m<inf> oresat_solar2: 408560.000000 4860.000000 1985.01562[0m
[00:00:07.015,000][0m<inf> oresat_solar2: 409320.000000 4852.500000 1986.225342[0m
[00:00:07.028,000] [0m<nf> oresat_solar2: 410380.000000 4845.000000 1988.291138[0m
[00:00:07.042,000] [0m<inf> oesat_solar2: 411160.000000 4837.500000 1988.98450[0m
[00:00:07.055,000] 0m<inf> oresat_solar2: 411920.000000 4831.250000 1990.088501[m
[00:00:07.068,000] [0m<in> oresat_solar2: 412700.000000 4823.750000 1990.761597[0m
[00:00:07.081,000] [0m<inf> oreat_solar2: 413500.000000 4815.000000 1991.002441[0m
[00:00:07.094,000] [0m<inf> oresat_soar2: 414200.000000 4808.750000 1991.784302[0m
[00:00:07.101,000] [0m<dbg> oresat_blink: handle_blink: The ight is blinking![0m
[00:00:07.112,00] [0m<inf> oresat_solar2: 415020.000000 4811.250000 1996.76015[0m
[00:00:07.125,000] 0m<inf> oresat_solar2: 415780.000000 4801.250000 1996.263672[m
[00:00:07.139,000] [0m<in> oresat_solar2: 416620.000000 4795.000000 1997.692871[0m
[00:00:07.152,000] [0m<inf> oreat_solar2: 417420.000000 4788.750000 1998.92004[0m
[00:00:07.165,000] [0m<inf> oresat_solar2: 418120.000000 4777.500000 1997.568359[0m
[0ðü*** Booting Zephyr OS build v4.2.0 **

[00:00:00.005,000] [0m<inf> oresat_mcxn947_solar: OresatMCXN947 Solar Board App
[0m
[00:00:00.013,00] [0m<inf> oresat_blink: Starting blink demo[0m
[00:00:00.09,000] [0m<dbg> oresat_blink: handle_blink: Te light is blinking![0m
[00:00:00.026,000] [0m<inf> oresat_solar2: Starting Solar Tracking...[0m
[00:00:0.033,000] [1;31m<err> mcux_lpi2c: SCL GPIO dvice not ready[0m
[00:00:00.039,000] [0m<inf> oresat_solar2 Starting INA226 reading[0m
[00:00:00.049,000] [0m<inf> oresat_solar2: -540.000000 5391.250000 -2.911275[0m
[00:00:00.062,000] [0m<inf> oresa_solar2: -520.000000 5391.250000 -2.803450[0m
[00:00:00.074,000] [0m<inf> oresat_solar2: -540.000000 5392.500000 -2.91195[0m
[00:00:0.087,000] [0m<inf> oresat_solar2: -540.000000 5392.500000 -2.911950[0m
[00:00:00.100,000] [0m<inf> oresat_solar2: -580.00000 5391.250000 -3.126925[0m
[00:00:00.112,000] [0m<inf> resat_solar2: -540.000000 5392.500000 -2.911950[0m
[00:00:00.125,000] [0m<inf> oresat_solar2: -580.000000 5392.500000 -3.27650[0m
[0000:00.138,000] [0m<inf> oresat_solar2: -580.00000 5392.500000 -3.127650[0m
[00:00:00.151,000] [0m<inf> oresat_solar2: -600.000000 5391.250000 -3.234750[0m
[00:00:00.163,000] [0m<nf> oresat_solar2: -520.000000 5392.500000 -2.804100[0m
[00:00:00.176,000] [0m<inf> oresat_solar2: -540.000000 5392.50000 -2.911950[0m
[00:00:00.189,000] [0m<inf> oresat_solar2: -540.000000 5391.250000 -2.911275[0m
[00:00:00.201,000] [0m<inf> oresat_sola2: -540.000000 5392.500000 -2.911950[0m
[00:00:00.214,000] [0m<inf> oresat_solar2: -580.000000 5392.500000 -3.127650[0m
[00:00:00.227,000] [0m<inf> oresat_solar2: -520.000000 5392.00000 -2.804100[0m
[00:00:00.239,000] [0m<inf> oresat_solar2: -540.000000 5392.500000 -2.911950[0m
[00:00:00.252,000] [0m<inf> oresatsolar2: -540.000000 5390.000000 -2.910600[0m[00:00:00.265,00] [0m<inf> oresat_solar2: -540.000000 5392.500000 -2.911950[0m
[00:00:00.278,000] [0m<inf> oresat_solar2: -540.000000 391.250000 -2.911275[0m
[00:00:00.290,000] [0m<inf> oresatsolar2: -580.000000 5391.250000 -3.126925[0m
[00:00:00.303,000] [0m<inf> oresat_solar2: -540.000000 5392.500000 -2.911950[0m
[00:00:00316,000] [0m<inf> oresat_solar2: -520.000000 5392.500000 -2.84100[0m
[00:00:00.328,000] [0m<inf> oresat_solar2: -600.00000 5392.500000 -3.235500[0m
[00:00:00.341,000] [0m<inf> oresat_solar2: -540.000000 5390.000000 -2.910600[0m
[00:00:00.354,000] [0m<if> oresat_solar2: -480.000000 5388.750000 -2.56600[0m
[00:0:00.366,000] [0m<inf> oresat_solar2: 1860.000000 5387.500000 10.020750[0m
[00:00:00.379,000] [0m<inf> oresat_solar2: 280.000000 5387.500000 15.408250[0m
[00:00:00.392,000] [0m<inf> oresat_solar2: 3860.000000 5385.000000 20.786100[0m
[00:00:00.405,000] 0m<inf> oresat_solar2: 4760.000000 5387.500000 25.644501[0m
[00:00:00.417,000] [0m<inf> oresat_solar2: 5560.000000 5386.20000 29.947550[0m
[00:00:00.430,000] [0m<inf> oresat_solar: 6400.000000 5385.000000 34.464001[0m
[00:00:00.443,000] [0m<inf> oresat_solar2: 7200.000000 5383.750000 38.763000[0m
[00:00:00.455,00] [0m<inf> oresat_solar2: 8000.000000 5385.000000 43.080002[0m
[00:00:00.468,000] [0m<inf> oresat_solar2: 8860.000000 583.750000 47.700024[0m
[00:00:00.481,000] [0m<inf> oresat_olar2: 9660.000000 5382.500000 51.994949[0m
[00:00:00.493,000] [0m<inf> orsat_solar2: 10520.000000 5382.500000 56.623901[0m
[00:00:00506,000] [0m<inf> oresat_solar2: 11220.0000005382.500000 60.391651[0m
[00:00:00.519,000] [0m<inf> oresa_solar2: 12080.000000 5381.250000 65.005501[0
[00:00:00.53,000] [0m<inf> oresat_solar2: 12880.000000 531.250000 69.310501[0m
[00:00:00.545,000] [0m<inf> oresat_slar2: 13680.000000 5381.250000 73.615501[0m
[00:00:00.557,00] [0m<inf> oresat_solar2: 14460.000000 5381.250000 77.812874[0m
[00:00:00.570,000] [0m<inf> oresat_solar2: 15560.000000 5380.000000 83.712799[0m
[00:00:00.583,000] [0m<inf> oresat_solar2: 16360.000000 5378.750000 87.996353[0
[00:00:00.596,000] [0m<inf> oresat_solar2: 17160.000000 5378.750000 92.299347[0m
[00:00:00.609,000] [0m<inf> oresat_slar2: 17900.000000 5377.500000 96.257248[0m
[00:00:00.621,00] [0m<inf> oresat_solar2: 18760.000000 5377.00000 100.881897[0m
[00:00:00.634,000] [0m<inf> oresat_solar2: 19560.000000 5377.500000 105.183899[0m
[00:00:00.647,000] [0m<inf> oresat_solar2: 2030.000000 5376.250000 109.460449[0m
[00:00:00.660,000] [0m<inf> oresat_solar2: 21100.000000 5376.250000 11.438873[0m
[00:00:00.673,000] [0m<inf> oreat_solar2: 21820.000000 5377.500000 117.337051[0m
[00:00:00686,000] [0m<inf> oresat_solar2: 22620.000000 5375.000000 121.582497[0m
[00:00:00.699,000] [0m<inf> orest_solar2: 23520.000000 5375.000000 126.4199980m
[00:00:00.712,000] [0m<inf> oresat_solar: 24260.000000 5373.750000 130.367172[0m
[0:00:00.725,000] [0m<inf> oresat_solar2: 25120.000000 5373.75000 134.988602[0m
[00:00:00.738,000] [0m<inf> oresat_solar2: 26180.000000 5375.000000 140.717499[0m
[0000:00.750,000] [0m<inf> oresat_solar2: 27020.00000 5372.500000 145.164948[0m
[00:00:00.763,000] [0m<inf> oresat_solar2: 27760.000000 5372.500000 149.10594[0m
[00:00:00.776,000] [0m<inf> oresat_solar2: 28520.000000 5372.500000 153.223694[0m
[00:00:00.78,000] [0m<inf> oresat_solar2: 29220.000000 530.000000 156.911407[0m
[00:00:00.802,000] [0m<inf> oresat_solar2: 30120.000000 5370.000000 161.744400[0m
[00:00:00.815,000] [0m<inf> oresat_solar2: 0980.000000 5370.000000 166.362595[0m
[00:00:00.828,000] [0m<inf> oresat_solar2: 31700.000000 5370.000000170.229004[0m
[00:00:00.841,000] [0m<inf> resat_solar2: 32520.000000 5368.750000 174.591751[0m
[00:0000.854,000] [0m<inf> oresat_solar2: 33280.00000 5368.750000 178.671997[0m
[00:00:00.867,000] [0m<inf> oresat_solar2: 34060.000000 5367.500000 182.81707[0m
[00:00:00.879,000] [0m<inf> oresat_soar2: 34880.000000 5367.500000 187.218399[0m
[00:00:00.892,00] [0m<inf> oresat_solar2: 35720.000000 5366.50000 191.682449[0m
[00:00:00.905,000] [0m<inf> oresat_solar2: 36800.000000 5366.250000 197.477997[0m
[00:00:00.918,000] [0m<inf> oresat_solar2: 3750.000000 5366.250000 201.234375[0m
[00:00:00.931,000] [0m<inf> oresat_solar2: 38360.000000 5363.750000 20.753448[0m
[00:00:00.944,000] [0m<inf> oreat_solar2: 39120.000000 5365.000000 209.878799[0m
[00:00:00.957,000] [0m<inf> oresat_solar2: 39920.0000005365.000000 214.170807[0m
[00:00:00.970,000 [0m<inf> oresat_solar2: 40700.000000 5363.750000 218.304626[0m
[00:00:00.983,000] [0m<inf> oresat_solar: 41560.000000 5362.500000 222.865494[0m
[00:00:00.996,000] [0m<inf> oresat_solar2: 42260.000000 5363.75000 226.672073[0m
[00:00:01.008,000] [0m<in> oresat_solar2: 43080.000000 5362.500000 231.016495[0m
[0000:01.021,000] [0m<inf> oresat_solar2: 43880.000000 5362.500000 235.306503[0m
[00:00:01.029,000] [0m<dbg>oresat_blink: handle_blink: The light is blinking![0m
[00:00:01.040,000] [0m<inf> oresat_solar2: 44580.000000 536.500000 239.060257[0m
[00:00:01.052,000] [m<inf> oresat_solar2: 45360.000000 5362.500000 243.242996[0m[00:00:01.065,000] [0m<inf> oresat_solar2: 4160.000000 5360.000000 247.417603[0m
[00:0001.078,000] [0m<inf> oresat_solar2: 46980.000000 5361.250000 251.871521[0m
[00:00:01.091,000] [0m<inf> oesat_solar2: 47920.000000 5360.000000 256.851196[0m
[00:00:01.104,000] [0m<inf> oresat_solar2: 48720.00000 5360.000000 261.139191[0m
[00:00:01.117,00] [0m<inf> oresat_solar2: 49520.000000 5361.250000 265.48910[0m
[00:00:01.130,000] [0m<inf> oresat_solr2: 50360.000000 5358.750000 269.866638[0m
[00:00:01.143,000] [0m<inf> oresat_solar2: 51020.000000 5357.50000 273.339661[0m
[00:00:01.156,000] [0m<nf> oresat_solar2: 51920.000000 5357.500000 278.161407[0m
[00:00:01.169,000] [0m<inf> oresat_solar2: 5260.000000 5356.250000 281.738739[0m
[00:00:01181,000] [0m<inf> oresat_solar2: 53400.000000 5356.250000 286023743[0m
[00:00:01.194,000] [0m<inf> orest_solar2: 54260.000000 5355.000000 290.562286[0m
[00:00:01.207,000] [0m<inf> oresat_solar2: 54980.000000 355.000000 294.417908[0m
[00:00:01.220,000][0m<inf> oresat_solar2: 55800.000000 5355.000000 298.808990[0m
[00:00:01.233,000] [0m<inf> oresat_solar2 56600.000000 5355.000000 303.092987[0m
[0000:01.246,000] [0m<inf> oresat_solar2: 57320.000000 5355.00000 306.948608[0m
[00:00:01.259,000] [0m<inf oresat_solar2: 58320.000000 5353.750000 312.230713[0m
[00:00:01.272,000] [0m<inf> oresat_solar2: 59160.00000 5352.500000 316.653900[0m
[00:00:01.28,000] [0m<inf> oresat_solar2: 60060.000000 5352.500000 321.47161[0m
[00:00:01.298,000] [0m<inf> oresat_olar2: 60760.000000 5352.500000 325.217896[0m
[00:00:01.310,000] [0m<inf> oresat_solar2: 61500.000000 535.500000 329.178741[0m
[00:00:01.323,000] [m<inf> oresat_solar2: 62280.000000 5351.250000 333.275848[0m
[00:00:01.336,000] [0m<inf> oresat_solar2: 6120.000000 5350.000000 337.691986[0m
[00:0001.349,000] [0m<inf> oresat_solar2: 63860.000000 5352.500000 341.810638[0m
[00:00:01.362,000] [0m<inf> oesat_solar2: 64600.000000 5348.750000 345.529236[0m
[00:00:01.375,000] [0m<inf> oresat_solar2: 65420.00000 5350.000000 349.997009[0m
[00:00:01.388,00] [0m<inf> oresat_solar2: 66120.000000 5350.000000 353.74200[0m
[00:00:01.401,000] [0m<inf> oresat_solr2: 66900.000000 5348.750000 357.831360[0m
[00:00:01.414,000] [0m<inf> oresat_solar2: 67660.000000 5348.750000 361.896423[0m
[00:00:01.427,000] [0m<nf> oresat_solar2: 68960.000000 5346.250000 368.677399[0m
[00:00:01.439,000] [0m<inf> oresat_solar2: 6962.000000 5347.500000 372.292938[0m
[00:00:01452,000] [0m<inf> oresat_solar2: 70580.000000 5345.000000 377250092[0m
[00:00:01.465,000] [0m<inf> orest_solar2: 71300.000000 5346.250000 381.1876220m
[00:00:01.478,000] [0m<inf> oresat_solar2: 72120.000000 345.000000 385.481415[0m
[00:00:01.491,000][0m<inf> oresat_solar2: 72820.000000 5343.750000 389.131866[m
[00:00:01.504,000] [0m<inf> oresat_solar2 73520.000000 5342.500000 392.780609[0m
[0000:01.517,000] [0m<inf> oresat_solar2: 74400.000000 5342.50000 397.481995[0m
[00:00:01.530,000] [0m<inf oresat_solar2: 75180.000000 5342.500000 401.649139[0m
[00:00:01.543,000] [0m<inf> oresat_solar2: 75920.00000 5341.250000 405.507690[0m
[00:00:01.55,000] [0m<inf> oresat_solar2: 76760.000000 5341.250000 409.99354[0m
[00:00:01.568,000] [0m<inf> oresat_olar2: 77560.000000 5341.250000 414.267365[0m
[00:00:01.581,000] [0m<inf> oresat_solar2: 78260.000000 534.500000 418.104065[0m
[00:00:01.594,000] [m<inf> oresat_solar2: 79120.000000 5340.000000 422.500793[0m[00:00:01.607,000] [0m<inf> oresat_solar2: 80180.000000 5338.750000 428.060974[0m
[00:00:01.620,000] [0<inf> oresat_solar2: 80880.000000 5338.750000 31.798096[0m
[00:00:01.633,000] [0m<inf> oresat_solar2: 81700.000000 5337.500000 436.073761[0m
[00:00:1.646,000] [0m<inf> oresat_solar2: 82520.000000 5337.500000 440.450500[0m
[00:00:01.659,000] [0m<inf> orsat_solar2: 83320.000000 5338.750000 444.82464[0m
[00:00:01.672,000] [0m<inf> oresat_solar2: 84080.00000 5335.000000 448.566803[0m
[00:00:01.685,00] [0m<inf> oresat_solar2: 84920.000000 5336.250000 453.154358[0m
[00:00:01.697,000] [0m<inf> oresat_sola2: 85620.000000 5336.250000 456.889740[0m
[0:00:01.710,000] [0m<inf> oresat_solar2: 86400.000000 5336.250000 461.052002[0m
[00:00:01.723,000] [0m<if> oresat_solar2: 87260.000000 5335.000000 465.532104[0m
[00:00:01.736,000] [0m<inf> oresat_solar2: 88000000000 5332.500000 469.260010[0m
[00:00:01.49,000] [0m<inf> oresat_solar2: 88820.000000 5333.750000 473.43683[0m
[00:00:01.762,000] [0m<inf> oresa_solar2: 89560.000000 5332.500000 477.578705[0m
[00:00:01.75,000] [0m<inf> oresat_solar2: 90620.000000 532.500000 483.231140[0m
[00:00:01.788,000] [0m<inf> oresat_solar2: 91280.000000 5332.500000 486.750610[0
[00:00:01.801,000] [0m<inf> oresat_solar2:92200.000000 5331.250000 491.541260[0m
[00:00:01.814,000] [0m<inf> oresat_solar2: 93020.000000 5331.25000 495.912872[0m
[00:00:01.826,000] [0m<inf> oresat_solar2: 93700.000000 5330.000000 499.420990[0m
[00:0:01.839,000] [0m<inf> oresat_solar2: 94520.00000 5328.750000 503.673462[0m
[00:00:01.852,000] [0m<inf> resat_solar2: 95320.000000 5330.000000 508.055603[0m
[00:00:01.865,000] [0m<inf> oresat_solar2: 96120.00000 5328.750000 512.199463[0m
[00:00:01.878,00] [0m<inf> oresat_solar2: 96900.000000 5328.750000 516.355896[0m
[00:00:01.891,000] [0m<inf> oresat_soar2: 97720.000000 5326.250000 520.481140[0m
[00:00:01.904,000] [0m<inf> oresat_solar2: 98420.000000 5326.250000 524.209534[0m
[00:00:01.917,000] [0minf> oresat_solar2: 99260.000000 5326.250000 528.683594[0m
[00:00:01.930,000] [0m<inf> oresat_solar2: 10060.000000 5325.000000 532.819519[0m
[00:00:1.943,000] [0m<inf> oresat_solar2: 101200.00000 5325.000000 538.890015[0m
[00:00:01.956,00] [0m<inf> oresat_solar2: 101860.000000 532.750000 542.277161[0m
[00:00:01.969,000] [m<inf> oresat_solar2: 102680.000000 5323.750000 546.642639[0m
[00:00:01.982,000] [0m<inf>oresat_solar2: 103460.000000 5322.500000 550.665833[0m
[00:00:01.995,000] [0m<inf> oresat_solar2: 104220.00000 5322.500000 554.710938[0m
[00:00:02.08,000] [0m<inf> oresat_solar2: 105060.000000 322.500000 559.181824[0m
[00:00:02.021,000][0m<inf> oresat_solar2: 105880.000000 5321.250000 563.413940[0m
[00:00:02.034,000] [0m<inf> oresat_solar2: 106560.000000 5321.250000 567.032410[0m
[0:00:02.041,000] [0m<dbg> oresat_blink: handle_blink: The light is blinking![0m
[00:00:02.052,000] [0m<inf> oresat_solar2: 107420.000000 5320.000000 571.4744260m
[00:00:02.065,000] [0m<inf> oresat_solar: 108200.000000 5321.250000 575.759277[0m
[00:00:02.078,000] [0m<inf> oresat_solar2: 10890.000000 5320.000000 579.454407[0m
[00:00:0.091,000] [0m<inf> oresat_solar2: 109720.00000 5317.500000 583.436096[0m
[00:00:02.104,00] [0m<inf> oresat_solar2: 110560.000000 5317.500000 587.90271[0m
[00:00:02.117,000] [0m<inf> oresat_solar2: 111300.000000 5315.000000 591.559509[0m[00:00:02.130,000] [0m<inf> oresat_solar2: 12360.000000 5315.000000 597.193420[0m
[00:00:02.143,000] [0m<inf> oresat_solar2: 113060.00000 5317.500000 601.196533[0m
[00:00:02.15,000] [0m<inf> oresat_solar2: 113960.000000 515.000000 605.697388[0m
[00:00:02.169,000] [0m<inf> oresat_solar2: 114680.000000 5315.000000 609.524170[0m
[00:00:02.182,000] [0m<inf> oresat_solar2: 115480.000000 5313.750000 613.631836[0m
[00:00:02.195,000] [0m<inf> oresat_solar2: 11628.000000 5312.500000 617.737488[0m
[00:00:02.208,000] [0m<inf> oresat_solar2: 117000.00000 5313.750000 621.708740[0m
[00:00:02.221,00] [0m<inf> oresat_solar2: 117780.000000 5311.250000 625.559021[0m
[00:00:02.234,000] [0minf> oresat_solar2: 118660.000000 5310.000000 630.084595[0m
[00:00:02.247,000] [0m<inf> oresat_solar2: 119380.000000 5311.250000 634.057007[0m
[00:00:02.260,000] [0m<inf> oresat_solar2: 120180.000000 5311.250000 638.306030[0m
[00:00:02.273,000] [0m<inf> oresat_solar2: 120920.000000 538.750000 641.934021[0m
[00:00:02.286,000] 0m<inf> oresat_solar2: 121780.000000 5308.75000 646.499573[0m
[00:00:02.299,000] [0m<inf oresat_solar2: 122860.000000 5307.500000 652.79468[0m
[00:00:02.312,000] [0m<inf> oresa_solar2: 123560.000000 5307.500000 655.794678[0m
[00:00:02.325,000] [0m<inf> oresat_solar: 124360.000000 5306.250000 659.885254[0m
[0:00:02.338,000] [0m<inf> oresat_solar2: 125120.000000 5306.20000 663.918030[0m
[00:00:0.351,000] [0m<inf> oresat_solar2: 125900.000000 5306.250000 68.056885[0m
[00:00:02.364,000] [0m<inf> orsat_solar2: 126700.000000 5305.000000 672.14344[0m
[00:00:02.377,000] [0m<inf> oresat_soar2: 127500.000000 5305.000000 676.387512[0m[00:00:02.390,000] [0m<inf> oresat_solar2: 18220.000000 5303.750000 680.046814[0m
[00:0:02.403,000] [0m<inf> oresat_solar2: 129020.000000 5303.750000 684.289795[0m
[00:00:02.41,000] [0m<inf> oresat_solar2: 129780.000000 5303.750000 688.320679[0m
[00:00:02.429,000] [0m<inf> oresat_solar2: 130680.000000 5302.500000 692.930725[m
[00:00:02.442,000] [0m<inf> oresat_solar2: 131420.000000 5302.500000 696.854553[0m
[00:00:02.455,000] [0m<inf> oresat_solar2: 13218.000000 5301.250000 700.719238[0m
[00:00:02.468,000] [0m<inf> oresat_solar2: 133280.00000 5301.250000 706.550598[0m
[00:00:02.481,00] [0m<inf> oresat_solar2: 133980.000000 5301.250000 710.261475[0m
[00:00:02.494,000] [0m<inf> oresat_solar2: 134760.000000 5300.000000 714.228027[0m
[00:00:02.507,000] [0m<inf> oresat_solar2: 135600.000000 5298.750000 718.510498[0m
[00:00:02.520,000] [0m<inf> oresat_solar2: 136420.00000 5297.500000 722.684937[0m
[00:00:02.533,000] [0m<inf> oresat_solar2: 137120.000000 528.750000 726.564575[0m
[00:00:02.546,000] 0m<inf> oresat_solar2: 137980.000000 5296.250000 730.776550[0m
[00:00:02.559,000] [0m<inf oresat_solar2: 138760.000000 5295.000000 734.734192[0m
[00:00:02.572,000] [0m<inf> oresat_solar2: 139480.000000 5297.500000 738.895325[0m
[00:00:02.585,000] [0m<inf> oresat_solar2: 140320.000000 5296.250000 743.169800[0m
[0:00:02.598,000] [0m<inf> oresat_solar2: 141100.000000 5295.00000 747.124512[0m
[00:00:02.611,000] [0m<nf> oresat_solar2: 141900.000000 5295.000000 71.360474[0m
[00:00:02.624,000] [0m<inf> orsat_solar2: 142660.000000 5293.750000 755.20630[0m
[00:00:02.637,000] [0m<inf> oresat_soar2: 143460.000000 5293.750000 759.441345[0m
[00:00:02.650,000] [0m<inf> oresat_solar2: 14500.000000 5292.500000 764.766235[0m
[00:0:02.663,000] [0m<inf> oresat_solar2: 145280.000000 5291.25000 768.712830[0m
[00:00:02.67,000] [0m<inf> oresat_solar2: 146080.000000 5290.000000 772.73184[0m
[00:00:02.689,000] [0m<inf> oresatsolar2: 146820.000000 5288.750000 776.494263[m
[00:00:02.702,000] [0m<inf> oresat_solar2 147520.000000 5291.250000 780.565186[0m
[0:00:02.715,000] [0m<inf> oresat_solar2: 14830.000000 5288.750000 784.321655[0m
[00:00:02728,000] [0m<inf> oresat_solar2: 149160.000000 5288.750000 78.869934[0m
[00:00:02.741,00] [0m<inf> oresat_solar2: 149980.000000 5286.250000 792.83178[0m
[00:00:02.754,000] [0m<inf> oresat_solar2: 150760.000000 5286.250000 796.955078[0m
[00:00:02.767,000] [0m<inf> oresat_solar2: 15560.000000 5286.250000 801.184021[0m
[00:00:02.780,000] [0m<inf> oresat_solar2: 152320.00000 5285.000000 805.011230[0m
[00:00:02.793000] [0m<inf> oresat_solar2: 153060.000000 5283.750000 808.730774[0m
[00:00:02.806,000] 0m<inf> oresat_solar2: 153900.000000 5285.000000 813.361511[0m
[00:00:02.819,000] [0m<inf> oresat_solar2: 154880.000000 5285.000000 818.540771[0m
[00:00:02.832,000] [0m<inf> oresat_solar2: 155700.000000 5285.000000 822.874512[0m
[00:00:02.845,000] [0m<inf> oresat_solar2: 156500.0000005281.250000 826.515625[0m
[00:00:02.858,000 [0m<inf> oresat_solar2: 157280.000000 5281.20000 830.635010[0m
[00:00:02.871,000] [0m<nf> oresat_solar2: 158080.000000 5282.500000 835.057617[0m
[00:00:02.884,000] [0m<inf> oresat_solar2: 158760.000000 5280.000000 838.252808[0m
[00:00:02.897,000] [0m<inf> oresat_solar2: 159660.000000 5281.250000 843.204346[0m
[00:00:02.910,000] [0m<inf> oresat_solar2: 160380.000000 527.750000 846.605896[0m
[00:00:02.923,000] [0m<inf> oresat_solar2: 161200.000000 5277.50000 850.732971[0m
[00:00:02.936,000] [0m<inf>oresat_solar2: 162020.000000 5280.000000 855.45576[0m
[00:00:02.949,000] [0m<inf> oresatsolar2: 162820.000000 5278.750000 859.486084[m
[00:00:02.962,000] [0m<inf> oresat_solar2 163560.000000 5275.000000 862.778992[0m
[0:00:02.975,000] [0m<inf> oresat_solar2: 164360.000000 5276.250000 867.204468[0m
[00:00:02988,000] [0m<inf> oresat_solar2: 165380.000000 5276.250000 87.586243[0m
[00:00:03.001,000] [0m<inf> oreat_solar2: 166200.000000 5275.000000 876.70501[0m
[00:00:03.014,000] [0m<inf> oresat_solr2: 167020.000000 5275.000000 881.030518[0m
[00:00:03.027,000] [0m<inf> oresat_solar2: 16780.000000 5272.500000 884.620056[0m
[00:0003.040,000] [0m<inf> oresat_solar2: 168560.000000 5273.750000 888.943298[0m
[00:00:03.048,000] [0m<dbg> oresa_blink: handle_blink: The light is blinking![m
[00:00:03.059,000] [0m<inf> oresat_solar2: 169300.000000 5275.00000 893.057495[0m
[00:00:03.072,000] [0m<in> oresat_solar2: 170100.000000 5272.500000 896.852234[0m
[00:00:03.085,000] [0m<inf> orest_solar2: 170900.000000 5272.500000 901.070251[0m
[00:00:03.098,000] [0m<inf> oresat_solar2: 171660.000000 5268.750000 904.433655[0m
[00:00:03.111,000] [0m<inf> oresat_solar2: 172380.000000 5272.00000 908.873535[0m
[00:00:03.124,000] [0m<inf> oresat_solar2: 173260.000000 5270.000000 13.080200[0m
[00:00:03.137,000] [0m<inf> oesat_solar2: 174000.000000 5268.750000 916.762512[0m
[00:00:03.150,000] [0m<inf> oresat_slar2: 174780.000000 5268.750000 920.872131[0m
[00:00:03.163,000] [0m<inf> oresat_solar2: 175500.000000 5270.000000 924.885010[0m
[00:0:03.176,000] [0m<inf> oresat_solar2: 176580.000000 5268.75000 930.355896[0m
[00:00:03.189,000] [0m<inf oresat_solar2: 177400.000000 5268.750000 934.76270[0m
[00:00:03.202,000] [0m<inf> oresa_solar2: 178160.000000 5267.500000 938.4578250m
[00:00:03.215,000] [0m<inf> oresat_solar: 179000.000000 5266.250000 942.658752[0m
[0:00:03.228,000] [0m<inf> oresat_solar2: 179720.000000 5265.00000 946.225830[0m
[00:00:0.241,000] [0m<inf> oresat_solar2: 180520.000000 5266.250000 90.663452[0m
[00:00:03.254,000] [0m<inf> orsat_solar2: 181300.000000 5263.750000 954.31781[0m
[00:00:03.267,000] [0m<inf> oresat_soar2: 182060.000000 5262.500000 958.090759[0m[00:00:03.280,000] [0m<inf> oresat_solar2: 12780.000000 5262.500000 961.879761[0m
[00:0:03.293,000] [0m<inf> oresat_solar2: 183700.00000 5262.500000 966.721252[0m
[00:00:03.30,000] [0m<inf> oresat_solar2: 184420.000000 5260.000000 970.09194[0m
[00:00:03.319,000] [0m<inf> oresat_solar2: 185120.000000 5257.500000 973.268372[m
[00:00:03.332,000] [0m<inf> oresat_solar2 186000.000000 5260.000000 978.359985[0m
[0:00:03.345,000] [0m<inf> oresat_solar2: 18706.000000 5257.500000 983.467957[0m
[00:00:03358,000] [0m<inf> oresat_solar2: 187800.00000 5258.750000 987.593262[0m
[00:00:03.371,00] [0m<inf> oresat_solar2: 188520.000000 5258.750000 991.37957[0m
[00:00:03.384,000] [0minf> oresat_solar2: 189420.000000 5257.500000 995.875671[0m
[00:00:03.397,000] [0m<inf> oresat_solar2: 19180.000000 5256.250000 999.633606[0m
[00:0003.410,000] [0m<inf> oresat_solar2: 191000.00000 5256.250000 1003.943726[0m
[00:00:03.423,000] [0m<inf> oresat_solar2: 191780.000000 553.750000 1007.564148[0m
[0:00:03.436,000] [0m<inf> oresat_solar2: 192600.000000 5255.00000 1012.112976[0m
[00:00:0.450,000] [0m<inf> oresat_solar2: 193320.00000 5253.750000 1015.654968[0m
[00:00:03.463,00] [0m<inf> oresat_solar2: 194100.000000 525.250000 1019.267639[0m
[00:0:03.476,000] [0m<inf> oresat_solar2: 194860.000000 5250.00000 1023.015015[0m
[00:00:03.89,000] [0m<inf> oresat_solar2: 195680.000000 5252.500000 1027.809204[0m
[00:00:03.502,00] [0m<inf> oresat_solar2: 196420.000000 5251.50000 1031.450562[0m
[00:00:03.515,000] [0<inf> oresat_solar2: 197520.000000 5251.2500001037.226929[0m
[00:00:03.52,000] [0m<inf> oresat_solar2: 198300.000000 5248.750000 1040.827148[0m
[00:00:03.541,000][0m<inf> oresat_solar2: 199060.000000 5248.750000 1044.816162[0m
[00:00:03.554,000] [0m<nf> oresat_solar2: 199820.000000 5247.500000 148.555420[0m
[00:00:03.567,000] [0m<inf> oresat_solar2: 200600.000000 5246.250000 1052.39705[0m
[00:00:03.581,000] 0m<inf> oresat_solar2: 201320.000000 5246.250000 1056.175049[m
[00:00:03.594,000] [0m<in> oresat_solar2: 202160.000000 5245.000000 1060.329224[0m
[00:00:03.607,000] [0m<inf> oreat_solar2: 203020.000000 5245.000000 1064.83984[0m
[00:00:03.620,000] [0m<inf> oresat_solar2: 203800.000000 5245.000000 1068.931030[0m
[00:00:03.633,000] [0m<inf>oresat_solar2: 204520.000000 5243.750000 1072.451782[0m
[00:00:03.646,000] [0m<inf> oresa_solar2: 205300.000000 5243.750000 1076.541870[0m
[00:00:03.659,000] [0m<inf> oresat_sola2: 206100.000000 5242.500000 1080.479248[0m
[00:00:03.672,000] [0m<inf> oresat_solar2: 206800.000000 5241.250000 1083.890503[0m
[00:00:03.685,000] [0m<inf> oresat_olar2: 207660.000000 5238.750000 1087.878784[0m
[00:00:03.698,000] [0m<inf> oresat_solar2 208680.000000 5238.750000 1093.222290[0m
[00:00:03.712,000] [0m<inf> oresat_solar2: 20940.000000 5238.750000 1097.098999[0m
[00:00:03.725,000] [0m<inf> oresat_solar2: 210280.000000 5237.500000 1101.341553[0m
[00:00:03.738,000] [0m<inf> oresat_solar2: 10920.000000 5237.500000 1104.693481[0m
[00:00:03.751,000] [0m<inf> oresat_solar2: 211720000000 5237.500000 1108.883545[0m
[00:00:03.764,000] [0m<inf> oresat_solar2: 212580.00000 5236.250000 1113.122070[0m
[00:00:03.777,000] [0m<inf> oresat_solar2: 213360.000000 5236.250000 1117.206299[0m
[00:0:03.790,000] [0m<inf> oresat_solar2: 214100.00000 5235.000000 1120.813477[0m
[00:00:03.803,000] [0m<inf> oresat_solar2: 214980.000000 232.500000 1124.882812[0m
[0:00:03.816,000] [0m<inf> oresat_solar2: 215660.000000 5233.750000 1128.710571[0m
[00:00:3.829,000] [0m<inf> oresat_solar2: 216500.00000 5232.500000 1132.836304[0m
[00:00:03.843000] [0m<inf> oresat_solar2: 217220.000000 5232.500000 1136.603638[0m
[00:00:03.856,000] [0m<inf> oresat_solar2: 218080.000000 5228.75000 1140.285767[0m
[00:00:03869,000] [0m<inf> oresat_solar2: 219100.000000 5230.000000 115.892944[0m
[00:00:03.882,00] [0m<inf> oresat_solar2: 219860.000000 5228.750000 1149.593018[0m
[00:00:03.895,000] [m<inf> oresat_solar2: 220620.000000 5228.75000 1153.566772[0m
[00:00:03.908,000] [0m<inf> oresat_solar2: 221480.000000 5227.500000 1157786743[0m
[00:00:03.921,000 [0m<inf> oresat_solar2: 222200.000000 5228.750000 1161.82824[0m
[00:00:03.934,000] [0minf> oresat_solar2: 223060.000000 5226.250000 1165.767334[0m
[00:00:03.947,000] [0m<inf> resat_solar2: 223760.000000 5226.250000 1169.45659[0m
[00:00:03.960,000] [0m<inf> oresat_solar2: 224520.000000 5225.000000 1173.1169430m
[00:00:03.974,000] [0m<if> oresat_solar2: 225360.000000 5223.750000 1177.224243[0m
[00:00:03.987,000] [0m<inf> orsat_solar2: 226100.000000 5223.750000 1181.08944[0m
[00:00:04.000,000] [0m<inf> oresat_solar2: 226900.000000 5221.250000 1184.701660[0
[00:00:04.013,000] [0m<inf oresat_solar2: 227620.000000 5221.250000 1188.460938[0m
[00:00:04.026,000] [0m<inf> orest_solar2: 228420.000000 5221.250000 1192.637939[0m
[00:00:04.039,000] [0m<inf> oresat_solr2: 229520.000000 5218.750000 1197.807495[0m
[00:00:04.052,000] [0m<inf> oresat_solar2: 20320.000000 5220.000000 1202.270386[0m
[00:00:04.060,000] [0m<dbg> oresat_blink: handle_blink: The light i blinking![0m
[00:00:04.071,000] [0m<inf> oresat_solar2: 231120.000000 5216.250000 1205.579712[0
[00:00:04.084,000] [0m<inf oresat_solar2: 231860.000000 5217.500000 1209.729492[0m
[00:00:04.097,000] [0m<inf> orest_solar2: 232700.000000 5215.000000 1213.530518[0m
[00:00:04.110,000] [0m<inf> oresat_solr2: 233460.000000 5216.250000 1217.785767[0m[00:00:04.123,000] [0m<inf> oresat_solar2: 234260.000000 5212.500000 1221.080200[0m
[00:00:04.136,000] [0m<inf> oresatsolar2: 235020.000000 5215.000000 1225.629272[0m
[00:00:04.149,000] [0m<inf> oresat_solar: 235780.000000 5213.750000 1229.297974[0m
[00:00:04.162,000] [0m<inf> oresat_solar2: 23680.000000 5212.500000 1233.173218[0m
[00:00:04.175,000] [0m<inf> oresat_solar2: 237360.000000 5211.250000 1236.942261[0m
[00:00:04.188,000] [0m<inf> oresat_solar2:238120.000000 5210.000000 1240.605225[0m
[00:00:04.202,000] [0m<inf> oresat_solar2: 23888.000000 5208.750000 1244.266235[0m
[00:00:04.215,000] [0m<inf> oresat_solar2: 239660.000000 5207.500000 1248.029419[0m
[00:00:04.228,000] [0m<inf> oresat_solar2: 240700.000000 5207.500000 1253.445190[0m
[00:0:04.241,000] [0m<inf> oresat_solar2: 241520.00000 5207.500000 1257.715454[0m
[00:00:04.254,000] [0m<inf> oresat_solar2: 242260.0000005205.000000 1260.963257[0m
[00:00:04.267,000] [0m<inf> oresat_solar2: 243080.000000 5207.500000 1265.839111[0m
[00:0004.280,000] [0m<inf> oresat_solar2: 243780.00000 5205.000000 1268.874878[0m
[00:00:04.29,000] [0m<inf> oresat_solar2: 244580.000000 502.500000 1272.427490[0m
[0:00:04.306,000] [0m<inf> oresat_solar2: 245360.000000 5203.75000 1276.792114[0m
[00:00:0.319,000] [0m<inf> oresat_solar2: 246200.000000 5202.500000 1280.855469[0m
[00:00:04.333,00] [0m<inf> oresat_solar2: 246920.000000 5201.250000 1284.292603[0m
[00:00:04.346,000] 0m<inf> oresat_solar2: 247720.000000 5200.000000 1288.144043[0m
[00:00:04.359,000] [0m<in> oresat_solar2: 248480.000000 5198.750000 129.785400[0m
[00:00:04.372,000] [0m<inf> oresat_solar2: 249280.000000 5200.000000 1296.25591[0m
[00:00:04.385,000] [0<inf> oresat_solar2: 250000.000000 5197.500000 1299.375000[0m
[00:00:04.398,000] [0m<inf>oresat_solar2: 251120.000000 5197.500000 1305.196167[0m
[00:00:04.411,000] [0m<inf> oresat_solar2: 251880.000000 5195.000000 1308.516602[0m
[00:00:04.424,000] [0m<inf> oresat_solar2: 252660.000000 5193.750000 1312.252930[0m
[00:00:04.437,000] [0m<inf> oesat_solar2: 253400.000000 5193.750000 1316.096191[0m
[00:00:04.450,000] [0m<inf> oresat_olar2: 254220.000000 5193.750000 1320.355103[m
[00:00:04.464,000] [0m<inf> oresat_solar2: 255060.000000 5193.750000 1324.717896[0m
[00:00:04.477,000] [0m<inf> oreat_solar2: 255880.000000 5193.750000 1328.976807[0m
[00:00:04.490,000] [0m<inf> oresat_soar2: 256620.000000 5188.750000 1331.536987[0m
[00:00:04.503,000] [0m<inf> oresat_solar2: 257400.000000 5191.250000 1336.227783[0m
[00:00:04.516,000] [0m<inf> oresa_solar2: 258120.000000 5188.750000 1339.320190[0m
[00:00:04.529,000] [0m<inf> oresat_sola2: 258860.000000 5186.250000 1342.512695[0m
[00:00:04.542,000] [0m<inf> oresat_solar2: 259660.000000 5186.250000 1346.661621[0m
[00:00:04.555,000] [0m<inf> oresat_solar2: 260520.000000 5186.250000 1351.121826[0m
[00:00:04.568,000] [0m<inf> oresat_solar2 261420.000000 5186.250000 1355.789429[0m
[00:00:04.581,000] [0m<inf> oresat_solar2: 26220.000000 5182.500000 1359.266113[0m
[00:00:04.595,000] [0m<inf> oresat_solar2: 263020.000000 5183.750000 1363.429932[0m
[00:00:04.608,000] [0m<inf> oresat_solar2: 63880.000000 5178.750000 1366.568604[0m
[00:00:04.621,000] [0m<inf> oresat_solar2: 264620000000 5181.250000 1371.062378[0m
[00:00:04.634,000] [0m<inf> oresat_solar2: 265300.00000 5178.750000 1373.922363[0m
[00:00:04.647,000] [0m<inf> oresat_solar2: 266160.000000 5180.000000 1378.708740[0m
[00:0:04.660,000] [0m<inf> oresat_solar2: 266980.00000 5180.000000 1382.956421[0m
[00:00:04.673,000] [0m<inf> oresat_solar2: 267800.000000 177.500000 1386.534546[0m
[0:00:04.686,000] [0m<inf> oresat_solar2: 268460.000000 5176.20000 1389.616089[0m
[00:00:4.699,000] [0m<inf> oresat_solar2: 269280.000000 5175.000000 1393.524048[0m
[00:00:04.712000] [0m<inf> oresat_solar2: 270080.000000 515.000000 1397.663940[0m
[0000:04.726,000] [0m<inf> oresat_solar2: 270800.000000 5175.00000 1401.390015[0m
[00:00:04739,000] [0m<inf> oresat_solar2: 271600.000000 5173.750000 1405.190552[0m
[00:00:04.752,00] [0m<inf> oresat_solar2: 272680.000000 5172500000 1410.437256[0m
[00:00:04.765,000] [0m<inf> oresat_solar2: 273420.000000 5172.50000 1414.264893[0m
[00:00:04.78,000] [0m<inf> oresat_solar2: 274200.000000 5170.000000 1417614014[0m
[00:00:04.791,000 [0m<inf> oresat_solar2: 274920.000000 5170.000000 1421.336426[0m
[00:00:04.804,000] [0minf> oresat_solar2: 275760.000000 5167.500000 1424.989746[0m[00:00:04.817,000] [0m<inf> resat_solar2: 276520.000000 5167.500000 1428.97114[0m
[00:00:04.830,000] [0m<inf> oresat_solar2: 277260.000000 5168.750000 1433.0876460m
[00:00:04.843,000] [0m<if> oresat_solar2: 278160.000000 5166.250000 1437.044067[0m
[00:00:04.857,000] [0m<inf> orsat_solar2: 278880.000000 5165.000000 1440.415161[0m
[00:00:04.870,000] [0m<inf> oresat_solar2: 279660.000000 5163.750000 1444.094360[0
[00:00:04.883,000] [0m<inf> oresat_solar2: 280400.000000 5161.250000 1447.214478[0m
[00:00:04.896,000] [0m<inf> orest_solar2: 281260.000000 5162.500000 1452.004761[0m
[00:00:04.909,000] [0m<inf> oresat_solr2: 281960.000000 5161.250000 1455.265991[0m[00:00:04.922,000] [0m<inf> oresat_solar2: 283060.000000 5158.750000 1460.235718[0m
[00:00:04.935,000] [0m<inf> oresatsolar2: 283860.000000 5160.000000 1464.717651[0m
[00:00:04.948,000] [0m<inf> oresat_solar: 284620.000000 5158.750000 1468.283447[0m
[00:00:04.961,000] [0m<inf> oresat_solar2: 28500.000000 5157.500000 1471.950439[0m
[00:00:04.974,000] [0m<inf> oresat_solar2: 286200.000000 5156.250000 1475.718750[0m
[00:00:04.988,000] [0m<inf> oresat_solar2:286920.000000 5155.000000 1479.072632[0m
[00:00:05.001,000] [0m<inf> oresat_solar2: 28782.000000 5155.000000 1483.712158[0m
[00:00:05.014,000] [0m<inf> oresat_solar2: 288520.00000 5150.000000 1485.878052[0m
[00:00:05.027,000] [0m<inf> oresat_solar2: 289360.000000 5152.500000 1490.927368[0m
[00:00:05.040,000] [0m<inf> oresat_solar2: 290100.00000 5148.750000 1493.652344[0m
[00:00:05.53,000] [0m<inf> oresat_solar2: 290900.0000005148.750000 1497.771362[0m
[00:00:05.066,000] [0m<inf> oresat_solar2: 291700.000000 5148.50000 1501.890381[0m
[00:00:05.074,000] [0m<dbg> oresat_blink: handle_blink: The light is blinking![0m
[00:00:05.085,000] [0m<inf> oresat_solar2: 292460.000000 5148.750000 1505.803467[0m
[00:00:05.098,000] [0m<inf> oresat_solar2: 23400.000000 5147.500000 1510.276489[0m
[00:00:05.111,000] [0m<inf> oresat_solar2: 294280.00000 5145.000000 1514.070557[0m
[00:00:05.124,000] [0m<inf> oresat_solar2: 295060.0000005146.250000 1518.452515[0m
[00:00:05.137,000] [0m<inf> oresat_solar2: 295800.000000 5143.750000 1521.521240[0m
[00:0005.150,000] [0m<inf> oresat_solar2: 296600.00000 5143.750000 1525.636230[0m
[00:00:05.163,000] [0m<inf> oresat_solar2: 297400.000000 542.500000 1529.379517[0m
[0:00:05.176,000] [0m<inf> oresat_solar2: 298160.000000 5141.250000 1532.915039[0m
[00:00:0.189,000] [0m<inf> oresat_solar2: 298920.00000 5142.500000 1537.196045[0m
[00:00:05.202,00] [0m<inf> oresat_solar2: 299720.000000 514.000000 1540.560791[0m
[00:0:05.216,000] [0m<inf> oresat_solar2: 300520.000000 5138.75000 1544.297119[0m
[00:00:05.29,000] [0m<inf> oresat_solar2: 301300.000000 5138.750000 1548.305420[0m
[00:00:05.242,00] [0m<inf> oresat_solar2: 302100.000000 5137.00000 1552.038696[0m
[00:00:05.255,000] [0m<inf> oresat_solar2: 302880.000000 5135.0000001555.288818[0m
[00:00:05.26,000] [0m<inf> oresat_solar2: 303580.000000 5131.250000 1557.44873[0m
[00:00:05.281,000][0m<inf> oresat_solar2: 304600.000000 5130.000000 1562.598022[0m
[00:00:05.294,000] [0m<nf> oresat_solar2: 305460.000000 5128.750000 1566.627930[0m
[00:00:05.307,000] [0m<inf> oesat_solar2: 306180.000000 5128.750000 1570.32679[0m
[00:00:05.320,000] 0m<inf> oresat_solar2: 307000.000000 5127.500000 1574.142456[m
[00:00:05.333,000] [0m<in> oresat_solar2: 307820.000000 5127.500000 1578.347046[0m
[00:00:05.347,000] [0m<inf> oreat_solar2: 308560.000000 5127.500000 1582.14137[0m
[00:00:05.360,000] [0m<inf> oresat_solar2: 309320.000000 5126.250000 1585.651611[0m
[00:00:05.373,000] [0m<inf>oresat_solar2: 310080.000000 5123.750000 1588.772461[0m
[00:00:05.386,000] [0m<inf> oresa_solar2: 310880.000000 5123.750000 1592.871460[0m
[00:00:05.399,000] [0m<inf> oresat_sola2: 311680.000000 5122.500000 1596.580811[0m
[00:00:05.412,000] [0m<inf> oesat_solar2: 312400.000000 5121.250000 1599.878540[0m
[00:00:05.425,000] [0m<inf> oresat_olar2: 313200.000000 5121.250000 1603.975464[0m
[00:00:05.438,000] [0m<inf> oresat_solar2: 314020.000000 5117.500000 1606.997314[0m
[00:00:05.451,000] [0m<inf> oreat_solar2: 315060.000000 5117.500000 1612.319580[0m
[00:00:05.464,000] [0m<inf> oresat_soar2: 315800.000000 5115.000000 1615.317017[0m
[00:00:05.478,000] [0m<inf> oresat_solar2: 16600.000000 5115.000000 1619.409058[0m
[00:00:05.491,000] [0m<inf> oresat_solar2: 317320.000000 5112.500000 1622.298462[0m
[00:00:05.504,000] [0m<inf> oresat_sola2: 318220.000000 5112.500000 1626.899780[0m
[00:00:05.517,000] [0m<inf> oresat_solar2: 31920.000000 5112.500000 1630.478516[0m
[00:00:05.530,000] [0m<inf> oresat_solar2: 319720.000000 5110.000000 1633.769165[0m
[00:00:05.543,000] [0m<inf> oresat_solar2 320480.000000 5107.500000 1636.851562[0m
[00:00:05.556,000] [0m<inf> oresat_solar2: 32130.000000 5107.500000 1641.039795[0m
[00:00:05.569,000] [0m<inf> oresat_solar2: 322060.00000 5107.500000 1644.921509[0m
[00:00:05.582,000] [0m<inf> oresat_solar2: 322680.000000 5105.000000 1647.281372[0m
[0000:05.595,000] [0m<inf> oresat_solar2: 323460000000 5102.500000 1650.454590[0m
[00:00:05.609,000] [0m<inf> oresat_solar2: 324160.00000 5102.500000 1654.026367[0m
[00:00:05.622,000] [0m<inf> oresat_solar2: 325420.000000 5100.000000 1659.641968[0m
[00:0:05.635,000] [0m<inf> oresat_solar2: 326060.00000 5098.750000 1662.498413[0m
[00:00:05.68,000] [0m<inf> oresat_solar2: 326780.000000 097.500000 1665.761108[0m
[0:00:05.661,000] [0m<inf> oresat_solar2: 327620.000000 5096.20000 1669.633423[0m
[00:00:5.674,000] [0m<inf> oresat_solar2: 328360.000000 5097.500000 1673.815063[0m
[00:00:05.687000] [0m<inf> oresat_solar2: 329260.000000 5093.750000 1677.168091[0m
[0000:05.700,000] [0m<inf> oresat_solar2: 329960.000000 5091.25000 1679.908813[0m
[00:00:05713,000] [0m<inf> oresat_solar2: 330760.000000 5091.250000 1683.981812[0m
[00:00:05.726,00] [0m<inf> oresat_solar2: 331580.000000 5088750000 1687.327759[0m
[00:00:05.740,000] [m<inf> oresat_solar2: 332320.000000 5087.500000 1690.677979[0m
[00:00:05.753,000] [0m<inf oresat_solar2: 333000.000000 5087.500000 1694137451[0m
[00:00:05.766,000] [0m<inf> oresat_solar2: 333820.000000 5087.500000 1698.30920[0m
[00:00:05.779,000] [0minf> oresat_solar2: 334780.000000 5085.000000 1702.356323[0m
[00:00:05.792,000] [0m<inf> resat_solar2: 335300.000000 5083.750000 1704.51421[0m
[00:00:05.805,000] [0m<inf> oresat_solar2: 336400.000000 5081.250000 1709.3325200m
[00:00:05.818,000] [0m<if> oresat_solar2: 337360.000000 5080.000000 1713.788818[0m
[00:00:05.831,000] [0m<inf> orsat_solar2: 337960.000000 5080.000000 1716.836792[0m
[00:00:05.844,000] [0m<inf> oresat_slar2: 338660.000000 5077.500000 1719.546143[0
[00:00:05.857,000] [0m<inf> oresat_solar2: 339760.000000 5076.250000 1724.706665[0m
[00:00:05.871,000] [0m<inf> orest_solar2: 340380.000000 5075.000000 1727.428467[0m
[00:00:05.884,000] [0m<inf> oresat_solr2: 341080.000000 5073.750000 1730.554688[0m
[00:00:05.897,000] [0m<inf> oresat_solar2: 31960.000000 5072.500000 1734.592041[0m
[00:00:05.910,000] [0m<inf> oresatsolar2: 342620.000000 5071.250000 1737.511719[0m
[00:00:05.923,000] [0m<inf> oresat_solar: 343360.000000 5068.750000 1740.406006[0m
[00:00:05.936,000] [0m<inf> oresat_solar2: 34400.000000 5068.750000 1744.156860[0m
[00:00:05.949,000] [0m<inf> oresat_solar2: 344920.000000 5066.250000 1747.450928[0m
[00:00:05.962,000] [0m<inf> oresat_solar2:345680.000000 5065.000000 1750.869141[0m
[00:00:05.975,000] [0m<inf> oresat_solar2: 34672.000000 5061.250000 1754.836548[0m
[00:00:05.988,000] [0m<inf> oresat_solar2: 347520.00000 5063.750000 1759.754395[0m
[00:00:06.002,000] [0m<inf> oresat_solar2: 348260.000000 5060.000000 1762.195557[0m
[00:0:06.015,000] [0m<inf> oresat_solar2: 349100.00000 5057.500000 1765.573242[0m
[00:00:06.028,000] [0m<inf> oresat_solar2: 349820.0000005057.500000 1769.214600[0m
[00:00:06.041,000] [0m<inf> oresat_solar2: 350620.000000 5053.50000 1771.945801[0m
[00:0006.054,000] [0m<inf> oresat_solar2: 351380.000000 5051.250000 1774.908203[0m
[00:00:06.06,000] [0m<inf> oresat_solar2: 352280.000000 5048.750000 1778.573608[0m
[00:00:06.080,000][0m<inf> oresat_solar2: 352980.000000 5050.00000 1782.548950[0m
[00:00:06.088,000] [0m<dbg> oresat_blink handle_blink: The light is blinking![0m
[00:00:06.099,000] [0m<inf> oresat_solar2: 353660.0000005046.250000 1784.656738[0m
[00:00:06.112,000] [0m<inf> oresat_solar2: 354560.000000 5045.000000 1788.755249[0m
[00:0006.125,000] [0m<inf> oresat_solar2: 355220.00000 5043.750000 1791.640869[0m
[00:00:06.13,000] [0m<inf> oresat_solar2: 356120.000000 540.000000 1794.844849[0m
[0:00:06.151,000] [0m<inf> oresat_solar2: 357120.000000 5038.75000 1799.438354[0m
[00:00:0.164,000] [0m<inf> oresat_solar2: 357800.000000 5037.500000 1802.417480[0m
[00:00:06.177,00] [0m<inf> oresat_solar2: 358680.000000 503.750000 1805.505493[0m
[00:00:06.190,000] [0m<inf> oresat_solar2: 359380.000000 5035.00000 1809.478271[0m
[00:00:06.203,000] [0m<inf> oresat_solar2: 360160.000000 5031.250000 181.055054[0m
[00:00:06.216,00] [0m<inf> oresat_solar2: 360920.000000 5030.000000 1815.427612[0m
[00:00:06.230,000] [0<inf> oresat_solar2: 361660.000000 5027.500000 1818.245605[0m
[00:00:06.243,000] [0m<inf>oresat_solar2: 362500.000000 5026.250000 1822.15625[0m
[00:00:06.256,000] [0m<inf> oresat_solar2: 363220.000000 5023.750000 1824.726440[0m
[00:00:06.269,000] [0m<nf> oresat_solar2: 364120.000000 5023.750000 1829.247803[0m
[00:00:06.282,000] [0m<inf> oesat_solar2: 364860.000000 5021.250000 1832.053223[0m
[00:00:06.295,000] [0m<inf> oresat_olar2: 365660.000000 5017.500000 1834.699097[m
[00:00:06.308,000] [0m<inf> oresat_solar2: 366460.000000 5017.500000 1838.713013[0m
[00:00:06.321,000] [0m<inf> oreat_solar2: 367260.000000 5015.000000 1841.808960[0m
[00:00:06.334,000] [0m<inf> oresat_soar2: 368320.000000 5010.000000 1845.283203[0m
[00:00:06.347,000] [0m<inf> oresat_solar2: 369120.000000 5007.500000 1848.368408[0m
[00:00:06.361,000] [0m<inf> oresa_solar2: 369760.000000 5005.000000 1850.648804[0m
[00:00:06.374,000] [0m<inf> oresat_sola2: 370560.000000 5003.750000 1854.189575[0m
[00:00:06.387,000] [0m<inf> oresat_solar2: 37260.000000 5002.500000 1857.228149[0m
[00:00:06.400,000] [0m<inf> oresat_solar2: 372080.000000 5001.250000 1860.865112[0m
[00:00:06.413,000] [0m<inf> oresat_solar2 372780.000000 4998.750000 1863.434082[0m
[00:00:06.426,000] [0m<inf> oresat_solar2: 37350.000000 4997.500000 1866.966064[0m
[00:00:06.439,000] [0m<inf> oresat_solar2: 374480.000000 4993.750000 1870.059448[0m
[00:00:06.452,000] [0m<inf> oresat_solar2: 375200.000000 4993.750000 1873.655029[0m
[0000:06.465,000] [0m<inf> oresat_solar2: 375980000000 4991.250000 1876.610229[0m
[00:00:06.478,000] [0m<inf> oresat_solar2: 376760.00000 4988.750000 1879.561401[0m
[00:00:06.492,000] [0m<inf> oresat_solar2: 377480.000000 4986.250000 1882.209595[0m
[00:0:06.505,000] [0m<inf> oresat_solar2: 378500.00000 4983.750000 1886.349365[0m
[00:00:06.58,000] [0m<inf> oresat_solar2: 379360.000000 980.000000 1889.212769[0m
[0:00:06.531,000] [0m<inf> oresat_solar2: 380200.000000 4977.50000 1892.445557[0m
[00:00:6.544,000] [0m<inf> oresat_solar2: 380900.000000 4975.000000 894.977539[0m
[00:00:06.557000] [0m<inf> oresat_solar2: 381680.000000 492.500000 1897.903809[0m
[00:00:06.570,000] [0m<inf> oresat_solar2: 382480.000000 4970.00000 1900.925659[0m
[00:00:06583,000] [0m<inf> oresat_solar2: 383260.000000 4967.500000 193.843994[0m
[00:00:06.596,00] [0m<inf> oresat_solar2: 383980.000000 4966.250000 1906.940674[0m
[00:00:06.609,000] [0m<inf> oresat_solar2: 384760.000000 4961.25000 1908.890503[0m
[00:00:06.623,000] [0m<inf> oresat_solar2: 385500.000000 4960.000000 1912079956[0m
[00:00:06.636,000 [0m<inf> oresat_solar2: 386380.000000 4955.000000 1914.512939[0m
[00:00:06.649,000] [0minf> oresat_solar2: 387100.000000 4953.750000 1917.596680[0m
[00:00:06.662,000] [0m<inf> resat_solar2: 387820.000000 4952.500000 1920.68589[0m
[00:00:06.675,000] [0m<inf> oresat_solar2: 388920.000000 4946.250000 1923.6955570m
[00:00:06.688,000] [0m<inf> oresat_solar2: 389720.000000 4943.750000 1926.678223[0m
[00:00:06.701,000] [0m<inf> orsat_solar2: 390460.000000 4940.000000 1928.872437[0m
[00:00:06.714,000] [0m<inf> oresat_slar2: 391280.000000 4937.500000 1931.944946[0m
[00:00:06.727,000] [0m<inf> oresat_solar2:392000.000000 4932.500000 1933.540039[0m
[00:00:06.740,000] [0m<inf> oresat_solar2: 392800.000000 4930.000000 1936.504028[0m
[00:00:06.754,000] [0m<inf> oresat_solr2: 393560.000000 4925.000000 1938.282959[0m
[00:00:06.767,000] [0m<inf> oresat_solar2: 34380.000000 4923.750000 1941.828491[0m
[00:00:06.780,000] [0m<inf> oresat_solar2: 395160.00000 4915.000000 1942.211426[0m
[00:00:06.793,000] [0m<inf> oresat_solar2: 395900.000000 4908.750000 1943.374146[0m
[00:00:06.806,000] [0m<inf> oresat_solar2: 39600.000000 4907.500000 1946.805298[0m
[00:00:06.819,000] [0m<inf> oresat_solar2: 397480.00000 4905.000000 1949.639404[0m
[00:00:06.832,000] [0m<inf> oresat_solar2: 398260.000000 4900.000000 1951.473999[0m
[0:00:06.845,000] [0m<inf> oresat_solar2: 398960.000000 4897.500000 1953.906616[0m
[00:00:0.858,000] [0m<inf> oresat_solar2: 400000.00000 4893.750000 1957.500000[0m
[00:00:06.871,000] [0m<inf> oresat_solar2: 400800.000000 488.250000 1958.409058[0m
[00:0:06.885,000] [0m<inf> oresat_solar2: 401620.000000 4882.500000 1960.909668[0m
[00:00:06.98,000] [0m<inf> oresat_solar2: 402400.0000004876.250000 1962.203003[0m
[00:00:06.911,00] [0m<inf> oresat_solar2: 403260.000000 4868.50000 1963.372070[0m
[00:0006.924,000] [0m<inf> oresat_solar2: 403900.000000 4865.0000001964.973511[0m
[00:00:06.93,000] [0m<inf> oresat_solar2: 404820.000000 4857.500000 1966.413208[0m
[00:00:06.950,000][0m<inf> oresat_solar2: 405580.000000 4851.25000 1967.569946[0m
[00:00:06.963,000] [0m<inf> oresat_solar2: 406280.000000 4845.000000 168.426636[0m
[00:00:06.976,00] [0m<inf> oresat_solar2: 407080.000000 4837.500000 1969.24512[0m
[00:00:06.989,000] 0m<inf> oresat_solar2: 407920.000000 4831.250000 1970.763550[0m
[00:00:07.002,000] [0m<in> oresat_solar2: 408600.000000 4825.000000 197.494995[0m
[00:00:07.016,000] [0m<inf> oresat_solar2: 409400.000000 4815.000000 1971.26096[0m
[00:00:07.029,000] [0<inf> oresat_solar2: 410460.000000 4807.500000 1973.286499[0m
[00:00:07.042,000] [0m<inf>oresat_solar2: 411260.000000 4800.000000 1974.047974[0m
[00:00:07.055,000] [0m<inf> oresa_solar2: 412100.000000 4790.000000 1973.958984[0m
[00:00:07.068,000] [0m<inf> oresat_solar2: 412800.000000 4783.750000 1974.732056[0m
[00:00:07.081,000] [0m<inf> oresat_solar2: 413600.000000 4775.000000 1974.939941[0m
[00:00:07.094,000] [0m<inf> oresat_olar2: 414380.000000 4766.250000 1975.038696[0m
[00:00:07.10,000] [0m<dbg> oresþ*** Booting Zephyr OS build v4.2.0 ***

[00:00:00.05,000] [0m<inf> oresat_mcxn947_solar: Oresat MCXN947 Solar Bard App
[0m
[00:00:00.013,000] [0m<inf> oreat_blink: Starting blink demo[0m
[00:00:00.019,000] [0m<dbg> oresat_blink: handle_blink: The light is blining![0m
[00:00:00.026,000] [0m<inf> oresat_olar2: Starting Solar Tracking...[0m
[00:00:00.033,000] [1;1m<err> mcux_lpi2c: SCL GPIO device not ready0m
[00:00:00.039,000] [0m<inf> oresat_solar2: Starting INA22 reading[0m
[00:00:0.049,000] [0m<inf> oresat_solar2: -520.0000005383.750000 -2.799550[0m
[0000:00.062,000] [0m<inf> oresat_solar2: -580.00000 5382.500000 -3.121850[0m
[00:00:00.074,000] [0m<inf> oresat_solar2: -40.000000 5382.500000 -2.906550[0m
[00:00:00.087,000] [0m<nf> oresat_solar2: -600.000000 5382.500000 -3.229500[0m
[00:00:00.100,000] [0m<inf> oresat_solar2: -540.000000 5382.50000 -2.906550[0m
[00:00:00.112,000] [0m<inf> oresat_solar2: -580.000000 5382.500000 -3.121850[0m
[00:00:00.125,000] [0m<inf> oresat_sola2: -540.000000 5382.500000 -2.906550[0m
[00:00:00.138,000] [0m<inf> oresat_solar2: -540.000000 5383.750000 -2.907225[0m
[00:00:00.151,000] [0m<inf> oresat_solar2: -500.000000 5382.00000 -2.691250[0m
[00:00:00.163,000] [0m<inf> oresat_sola2: -580.000000 5382.500000 -3.121850[0m
[00:00:00.176,000] [0m<inf> oresatsolar2: -580.000000 5381.250000 -3.121125[0m
[00:00:00.189,00] [0m<inf> oresat_solar2: -600.000000 5381.250000 -3.228750[0m
[00:00:00201,000] [0m<inf> oresat_solar2: -580.000000 383.750000 -3.122575[0m
[00:00:00.214,000] [0m<inf> oresat_solar2: -580.000000 5382.500000 -3.121850[0m
[00:00:00.227,000] [0m<inf> oesat_solar2: -540.000000 5382.500000 -2.906550[0m
[00:00:00239,000] [0m<inf> oresat_solar2: -580.000000 5381.250000 -3.11125[0m
[00:0:00.252,000] [0m<inf> oresat_solar2: -580.00000 5381.250000 -3.121125[0m
[00:00:00.265,000] [0m<inf> oresat_solar2: -580.000000 5382.500000 -3.121850[0m
[00:00:00.278,000] [0m<if> oresat_solar2: -580.000000 5383.750000 -3.12575[0m
[00:0:00.290,000] [0m<inf> oresat_solar2: -580.000000 5381.250000-3.121125[0m
[00:00:00.303,000] [0m<inf> oresat_solar2: -50.000000 5380.000000 -3.120400[0m
[00:00:00.316,000] [0m<inf> oresat_solar: -540.000000 5381.250000 -2.905875[0m
[00:00:00.328,000] 0m<inf> oresat_solar2: -540.000000 5382.500000 -2.906550[0m
[00:00:00.341,000] [0m<inf> oresat_solar2: -540.000000 5382.50000 -2.906550[0m
[00:00:00.354,000] [0m<inf> oresat_solar: -480.000000 5378.750000 -2.581800[0m
[00:00:00.366,000] [0m<inf> oresat_solar2: 1820.000000 5378.750000 9.789325[0m
[00:00:00.379,000] [0m<inf> oresat_solar2: 2800.000000 5377.500000 15.057000[m
[00:00:00.32,000] [0m<inf> oresat_solar2: 3900.000000 537.500000 20.972250[0m
[00:00:00.404,000] [0m<inf> oresat_solar2: 4780.00000 5375.000000 25.692499[0m
[00:00:00.417,000] [0m<inf> oreat_solar2: 5660.000000 5375.000000 30.422501[0m
[00:00:00.430,000] [0m<inf oresat_solar2: 6400.000000 5376.250000 34.40801[0m
[00:0000.443,000] [0m<inf> oresat_solar2: 7260.000000 5375.000000 39.022499[0m
[00:00:00.455,000] [0m<inf> oresat_solar2: 8080000000 5373.750000 43.419899[0m
[00:00:00.468,000] [0m<inf oresat_solar2: 8900.000000 5372.500000 47.815250[0m
[00:00:00.481,000] [0<inf> oresat_solar2: 9700.000000 5373.750000 5.125374[0m
[0:00:00.493,000] [0m<inf> oresat_solar2: 10500.000000 5372.50000 56.411251[0m
[00:00:00.506,000] [0m<in> oresat_solar2: 11280.000000 5371.250000 60.587700[0m
[00:0:00.519,000] [0m<inf> oresat_solar2: 12120.000000 5372.50000 65.114700[0m
[00:00:00.532,000] [0m<inf> oresat_solar2: 1880.000000 5372.500000 69.197800[0m
[00:00:0.545,000] [0m<inf> oresat_solar2: 13700.000000 5368.750000 7.551872[0m
[00:00:00.557,000] [0m<inf> oresat_solar2: 1452.000000 5370.000000 77.972397[0m
[00:00:00.570,000] [0m<in> oresat_solar2: 15580.000000 5368.750000 83.65126[0m
[00:00:00.583,000] [0m<inf> oresat_solar2: 16360.00000 5368.750000 87.832748[0m
[00:00:00.596,000] [0m<inf> resat_solar2: 17180.000000 5370.000000 92.256599[0m
[00:00:00.609,000] [0m<inf> oresat_solar2: 17960.00000 5367.500000 96.400299[0m
[00:00:00.621,000] [0m<inf> oreat_solar2: 18820.000000 5368.750000 101.039871[0m
[00:00:00.634,000] [0m<inf> oresat_solar2: 19620.0000005367.500000 105.310349[0m
[00:00:00.647,000 [0m<inf> oresat_solar2: 20320.000000 5367.500000 109.067596[0m
[00:00:00.660,000] [0m<inf> oresat_solar: 21220.000000 5367.500000 113.898354[0m
[00:00:00.673,000] [0m<inf> oresat_solar2: 21920.000000 5366.25000 117.628197[0m
[00:00:00.686,000] [0m<inf> oresat_solar2: 22720.000000 5366.250000 121.921204[0m
[00:00:00.699,000] [0m<inf> oresat_solar2: 23560.00000 5366.250000 126.428848[0m
[00:00:00.712,000] [0m<inf> oresat_solar2: 24360.000000 5365.000000 130.61406[0m
[00:00:00.725,000] [0m<inf> oresatsolar2: 25120.000000 5363.750000 134.737396[0m
[00:00:00.737,000] [0m<inf> oresat_solar2: 26180.000000 533.750000 140.422974[0m
[00:00:00.750,000] 0m<inf> oresat_solar2: 26960.000000 5362.500000 144.572998[0m
[00:00:00.763,000] [0m<inf> oresat_solar2: 7700.000000 5362.500000 148.541245[0m
[00:0:00.776,000] [0m<inf> oresat_solar2: 28500.000000 5362.500000152.831253[0m
[00:00:00.789,000] [0m<inf> oresat_solar2: 2360.000000 5362.500000 157.442993[0m
[00:0000.802,000] [0m<inf> oresat_solar2: 30100.00000 5361.250000 161.373627[0m
[00:00:00.815,000] [0m<inf> oesat_solar2: 31020.000000 5361.250000 166.30599[0m
[00:00:00.828,000] [0m<inf> oresat_solar2: 31760.000000 5358.750000 170.193893[0m
[00:00:00.841,00] [0m<inf> oresat_solar2: 32480.000000 5360.00000 174.092804[0m
[00:00:00.854,000] [0m<inf> oresat_solar2: 33280.000000 5361.250000 178.422394[0m
[00:00:00.866,000] [0m<inf> oresat_solar2: 3410.000000 5357.500000 182.797897[0m
[00:00:00.879,000] [0m<nf> oresat_solar2: 34900.000000 5360.000000 18.063995[0m
[00:00:00.892,000] [0m<inf> oresat_solar2: 35760.000000 5357.500000 191.584198[0m
[00:00:00905,000] [0m<inf> oresat_solar2: 36820.0000005357.500000 197.263153[0m
[00:00:00.918,000] [0m<inf> orest_solar2: 37600.000000 5355.000000 201.3480070m
[00:00:00.931,000] [0m<inf> oresat_solar2: 38360.000000 5355.000000 205.417801[0m
[00:00:00.944,000][0m<inf> oresat_solar2: 39180.000000 5355.00000 209.808899[0m
[00:00:00.957,000] [0m<inf> oresat_solar2 39920.000000 5355.000000 213.771606[0m
[0000:00.970,000] [0m<inf> oresat_solar2: 40760.00000 5355.000000 218.269806[0m
[00:00:00.983,000] [0m<inf oresat_solar2: 41560.000000 5353.750000 222.51846[0m
[00:00:00.995,000] [0m<inf> oresat_solar2: 42260.000000 5355.000000 226.302307[0m
[00:00:01.00,000] [0m<inf> oresat_solar2: 43080.000000 5352.500000 230.58693[0m
[00:00:01.021,000] [0m<inf> oresat_olar2: 43820.000000 5351.250000 234.491776[0m
[00:00:01.028,000] [0m<dbg> oresat_blink: handle_blink: The ight is blinking![0m
[00:00:01.039,000] [0m<inf> oesat_solar2: 44580.000000 5353.750000 238.670181[0m
[00:00:1.052,000] [0m<inf> oresat_solar2: 45400.000000 5352.500000 243.003494[0m
[00:00:01.065,000] [0m<inf> orsat_solar2: 46180.000000 5350.000000 247.06300[0m
[00:00:01.078,000] [0m<inf> oresat_solar2: 47020.000000 5351.250000 251.615768[0m
[00:00:01.091,00] [0m<inf> oresat_solar2: 48020.000000 5350.00000 256.907013[0m
[00:00:01.104,000] [0m<inf> oresat_solar2: 48820.000000 5350.000000 261.187012[0m
[0:00:01.117,000] [0m<inf> oresat_solar2: 49600.000000 5350.000000 265.359985[0m
[00:00:01.130,000] [0m<if> oresat_solar2: 50360.000000 5347.500000 269300110[0m
[00:00:01.143,000] [0m<inf> oresat_solar2: 51120.000000 5348.750000 273.428101[0m
[00:00:01.56,000] [0m<inf> oresat_solar2: 51960.000000 347.500000 277.856110[0m
[00:00:01.168,000] [0m<inf> oresa_solar2: 52720.000000 5346.250000 281.854309[0m
[00:00:01.181,000] [0m<inf> oresat_solar2: 53460.000000 546.250000 285.810516[0m
[00:00:01.194,000] [0m<inf> oresat_solar2: 54220.000000 5346.250000 289.873688[0m
[00:00:01.207,000] [0m<inf> oresat_solar2:55060.000000 5346.250000 294.364532[0m
[00:0:01.220,000] [0m<inf> oresat_solar2: 55880.000000 5346.250000 298.748444[0m
[00:00:01.233,000] [0m<inf>oresat_solar2: 56600.000000 5343.750000 302.45238[0m
[00:00:01.246,000] [0m<inf> oresat_solar2: 57360.000000 5345.000000 306.589203[0m
[00:00:01.259000] [0m<inf> oresat_solar2: 58400.000000 534.500000 312.002014[0m
[00:00:01.272,000] [0m<inf> oresat_solar2: 59260.000000 5342.500000 316.596558[0m[00:00:01.285,000] [0m<inf> oresat_solar2: 5920.000000 5341.250000 320.047699[0m
[00:00:01.297,000] [0<inf> oresat_solar2: 60760.000000 5343.750000 324.686249[0m
[00:00:01.310,000] [0m<inf> oresat_solar2: 6160.000000 5341.250000 328.807343[0m
[00:00:1.323,000] [0m<inf> oresat_solar2: 62320.000000 5342.500000 332.944611[0m
[00:00:01.336,000] [0m<inf> orsat_solar2: 63060.000000 5340.000000 336.74038[0m
[00:00:01.349,000] [0m<inf> oresat_solar2: 63820.000000 5340.000000 340.798798[0m
[00:00:01.362,00] [0m<inf> oresat_solar2: 64620.000000 5341.20000 345.151581[0m
[00:00:01.375,000] [0m<inf> oresat_solar2: 65380.000000 5340.000000 349.129211[0m
[0:00:01.388,000] [0m<inf> oresat_solar2: 6620.000000 5338.750000 353.425262[0m
[00:00:01.401,000] [0m<inf> oresat_solar2: 66960.000000 5338.750000 357482697[0m
[00:00:01.414,000] [0m<inf> oresat_solar2: 67900000000 5337.500000 362.416260[0m
[00:00:01.26,000] [0m<inf> oresat_solar2: 68900.000000 5337.500000 367.753754[0m
[00:00:01.439,000] [0m<inf> oresa_solar2: 69680.000000 5335.000000 371.742798[m
[00:00:01.452,000] [0m<inf> oresat_solar2: 70560.000000 5336.250000 376.525787[0m
[00:00:01.465,000] [0m<inf> oresat_solar2: 71220.000000 5337.50000 380.136749[0m
[00:00:01.478,000] [0m<inf> oresat_solar2:72080.000000 5335.000000 384.546814[0m
[00:0:01.491,000] [0m<inf> oresat_solar2: 72880.00000 5335.000000 388.814789[0m
[00:00:01.504,000] [0m<inf> oresat_solar2: 73700.000000 5332.500000 393.00249[0m
[00:00:01.517,000] [0m<inf> oresat_olar2: 74420.000000 5333.750000 396.937683[0m
[00:00:01.530,000] [0m<inf> oresat_solar2: 75200.000000 533.250000 400.910004[0m
[00:00:01.543,000] [0m<inf> oresat_solar2: 76000.000000 5331.250000 405.174988[0m[00:00:01.555,000] [0m<inf> oresat_solar2: 7780.000000 5332.500000 409.429352[0m
[00:00:01.568,000] [0m<inf> oresat_solar2: 77500.000000 5330.000000 13.075012[0m
[00:00:01.581,000] [0m<inf> oesat_solar2: 78300.000000 5331.250000 417.436890[0m
[00:00:01.594,000] [0m<inf> oresat_solar2: 79200.00000 5330.000000 422.135986[0m
[00:00:01.607,00] [0m<inf> oresat_solar2: 80220.000000 5330.000000 427.57260[0m
[00:00:01.620,000] [0m<inf> oresat_solr2: 80900.000000 5330.000000 431.196991[0m
[00:00:01.633,000] [0m<inf> oresat_solar2: 81720.000000 5328.70000 435.465454[0m
[00:00:01.646,000] [0m<nf> oresat_solar2: 82600.000000 5327.500000 440.051514[0m
[0:00:01.659,000] [0m<inf> oresat_solar2: 8332.000000 5327.500000 443.887299[0m
[00:00:01.672,000] [0m<inf> oresat_solar2: 84100.000000 5326.250000 447937622[0m
[00:00:01.684,000] [0m<inf> orest_solar2: 84860.000000 5326.250000 451.985565[0m
[00:00:01.697,000] [0m<inf> oresat_solar2: 85760.000000 326.250000 456.779205[0m
[00:00:01.710,000][0m<inf> oresat_solar2: 86460.000000 5325.000000 460.399506[0m
[00:00:01.723,000] [0m<inf> oresat_solar2 87320.000000 5325.000000 464.979004[0m
[0000:01.736,000] [0m<inf> oresat_solar2: 88060.000000 5325.000000 468.919495[0m
[00:00:01.749,000] [0m<inf oresat_solar2: 88800.000000 5322.500000 472.68000[0m
[00:00:01.762,000] [0m<inf> oresat_solar2: 89620.000000 5323.750000 477.114471[0m
[00:00:01.77,000] [0m<inf> oresat_solar2: 90660.000000 532.500000 482.537842[0m
[00:00:01.788,000] [0m<inf> oresat_olar2: 91500.000000 5322.500000 487.008759[0m
[00:00:01.801,000] [0m<inf> oresat_solar2: 92200.000000 532.000000 490.503998[0m
[00:00:01.813,000] [m<inf> oresat_solar2: 93000.000000 5320.000000494.760010[0m
[00:00:01.826,000] [0m<inf> oresat_solar2: 93720.000000 5320.000000 498.590393[0m
[00:0001.839,000] [0m<inf> oresat_solar2: 94680.00000 5318.750000 503.579254[0m
[00:00:01.852,000] [0m<inf> oesat_solar2: 95360.000000 5318.750000 507.19604[0m
[00:00:01.865,000] [0m<inf> oresat_soar2: 96160.000000 5318.750000 511.450989[0m
[00:00:01.878,00] [0m<inf> oresat_solar2: 96960.000000 5318.50000 515.705994[0m
[00:00:01.891,000] [0minf> oresat_solar2: 97720.000000 5317.500000 519.626099[0m
[00:00:01.904,000] [0m<inf> oresat_solar2: 9850.000000 5316.250000 523.969604[0m
[00:00:01.917,000] [0m<inf> oresat_solar2: 99300.000000 5316.250000 52.903625[0m
[00:00:01.930,000] [0m<inf> oreat_solar2: 100060.000000 5316.250000 531.943970[0m
[00:00:01.943,000] [0m<inf> oresat_solr2: 101100.000000 5315.000000 537.346497[0m
[00:00:01.956,000] [0m<inf> oresat_solar2: 101900.000000 5315000000 541.598511[0m
[00:0001.969,000] [0m<inf> oresat_solar2: 102660.000000 5313.750000 545.509583[0m
[00:00:01.982,000] [0m<inf> resat_solar2: 103600.000000 5312.500000 550.37000[0m
[00:00:01.995,000] [0m<inf> oresat_olar2: 104280.000000 5312.500000 553.987488[0m
[00:00:02.008,000] [0m<inf> oresat_solar2:105060.000000 5313.750000 558.262573[0m
[0000:02.021,000] [0m<inf> oresat_solar2: 105980.000000 5311.250000 562.886292[0m
[00:00:02.034,000] [0m<in> oresat_solar2: 106600.000000 5312.500000 566312500[0m
[00:00:02.041,000] [0m<dbg> oresat_blink: handle_link: The light is blinking![0m
[00:00:02.052,000] [0m<inf> oresat_solar2: 107460.000000 5307.50000 570.343933[0m
[00:00:02.065,000] [0m<inf> oresat_solar2: 108200.000000 5310.000000 574541992[0m
[00:00:02.078,000] [0m<inf> orest_solar2: 108960.000000 5308.750000 578.441406[0m
[00:00:02.091,000] [0m<inf> oresat_sola2: 109780.000000 5307.500000 582.657349[0m
[00:00:02.104,000] [0m<inf> oresat_solar2: 11020.000000 5306.250000 586.977356[0m
[00:00:2.117,000] [0m<inf> oresat_solar2: 111360.000000 5307.500000 591.043213[0m
[00:00:02.130,00] [0m<inf> oresat_solar2: 112380.000000 5306.250000 596.31645[0m
[00:00:02.143,000] [0m<inf> oresat_solar2: 113180.000000 5305.000000 600.419922[0m
[00:00:02.156,000] [0m<inf> oresat_solar2: 113920.000000 5303.750000 604.203186[0m
[00:00:02.169,000] [0m<inf> oresat_solar2: 114760.00000 5305.000000 608.801819[0m
[00:00:02.12,000] [0m<inf> oresat_solar2: 115480.000000 303.750000 612.477051[0m
[00:00:02.195,000][0m<inf> oresat_solar2: 116280.000000 5303.750000 616.720032[0m
[00:00:02.208,000] [0m<inf> oresat_solar2: 117020.000000 5302.500000 620.498535[0m
[00:00:02.221,000] [0m<inf> oresat_solar2: 117860.000000 5301.250000 624.805298[0m
[00:00:02.234,000] [0m<inf> oresat_solar2: 118580.00000 5300.000000 628.473999[0m
[00:00:02.247,000] [0m<inf> oresat_solar2: 119420.000000 5301250000 633.075256[0m
[00:00:02.260,000] [0<inf> oresat_solar2: 120200.000000 5301.250000637.210266[0m
[00:00:02.273,000] [0m<inf> resat_solar2: 121080.000000 5301.250000 641.87366[0m
[00:00:02.286,000] [0m<inf> oresat_olar2: 121800.000000 5300.000000 645.539978[0m
[00:00:02.299,000] [0m<inf> oresat_solar2: 122860.000000 5298.750000 651.004395[0m
[0000:02.312,000] [0m<inf> oresat_solar2: 123580.000000 5295.00000 654.356079[0m
[00:00:02.325,000] [0m<inf> oresat_solar2: 124400.000000 5297.500000 659008972[0m
[00:00:02.338,000] [0m<inf> oresat_solar2: 125120.000000 5295.000000 662.510376[0m
[00:00:02.351,000] [0m<inf> oresat_sola2: 125920.000000 5295.000000 666.746399[0m
[00:00:02.364,000] [0m<inf> oresat_solar2: 12660.000000 5295.000000 671.194214[0m
[00:00:2.377,000] [0m<inf> oresat_solar2: 127480.000000 5293.750000 674.847229[0m
[00:00:02.390,000] [0m<inf> oresat_solar2: 128280.000000 5293.750000 679.08275[0m
[00:00:02.403,000] [0m<inf> oresat_solar2: 129020.000000 5295.000000 683.160889[0m
[00:00:02.416,000] [0m<inf> oresat_solar2: 29880.000000 5292.500000 687.389893[0m
[00:00:02.429,000] [0m<inf> oresat_solar2: 130620.00000 5292.500000 691.306335[0m
[00:00:02.42,000] [0m<inf> oresat_solar2: 131420.000000 5292.500000 695.540344[0m
[00:00:02.455,000][0m<inf> oresat_solar2: 132280.000000 5292.500000 700.091919[0m
[00:00:02.468,000] [0m<inf> oresat_solar2: 133220.000000 5291.250000 704.900330[0m
[00:00:02.481,000] [0m<inf> oresat_solar2: 134060.000000 5288.750000 709.009827[0m
[00:00:02.494,000] [0m<inf> oresat_solar2: 134860.00000 5288.750000 713.240845[0m
[00:00:02.507,00] [0m<inf> oresat_solar2: 135660.000000 5290000000 717.641418[0m
[00:00:02.520,000] [0<inf> oresat_solar2: 136400.000000 5287.500000721.215027[0m
[00:00:02.533,000] [0m<inf> resat_solar2: 137220.000000 5287.500000 725.550720[0m
[00:00:02.546,000] [0m<inf> oresat_olar2: 138020.000000 5287.500000 729.780762[0m
[00:00:02.559,000] [0m<inf> oresat_solar2: 138800.000000 5286.250000 733.731506[0m
[0000:02.572,000] [0m<inf> oresat_solar2: 139600.000000 5286.250000 737.960510[0m
[00:00:02.585,000] [0m<inf> oresat_solar2: 140400.000000 5286.250000 742189514[0m
[00:00:02.598,000] [0m<inf> orest_solar2: 141100.000000 5285.000000 745.713501[0m
[00:00:02.611,000] [0m<inf> oresat_sola2: 141920.000000 5285.000000 750.047180[0m
[00:00:02.624,000] [0m<inf> oresat_solar2: 142700.000000 5283.750000 753.991150[0m
[00:00:2.637,000] [0m<inf> oresat_solar2: 143480.000000 5282.500000 757.933105[0m
[00:00:02.650,000] [0m<inf> oresat_solar2: 144500.000000 5282.500000 763.32128[0m
[00:00:02.663,000] [0m<inf> oresat_slar2: 145300.000000 5281.250000 767.365601[0m
[00:00:02.676,000] [0m<inf> oresat_solar2: 46120.000000 5280.000000 771.513611[0m
[00:0:02.689,000] [0m<inf> oresat_solar2: 146880.00000 5282.500000 775.893616[0m
[00:00:02.72,000] [0m<inf> oresat_solar2: 147580.000000 5281.250000 779.406860[0m
[00:00:02.715,000][0m<inf> oresat_solar2: 148380.000000 5280.000000 783.446411[0m
[00:00:02.728,000] [0m<if> oresat_solar2: 149180.000000 5280.000000 787.670410[0m
[00:00:02.741,000] [0m<inf> oresat_solar2: 149980.000000 5276.250000 791.331970[0m
[00:00:02.754,000] [0m<inf> oresat_solar2: 150860.000000 5277.500000 796.163635[0m
[00:00:02.767,00] [0m<inf> oresat_solar2: 151580.000000 5276250000 799.773987[0m
[00:00:02.780,000] [0<inf> oresat_solar2: 152360.000000 5277.500000 804.079895[0m
[00:00:02.793,000] [0m<inf> resat_solar2: 153160.000000 5273.750000 807.727539[0m
[00:00:02.806,000] [0m<inf> oresat_solar2: 153920.000000 5275.000000 811.927979[0m
[00:00:02.819,000] [0m<inf> oresat_solar2: 154960.000000 5275.000000 817.414001[0m
[0000:02.832,000] [0m<inf> oresat_solar2: 155680.000000 5273.75000 821.017395[0m
[00:00:02.45,000] [0m<inf> oresat_solar2: 156580.000000 5273.750000 825763794[0m
[00:00:02.858,000] [0m<inf> orest_solar2: 157380.000000 5272.500000 829.786072[0m
[00:00:02.871,000] [0m<inf> oresat_sola2: 158120.000000 5271.250000 833.490051[0m
[00:00:02.884,000] [0m<inf> oresat_solar2: 15880.000000 5270.000000 837.297607[0m
[00:00:2.897,000] [0m<inf> oresat_solar2: 159700.000000 5271.250000 841.818604[0m
[00:00:02.910,00] [0m<inf> oresat_solar2: 160480.000000 5270.000000 845.72914[0m
[00:00:02.923,000] [0m<inf> oresat_solar2: 161220.000000 5268.750000 849.427856[0m
[00:00:02.936,000] [0m<inf> oresat_solar2: 162100.000000 5270.000000 854.267029[0m
[00:00:02.949,000] [0m<inf> oresat_solar2: 162860.00000 5266.250000 857.661499[0m
[00:00:02.962,000] [0m<inf> oresat_solar2: 163660.000000 266.250000 861.874451[0m
[00:00:02.975,000][0m<inf> oresat_solar2: 164460.000000 5266.250000 866.087463[0m
[00:00:02.988,000] [0m<inf> oresat_solar2: 165480.000000 5266.250000 871.459045[0m
[00:00:03.001,000] [0m<inf> oresat_solar2: 166260.000000 5262.500000 874.943237[0m
*** Bootin Zephyr OS build v4.2.0 ***

[00:00:00.005,00] [0m<inf> oresat_mcxn947_solar: Oresat MCXN947 Solar Board pp
[0m
[00:00:00.013,000] [0m<inf> oresat_bink: Starting blink demo[0m
[00:00:00.019,000] [0m<dbg> oreat_blink: handle_blink: The light is blinking![0m
[00:00:00.026,000] [0m<inf> oresat_solar2: Starting Solar Tracking...[0m
[00:00:00.033,000] [1;31m<er> mcux_lpi2c: SCL GPIO device not ready[0m
[00:00:00.039,000] [0m<inf> oresat_solar2: Starting INA226 reaing[0m
[00:00:00.049000] [0m<inf> oresat_solar2: -520.000000 5373.750000 -2.794350[0m
[00:00:0.062,000] [0m<inf> oresat_solar2: -540.000000 5372.500000 -2.901150[0m
[00:00:00.074,000] [0m<inf> oresat_solar2: -500.00000 5373.750000 -2.686875[0m
[00:00:00.087,000] [0m<inf> oresat_solar2: -540.000000 5375.000000 -2.902500[0m
[00:00:00.100,000] [0m<nf> oresat_solar2: -540.000000 5373.750000 -2.01825[0m
[0000:00.112,000] [0m<inf> oresat_solar2: -540.000000 5375.000000 -2.902500[0m
[00:00:00.125,000] [0m<inf> oresat_solar2: -40.000000 5373.750000 -2.901825[0m
[00:00:00.138,000] [0m<nf> oresat_solar2: -540.000000 5373.750000 -2.901825[0m
[00:00:00.151,000] [0m<inf> oresat_solar2: -500.000000 5375.00000 -2.687500[0m
[00:00:00.163,000] [0m<inf> oresat_solar2: -520.000000 5375.000000 -2.795000[0m
[00:00:00.176,000] [0m<inf> oresat_sola2: -540.000000 5375.000000 -2.902500[0m
[00:00:00.189,000] [0m<inf> oresat_solar2: -500.000000 5372.500000 -2.686250[0m[00:00:00.201,000] [0m<inf> oresat_solar2: -540.000000 5375.00000 -2.902500[0m
[00:00:00.214,000] [0m<inf> oresat_solar2: -520.000000 5372.500000 -2.793700[0m
[00:00:00.227,000] [0m<inf> oresatsolar2: -540.000000 5372.500000 -2.901150[0m[00:00:00.239,00] [0m<inf> oresat_solar2: -540.000000 5373.750000 -2.901825[0m
[00:00:00.252,000] [0m<inf> oresat_solar2: -520.000000 373.750000 -2.794350[0m
[00:00:00.265,000] [0m<inf> oresatsolar2: -500.000000 5373.750000 -2.686875[0m
[00:00:00.278,000] [0m<inf> oresat_solar2: -520.000000 5373.750000 -2.794350[0m
[00:00:00290,000] [0m<inf> oresat_solar2: -540.000000 372.500000 -2.901150[0m
[00:00:00.303,000] [0m<inf> oresat_solar2: -520.000000 5373.750000 -2.794350[0m
[00:00:00.316,000] [0m<inf> oesat_solar2: -540.000000 5372.500000 -2.901150[0m
[00:00:00.328,000] [0m<inf> oresat_solar2: -540.000000 5372.500000 -2.91150[0m
[00:0:00.341,000] [0m<inf> oresat_solar2: -520.00000 5373.750000 -2.794350[0m
[00:00:00.354,000] [0m<inf> oresat_solar2: -540.000000 5373.750000 -2.901825[0m
[00:00:00.366,000] [0m<if> oresat_solar2: 1380.000000 5372.500000 7.41050[0m
[00:00:00.379,000] [m<inf> oresat_solar2: 2280.000000 5370.000000 2.243600[0m
[00:00:00.392,000] [0m<inf> oresat_solar2: 3500.000000 5367.500000 18.786249[0m
[00:00:00.404,000] [0m<inf> oresat_solar2 4300.000000 5368.750000 23.085625[0m
[00:00:00.417,000] [0m<inf> oresat_solar2: 5120.000000 5368.750000 27.488001[0m
[00:00:00.430,00] [0m<inf> oresat_solar2: 5960.000000 5368.75000 31.997749[0m
[00:00:00.443,000] [0m<inf> oresat_solar2: 6780.000000 5368.750000 36.400124[0m
[00:00:00.455,000] [0m<inf> oresat_slar2: 7720.000000 5367.500000 41.437099[0m
[00:00:00.468,00] [0m<inf> oresat_solar2: 8560.000000 5367.500000 45.945801[0m
[00:00:00.41,000] [0m<inf> oresat_solar2: 9300.000000 537.500000 49.917751[0m
[00:00:00.493,000] [0m<inf> oresat_solar2: 10100.000000 5367.500000 54.211750[0m
[00:00:00.506,00] [0m<inf> oresat_solar2: 10900.000000 5367.500000 58.505749[0m
[00:00:00.519,000] [0m<inf> oresat_solar2: 11700.000000 5363.750000 62.755875[0m
[00:00:00.532,000] [0m<inf> oresat_solar2: 12500.000000 5365.000000 67.062500[0
[00:00:00.545,000] [0m<inf> oresat_solar2: 13360.000000 5363.750000 71.659698[0m
[00:00:00.557,000] [0m<inf> oresat_solar2: 14120.000000 5363.750000 75.736153[0m
[00:00:00.570,000] [0m<inf> oresat_solar2: 15160.000000 5362.00000 81.295502[0m
[00:00:00.583,000] [0m<nf> oresat_solar2: 16000.000000 5362.500000 85.800003[0m
[0:00:00.596,000] [0m<inf> oresat_solar2: 16780.000000 5362.50000 89.982750[0m
[00:00:00.609,000] [0m<inf> oresat_solar2: 17580.000000 5362.500000 94.272751[0m
[00:0:00.621,000] [0m<inf> oresat_solar2: 18360.000000 5361.25000098.432549[0m
[00:00:00.634,000] [0m<inf> oresat_solar2: 1900.000000 5361.250000 102.935997[0m
[00:00:0.647,000] [0m<inf> oresat_solar2: 19980.000000 5360.000000 107.092796[0m
[00:00:00.660,000] [0m<inf> oresat_solar2: 20860.000000 5358.750000 111.78352[0m
[00:00:00.673,000] [0m<inf> oresat_solr2: 21560.000000 5360.000000 115.561600[0m
[00:00:00.686,00] [0m<inf> oresat_solar2: 22400.000000 5358.70000 120.036003[0m
[00:00:00.699,000] [0m<nf> oresat_solar2: 23120.000000 5360.000000 123.923203[0m
[00:00:00.712,000] [0m<inf> oresat_solar2: 2402.000000 5358.750000 128.717178[0m
[00:00:00.724,000] [0m<inf> oresat_solar2: 24780.000000 5357.500000 132758850[0m
[00:00:00.737,000] [0m<inf> orest_solar2: 25880.000000 5356.250000 138.619751[0m
[00:00:00.750,000] [0m<inf> oresat_solar2: 26600.000000 357.500000 142.509506[0m
[00:00:00.763,000][0m<inf> oresat_solar2: 27500.000000 5356.250000 147.296875[0m
[00:00:00.776,000] [0m<inf> oresat_solar2 28300.000000 5356.250000 151.581879[0m
[0000:00.789,000] [0m<inf> oresat_solar2: 29000.000000 5353.750000 155.258743[0m
[00:00:00.802,000] [0m<inf oresat_solar2: 29880.000000 5356.250000 160.04754[0m
[00:00:00.815,000] [0m<inf> oresat_solar2: 30620.00000 5355.000000 163.970093[0m
[00:00:00.82,000] [0m<inf> oresat_solar2: 31400.000000 533.750000 168.107758[0m
[00:00:00.841,000] [0m<inf> oresat_solar2: 32280.000000 5352.500000 172.778702[0m
[00:00:00.853,000] [0m<inf> oresat_solar2: 33000.000000 5352.500000 176.632507[0m
[00:00:00.866,000] [m<inf> oresat_solar2: 33780.000000 5352.500000180.807449[0m
[00:00:00.879,000] [0m<inf> oresat_solar2: 34520.000000 5350.000000 184.682007[0m
[00:0000.892,000] [0m<inf> oresat_solar2: 35320.00000 5351.250000 189.006149[0m
[00:00:00.905,000] [0m<inf> oresat_solar2: 36420.000000 5348.750000 194.80148[0m
[00:00:00.918,000] [0m<inf> oresat_soar2: 37260.000000 5350.000000 199.341003[0m
[00:00:00.931,00] [0m<inf> oresat_solar2: 38080.000000 5347.00000 203.632797[0m
[00:00:00.944,000] [0minf> oresat_solar2: 38860.000000 5347.500000 207.803848[0m
[00:00:00.957,000] [0m<inf> oresat_solar2: 3960.000000 5348.750000 212.238403[0m
[00:00:00.970,000] [0m<nf> oresat_solar2: 40480.000000 5347.500000 21.466797[0m
[00:00:00.982,000] [0m<inf> oresat_solar2: 41220.000000 5346.250000 220.372421[0m
[00:00:00995,000] [0m<inf> oresat_solar2: 42000.0000005346.250000 224.542496[0m
[00:00:01.008,000] [0m<inf> oresat_solar2: 42800.000000 5346.250000 228.8195040m
[00:00:01.021,000] [0m<inf> oresat_solar2: 43600.000000 5345.000000 233.042007[0m
[00:00:01.028,000] [0m<dbg> oresat_blink: handle_blink: The light is blinking![0m
[00:00:01.039,000] [0m<inf> oresat_solar2: 44280.00000 5345.000000 236.676605[0m
[00:00:01.05,000] [0m<inf> oresat_solar2: 45160.000000 5345.000000 241.380203[0m
[00:00:01.065,000] [0m<inf> oresat_olar2: 45820.000000 5346.250000 244.965179[0m
[00:00:01.078,000] [0m<inf> oresat_solar2: 46680.000000 534.000000 249.504593[0m
[00:00:01.091,000] [m<inf> oresat_solar2: 47760.000000 5343.750000 255.217499[0m
[00:00:01.104,000] [0m<inf> oresat_solar2: 4560.000000 5343.750000 259.492493[0m
[00:0001.117,000] [0m<inf> oresat_solar2: 49300.000000 5342.500000 63.385254[0m
[00:00:01.130,000] [0m<inf> oesat_solar2: 50120.000000 5342.500000 267.76613[0m
[00:00:01.143,000] [0m<inf> oresat_solar2: 50820.000000 5342.500000 271.505859[0m
[00:00:01.155,00] [0m<inf> oresat_solar2: 51680.000000 5342.00000 276.100403[0m
[00:00:01.168,000] [0m<inf> oresat_solar2: 52480.000000 5338.750000 280.177612[0m
[00:00:01.181,000] [0m<inf> oresat_solar2: 5310.000000 5340.000000 283.874390[0m
[00:00:01.194,000] [0m<nf> oresat_solar2: 54080.000000 5340.000000 28.787201[0m
[00:00:01.207,000] [0m<inf> oresat_solar2: 54760.000000 5340.000000 292.418396[0m
[00:00:01220,000] [0m<inf> oresat_solar2: 55600.0000005337.500000 296.765015[0m
[00:00:01.233,000] [0m<inf> orest_solar2: 56380.000000 5337.500000 300.9282530m
[00:00:01.246,000] [0m<inf> oresat_solar2: 57120.000000 5338.750000 304.949402[0m
[00:00:01.259,000][0m<inf> oresat_solar2: 58200.000000 5337.50000 310.642487[0m
[00:00:01.272,000] [0m<inf> oresat_solar2: 58900.000000 5337.500000 314.378754[0m
[0000:01.284,000] [0m<inf> oresat_solar2: 59720.00000 5337.500000 318.755493[0m
[00:00:01.297,000] [0m<inf> oresat_solar2: 60560.000000 5335.000000 323.07585[0m
[00:00:01.310,000] [0m<inf> oresatsolar2: 61320.000000 5333.750000 327.065552[0m
[00:00:01.32,000] [0m<inf> oresat_solar2: 62060.000000 533.750000 331.012512[0m
[00:00:01.336,000] 0m<inf> oresat_solar2: 62820.000000 5332.500000 334.987640[0m
[00:00:01.349,000] [0m<inf> oresat_solar2: 3680.000000 5335.000000 339.732788[0m
[00:00:01.362,000] [m<inf> oresat_solar2: 64400.000000 5332.500000343.412994[0m
[00:00:01.375,000] [0m<inf> resat_solar2: 65100.000000 5332.500000 347.145752[0m
[00:00:01.388,000] [0m<inf> oresat_solar2: 65920.00000 5332.500000 351.518402[0m
[00:00:01.401,00] [0m<inf> oresat_solar2: 66700.000000 5332.500000 355.67775[0m
[00:00:01.413,000] [0m<inf> oresat_soar2: 67500.000000 5331.250000 359.859375[0m
[00:00:01.426,000] [0m<inf> oresat_solar2: 68460.000000 5331.50000 364.977386[0m
[00:00:01.439,000] [0minf> oresat_solar2: 69420.000000 5330.000000 370.008606[0m
[00:00:01.452,000] [0m<inf> oresat_solar2: 70320.000000 5331.250000 374.893494[0m
[00:00:0.465,000] [0m<inf> oresat_solar2: 71080.000000 5330.000000 378.856415[0m
[00:00:01.478,000] [0m<inf> oreat_solar2: 71820.000000 5328.750000 382.710815[0m
[00:00:01.491,000] [0m<inf> oresat_solar2: 72620.0000005326.250000 386.792267[0m
[00:00:01.504,000 [0m<inf> oresat_solar2: 73400.000000 5327.500000 391.038513[0m
[00:00:01.517,000] [0m<inf> oresat_solar: 74280.000000 5327.500000 395.726715[0m
[0:00:01.530,000] [0m<inf> oresat_solar2: 75020000000 5325.000000 399.481506[0m
[00:00:01.542,000] [0m<inf> oresat_solar2: 75760.000000 5326.250000 403.16693[0m
[00:00:01.555,000] [0m<inf> oresa_solar2: 76580.000000 5325.000000 407.788513[0m
[00:00:01.568,000] [0m<inf> oresat_solar2: 77360.000000 522.500000 411.748596[0m
[00:00:01.581,000] [0m<inf> oresat_solar2: 78160.000000 5325.000000 416.201996[0m
[00:00:01.594,000] [0m<inf> oresat_solar2:79000.000000 5322.500000 420.477509[0m
[00:00:01.607,000] [0m<inf> oresat_solar2: 80060.000000 5322.50000 426.119354[0m
[00:00:01.620,000] [0m<inf>oresat_solar2: 80780.000000 5322.500000 429.951538[0m
[00:00:01.633,000] [0m<inf> oresat_solar2: 81520.00000 5321.250000 433.788300[0m
[00:00:01.646000] [0m<inf> oresat_solar2: 82400.000000 5322.500000 438.574005[0m
[00:00:01.659,000] [0m<inf> oresat_slar2: 83260.000000 5320.000000 442.943207[0m[00:00:01.671,000] [0m<inf> oresat_solar2: 83900.000000 5321.250000 446.452881[0m
[00:00:01.684,000] [0<inf> oresat_solar2: 84720.000000 5321.250000 50.816315[0m
[00:00:01.697,000] [0m<inf> oresat_solar2: 85480.000000 5318.750000 454.646759[0m
[00:00:01.710,000] [0m<inf> oresat_solar2: 86280.00000 5318.750000 458.901764[0m
[00:00:01.723,000] [0m<inf> orsat_solar2: 87080.000000 5317.500000 463.04791[0m
[00:00:01.736,000] [0m<inf> oresat_solr2: 87900.000000 5317.500000 467.408264[0m
[00:00:01.749,000] [0m<inf> oresat_solar2: 88680.000000 5317.50000 471.555908[0m
[00:00:01.762,000] [0m<nf> oresat_solar2: 89480.000000 5317.500000 475.809906[0m
[00:00:01.775,000] [0m<inf> oresat_solar2: 9042.000000 5317.500000 480.808350[0m
[00:00:01788,000] [0m<inf> oresat_solar2: 91300.000000 5315.000000 485.259491[0m
[00:00:01.800,000] [0m<inf> orest_solar2: 92060.000000 5316.250000 489.4139710m
[00:00:01.813,000] [0m<inf> oresat_solar2: 92800.000000 316.250000 493.347992[0m
[00:00:01.826,000][0m<inf> oresat_solar2: 93620.000000 5313.75000 497.473267[0m
[00:00:01.839,000] [0m<inf> oresat_solar2 94460.000000 5313.750000 501.936829[0m
[0000:01.852,000] [0m<inf> oresat_solar2: 95260.000000 5311.250000 505.949677[0m
[00:00:01.865,000] [0m<inf oresat_solar2: 95960.000000 5312.500000 509.77506[0m
[00:00:01.878,000] [0m<inf> oresat_solar2: 96800.000000 5313.750000 514.370972[0m
[00:00:01.89,000] [0m<inf> oresat_solar2: 97620.000000 531.250000 518.484253[0m
[00:00:01.904,000] [0m<inf> oresat_solar2: 98360.000000 5310.000000 522.291626[0m
[00:00:01.917,000] [0m<inf> oresat_solar2: 9180.000000 5310.000000 526.645813[0m
[00:0:01.929,000] [0m<inf> oresat_solar2: 99980.000000 5308.750000530.768799[0m
[00:00:01.942,000] [0m<inf> resat_solar2: 101000.000000 5308.750000 536.183777[0m
[00:00:01.955,000] [0m<inf> oresat_solar2: 101820.000000 5308.750000 540.536926[0m
[00:00:01.968,000] [0m<inf> oresat_solar2: 102620.000000 507.500000 544.655640[0m
[0000:01.981,000] [0m<inf> oresat_solar2: 103360.000000 5308.75000 548.712402[0m
[00:00:01.994,000] [0m<inf> oresat_solar2: 104180.000000 5306.250000 552805115[0m
[00:00:02.007,000] [0m<inf> oresat_solar2: 104900.000000 5307.500000 556.756775[0m
[00:00:02.020,000] [0m<inf> oresat_sola2: 105720.000000 5305.000000 560.844604[0m
[00:00:02.033,000] [0m<inf> oresat_solar2: 10660.000000 5305.000000 565.300781[0m
[00:00:02.041,000] [0m<bg> oresat_blink: handle_blink: The light is binking![0m
[00:00:02.052,000] [0m<inf> oresat_solar2: 107280.000000 5303.750000 568.986328[0m
[00:00:02.065,000] [0m<inf> oresat_solar2: 108080.000000 5303.750000 573.229309[0m
[00:00:2.078,000] [0m<inf> oresat_solar2: 108820.000000 5302.500000 77.018066[0m
[00:00:02.091,000] [0m<inf> oesat_solar2: 109580.000000 5302.500000 581.04774[0m
[00:00:02.104,000] [0m<inf> oresat_slar2: 110460.000000 5302.500000 585.714172[0m
[00:00:02.117,000] [0m<inf> oresat_solar2: 11280.000000 5300.000000 589.783997[0m
[00:00:02.130,000] [0m<inf> oresat_solar2: 112220.00000 5298.750000 594.625732[0m
[00:00:02.13,000] [0m<inf> oresat_solar2: 113060.000000 5301.250000 599.359314[0m
[00:00:02.156,000][0m<inf> oresat_solar2: 113820.000000 5298.750000 603.103699[0m
[00:00:02.169,000] [0m<if> oresat_solar2: 114580.000000 5298.750000 607.130798[0m
[00:00:02.182,000] [0m<inf> oresat_solar2: 11530.000000 5298.750000 611.263794[0m
[00:00:02.195,000] [0m<inf> oresat_solar2: 116120.00000 5298.750000 615.290833[0m
[00:00:02.208,000] [0m<inf> oresat_solar2: 116920.000000 5297500000 619.383728[0m
[00:00:02.221,000] [0m<inf> oresat_solar2: 117760.000000 5297.500000623.833618[0m
[00:00:02.234,000] [0m<inf> resat_solar2: 118520.000000 5293.750000 627.41222[0m
[00:00:02.247,000] [0m<inf> oresat_olar2: 119360.000000 5293.750000 631.862000[0
[00:00:02.260,000] [0m<inf> oresat_solar2:120100.000000 5293.750000 635.779358[0m
[0000:02.273,000] [0m<inf> oresat_solar2: 120900.000000 5293.750000 640.014404[0m
[00:00:02.86,000] [0m<inf> oresat_solar2: 121680.000000 5293.750000 644.143494[0m
[00:00:02.299,000] [0m<inf> oresat_solar2: 122720.000000 5295.000000 649.802429[0m
[00:00:02.312,000] [0m<inf> oresat_solar2: 123420.000000 5292.500000 653.200378[0m
[00:00:02.325,000] [0m<inf> oresat_solar2: 12480.000000 5291.250000 657.596558[0m
[00:00:02.338,000] [0m<inf> oresat_solar2: 125060.00000 5292.500000 661.880066[0m
[00:00:02.351,00] [0m<inf> oresat_solar2: 125880.000000 5291.250000 666.062561[0m
[00:00:02.364,000] [m<inf> oresat_solar2: 126600.000000 5287.500000 669.397522[0m
[00:00:02.377,000] [0m<inf>oresat_solar2: 127420.000000 5288.750000 673.892517[0m
[00:00:02.390,000] [0m<inf> oresat_solar2: 128200.00000 5288.750000 678.017761[0m
[00:00:02.403,000] [0m<inf> oresat_solar2: 129000.000000 287.500000 682.087524[0m
[00:00:02.416,000][0m<inf> oresat_solar2: 129720.000000 5287.50000 685.894470[0m
[00:00:02.429,000] [0m<if> oresat_solar2: 130480.000000 5285.000000 68.586792[0m
[00:00:02.442,000] [0m<inf> oreat_solar2: 131320.000000 5286.250000 694.190369[0m
[00:00:02.455,000] [0m<inf> oresat_solr2: 132100.000000 5286.250000 698.313599[0m
[00:00:02.468,000] [0m<inf> oresat_solar2: 133100.000000 5285.000000 703.433472[0m
[00:0002.481,000] [0m<inf> oresat_solar2: 133920.000000 5283.750000707.599792[0m
[00:00:02.494000] [0m<inf> oresat_solar2: 134760.000000 5285.000000 712.20604[0m
[00:00:02.507,000] [0m<inf> oresat_solar2: 135520.000000 5282.500000 715.884399[0
[00:00:02.520,000] [0m<inf> oresat_solar2:136360.000000 5281.250000 720.151245[0m
[00:00:02.533,000] [0m<inf> oresat_solar2: 137080000000 5283.750000 724.296448[0m
[00:00:02.46,000] [0m<inf> oresat_solar2: 137900.000000 5281.250000 728.284363[0m
[00:00:02.559,000 [0m<inf> oresat_solar2: 138700.000000 5282.500000 732.682739[0m
[00:00:02.572,000] [0m<nf> oresat_solar2: 139400.000000 5281.250000 736.206238[0m
[00:00:02.585,000] [0m<inf> orsat_solar2: 140220.000000 5280.000000 740.361572[0m
[00:00:02.598,000] [0m<inf> oresat_solar2: 141020.00000 5278.750000 744.409302[0m
[00:00:02.611,000] [0m<inf> oresat_solar2: 141820.000000 527.750000 748.632324[0m
[00:00:02.624,000] [m<inf> oresat_solar2: 142680.000000 5278.75000 753.172058[0m
[00:00:02.637,000] [0m<inf>oresat_solar2: 143380.000000 5276.250000 756.58728[0m
[00:00:02.650,000] [0m<inf> oresatsolar2: 144460.000000 5275.000000 762.026489[0m
[00:00:02.663,000] [0m<inf> oresat_solar2: 145220.000000 5275.000000 766.035522[0m
[0:00:02.676,000] [0m<inf> oresat_solar2: 146060.000000 5276.250000 770.649048[0m
[00:00:02689,000] [0m<inf> oresat_solar2: 146760.000000 5275.000000 77.158997[0m
[00:00:02.702,00] [0m<inf> oresat_solar2: 147560.000000 5272.500000 778.01007[0m
[00:00:02.715,000] [0m<inf> oresat_solr2: 148400.000000 5273.750000 782.624512[0m
[00:00:02.728,000] [0m<inf> oresat_solar2: 149160.000000 5272.500000 786.446106[0m
[00:0002.741,000] [0m<inf> oresat_solar2: 149960.00000 5270.000000 790.289185[0m
[00:00:02.754000] [0m<inf> oresat_solar2: 150700.000000 522.500000 794.565735[0m
[00:00:02.767,000] 0m<inf> oresat_solar2: 151500.000000 5272.500000 798.783752[0m
[00:00:02.780,000] [0m<inf> oresat_solar2: 152260.000000 5270.000000 802.410217[0m
[00:00:02.793,000] [0m<inf> oresat_solar2: 153100.000000 5271.250000 807.028381[0m
[00:00:02.806,000] [0m<inf> oresat_solar2: 153860.0000005270.000000 810.842224[0m
[0:00:02.819,000] [0m<inf> oresat_solar2: 154880.000000 5268.70000 816.023987[0m
[00:00:02.832,000] [0m<nf> oresat_solar2: 155680.000000 5267.500000 80.044373[0m
[00:00:02.845,000] [0m<inf> orsat_solar2: 156500.000000 5267.500000 824.36370[0m
[00:00:02.858,000] [0m<inf> oresat_soar2: 157300.000000 5266.250000 828.381104[0m
[00:00:02.871,000] [0m<inf> oresat_solar2: 158080.000000 5267.500000 832.686401[0m
[00:0:02.884,000] [0m<inf> oresat_solar2: 158760.000000 5265.000000 835.871399[0m
[00:00:02.89,000] [0m<inf> oresat_solar2: 159660.000000 5263.750000 840.40339[0m
[00:00:02.910,000] [0m<inf> oresat_solar2: 160380.000000 5265.000000 844.400696[m
[00:00:02.923,000] [0m<inf> oresat_solar2: 161180.000000 5261.250000 848.008301[0m
[00:00:02.936,000] [0m<inf> oresat_solar2: 16198.000000 5262.500000 852.419739[0m
[00:00:02949,000] [0m<inf> oresat_solar2: 162820.00000 5261.250000 856.636719[0m
[00:00:02.962,00] [0m<inf> oresat_solar2: 163500.000000 5261.250000 860.214355[0m
[00:00:02.975,000] [0minf> oresat_solar2: 164320.000000 5261.250000 864.528625[0m
[00:00:02.988,000] [0m<inf> oresat_solar2: 165360.000000 5261.250000 870.000305[0m
[00:00:03.001,000] [0m<inf> oresat_solar2: 166120.000000 5257.500000 873.375916[0m
[00:00:03.014,000] [0m<inf> oresat_solar2: 166960.000000 528.750000 878.000916[0m
[00:0:03.027,000] [0m<inf> oresat_solar2: 167700.000000 5257.50000 881.682739[0m
[00:00:03.040,000] [0m<inf oresat_solar2: 168560.000000 5257.500000 886.04224[0m
[00:00:03.048,000] [0m<dbg> oresat_blink: handle_blink: The light is blinking![0m
[00:00:03.059,000] [0m<inf> oresat_solar2: 169280.000000 5256.250000 889.778015[0m
[00:00:03.072,000] [0m<inf> oresat_solar2: 17080.000000 5256.250000 893.982971[0m
[00:00:3.085,000] [0m<inf> oresat_solar2: 170820.00000 5257.500000 898.086121[0m
[00:00:03.098,00] [0m<inf> oresat_solar2: 171660.000000 5256.250000 902.287903[0m
[00:00:03.111,000] [m<inf> oresat_solar2: 172460.000000 5255.000000 906.277283[0m
[00:00:03.124,000] [0m<inf> oresat_solar2: 173260.000000 5252.500000 910.048157[0m
[00:00:03.137,000] [0m<inf> oresat_solar2: 173960.000000 5253.750000 913.942322[0m
[00:00:03.150,000] [0m<inf> oresat_solar2: 174720.000000 252.500000 917.716797[0m
[0:00:03.163,000] [0m<inf> oresat_solar2: 175560.000000 5252.50000 922.128906[0m
[00:00:03.176,000] [0m<if> oresat_solar2: 176520.000000 5251.250000 92.950623[0m
[00:00:03.189,000] [0m<inf> oreat_solar2: 177360.000000 5250.000000 931.140015[0m
[00:00:03.202,000] [0m<inf> oresat_solr2: 178180.000000 5251.250000 935.667725[0m
[00:00:03.215,000] [0m<inf> oresat_solar2: 178960.000000 5250.000000 939.539978[0m
[00:0003.228,000] [0m<inf> oresat_solar2: 179700.000000 5248.750000943.200378[0m
[00:00:03.241,000] [0m<inf> oresat_solar2: 180480.000000 5247.500000 947.06787[0m
[00:00:03.254,000] [0m<inf> oresat_solar2: 181280.000000 5247.500000 951.266785[0
[00:00:03.267,000] [0m<inf> oresat_solar2:182060.000000 5247.500000 955.359863[0m
[0000:03.280,000] [0m<inf> oresat_solar2: 182860000000 5246.250000 959.329285[0m
[00:00:03.93,000] [0m<inf> oresat_solar2: 183620.0000005246.250000 963.316406[0m
[00:00:03.306,000 [0m<inf> oresat_solar2: 184420.000000 5243.750000 967.052368[0m
[00:00:03.319,000] [0m<nf> oresat_solar2: 185180.000000 5243.750000 971.037598[0m
[00:00:03.332,000] [0m<inf> oresat_solar2: 185980.000000 5243.750000 975.232605[0m
[00:00:03.345,000] [0m<inf> oresat_solar2: 187020.00000 5242.500000 980.452332[0m
[00:00:03.358,00] [0m<inf> oresat_solar2: 187860.000000 524.500000 984.856079[0m
[00:00:03.371,000] [0m<inf> oresat_solar2: 188560.000000 5241.25000 988.290100[0m
[00:00:03.384,000] [0m<inf>oresat_solar2: 189400.000000 5242.500000 992.929504[0m
[00:00:03.397,000] [0m<inf> oresat_solar2: 190160.000000 5240.000000 996.438416[0m
[00:00:03.410,000] [0m<inf> oresat_solar2: 190980.000000 5240.000000 1000.735229[0m
[00:00:03.423,000] [0m<inf> oresat_solar2: 19170.000000 5241.250000 1004.747620[0m
[00:00:03.436,000] [0m<inf> oresat_solar2: 192520.00000 5240.000000 1008.804810[0m
[00:00:03.449,000] [0m<inf> oresat_solar2: 193360.000000 5236.250000 1012.481323[0m
[0000:03.462,000] [0m<inf> oresat_solar2: 194080000000 5235.000000 1016.008789[0m
[00:00:03.475,000] [0m<inf> oresat_solar2: 194900.00000 5237.500000 1020.788757[0m
[00:00:03.489,000] [0m<inf> oresat_solar2: 195720.000000 5236.250000 1024.838867[0m
[00:0:03.502,000] [0m<inf> oresat_solar2: 196420.000000 5236.250000 1028.504272[0m
[00:00:03.55,000] [0m<inf> oresat_solar2: 197480.000000 233.750000 1033.560913[0m
[0:00:03.528,000] [0m<inf> oresat_solar2: 198300.000000 5231.20000 1037.356934[0m
[00:00:3.541,000] [0m<inf> oresat_solar2: 199080.000000 5231.250000 1041.437256[0m
[00:00:03.554000] [0m<inf> oresat_solar2: 199900.000000 521.250000 1045.726929[0m
[00:00:03.567,000] [0m<inf> oresat_solar2: 200600.000000 5228.750000 1048.887207[0m
[00:00:03.580,000] [0m<inf> oresat_solar2: 201360.000000 5231.250000 103.364502[0m
[00:00:03.593,00] [0m<inf> oresat_solar2: 202120.000000 5231.250000 1057.34010[0m
[00:00:03.606,000] [m<inf> oresat_solar2: 202920.000000 5227.500000 1060.764282[0m
[00:00:03.620,000] [0m<inf oresat_solar2: 203720.000000 5228.750000 1065200928[0m
[00:00:03.633,000] [0m<inf> oresat_solar2: 204520.000000 5230.000000 1069.63964[0m
[00:00:03.646,000] [0minf> oresat_solar2: 205380.000000 5226.250000 1073.367188[0m
[00:00:03.659,000] [0m<inf> resat_solar2: 206080.000000 5226.250000 1077.05635[0m
[00:00:03.672,000] [0m<inf> oresat_solar2: 206880.000000 5225.000000 1080.9479980m
[00:00:03.685,000] [0m<if> oresat_solar2: 207680.000000 5226.250000 1085.387573[0m
[00:00:03.698,000] [0m<inf> orsat_solar2: 208700.000000 5225.000000 1090.457520[0m
[00:00:03.711,000] [0m<inf> oresat_slar2: 209420.000000 5222.500000 1093.695923[0
[00:00:03.724,000] [0m<inf> oresat_solar2: 210220.000000 5222.500000 1097.873901[0m
[00:00:03.737,000] [0m<inf> orest_solar2: 211000.000000 5222.500000 1101.947510[0m
[00:00:03.751,000] [0m<inf> oresat_solr2: 211820.000000 5221.250000 1105.965210[0m[00:00:03.764,000] [0m<inf> oresat_solar2: 212620.000000 5218.750000 1109.610596[0m
[00:00:03.777,000] [0m<inf> oresatsolar2: 213320.000000 5218.750000 1113.263794[0m
[00:00:03.790,000] [0m<inf> oresat_solar: 214120.000000 5218.750000 1117.438721[0m
[00:00:03.803,000] [0m<inf> oresat_solar2: 21420.000000 5217.500000 1121.345093[0m
[00:00:03.816,000] [0m<inf> oresat_solar2: 215720.000000 5217.500000 1125.519043[0m
[00:00:03.829,000] [0m<inf> oresat_solar2:216520.000000 5217.500000 1129.693115[0m
[00:00:03.842,000] [0m<inf> oresat_solar2: 21730.000000 5215.000000 1133.219482[0m
[00:00:03.855,000] [0m<inf> oresat_solar2: 218080.00000 5215.000000 1137.287231[0m
[00:00:03.868,000] [0m<inf> oresat_solar2: 29120.000000 5215.000000 1142.710815[0m
[00:00:03.882,000] [0m<inf> oresat_solar2: 219920.00000 5213.750000 1146.607910[0m
[00:00:03.895,000] [0m<inf> oresat_solar2: 220660.0000005213.750000 1150.466064[0m
[00:00:03.908,000] [0m<inf> oresat_solar2: 221520.000000 5212.500000 1154.672974[0m
[00:0003.921,000] [0m<inf> oresat_solar2: 222220.00000 5210.000000 1157.766235[0m
[00:00:03.934,000] [0m<inf> oresat_solar2: 222980.000000 508.750000 1161.447021[0m
[0:00:03.947,000] [0m<inf> oresat_solar2: 223800.000000 5207.500000 1165.438477[0m
[00:00:0.960,000] [0m<inf> oresat_solar2: 224580.00000 5208.750000 1169.781128[0m
[00:00:03.973,000] [0m<inf> oresat_solar2: 225380.000000 520.000000 1173.102905[0m
[00:0:03.986,000] [0m<inf> oresat_solar2: 226120.000000 5206.250000 1177.237305[0m
[00:00:03.99,000] [0m<inf> oresat_solar2: 226960.000000 5205.000000 1181.326782[0m
[00:00:04.013,00] [0m<inf> oresat_solar2: 227720.000000 5206.50000 1185.567261[0m
[00:00:04.026,000] [0<inf> oresat_solar2: 228480.000000 5205.0000001189.238403[0m
[00:00:04.039,000] [0m<inf> oresat_solar2: 229500.000000 5203.750000 1194.60620[0m
[00:00:04.052,000][0m<inf> oresat_solar2: 230300.000000 5203.750000 1198.423584[0m
[00:00:04.059,000] [0m<dbg> oresat_blink handle_blink: The light is blinking![0m
[00:00:04.70,000] [0m<inf> oresat_solar2: 231160.000000 5200.000000 1202.031982[0m
[00:00:04.083,00] [0m<inf> oresat_solar2: 231960.000000 5198.50000 1205.902100[0m
[00:0004.096,000] [0m<inf> oresat_solar2: 232680.000000 5200.0000001209.936035[0m
[00:00:04.11,000] [0m<inf> oresat_solar2: 233480.000000 5198.750000 1213.804199[0m
[00:00:04.123,000] [0m<inf> oresat_solar2: 234160.000000 5198.75000 1217.339355[0m
[00:00:0.136,000] [0m<inf> oresat_solar2: 234980.000000 5198.750000 121.602295[0m
[00:00:04.149,00] [0m<inf> oresat_solar2: 235800.000000 5196.250000 1225.275757[0m
[00:00:04.162,000] 0m<inf> oresat_solar2: 236620.000000 5195.00000 1229.240845[0m
[00:00:04.175,000] [0m<inf> oresat_solar2: 237400.000000 5195.000000 123.292969[0m
[00:00:04.188,00] [0m<inf> oresat_solar2: 238120.000000 5193.750000 1236.73578[0m
[00:00:04.201,000] [0<inf> oresat_solar2: 238880.000000 5191.250000 1240.085815[0m
[00:00:04.214,000] [0m<inf> oresat_solar2: 239660.000000 5192.500000 1244.34570[0m
[00:00:04.227,000][0m<inf> oresat_solar2: 240780.000000 5188.750000 1249.347168[0m
[00:00:04.241,000] [0m<nf> oresat_solar2: 241480.000000 5190.000000 1253.281250[0m
[00:00:04.254,000] [0m<inf> oresat_solar2: 242280.000000 5191.250000 1257.73084[0m
[00:00:04.267,000] 0m<inf> oresat_solar2: 243100.000000 5188.750000 1261.385132[m
[00:00:04.280,000] [0m<in> oresat_solar2: 243860.000000 5188.750000 1265.328613[0m
[00:00:04.293,000] [0m<inf> oreat_solar2: 244600.000000 5187.500000 1268.86259[0m
[00:00:04.306,000] [0<inf> oresat_solar2: 245380.000000 5187.500000 1272.908691[0m
[00:00:04.319,000] [0m<inf>oresat_solar2: 246200.000000 5186.250000 1276.854736[0m
[00:00:04.332,000] [0m<inf> oresa_solar2: 247000.000000 5186.250000 1281.003784[0m
[00:00:04.345,000] [0m<nf> oresat_solar2: 247780.000000 5183.750000 1284.429565[0m
[00:00:04.358,000] [0m<inf> oesat_solar2: 248560.000000 5182.500000 1288.162231[0m
[00:00:04.372,000] [0m<inf> oresat_solar2: 249320.000000 5182.500000 1292.100952[m
[00:00:04.385,000] [0m<in> oresat_solar2: 250060.000000 5182.500000 1295.935913[0m
[00:00:04.398,000] [0m<inf> oreat_solar2: 251100.000000 5180.000000 1300.697998[0m
[00:00:04.411,000] [0m<inf> oresat_soar2: 251900.000000 5178.750000 1304.527100[0m
[00:00:04.424,000] [0m<inf>oresat_solar2: 252680.000000 5178.750000 1308.566528[0m
[00:00:04.437,000] [0m<inf> oresa_solar2: 253480.000000 5178.750000 1312.709595[0m
[00:00:04.450,000] [0m<inf> oresat_sola2: 254260.000000 5177.500000 1316.431152[0m
[00:00:04.463,000] [0m<inf> oesat_solar2: 255060.000000 5175.000000 1319.935547[0m
[00:00:04.476,000] [0m<inf> oresat_olar2: 255820.000000 5176.250000 1324.188232[0m
[00:00:04.489,000] [0m<inf> oresat_solar2 256660.000000 5175.000000 1328.215454[0m
[00:00:04.503,000] [0m<inf> oreat_solar2: 257360.000000 5175.000000 1331.838013[0m
[00:00:04.516,000] [0m<inf> oresat_soar2: 258200.000000 5172.500000 1335.539551[0m
[00:00:04.529,000] [0m<inf> oresat_solar2: 58960.000000 5172.500000 1339.470581[0m
[00:00:04.542,000] [0m<inf> oresat_solar2: 259720000000 5171.250000 1343.077026[0m
[00:00:04.555,000] [0m<inf> oresat_solar2: 260500.000000 5170.000000 1346.785034[0m
[00:00:04.568,000] [0m<inf> oresat_solar2: 26520.000000 5168.750000 1351.731445[0m
[00:00:04.581,000] [0m<inf> oresat_solar2: 262360.00000 5168.750000 1356.073242[0m
[00:00:04.594,000] [0m<inf> oresat_solar2: 263020.000000 5166.250000 1358.827026[0m
[00:00:04.607,000] [0m<inf> oresat_solar2: 26390.000000 5163.750000 1362.816895[0m
[00:00:04.620,000] [0m<inf> oresat_solar2: 264720.00000 5165.000000 1367.278809[0m
[00:00:04.634,000] [0m<inf> oresat_solar2: 65460.000000 5161.250000 1370.105469[0m
[00:00:04.647,000] [0m<inf> oresat_solar2: 266220000000 5161.250000 1374.027954[0m
[00:00:04.660,000] [0m<inf> oresat_solar2: 266980.000000 5162.500000 1378.284302[0m
[00:00:04.673,000] [0m<inf> oresat_solar2: 267760.000000 5160.000000 1381.641602[0m
[00:00:04.686,000] [0m<inf> oresat_solar2: 268480.00000 5162.500000 1386.027954[0m
[00:00:04.699,000] [0m<inf> oresat_solar2: 269300.000000 158.750000 1389.251343[0m
[0:00:04.712,000] [0m<inf> oresat_solar2: 270080.000000 5160.000000 1393.612793[0m
[00:00:4.725,000] [0m<inf> oresat_solar2: 270880.00000 5156.250000 1396.724976[0m
[00:00:04.738,000] [0m<inf> oresat_solar2: 271620.000000 516.250000 1400.540649[0m
[0000:04.751,000] [0m<inf> oresat_solar2: 272700.000000 5157.500000 1406.450195[0m
[00:00:04.765,000] [0m<inf> oresat_solar2: 273420.00000 5156.250000 1409.821899[0m
[00:00:04.778,000] [0m<inf> oresat_solar2: 274220.00000ðà*** Booting Zephr OS build v4.2.0 ***

[00:00:00.005,000] [m<inf> oresat_mcxn947_solar: Oresat MCXN947 Solar Board App
[m
[00:00:00.013,000] [0m<inf> oresat_blink: tarting blink demo[0m
[00:00:00.019,000] [0m<dbg> oresat_blnk: handle_blink: The light is blinking![0m
00:00:00.026,000] [0m<inf> oresat_solar2: Starting Solar Tracking...[0m
[00:00:00.033,000] [1;31m<err> mcx_lpi2c: SCL GPIO device not ready[0m
[00:00:00.039,000] [0m<inf> oresat_solar2: Starting INA226 reading[m
[00:00:00.049,000] [0m<inf> oresat_solar2: -500.000000 5363.750000 -2.681875[0m[00:00:00.062,00] [0m<inf> oresat_solar2: -500.000000 5365.000000 -2.682500[0m
[00:00:00.074,000] [0m<inf> oresat_solar2: -540.000000 366.250000 -2.897775[0m
[00:00:00.087,000] [0m<inf> oresatsolar2: -520.000000 5367.500000 -2.791100[0m
[00:00:00.100,000] [0m<inf> oesat_solar2: -520.000000 5367.500000 -2.791100[0m
[00:00:00112,000] [0m<inf> oresat_solar2: -500.000000 5368.750000 -2.684375[0m
[00:00:00.125,000] [0m<inf> oresat_solar2: -540.00000 5370.000000 -2.899800[0m
[00:00:00.138,000] [0m<inf> oesat_solar2: -520.000000 5368.750000 -2.791750[0m
[00:00:00151,000] [0m<inf> oresat_solar2: -520.000000 5367.500000 -2.71100[0m
[00:0:00.163,000] [0m<inf> oresat_solar2: -500.00000 5368.750000 -2.684375[0m
[00:00:00.176,000] [0m<inf> oresat_solar2: -50.000000 5368.750000 -3.113875[0m
[00:00:00.189,000] [0m<if> oresat_solar2: -520.000000 5370.000000 -2.792400[0m
[00:0:00.201,000] [0m<inf> oresat_solar2: -520.000000 5368.750000-2.791750[0m
[00:00:00.214,000] [0m<inf> oresat_solar2: -50.000000 5368.750000 -2.791750[0m
[00:00:00.227,000] [0m<inf> oresat_solar2: -540.000000 5367.500000 -2.898450[0m
[00:00:00.239,000] 0m<inf> oresat_solar2: -540.000000 5368.750000 -2.899125[0m
[00:00:00.252,000] [0m<inf> oresat_solar2: -540.000000 5370.00000 -2.899800[0m
[00:00:00.265,000] [0m<inf> oresat_solar: -520.000000 5370.000000 -2.792400[0m
[00:00:00.278,000] [0m<inf> oresat_solar2: -540.000000 5368.750000 -2.899125[0m
[00:00:00.290,00] [0m<inf> oresat_solar2: -540.000000 5368.70000 -2.899125[0m
[00:00:00.303,000] [0m<inf> oresat_solar2: -520.000000 5368.750000 -2.791750[0m
[00:00:00.316,000] [0m<inf> oresat_olar2: -540.000000 5371.250000 -2.900475[0m
[00:00:00.328,000] [0m<inf> oresat_solar2: -480.000000 5370.000000 -2.5776000m
[00:00:00.41,000] [0m<inf> oresat_solar2: -520.000000 568.750000 -2.791750[0m
[00:00:00.354,000] [0m<inf> oresat_solar2: -500.000000 5368.750000 -2.684375[0m
[00:00:00.366,000] [0m<inf> orsat_solar2: 1700.000000 5367.500000 9.124750[m
[00:00:00.379,000] [0m<inf oresat_solar2: 2560.000000 5363.750000 13.73100[0m
[00:0000.392,000] [0m<inf> oresat_solar2: 3800.000000 5365.000000 20.386999[0m
[00:00:00.404,000] [0m<inf> oresat_solar2: 4600000000 5363.750000 24.673250[0m
[00:00:00.417,000] [0m<inf oresat_solar2: 5400.000000 5363.750000 28.964251[0m
[00:00:00.430,000] [0m<inf> oresat_solar2: 6300.000000 5365.000000 3.799500[0m
[0:00:00.443,000] [0m<inf> oresat_solar2: 7080000000 5362.500000 37.966499[0m
[00:00:00.455,000] [0m<inf> oresat_solar2:7900.000000 5362.500000 42.363750[0m
[00:00:00.468,000] [0<inf> oresat_solar2: 8720.000000 5362.500000 46.761002[0m
[00:00:00.481,000 [0m<inf> oresat_solar2: 9560.000000 5362.50000 51.265499[0m
[00:00:00.493,000] [0m<inf> oresat_solar2: 10380.000000 5361.250000 55.649776[0m
[00:00:00.506,000] [m<inf> oresat_solar2: 11200.000000 5361.250000 60.046001[0m
[00:00:00.519,000] [0m<inf> oresat_solar2: 11960.000000 5360.000000 64.105598[0m
[00:00:00.532,000] [0m<nf> oresat_solar2: 12760.000000 5360.000000 68.393600[0m
[0:00:00.545,000] [0m<inf> oresat_solar2: 13560.000000 5358.750000 72.664650[0m
[00:00:00.557,000] [0m<inf oresat_solar2: 14400.000000 5360.000000 77.183998[0m
[00:0:00.570,000] [0m<inf> oresat_solar2: 15460.000000 5357.500000 82.826950[0m
[00:00:00.583,000] [0m<inf> oesat_solar2: 16220.000000 5357.500000 86.898651[0m
[00:00:0.596,000] [0m<inf> oresat_solar2: 17020.000000 5357.500000 91184647[0m
[00:00:00.609,000] [0m<inf> orest_solar2: 17900.000000 5356.250000 95.876877[0m
[00:00:00.61,000] [0m<inf> oresat_solar2: 18660.000000 5356.250000 99.94624[0m
[00:00:00.634,000] [0m<inf> oresat_solar2: 19480.000000 5355.000000 104.315399[0m
[00:00:00.647000] [0m<inf> oresat_solar2: 20260.000000 5355.000000 108.492302[0m
[00:00:00.660,000] [0m<inf> oresat_slar2: 21020.000000 5355.000000 112.562103[0m[00:00:00.673,000] [0m<inf> oresat_solar2: 2860.000000 5355.000000 117.060303[0m
[00:00:00.686,000] [0m<inf> oresat_solar2: 22580.000000 5353.750000 20.887672[0m
[00:00:00.699,000] [0m<inf> oesat_solar2: 23380.000000 5356.250000 125.229126[0m
[00:00:00.712,000] [0m<inf> oresat_solar2: 24160.00000 5351.250000 129.286194[0m
[00:00:00.724,000] [0m<inf> oresat_solar2: 24920.000000 5352.500000 133.38429[0m
[00:00:00.737,000] [0m<inf> oresat_solr2: 26100.000000 5350.000000 139.634995[0m
[00:00:00.750,000] [0m<inf> oresat_solar2: 26820.000000 5351.20000 143.520523[0m
[00:00:00.763,000] [0m<nf> oresat_solar2: 27680.000000 5347.500000 148.018799[0m
[00:00:00.776,000] [0m<inf> oresat_solar2: 2848.000000 5350.000000 152.367996[0m
[00:00:00789,000] [0m<inf> oresat_solar2: 29180.000000 5350.000000 156.113007[0m
[00:00:00.802,000] [0m<inf> orest_solar2: 30000.000000 5347.500000 160.4250030m
[00:00:00.815,000] [0m<inf> oresat_solar2: 30780.000000 5347.500000 164.596054[0m
[00:00:00.828,000][0m<inf> oresat_solar2: 31700.000000 5347.50000 169.515747[0m
[00:00:00.841,000] [0m<inf> oresat_solar2: 32460.000000 5346.250000 173.539276[0m
[0000:00.853,000] [0m<inf> oresat_solar2: 33260.000000 5347.50000 177.857849[0m
[00:00:00.866,000] [0m<inf oresat_solar2: 34000.000000 5346.250000 181.772507[0m
[00:00:00.879,000] [0m<inf> oresat_solar2: 34860.000000 5346.250000 186.370270[0m
[00:00:00.89,000] [0m<inf> oresat_solar2: 35520.000000 533.750000 189.809998[0m
[00:00:00.905,000] [0m<inf> oresat_solar2: 36780.000000 5343.750000 196.543121[0m
[00:00:00.918,000] [0m<inf> oresat_solar2: 7500.000000 5345.000000 200.437500[0m
[00:00:00.931,000] [m<inf> oresat_solar2: 38260.000000 5343.750000 204.451874[0m
[00:00:00.944,000] [0m<inf> resat_solar2: 39080.000000 5342.500000 208.784897[0m
[00:00:00.957,000] [0m<inf> oresat_solar2: 39880.00000 5342.500000 213.058899[0m
[00:00:00.970,000] [0m<inf> oresat_solar2: 40700.000000 5340.000000 217.33797[0m
[00:00:00.982,000] [0m<inf> oresat_soar2: 41480.000000 5342.500000 221.606903[0m
[00:00:00.995,000] [0m<inf> oresat_solar2: 42220.000000 5341.50000 225.507568[0m
[00:00:01.008,000] [0minf> oresat_solar2: 42960.000000 5340.000000 229.406403[0m
[00:00:01.021,000] [0m<inf> oresat_solar2: 43800.000000 5341.250000 233.946747[0m
[00:00:01.028,000] [0m<dg> oresat_blink: handle_blink: The light is blnking![0m
[00:00:01.039,000] [0m<inf> oresat_solar2: 44480.000000 341.250000 237.578796[0m
[00:00:01.052,000][0m<inf> oresat_solar2: 45360.000000 5340.000000 242.222397[m
[00:00:01.065,000] [0m<inf> oresat_solar2 46100.000000 5338.750000 246.116379[0m
[0000:01.078,000] [0m<inf> oresat_solar2: 47020.000000 5242.500000 246.502350[0m
[00:00:01.091,000] [0m<inf oresat_solar2: 47920.000000 5326.250000 255.23902[0m
[00:00:01.104,000] [0m<inf> oresat_solar2: 48760.00000 5326.250000 259.707947[0m
[00:00:01.11,000] [0m<inf> oresat_solar2: 49520.000000 5328.750000 263.879700[0m
[00:00:01.130,000] [0m<inf> oresat_olar2: 50380.000000 5330.000000 268.525391[0m
[00:00:01.143,000] [0m<inf> oresat_solar2: 51060.000000 5332.500000 272.277435[0m
[00:00:01.155,000] [m<inf> oresat_solar2: 51900.000000 5331.250000276.691864[0m
[00:00:01.168,000] [0m<inf> oresat_solar2: 52700.000000 5331.250000 280.956879[0m
[00:0001.181,000] [0m<inf> oresat_solar2: 53400.00000 5333.750000 284.822235[0m
[00:00:01.194,00] [0m<inf> oresat_solar2: 54180.000000 5332.500000 288.91486[0m
[00:00:01.207,000] [0m<inf> oresat_soar2: 54960.000000 5333.750000 293.142914[0m
[00:00:01.220,000] [0m<inf> oresat_solar2: 55780.000000 5333.50000 297.516571[0m
[00:00:01.233,000] [0minf> oresat_solar2: 56560.000000 5332.500000 301.606201[0m
[00:00:01.246,000] [0m<inf> oresat_solar2: 5730.000000 5332.500000 305.658905[0m
[00:00:0.259,000] [0m<inf> oresat_solar2: 58380.000000 5331.250000 31.238373[0m
[00:00:01.272,000] [0m<inf> oreat_solar2: 59160.000000 5331.250000 315.396759[0m
[00:00:01.284,000] [0m<inf> oresat_solar2: 60000.0000005330.000000 319.799988[0m
[00:00:01.297,000 [0m<inf> oresat_solar2: 60720.000000 5330.00000 323.637604[0m
[00:00:01.310,000] [0m<inf> oresat_solar2: 61500.000000 5328.750000 327.718140[0m
[0:00:01.323,000] [0m<inf> oresat_solar2: 62220000000 5328.750000 331.554840[0m
[00:00:01.336,000] [0m<inf> oresat_solar2: 63020.000000 5328.750000 335.17810[0m
[00:00:01.349,000] [0m<inf> oresat_solar2: 63800.00000 5327.500000 339.894501[0m
[00:00:01.32,000] [0m<inf> oresat_solar2: 64580.000000 5327.500000 344.049957[0m
[00:00:01.375,000] [0m<inf> oresat_solar2: 65400.000000 5326.250000 348.336761[0
[00:00:01.388,000] [0m<inf> oresat_solar2:66160.000000 5327.500000 352.467407[0m
[00:00:01.401,000] [0m<inf> oresat_solar2: 66960.000000 5325.00000 356.562012[0m
[00:00:01.413,000] [0m<inf>oresat_solar2: 67860.000000 5323.750000 361.269684[0m
[00:00:01.426,000] [0m<inf> oresat_solar2: 68900.00000 5326.250000 366.978638[0m
[00:00:01.439000] [0m<inf> oresat_solar2: 69680.000000 5325.000000 371.045990[0m
[00:00:01.452,000] [0m<inf> oresat_slar2: 70500.000000 5323.750000 375.324371[0m[00:00:01.465,000] [0m<inf> oresat_solar2: 71260.000000 5322.500000 379.281342[0m
[00:00:01.478,000] [0<inf> oresat_solar2: 72000.000000 5322.500000 383.220001[0m
[00:00:01.491,000] [0m<inf> oresat_solar2: 7260.000000 5322.500000 387.797363[0m
[00:00:1.504,000] [0m<inf> oresat_solar2: 73600.000000 5321.250000 391.644012[0m
[00:00:01.517,000] [0m<inf> orsat_solar2: 74400.000000 5321.250000 395.90100[0m
[00:00:01.530,000] [0m<inf> oresat_solar2: 75180.000000 5320.000000 399.957611[0m
[00:00:01.542,00] [0m<inf> oresat_solar2: 75980.000000 5320.00000 404.213593[0m
[00:00:01.555,000] [0m<inf> oresat_solar2: 76680.000000 5318.750000 407.841736[0m
[00:00:01.568,000] [0m<inf> oresat_solar2: 7752.000000 5318.750000 412.309509[0m
[00:00:01581,000] [0m<inf> oresat_solar2: 78280.000000 5318.750000 416351746[0m
[00:00:01.594,000] [0m<inf> oresat_solar2: 79160.000000 5318.750000 421.032257[0m
[00:00:01.07,000] [0m<inf> oresat_solar2: 80100.000000 317.500000 425.931763[0m
[00:00:01.620,000] [0m<inf> oresat_solar2: 81000.000000 5317.500000 430.717499[m
[00:00:01.633,000] [0m<inf> oresat_solar2 81700.000000 5317.500000 434.439758[0m
[0000:01.646,000] [0m<inf> oresat_solar2: 82520.000000 5315.00000 438.593811[0m
[00:00:01.659,000] [0m<inf oresat_solar2: 83300.000000 5315.000000 442.739502[0m
[00:00:01.671,000] [0m<inf> oresat_solar2: 84100.00000 5315.000000 446.991486[0m
[00:00:01.68,000] [0m<inf> oresat_solar2: 84880.000000 5313.750000 451.031097[0m
[00:00:01.697,000] [0m<inf> oresat_solar2: 85620.000000 5313.750000 454.963287[0m
[00:00:01.710,000] [0m<inf> oresat_solar2: 86460.000000 5312.500000 459.318756[0m
[00:00:01.723,000] [m<inf> oresat_solar2: 87320.000000 5312.500000463.887512[0m
[00:00:01.736,000] [0m<inf> oresat_solar2: 8000.000000 5311.250000 467.390015[0m
[00:0001.749,000] [0m<inf> oresat_solar2: 88880.00000 5311.250000 472.063904[0m
[00:00:01.762,000] [0m<inf> oresat_solar2: 89500.000000 5313.750000 475.58067[0m
[00:00:01.775,000] [0m<inf> oresat_soar2: 90580.000000 5311.250000 481.093018[0m
[00:00:01.788,000] [0m<inf> oresat_solar2: 91480.000000 5308.50000 485.644440[0m
[00:00:01.800,000] [0minf> oresat_solar2: 92200.000000 5308.750000 489.466736[0m
[00:00:01.813,000] [0m<inf> oresat_solar2: 9300.000000 5307.500000 493.703644[0m
[00:00:0.826,000] [0m<inf> oresat_solar2: 93800.000000 5310.000000 498.078003[0m
[00:00:01.839,000] [0m<inf> oreat_solar2: 94560.000000 5307.500000 501.877197[0m
[00:00:01.852,000] [0m<inf> oresat_solar2: 95400.0000005306.250000 506.216248[0m
[00:00:01.865,000 [0m<inf> oresat_solar2: 96200.000000 5306.250000 510.461243[0m
[00:00:01.878,000] [0m<inf> oresat_solar: 96980.000000 5307.500000 514.721375[0m
[0:00:01.891,000] [0m<inf> oresat_solar2: 97720.000000 5305.000000 518.404602[0m
[00:00:01.904,000] [0m<in> oresat_solar2: 98560.000000 5306.250000 522.84009[0m
[00:00:01.917,000] [0m<inf> oresat_solar2: 99360.000000 5303.750000 526.980591[0m
[00:00:01.99,000] [0m<inf> oresat_solar2: 100120.000000 303.750000 531.011475[0m
[00:00:01.942,000][0m<inf> oresat_solar2: 101080.000000 5301.250000 535.850342[0m
[00:00:01.955,000] [0m<if> oresat_solar2: 101960.000000 5301.250000 540.515442[0m
[00:00:01.968,000] [0m<inf> oresat_solar2: 102700.000000 5302.500000 544.566772[0m
[00:00:01.981,000] [0m<inf> oresat_solar2: 103500.00000 5301.250000 548.679382[0m
[00:00:01.994,000] [0m<inf> oresat_solar2: 104220.000000 5301250000 552.496277[0m
[00:00:02.007,000] [0<inf> oresat_solar2: 105080.000000 5298.750000556.792664[0m
[00:00:02.020,000] [0m<inf> resat_solar2: 105800.000000 5298.750000 560.607727[0m
[00:00:02.033,000] [0m<inf> oresat_solar2: 106660.00000 5298.750000 565.164673[0m
[00:00:02.041000] [0m<dbg> oresat_blink: handle_blink: The light is blinking![0m
[00:00:02.052,000] [0m<inf> oresat_solar2: 107380.000000 5298.750000 568.979797[0m
[00:00:02.065,000] [0m<inf> oresat_solar2: 108280.00000 5298.750000 573.748657[0m
[00:00:02.078,000] [0m<inf> oresat_solar2: 108900.000000 597.500000 576.897766[0m
[00:00:02.091,000] [0m<inf> oresat_solar2: 109820.000000 5297.50000 581.771423[0m
[00:00:02.104,000] [0m<in> oresat_solar2: 110500.000000 5296.250000 585.235596[0m
[00:00:02.117,000] [0m<inf> orest_solar2: 111380.000000 5293.750000 589.617859[0m
[00:00:02.130,000] [0m<inf> oresat_solar2: 112400.000000 5292.500000 594.877014[0m
[00:00:02.143,000] [0m<inf> oresat_solar2: 113180.000000 5293.50000 599.146606[0m
[00:00:02.156,000] [0m<inf> oresat_solar2: 113920.000000 5293.750000 03.064026[0m
[00:00:02.169,000] [0m<inf> oesat_solar2: 114780.000000 5273.750000 605.32145[0m
[00:00:02.182,000] [0m<inf> oresat_slar2: 115460.000000 5277.500000 609.340149[0m
[00:00:02.195,000] [0m<inf> oresat_solar2: 16280.000000 5278.750000 613.813049[0m
[00:0:02.208,000] [0m<inf> oresat_solar2: 117080.000000 5281.250000 618.328735[0m
[00:00:02.21,000] [0m<inf> oresat_solar2: 117820.000000 5283.750000 622.31433[0m
[00:00:02.234,000][0m<inf> oresat_solar2: 118580.000000 5286.250000 626.843506[0m
[00:00:02.247,000] [0m<inf> oresat_solar2: 119400.000000 5285.000000 631.028992[0m
[00:00:02.260,000] [0m<inf> oresat_solar2: 120280.000000 5286.250000 635.830139[0m
[00:00:02.273,000] [0m<inf> oresat_solar2: 120980.00000 5286.250000 639.530518[0m
[00:00:02.286,00] [0m<inf> oresat_solar2: 121800.000000 5285.000000 643.713013[0m
[00:00:02.299,000] [0<inf> oresat_solar2: 122860.000000 5286.250000 649.468689[0m
[00:00:02.312,000] [0m<inf> oresat_solar2: 123580.000000 5285.000000 653.120300[0m
[00:00:02.325,000] [0m<inf> oresat_solar2: 124320.000000 5285.000000 657.031189[0m
[00:00:02.338,000] [0m<inf> oresat_solar2: 125180.000000 585.000000 661.576294[0m
[0000:02.351,000] [0m<inf> oresat_solar2: 125920.000000 5285.00000 665.487183[0m
[00:00:02.364,000] [0m<in> oresat_solar2: 126720.000000 5283.750000 669556824[0m
[00:00:02.377,000] [0m<inf> orest_solar2: 127500.000000 5282.500000 673.518738[0m
[00:00:02.390,000] [0m<inf> oresat_sola2: 128300.000000 5281.250000 677.584351[0m
[00:00:02.403,000] [0m<inf> oresat_solar2: 129060.000000 5282.500000 681.759460[0m
[00:00:02.416,000] [0m<inf> oresat_solar2: 129880.000000 5281.250000 85.928772[0m
[00:00:02.429,000] [0m<inf> oresat_solar2: 130620.000000 5280.000000 689.67384[0m
[00:00:02.442,000] [0m<inf> oresat_solar2: 131460.000000 5280.000000 694.108826[0m
[00:00:02.455,000] [0m<inf> oresat_solar2: 32280.000000 5280.000000 698.438416[0m
[00:00:02.468,000] [0m<inf> oresat_solar2: 133280.00000 5277.500000 703.385193[0m
[00:00:02.41,000] [0m<inf> oresat_solar2: 134060.000000 280.000000 707.836792[0m
[00:00:02.494,000][0m<inf> oresat_solar2: 134820.000000 5277.500000 711.5125730m
[00:00:02.507,000] [0m<if> oresat_solar2: 135600.000000 5275.000000 715.289978[0m
[00:00:02.520,000] [0m<inf> oresat_solar2: 136380.000000 5276.250000 719.574951[0m
[00:00:02.533,000] [0m<inf> oresat_solar2: 137180.000000 5276.250000 723.795959[0m
[00:00:02.546,000] [0m<inf> oresat_solar2: 137960.000000 5275000000 727.739014[0m
[00:00:02.559,000] [0<inf> oresat_solar2: 138780.000000 5275.000000732.064514[0m
[00:00:02.572,000] [0m<inf> resat_solar2: 139580.000000 5273.750000 736.11046[0m
[00:00:02.585,000] [0m<inf> oresat_olar2: 140280.000000 5273.750000 739.801636[0m
[00:00:02.598,000] [0m<inf> oresat_solar2:141180.000000 5273.750000 744.548035[0m
[0000:02.611,000] [0m<inf> oresat_solar2: 141920.000000 5271.25000 748.095825[0m
[00:00:02.24,000] [0m<inf> oresat_solar2: 142720.000000 5272.500000 752.491211[0m
[00:00:02.637,000] [0m<inf> oresat_solar2: 143500.000000 5271.250000 756.424377[0m
[00:00:02.650,000] [0m<inf> oresat_solar2: 144560.000000 5268.750000 761.650513[0m
[00:00:02.663,000] [0m<inf> oresat_solar2: 14500.000000 5271.250000 765.912598[0m
[00:00:2.676,000] [0m<inf> oresat_solar2: 146160.00000 5268.750000 770.080505[0m
[00:00:02.689,00] [0m<inf> oresat_solar2: 146900.000000 5268.750000 773.979370[0m
[00:00:02.702,000] [m<inf> oresat_solar2: 147660.000000 5268.750000 777.983643[0m
[00:00:02.715,000] [0m<inf>oresat_solar2: 148420.000000 5268.750000 781.987854[0m
[00:00:02.728,000] [0m<inf> oresat_solar2: 149200.00000 5267.500000 785.911011[0m
[00:00:02.741,000] [0m<inf> oresat_solar2: 149960.000000 265.000000 789.539429[0m
[00:00:02.754,000][0m<inf> oresat_solar2: 150760.000000 5265.00000 793.751404[0m
[00:00:02.767,000] [0m<if> oresat_solar2: 151620.000000 5265.000000 798.279297[0m
[00:00:02.780,000] [0m<inf> oreat_solar2: 152420.000000 5262.500000 802.110229[0m
[00:00:02.793,000] [0m<inf> oresat_solar2: 153200.00000 5265.000000 806.598022[0m
[00:00:02.806,000] [0m<inf> oresat_solar2: 153980.000000 5263.750000 810.512207[0m
[00:00:02.819,000] [0m<inf> oresat_solar2: 155020.000000 5262.500000815.792725[0m
[00:00:02.832,000] [0m<inf> oresat_solar2: 155760.000000 5261.250000 819.49310[0m
[00:00:02.845,000] [0m<inf> oresat_olar2: 156560.000000 5261.250000 823.701294[0
[00:00:02.858,000] [0m<inf> oresat_solar2:157280.000000 5261.250000 827.489380[0m
[0000:02.871,000] [0m<inf> oresat_solar2: 158180000000 5258.750000 831.829102[0m
[00:00:02.84,000] [0m<inf> oresat_solar2: 158900.000000 5260.000000 835.814026[0m
[00:00:02.897,000 [0m<inf> oresat_solar2: 159680.000000 5258.750000 839.717224[0m
[00:00:02.910,000] [0m<inf> oresat_solar2: 160460.000000 5258.750000 843.819031[0m
[00:00:02.923,000] [0m<inf> oresat_solar2: 161260.000000 5257.500000 847.824463[0m
[00:00:02.936,000] [0m<inf> oresat_solar2: 162020.00000 5255.000000 851.415100[0m
[00:00:02.949,000] [0m<inf> oresat_solar2: 162820.000000 525.000000 855.619080[0m
[00:00:02.962,000] [m<inf> oresat_solar2: 163620.000000 5252.50000 859.414062[0m
[00:00:02.975,000] [0m<inf>oresat_solar2: 164420.000000 5255.000000 864.027100[0m
[00:00:02.988,000] [0m<inf> oresatsolar2: 165400.000000 5253.750000 868.970276[0m
[00:00:03.001,000] [0m<inf> oresat_solar2: 166260.000000 253.750000 873.488464[0m
[0:00:03.014,000] [0m<inf> oresat_solar2: 167060.000000 5251.25000 877.273804[0m
[00:00:03.027,000] [0m<inf> oresat_solar2: 167780.000000 5253.750000 88.474182[0m
[00:00:03.040,000] [0m<inf> oreat_solar2: 168560.000000 5253.750000 885.572083[0m
[00:00:03.048,000] [0m<dbg> oresat_blink: handle_blink: The light is blinking![0m
[00:00:03.059,000] [0m<inf> oresat_solar2: 169360.000000 5252.500000 889.563416[0m
[00:00:03.072,000] [0m<inf> oresat_solar2: 170180.00000 5250.000000 893.445007[0m
[00:00:03.085,000] [0m<inf> oresat_solar2: 170920.000000 548.750000 897.116333[0m
[00:00:03.098,000] [0m<inf> oresat_solar2: 171680.000000 5248.75000 901.105408[0m
[00:00:03.111,000] [0m<in> oresat_solar2: 172500.000000 5248.750000 905.409363[0m
[00:00:03.124,000] [0m<inf> orest_solar2: 173220.000000 5248.750000 909.188477[0m
[00:00:03.137,000] [0m<inf> oresat_solar2: 174080.000000 5248.750000 913.702393[0m
[00:00:03.150,000] [0m<inf> oresat_solar2: 174860.000000 5246.50000 917.359253[0m
[00:00:03.163,000] [0m<inf> oresat_solar2: 175680.000000 5246.250000 21.661194[0m
[00:00:03.176,000] [0m<inf> oesat_solar2: 176680.000000 5247.500000 927.12896[0m
[00:00:03.189,000] [0m<inf> oresat_slar2: 177460.000000 5245.000000 930.777710[0m
[00:00:03.202,000] [0m<inf> oresat_solar2: 78320.000000 5245.000000 935.288391[0m
[00:0:03.215,000] [0m<inf> oresat_solar2: 179060.00000 5243.750000 938.945862[0m
[00:00:03.28,000] [0m<inf> oresat_solar2: 179780.000000 5242.500000 942.96643[0m
[00:00:03.241,000][0m<inf> oresat_solar2: 180580.000000 5242.500000 946.690674[0m
[00:00:03.254,000] [0m<inf> oresat_solar: 181360.000000 5218.750000 946.472473[0m
[00:00:03.267,000] [0m<inf> oresat_solar2: 182120.000000 5223.750000 951.349365[0m
[00:00:03.280,000] [0m<inf> oresat_solar2: 182920.00000 5227.500000 956.214294[0m
[00:00:03.293,00] [0m<inf> oresat_solar2: 183680.000000 5228.750000 960.416809[0m
[00:00:03.306,000] [0<inf> oresat_solar2: 184500.000000 5231.250000 965.165649[0m
[00:00:03.319,000] [0m<inf> oresat_solar2: 185260.000000 5232.500000 969.372925[0m
[00:00:03.332,000] [0m<inf> oresat_solar2: 186120.000000 5232.500000 973.872925[0m
[00:00:03.345,000] [0m<inf> oresat_solar2: 187100.000000 532.500000 979.000732[0m
[0000:03.358,000] [0m<inf> oresat_solar2: 187900.000000 5233.75000 983.421631[0m
[00:00:03.371,000] [0m<in> oresat_solar2: 188720.000000 5233.750000 987713318[0m
[00:00:03.384,000] [0m<inf> orest_solar2: 189500.000000 5233.750000 991.795654[0m
[00:00:03.397,000] [0m<inf> oresat_sola2: 190280.000000 5233.750000 995.877930[0m
[00:00:03.410,000] [0m<inf> oresat_solar2: 191100.000000 5231.250000 999.691895[0m
[00:00:3.423,000] [0m<inf> oresat_solar2: 191820.000000 5232.500000 1003.698120[0m
[00:00:03.436000] [0m<inf> oresat_solar2: 192560.000000 523.750000 1007.810913[0m
[0000:03.449,000] [0m<inf> oresat_solar2: 193400.000000 5231.25000 1011.723755[0m
[00:00:03462,000] [0m<inf> oresat_solar2: 194220.000000 5228.750000 1015.527832[0m
[00:00:03.475,00] [0m<inf> oresat_solar2: 194900.000000 5230000000 1019.327026[0m
[00:00:03.489,000] [0m<inf> oresat_solar2: 195680.000000 5228.75000 1023.161804[0m
[00:00:03.52,000] [0m<inf> oresat_solar2: 196560.000000 5230.000000 1028.008789[0m
[00:00:03.515,000 [0m<inf> oresat_solar2: 197620.000000 5227.50000 1033.058594[0m
[00:00:03.528,000] [0m<inf> oresat_solar2: 198320.000000 5226.250000 036.469849[0m
[00:00:03.541000] [0m<inf> oresat_solar2: 199160.000000 5225.000000 1040.610962[0m
[00:00:03.554,000] [0m<inf> oresat_solar2: 199880.000000 5223.750000 1044.1231690m
[00:00:03.567,000] [0m<if> oresat_solar2: 200660.000000 5225.000000 1048.448486[0m
[00:00:03.580,000] [0m<inf> oresat_solar2: 201420.000000 5223.750000 1052.16725[0m
[00:00:03.593,000] [m<inf> oresat_solar2: 202220.000000 5223.750000 1056.346680[0
[00:00:03.606,000] [0m<inf oresat_solar2: 203020.000000 5222.500000 1060.271973[0m
[00:00:03.620,000] [0m<inf> orest_solar2: 203800.000000 5222.500000 1064.34545[0m
[00:00:03.633,000] [0minf> oresat_solar2: 204580.000000 5222.500000 1068.419067[0m[00:00:03.646,000] [0m<inf> resat_solar2: 205360.000000 5220.000000 1071.979248[0m
[00:00:03.659,000] [0m<inf> oresatsolar2: 206120.000000 5221.250000 1076.2041020m
[00:00:03.672,000] [0m<inf> oresat_solar2: 206820.000000 5218.750000 1079.341919[0m
[00:00:03.685,000] [0m<inf> orsat_solar2: 207680.000000 5218.750000 1083.829956[0m
[00:00:03.698,000] [0m<inf> oresat_slar2: 208700.000000 5218.750000 1089.153076[0
[00:00:03.711,000] [0m<inf> oresat_solar2: 209500.000000 5218.750000 1093.328125[0m
[00:00:03.724,000] [0m<inf> orest_solar2: 210280.000000 5213.750000 1096.347290[0m
[00:00:03.737,000] [0m<inf> oresat_solr2: 211120.000000 5215.000000 1100.990845[0m[00:00:03.751,000] [0m<inf> oresat_solar2: 21820.000000 5213.750000 1104.376465[0m
[00:00:03.764,000] [0m<inf> oresatsolar2: 212580.000000 5215.000000 1108.604736[0m
[00:00:03.777,000] [0m<inf> oresat_solar: 213380.000000 5213.750000 1112.510010[0m
[00:00:03.790,000] [0m<inf> oresat_solar2: 214120.000000 5212.500000 1116.100464[0m
[00:00:03.803,000] [0m<inf> oresat_slar2: 215000.000000 5211.250000 1120.418701[0m
[00:00:03.816,000] [0m<inf> oresat_solar2:215700.000000 5211.250000 1124.066650[0m
[00:00:03.829,000] [0m<inf> oresat_solar2: 21652.000000 5210.000000 1128.069214[0m
[00:00:03.842,000] [0m<inf> oresat_solr2: 217320.000000 5208.750000 1131.965576[0m
[00:00:03.855,000] [0m<inf> oresat_solar2: 28080.000000 5208.750000 1135.924194[0m
[00:00:03.868,000] [0m<inf> oresat_solar2: 219160.00000 5207.500000 1141.275757[0m
[00:00:03.882,000] [0m<inf> oresat_solar2: 219900.000000 5208.750000 1145.404175[0m
[00:00:03.895,000] [0m<inf> oresat_solar2: 22060.000000 5205.000000 1149.055786[0m
[00:00:03.908,000] [0m<inf> oresat_solar2: 221500.00000 5206.250000 1153.184326[0m
[00:00:03.921,000] [0m<inf> oresat_solar2: 222320.000000 5206.250000 1157.453491[0m
[0:00:03.934,000] [0m<inf> oresat_solar2: 22308.000000 5203.750000 1160.852539[0m
[00:00:03.947,000] [0m<inf> oresat_solar2: 223860.00000 5203.750000 1164.911499[0m
[00:00:03.960,000] [0m<inf> oresat_solar2: 224600.000000 520.250000 1168.200806[0m
[00:0:03.973,000] [0m<inf> oresat_solar2: 225420.000000 5200.000000 1172.183960[0m
[00:00:03.86,000] [0m<inf> oresat_solar2: 226200.0000005201.250000 1176.522705[0m
[00:00:03.999,000] [0m<inf> oresat_solar2: 227020.000000 5197.00000 1179.936401[0m
[00:0004.013,000] [0m<inf> oresat_solar2: 227820.000000 5198.7500001184.379272[0m
[00:00:04.02,000] [0m<inf> oresat_solar2: 228520.000000 5198.750000 1188.018311[0m
[00:00:04.039,000][0m<inf> oresat_solar2: 229620.000000 5197.50000 1193.449951[0m
[00:00:04.052,000] [0m<nf> oresat_solar2: 230380.000000 5193.750000 196.536133[0m
[00:00:04.059,000] [0m<dbg> oresat_blink: handle_blink: The light is blinking![0m
[00:00:04.070,000] [0m<inf> oresat_solar2: 231100.000000 5193.50000 1200.275635[0m
[00:0004.083,000] [0m<inf> oresat_solar2: 231980.000000 5195.000000 1205.136108[0m
[00:00:04.09,000] [0m<inf> oresat_solar2: 232700.000000 595.000000 1208.876465[0m
[0:00:04.110,000] [0m<inf> oresat_solar2: 233500.000000 5193.75000 1212.740601[0m
[00:00:0.123,000] [0m<inf> oresat_solar2: 234400.000000 5190.000000 1216.536011[0m
[00:00:04.136,00] [0m<inf> oresat_solar2: 235120.000000 519.000000 1220.272827[0m
[00:0:04.149,000] [0m<inf> oresat_solar2: 235860.000000 5190.00000 1224.113403[0m
[00:00:04.62,000] [0m<inf> oresat_solar2: 236620.000000 5190.000000 1228.057739[0m
[00:00:04.175,00] [0m<inf> oresat_solar2: 237420.000000 5190.00000 1232.209839[0m
[00:00:04.188,000] [0m<inf> oresat_solar2: 238200.000000 5187.5000001235.662476[0m
[00:00:04.20,000] [0m<inf> oresat_solar2: 239000.000000 5187.500000 1239.12500[0m
[00:00:04.214,000][0m<inf> oresat_solar2: 239780.000000 5185.000000 1243.259277[0m
[00:00:04.227,000] [0m<nf> oresat_solar2: 240780.000000 5183.750000 148.143311[0m
[00:00:04.241,00] [0m<inf> oresat_solar2: 241560.000000 5185.000000 1252.48647[0m
[00:00:04.254,000] 0m<inf> oresat_solar2: 242260.000000 5183.750000 1255.815308[0m
[00:00:04.267,000] [0m<in> oresat_solar2: 243100.000000 5183.750000 126.169678[0m
[00:00:04.280,000] [0m<inf> oresat_solar2: 243860.000000 5182.500000 1263.80443[0m
[00:00:04.293,000] [0<inf> oresat_solar2: 244680.000000 5180.000000 1267.442383[0m
[00:00:04.306,000] [0m<inf>oresat_solar2: 245460.000000 5181.250000 1271.89673[0m
[00:00:04.319,000] [0m<inf> oresat_solar2: 246260.000000 5178.750000 1275.318970[0m
[00:00:04.332,000ÝàL[OZÿ> oresat_solar2: 247000.000000 4605.000000 1137.435059[0m
[00:00:04.345,000] [0m<inf> oesat_solar2: 247720.000000 5148.750000 1275.44364[0m
[00:00:04.358,000] [0m<inf> oresat_solar2: 248600.000000 5152.500000 1280.911499[m
[00:00:04.372,000] [0m<in> oresat_solar2: 249420.000000 5158.750000 1286.695435[0m
[00:00:04.385,000] [0m<inf> oreat_solar2: 250080.000000 5162.500000 1291.03794[0m
[00:00:04.398,000] [0m<inf> oresat_solar2: 251180.000000 5162.500000 1296.716797[0m
[00:00:04.411,000] [0m<inf>oresat_solar2: 252000.000000 5166.250000 1301.895020[0m
[00:00:04.424,000] [0m<inf> oresa_solar2: 252720.000000 5167.500000 1305.930542[0m
[00:00:04.437,000] [0m<inf> oresat_solar2: 253580.000000 5168.750000 1310.691650[0m
[00:00:04.450,000] [0m<inf> oesat_solar2: 254300.000000 5168.750000 1314.413086[0m
[00:00:04.463,000] [0m<inf> oresat_olar2: 255100.000000 5166.250000 1317.910400[m
[00:00:04.476,000] [0m<inf> oresat_solar2: 255880.000000 5165.000000 1321.620239[0m
[00:00:04.489,000] [0m<inf> oreat_solar2: 256660.000000 5165.000000 1325.648926[0m
[00:00:04.503,000] [0m<inf> oresat_soar2: 257380.000000 5166.250000 1329.689453[0m
[00:00:04.516,000] [0m<inf> oresat_solar2: 58200.000000 5165.000000 1333.603027[0m
[00:00:04.529,000] [0m<inf> oresat_solar2: 259000.000000 5163.750000 1337.411255[0m
[00:00:04.542,000] [0m<inf> oresat_sola2: 259800.000000 5163.750000 1341.542236[0m
[00:00:04.555,000] [0m<inf> oresat_solar2: 26560.000000 5163.750000 1345.466675[0m
[00:00:04.568,000] [0m<inf> oresat_solar2: 261580.000000 5163.750000 1350.733765[0m
[00:00:04.581,000] [0m<inf> oresat_solar2 262480.000000 5163.750000 1355.381104[0m
[00:00:04.594,000] [0m<inf> oresat_solar2: 26310.000000 5158.750000 1357.576660[0m
[00:00:04.607,000] [0m<inf> oresat_solar2: 263920.00000 5158.750000 1361.497314[0m
[00:00:04.620,000] [0m<inf> oresat_solar2: 64760.000000 5157.500000 1365.499756[0m
[00:00:04.634,000] [0m<inf> oresat_solar2: 265480000000 5157.500000 1369.213135[0m
[00:00:04.647,000] [0m<inf> oresat_solar2: 266180.00000 5156.250000 1372.490601[0m
[00:00:04.660,000] [0m<inf> oresat_solar2: 267100.000000 5157.500000 1377.568237[0m
[00:0:04.673,000] [0m<inf> oresat_solar2: 267800.00000 5155.000000 1380.509033[0m
[00:00:04.686,000] [0m<inf> oresat_solar2: 268600.000000 155.000000 1384.633057[0m
[0:00:04.699,000] [0m<inf> oresat_solar2: 269360.000000 5152.500000 1387.877441[0m
[00:00:4.712,000] [0m<inf> oresat_solar2: 270160.00000 5153.750000 1392.337158[0m
[00:00:04.725,000] [0m<inf> oresat_solar2: 270980.000000 510.000000 1395.546997[0m
[0000:04.738,000] [0m<inf> oresat_solar2: 271680.000000 5151.250000 1399.491577[0m
[00:00:04751,000] [0m<inf> oresat_solar2: 272720.00000 5148.750000 1404.167114[0m
[00:00:04.765,000] [0m<inf> oresat_solar2: 273500.000000 5148750000 1408.183105[0m
[00:0:04.778,000] [0m<inf> oresat_solar2: 274280.000000 5150.000000 1412.541992[0m
[00:00:04.71,000] [0m<inf> oresat_solar2: 275060.000000 146.250000 1415.527466[0m
[0:00:04.804,000] [0m<inf> oresat_solar2: 275800.000000 5145.00000 1418.990967[0m
[00:00:4.817,000] [0m<inf> oresat_solar2: 276660.000000 5146.250000 1423.761475[0m
[00:00:04.830000] [0m<inf> oresat_solar2: 277460.000000 513.750000 1427.184814[0m
[00:00:04.843,000] [0m<inf> oresat_solar2: 278200.000000 5143.75000 1430.991211[0m
[00:00:04856,000] [0m<inf> oresat_solar2: 278960.000000 5143.750000 1434.900513[0m
[00:00:04.869,00] [0m<inf> oresat_solar2: 279760.000000 5141250000 1438.316040[0m
[00:00:04.882,000] [0m<inf> oresat_solar2: 280520.000000 5141.25000 1442.223511[0m
[00:00:04.86,000] [0m<inf> oresat_solar2: 281300.000000 5138.750000 1445530396[0m
[00:00:04.909,000 [0m<inf> oresat_solar2: 282100.000000 5138.750000 1449.641357[0m
[00:00:04.922,000] [0m<inf> oresat_solar2: 283180.000000 5137.500000 454.837280[0m
[00:00:04.935000] [0m<inf> oresat_solar2: 283820.000000 5135.000000 1457.45649[0m
[00:00:04.948,000] [0m<inf> oresat_solar2: 284720.000000 5136.250000 1462.393066[0m
[00:00:04.961,000] [0m<inf> oresat_solar2: 285480.000000 5133.750000 145.583008[0m
[00:00:04.974,000] [0m<inf> orsat_solar2: 286260.000000 5133.750000 1469.58780[0m
[00:00:04.987,000] [0m<inf> oresat_solar2: 287000.000000 5132.500000 1473.027466[0
[00:00:05.000,000] [0m<inf oresat_solar2: 287920.000000 5131.250000 1477.389526[0m
[00:00:05.013,000] [0m<inf> orest_solar2: 288660.000000 5130.000000 1480.82580[0m
[00:00:05.027,000] [0m<inf> oresat_solr2: 289400.000000 5127.500000 1483.898560[0m[00:00:05.040,000] [0m<inf> resat_solar2: 290160.000000 5126.250000 1487.432739[0m
[00:00:05.053,000] [0m<inf> oresatsolar2: 290960.000000 5125.000000 1491.170044[0m
[00:00:05.066,000] [0m<inf> oresat_solar: 291780.000000 5123.750000 1495.007812[0m
[0:00:05.073,000] [0m<dbg> oresat_blink: handle_blink: The ligt is blinking![0m
[00:00:05.084,000] [0m<inf> oresat_solar2: 292500.000000 5123.750000 1498.696899[0m
[00:00:05.097,000] [0m<nf> oresat_solar2: 293600.000000 5123.750000 1504.333008[0m
[00:00:05.110,000] [0m<inf> oesat_solar2: 294280.000000 5125.000000 1508.185059[0m
[00:00:05.123,000] [0m<inf> oresat_solar2: 295100.000000 5122.500000 1511.649780[m
[00:00:05.137,000] [0m<in> oresat_solar2: 295920.000000 5122.500000 1515.850220[0m
[00:00:05.150,000] [0m<inf> oreat_solar2: 296680.000000 5120.000000 1519.001587[0m
[00:00:05.163,000] [0m<inf> oresat_soar2: 297420.000000 5120.000000 1522.790405[0m
[00:00:05.176,000] [0m<inf> oresat_solar2: 298260.000000 5117.500000 1526.345581[0m
[00:00:05.189,000] [0m<inf> oresa_solar2: 298960.000000 5118.750000 1530.301514[0m
[00:00:05.202,000] [0m<inf> oresat_sola2: 299800.000000 5115.000000 1533.477051[0m
[00:00:05.215,000] [0m<inf> oresat_solar2: 30600.000000 5115.000000 1537.568970[0m
[00:00:05.228,000] [0m<inf> oresat_solar2: 301380.000000 5113.750000 1541.182007[0m
[00:00:05.241,000] [0m<inf> oresat_solar2 302100.000000 5112.500000 1544.486206[0m
[00:00:05.254,000] [0m<inf> oresat_solar2: 30280.000000 5112.500000 1548.473999[0m
[00:00:05.268,000] [0m<inf> oresat_solar2: 303680.000000 5111.250000 1552.184448[0m
[00:00:05.281,000] [0m<inf> oresat_solar2: 04680.000000 5108.750000 1556.533936[0m
[00:00:05.294,000] [0m<inf> oresat_solar2: 305480000000 5106.250000 1559.857300[0m
[00:00:05.307,000] [0m<inf> oresat_solar2: 306320.00000 5105.000000 1563.763550[0m
[00:00:05.320,000] [0m<inf> oresat_solar2: 30060.000000 5103.750000 1567.157471[0m
[00:00:05.333,000] [0m<inf> oresat_solar2: 307860.00000 5103.750000 1571.240479[0m
[00:00:05.346,000] [0m<inf> oresat_solar2: 308620.000000 103.750000 1575.119385[0m
[0:00:05.359,000] [0m<inf> oresat_solar2: 30940.000000 5101.250000 1578.326782[0m
[00:00:05.372,000] [0m<inf> oresat_solar2: 310180.00000 5100.000000 1581.917969[0m
[00:00:05.385,000] [0m<inf> oresat_solar2: 310960.000000 5098.750000 1585.507324[0m
[0000:05.399,000] [0m<inf> oresat_solar2: 311760000000 5098.750000 1589.586304[0m
[00:00:05.412,000] [0m<inf> oresat_solar2: 312460.00000 5097.500ðð*** Booting Zephyr OS build v4.2.0 ***

[00:0:00.005,000] [0m<inf> oresat_mcxn947_solar: Oresat MCXN947 Slar Board App
[0m
[00:00:00.013,000] [0m<in> oresat_blink: Starting blink demo[0m
[00:00:00.019,000] [0m<dbg> oresat_blink: handle_blink: The light i blinking![0m
[00:00:00.026,000] [0m<inf> oresat_solar2: Starting Solar Tracking...[0m
[00:00:00.033,000 [1;31m<err> mcux_lpi2c: SCL GPIO device not ready[0m
[00:00:00.039,000] [0m<inf> oresat_solar2: StartingINA226 reading[0m
[0:00:00.049,000] [0m<inf> oresat_solar2: -540.000000 5362.500000 -2.895750[0m
[00:00:00.062,000] [0m<inf> oresat_solar2: -540.000000 5360.000000 -2.894400[0m
[00:00:00.074,000] [0m<inf> oresat_solr2: -540.000000 5361.250000 -2.895075[0m
[00:00:00.087,000][0m<inf> oresat_solar2: -520.000000 5363.750000 -2.789150[0m
[00:00:00.100000] [0m<inf> oresat_solar2: -540.000000 5360000000 -2.894400[0m
[00:00:00.112,000] [0m<inf> oresat_solar2: -520.000000 5362.500000 -2.788500[0m
[00:00:00.125,000] [0m<inf> oresa_solar2: -520.000000 5362.500000 -2.788500[0m
[00:00:00.138000] [0m<inf> oresat_solar2: -540.000000 5362.500000 -2.895750[0m
[00:00:00.151,000] [0m<inf> oresat_solar2: -520.0000005362.500000 -2.788500[0m
[00:00:00.163,000] [0m<inf> oresa_solar2: -540.000000 5363.750000 -2.896425[0m
[00:00:00.176,000] [0m<inf> resat_solar2: -540.000000 5363.750000 -2.89642[0m
[00:00:0.189,000] [0m<inf> oresat_solar2: -520.000000 5362.500000 -2.788500[0m
[00:00:00.201,000] [0m<inf> oresat_solar2: -540.00000 5365.000000 -2.897100[0m
[00:00:00.214,000] [0m<inf> resat_solar2: -520.000000 5363.750000 -2.789150[0m
[00:00:0.227,000] [0m<inf> oresat_solar2: -580.000000 5362.500000 -3.10250[0m
[0000:00.239,000] [0m<inf> oresat_solar2: -540.000000 5363.750000 -2.896425[0m
[00:00:00.252,000] [0m<inf> oresat_solar2: -20.000000 5363.750000 -2.789150[0m
[00:00:00.265,000] [0m<nf> oresat_solar2: -500.000000 5362.500000 -2.681250[0m
[0000:00.278,000] [0m<inf> oresat_solar2: -520.000000 5362.50000 -2.788500[0m
[00:00:00.290,000] [0m<inf> oresat_solar2: -00.000000 5363.750000 -2.681875[0m
[00:00:00.303,000] [0m<nf> oresat_solar2: -520.000000 5362.500000 -2.788500[0m
[00:00:00.316,000] [0m<inf> oresat_solar2: -480.000000 5363.750000 -2.574600[0m
[00:00:00.328,000] [0m<inf> oresat_solar2: -520.000000 5362.500000 -2.788500[0m
[00:00:00.341,000] [0m<inf> oresat_sola2: -540.000000 5363.750000 -2.896425[0m
[00:00:00.354,000] [0m<inf> oresat_solar2: -540.000000 5362.500000 -2.895750[0m
[00:00:00.366,00] [0m<inf> oresat_solar2: 1760.000000 5362.00000 9.438000[0m
[00:00:00.379,000] [0m<inf> oresat_solar2: 2600.000000 560.000000 13.936000[0m
[00:00:00.392,000] [0m<inf> oresat_olar2: 3800.000000 5358.750000 20.363251[0m
[00:00:00.404,000] [0m<inf> oresat_solar2: 4660.000000 5358.750000 24.9717750m
[00:00:00.17,000] [0m<inf> oresat_solar2: 5480.000000 5361.250000 29.37650[0m
[00:00:00.430,000] [0m<inf> oresat_solar2: 6360.00000 5357.500000 34.073700[0m
[00:00:00.443,000] [0m<inf> orsat_solar2: 7220.000000 5357.500000 38.681149[0m
[00:00:00.455,000] [0m<inf> oresat_solar2: 7920.000000 5357.500000 42.43400[0m
[00:0:00.468,000] [0m<inf> oresat_solar2: 8780.000000 5356.250000 47.027874[0m
[00:00:00.481,000] [0m<inf> oresat_solar2: 956.000000 5353.750000 51.181850[0m
[00:00:00.493,000] [0m<in> oresat_solar2: 10480.000000 5353.750000 56.107300[0m
[00:0:00.506,000] [0m<inf> oresat_solar2: 11260.000000 5355.000000 60.297298[0m
[00:00:00.519,000] [0m<inf> oresat_solar2: 11960.000000 5355.000000 64.045799[0m
[00:00:0.532,000] [0m<inf> oresat_solar2: 12800.000000 5352.500000 6.512001[0m
[00:00:00.545,000] [0m<inf> oresat_solar2: 13620.000000 5353.750000 72.918076[0m
[00:00:00.57,000] [0m<inf> oresat_solar2: 14400.000000 5352.500000 77.05996[0m
[00:00:00.570,000] [0m<inf> oresat_solar2: 15480.00000 5352.500000 82.856697[0m
[00:00:00.583,000] [0m<inf> oresat_solar2: 16280.000000 5351.250000 87.11837[0m
[00:00:00.596,000] [0m<inf> oresat_solar2: 17160.00000 5351.250000 91.827454[0m
[00:00:00.609,000] [0m<inf> oreat_solar2: 17860.000000 5351.250000 95.5733260m
[00:00:00.621,000] [0m<inf> oresat_solar2: 18780.000000 351.250000 100.496475[0m
[00:00:00.634,000][0m<inf> oresat_solar2: 19400.000000 5348.750000 103.765747[m
[00:00:00.647,000] [0m<inf> oresat_solar2 20220.000000 5350.000000 108.177002[0m
[0000:00.660,000] [0m<inf> oresat_solar2: 21060.000000 5348.750000 112.644676[0m
[00:00:00.673,000] [0m<inf oresat_solar2: 21860.000000 5347.500000 116.896347[0m
[00:00:00.686,000] [0m<inf> oresat_solar2: 22600.00000 5348.750000 120.881752[0m
[00:00:00.69,000] [0m<inf> oresat_solar2: 23420.000000 5347.500000 125.238449[0m
[00:00:00.712,000] [0m<inf> oresat_olar2: 24280.000000 5346.250000 129.806946[0m
[00:00:00.725,000] [0m<inf> oresat_solar2: 25000.000000 5345.000000 133.625000[0m
[00:00:00.737,000] [m<inf> oresat_solar2: 26020.000000 5345.000000139.076904[0m
[00:00:00.750,000] [0m<inf> oresat_solar2: 2920.000000 5343.750000 143.853745[0m
[00:0000.763,000] [0m<inf> oresat_solar2: 27780.00000 5345.000000 148.484100[0m
[00:00:00.776,00] [0m<inf> oresat_solar2: 28420.000000 5345.000000 151.90497[0m
[00:00:00.789,000] [0m<inf> oresat_solar2: 29260.000000 5343.750000 156.358124[0m
[00:00:00.802,00] [0m<inf> oresat_solar2: 30100.000000 5342.00000 160.809250[0m
[00:00:00.815,000] [0m<inf> oresat_solar2: 30880.000000 5343.750000 165.014999[0m
[00:00:00.828,000] [0m<inf> oresat_solar2: 3160.000000 5342.500000 169.250397
Terminating...
Thanks for using picocom
