picocom v2024-07

port is        : /dev/ttyACM2
flowcontrol    : none
baudrate is    : 115200
parity is      : none
databits are   : 8
stopbits are   : 1
txdelay is     : 0 ns
escape is      : C-a
local echo is  : no
noinit is      : no
noreset is     : no
hangup is      : no
nolock is      : no
send_cmd is    : sz -vv
receive_cmd is : rz -vv -E
imap is        : 
omap is        : 
emap is        : crcrlf,delbs,
logfile is     : none
initstring     : none
exit_after is  : not set
exit is        : no
minimal cmds is: no

Type [C-a] [C-h] to see available commands
Terminal ready
*** Booting Zephyr OS build v4.2.0 ***

[00:00:00.005,000] [0m<inf> oresa_mcxn947_solar: Oresat MCXN947 Solar Board App
[0m
[00:00:00.013,000] [0m<inf> oresat_blink: Starting blin demo[0m
[00:00:00.019,000] [0m<dbg> oresatblink: handle_blink: The light is blinking![0m
[00:00:00.026000] [0m<inf> oresat_solar2: Starting Solar Tacking...[0m
[00:00:00.033,000] [1;31m<err> mcux_lpi2c: SCLGPIO device not ready[0m
[00:00:00.039,000] [0m<inf> oresat_solar2: Starting INA226 reading[0m
[00:00:00.049,000] [0m<inf> oreat_solar2: -500.000000 5273.750000 -2.636875[m
[00:00:00.062,000] [0m<inf oresat_solar2: -500.000000 5327.500000 -2.66350[0m
[00:0000.074,000] [0m<inf> oresat_solar2: -520.000000 5363.750000 -2.789150[0m
[00:00:00.087,000] [0m<inf> oresat_solar2: -520000000 5391.250000 -2.803450[0m
[00:00:00.100,000] [0m<inf> oresat_solar2: -540.000000 5415.000000 -2.924100[0m
[00:00:00.112,000] [0<inf> oresat_solar2: -520.000000 5428.750000 -.822950[0m
[0:00:00.125,000] [0m<inf> oresat_solar2: -540.000000 5441.250000 -2.938275[0m
[00:00:00.138,000] [0m<inf> oresat_solar2:-520.000000 5448.750000 -2.833350[0m
[00:00:00.151,000] [0<inf> oresat_solar2: -520.000000 5455.000000 -2.836600[0m
[00:00:00.163,000] [0m<inf> oresat_solar2: -540.000000 5461.25000 -2.949075[0m
[00:00:00.176,000] [0m<inf> oresat_solar2: -540.000000 546.250000 -2.951775[0m
[00:00:00.189,000] [0m<inf> oresat_soar2: -540.000000 5467.500000 -2.952450[0m
[00:00:00.201,000] [0m<inf> oresat_solar2: -540.000000 5471.250000 -2.954475[0
[00:00:00.21,000] [0m<inf> oresat_solar2: -540.000000 547.500000 -2.955150[0m
[00:00:00.227,000] [0m<inf> oresat_solar2: -540.000000 5472.500000 -2.955150[0m
[00:00:00.239,000] [0m<inf> orest_solar2: -540.000000 5472.500000 -2.955150[0m
[00:00:00.252,000] [0m<inf> oresat_solar2: -600.000000 5473.750000 -3.28420[0m
[00:00:0.265,000] [0m<inf> oresat_solar2: -520.00000 5473.750000 -2.846350[0m
[00:00:00.278,000] [0m<inf> oresat_solar2: -520.00000 5475.000000 -2.847000[0m
[00:00:00.290,000] [0m<inf>oresat_solar2: -540.000000 5473.750000 -2.95585[0m
[00:00:0.303,000] [0m<inf> oresat_solar2: -500.000000 5473.750000 -2736875[0m
[0:00:00.316,000] [0m<inf> oresat_solar2: -540.00000 5475.000000 -2.956500[0m
[00:00:00.328,000] [0m<inf> oresat_solar2: -540.000000 5475.000000 -2.956500[0m
[00:00:00.341,000] [0minf> oresat_solar2: -580.000000 5476.250000 -3.176225[0m
[0:00:00.354,000] [0m<inf> oresat_solar2: -520.000000 5473.75000 -2.846350[0m
[00:00:00.366,000] [0m<inf> oresat_solar2: 080.000000 5472.500000 5.910300[0m
[00:00:00.379,000] [0m<inf> oresat_sola2: 2080.000000 5472.500000 11.382800[0m
[00:00:00.392,000] [0m<inf> oresat_solar2: 3260.000000 5471.250000 17.836275[0m[00:00:00.404,00] [0m<inf> oresat_solar2: 4120.000000 5472.00000 22.546700[0m
[00:00:00.417,000] [0m<inf> oresat_solar2: 4860.000000 471.250000 26.590275[0m
[00:00:00.430,000] [0m<inf> oresatsolar2: 5760.000000 5471.250000 31.514400[0m
[00:00:00.443,000] [0m<inf> oesat_solar2: 6480.000000 5468.750000 35.437500[0m
[00:00:00455,000] [0m<inf> oresat_solar2: 7420.000000 5467.500000 40.568851[0m
[00:00:00.468,000] [0m<inf> oresat_solar2: 8220.00000 5467.500000 44.942848[0m
[00:00:00.481,000] [0m<inf> oresat_solar2: 8980.000000 5466.250000 49.086926[0m
[00:00:00.493,000] [0m<inf> oresat_solar2: 9860.000000 5466.250000 53.87224[0m
[00:0:00.506,000] [0m<inf> oresat_solar2: 10680.000000 5466.25000 58.379551[0m
[00:00:00.519,000] [0m<inf> oresat_solar2: 11460.000000 5465.000000 62.628899[0m
[00:00:0.532,000] [0m<inf> oresat_solar2: 12260.000000 5465.000000 67.000900[0m
[00:00:00.544,000] [0m<inf> oresat_solar2: 13120.000000 5463.750000 71.684402[0m
[00:00:00.57,000] [0m<inf> oresat_solar2: 13860.000000 5463.750000 75.77577[0m
[00:00:00.570,000] [0m<inf> oresat_solar2: 14920.00000 5463.750000 81.519150[0m
[00:00:00.583,000] [0m<inf> resat_solar2: 15660.000000 5462.500000 85.54277[0m
[00:00:00.596,000] [0m<inf> oresat_solar2: 16520.000000 5462.500000 90.240501[0m
[00:00:00.608,000] [0m<inf> oreat_solar2: 17320.000000 5461.250000 94.5888520m
[00:00:00.21,000] [0m<inf> oresat_solar2: 18120.000000 462.500000 98.980499[0m
[00:00:00.634,000] [0m<inf> oresat_solar2: 18960.000000 5461.250000 103.545303[0
[00:00:00.647,000] [0m<inf> oresat_solar2: 19760.000000 5461.250000 107.914299[0m
[00:00:00.660,000] 0m<inf> oresat_solar2: 20520.000000 5458.750000 112.013550[0m
[00:00:00.673,000] [0m<inf> oresat_solar2: 1300.000000 5457.500000 116.244751[0m
[00:0:00.686,000] [0m<inf> oresat_solar2: 22120.000000 5460.000000 120.775200[0m
[00:00:00.699,000] [0m<inf> resat_solar2: 22980.000000 5457.500000 125.41353[0m
[00:00:00.711,000] [0m<inf> oresat_solar2: 23700.000000 5457.500000 129.342743[0m
[00:00:00.724,00] [0m<inf> oresat_solar2: 24600.000000 5455000000 134.192993[0m
[00:00:00.737,000] [0m<inf> oresat_solar2: 25580.000000 5455.000000 139.538895[0m
[00:00:00.750,000] [0m<inf> oresat_solar2: 2660.000000 5455.000000 143.793793[0m
[00:00:0.763,000] [0m<inf> oresat_solar2: 27260.000000 5456.250000 18.737381[0m
[00:00:00.776,000] [0m<inf> orsat_solar2: 28000.000000 5453.750000 152.705002[0m
[00:00:0.789,000] [0m<inf> oresat_solar2: 28780.00000 5453.750000 156.958923[0m
[00:00:00.802,000] [0m<inf> oresat_solar2: 29580.000000 5452.500000 161.284943[0m
[00:00:00.815,000] [0m<inf> oresat_sola2: 30360.000000 5452.500000 165.537903[0m
[0:00:00.828,000] [0m<inf> oresat_solar2: 31260.000000 5451.25000 170.406082[0m
[00:00:00.840,000] [0m<if> oresat_solar2: 31880.000000 5452.500000 173.825699[0m
[00:00:00.853,000] [0m<inf> oresat_solar2: 32800000000 5451.250000 178.800995[0m
[00:00:00.66,000] [0m<inf> oresat_solar2: 33560.000000 5450.000000 182.901993[0m
[00:00:00.879,000] [0m<inf> oresa_solar2: 34400.000000 5448.750000 187.436996[m
[00:00:00.892,000] [0m<inf> oresat_solar2: 35220.000000 5450.000000 191.949005[0m
[00:00:00.905,000] [0m<inf> oresat_solar2: 36320.000000 5448.750000 197.898605[0
[00:00:00.918,000] [0m<inf> oresat_solar2:37100.000000 5447.500000 202.102249[0m
[00:0:00.931,000] [0m<inf> oresat_solar2: 37880.000000 5446.250000 206.303955[0m
[00:00:00.944,000] [0m<inf>oresat_solar2: 38620.000000 5446.250000 210.33167[0m
[00:00:00.957,000] [0m<inf> oresat_solar2: 39460.000000 5446.250000 214.909027[0m
[00:00:00.969000] [0m<inf> oresat_solar2: 40260.000000 544.500000 219.316345[0m
[00:00:00.982,000] [0m<inf> oresat_solar2: 41060.000000 5445.000000 223.571701[0m[00:00:00.995,000] [0m<inf> oresat_solar2: 4860.000000 5445.000000 227.927704[0m
[00:00:01.008,000] [0<inf> oresat_solar2: 42620.000000 5443.750000 232.012619[0m
[00:00:01.021,000] [0m<inf> oresat_solar2: 4360.000000 5443.750000 236.041000[0m
[00:00:0.028,000] [0m<dbg> oresat_blink: handle_blink: The light is blinking![0m
[00:00:01.039,000] [0m<inf> oresat_solar2: 44180.000000 5441.250000 240.394424[0m
[00:00:01.052,000 [0m<inf> oresat_solar2: 44900.000000 5441.25000 244.312119[0m
[00:00:01.065,000] [0m<inf> oresat_solar2: 45700.000000 5443.750000 248.779373[0m
[00:00:01.078,000] [0m<inf> oresat_solar2: 46520000000 5442.500000 253.185104[0m
[00:00:01.091,000] [0m<inf> oresat_solar2: 47480.000000 5440.000000 258.91199[0m
[00:00:01.104,000] [0m<inf> oresa_solar2: 48320.000000 5441.250000 262.921204[0m
[00:00:01.117,000] [0m<inf> oresat_solar2: 49200.000000 540.000000 267.648010[0m
[00:00:01.130,000] [0m<inf> oresat_solar2: 49860.000000 5438.750000 271.176086[0
[00:00:01.142,000] [0m<inf> oresat_solar2:50700.000000 5438.750000 275.744629[0m
[00:0:01.155,000] [0m<inf> oresat_solar2: 51500.000000 5438.75000 280.095612[0m
[00:00:01.168,000] [0m<inf>oresat_solar2: 52220.000000 5437.500000 283.946259[0m
[00:00:01.181,000] [0m<inf> oresat_solar2: 52920.00000 5438.750000 287.818665[0m
[00:00:01.194000] [0m<inf> oresat_solar2: 53780.000000 5437.500000 292.42841[0m
[00:00:01.207,000] [0m<inf> oresat_slar2: 54580.000000 5437.500000 296.778748[0m
[00:00:01.220,000] [0m<inf> oresat_solar2: 55320.000000 5436250000 300.733337[0m
[00:00:01.233,000] [0<inf> oresat_solar2: 56120.000000 5435.000000 305.012207[0m
[00:00:01.246,000] [0m<inf> oresat_solar2: 56880.000000 5435.000000 309.142792[0m
[00:00:1.259,000] [0m<inf> oresat_solar2: 57880.000000 5433.750000 314.505463[0m
[00:00:01.271,000] [0m<inf> orsat_solar2: 58760.000000 5433.750000 319.28714[0m
[00:00:01.284,000] [0m<inf> oresat_solar2: 59360.00000 5433.750000 322.547394[0m
[00:00:01.297,00] [0m<inf> oresat_solar2: 60220.000000 5432.500000 327.145142[0m
[00:00:01.310,000] [0m<inf> oresat_sola2: 61000.000000 5431.250000 331.306244[0m
[0:00:01.323,000] [0m<inf> oresat_solar2: 6176.000000 5430.000000 335.356812[0m
[00:00:01.336,000] [0m<inf> oresat_solar2: 62520.000000 5431.250000 339561737[0m
[00:00:01.349,000] [0m<inf> orest_solar2: 63320.000000 5430.000000 343.827606[0m
[00:00:01.362,000] [0m<inf> oresat_solar2: 64080.000000 432.500000 348.114594[0m
[00:00:01.375,000][0m<inf> oresat_solar2: 64900.000000 5430.000000 352.407013[m
[00:00:01.388,000] [0m<inf> oresat_solar2 65600.000000 5428.750000 356.126007[0m
[0000:01.400,000] [0m<inf> oresat_solar2: 66420.000000 5428.75000 360.577576[0m
[00:00:01.413,000] [0m<inf oresat_solar2: 67180.000000 5428.750000 364.703430[0m
[00:00:01.426,000] [0m<inf> oresat_solar2: 68120.00000 5427.500000 369.721313[0m
[00:00:01.43,000] [0m<inf> oresat_solar2: 68960.000000 5427.500000 374.28396[0m
[00:00:01.452,000] [0m<inf> oresat_olar2: 69620.000000 5426.250000 377.775513[0m
[00:00:01.465,000] [0m<inf> oresat_solar2: 70500.000000 542.250000 382.550629[0m
[00:00:01.478,000] [m<inf> oresat_solar2: 71260.000000 5426.250000 386.674561[0m
[00:00:01.491,000] [0m<inf> oresat_solar2: 72020.000000 5425.000000 390.708496[0m
[00:0001.504,000] [0m<inf> oresat_solar2: 72800.000000 5425.000000 394.940002[0m
[00:00:01.517,000] [0m<inf> oesat_solar2: 73520.000000 5425.000000 398.84608[0m
[00:00:01.529,000] [0m<inf> oresat_solar2: 74280.000000 5422.500000 402.783295[0m
[00:00:01.542,00] [0m<inf> oresat_solar2: 75580.000000 5422.00000 409.832550[0m
[00:00:01.555,000] [0m<inf> oresat_solar2: 76420.000000 5423.750000 414.482971[0m
[00:00:01.568,000] [0m<inf> oresat_solar2: 7710.000000 5421.250000 418.086792[0m
[00:00:01.581,000] [0m<inf> oresat_solar2: 77980.000000 5421.250000 42.749084[0m
[00:00:01.594,000] [0m<inf> oreat_solar2: 78760.000000 5422.500000 427.076111[0m
[00:00:01.607,000] [0m<inf> oresat_solar2: 79880.0000005421.250000 433.049438[0m
[00:00:01.620,000 [0m<inf> oresat_solar2: 80580.000000 5420.000000 436.7435910m
[00:00:01.633,000] [0m<inf> oresat_solar: 81460.000000 5420.000000 441.513214[0m
[0:00:01.646,000] [0m<inf> oresat_solar2: 82180.000000 5417.50000 445.210144[0m
[00:00:01.658,000] [0m<in> oresat_solar2: 82920.000000 5417.500000 449.219086[0m
[00:00:01.671,000] [0m<inf> oresat_solar2: 83720.00000 5418.750000 453.657745[0m
[00:00:01.64,000] [0m<inf> oresat_solar2: 84520.000000 5417.500000 457.887085[0m
[00:00:01.697,000] [0m<inf> oresatsolar2: 85260.000000 5417.500000 461.896057[0
[00:00:01.710,000] [0m<inf> oresat_solar2:86080.000000 5416.250000 466.230804[0m
[00:00:01.723,000] [0m<inf> oresat_solar2: 86920.000000 5417.50000 470.889099[0m
[00:00:01.736,000] [0m<inf>oresat_solar2: 87660.000000 5415.000000 474.678894[0m
[00:00:01.749,000] [0m<inf> oresat_solar2: 88420.00000 5413.750000 478.683777[0m
[00:00:01.762000] [0m<inf> oresat_solar2: 89280.000000 5415.000000 483.451202[0m
[00:00:01.775,000] [0m<inf> oresat_slar2: 90280.000000 5413.750000 488.753357[0m
[00:00:01.787,000] [0m<inf> oresat_solar2: 91060.000000 5413750000 492.976074[0m
[00:00:01.800,000] [0<inf> oresat_solar2: 91900.000000 5411.250000 497.293884[0m
[00:00:01.813,000] [0m<inf> oresat_solar2: 92760.000000 5413.750000 502.179443[0m
[00:00:1.826,000] [0m<inf> oresat_solar2: 93400.00000 5412.500000 505.527496[0m
[00:00:01.839,000] [0m<inf> oresat_solar2: 94200.000000 5410.000000 509.62200[0m
[00:00:01.852,000] [0m<inf> oresat_solr2: 95020.000000 5410.000000 514.058228[0m
00:00:01.865,000] [0m<inf> oresat_solar2: 95800.000000 5411.20000 518.397766[0m
[00:00:01.878,000] [0m<nf> oresat_solar2: 96600.000000 5408.750000 522.485229[0m
[00:00:01.891,000] [0m<inf> oresat_solar2: 9738.000000 5407.500000 526.582336[0m
[00:00:01904,000] [0m<inf> oresat_solar2: 98160.000000 5407.500000 530800171[0m
[00:00:01.916,000] [0m<inf> orest_solar2: 98980.000000 5410.000000 535.481812[0m
[00:00:01.929,000] [0m<inf> oresat_solar2: 99700.000000 5407.500000 539.127747[0m
[00:00:01.942,000][0m<inf> oresat_solar2: 100780.000000 5406.25000 544.841858[0m
[00:00:01.955,000] [0m<if> oresat_solar2: 101580.000000 5407.500000 54.293823[0m
[00:00:01.968,000] [0m<inf> oreat_solar2: 102360.000000 5406.250000 553.383728[0m
[00:00:01.981,000] [0m<inf> oresat_solr2: 103120.000000 5407.500000 557.621399[0m
[00:00:01.994,000] [0m<inf> oresat_solar2: 103920.000000 5406.250000 561.817505[0m
[00:0002.007,000] [0m<inf> oresat_solar2: 104760.000000 5406.250000 566.358765[0m
[00:00:02.020,000] [0m<inf> oresat_solar2: 105460.000000 5405.000000 570.01292[0m
[00:00:02.033,000] [0m<inf> oresat_olar2: 106320.000000 5403.750000 574.526672[0
[00:00:02.041,000] [0m<dbg> oresat_blink: handle_blink: Thelight is blinking![0m
[00:00:02.052,000] [0m<inf> oresat_solar2: 107080.000000 5403.750000 578.63545[0m
[00:00:02.065,000] [0m<inf> oresat_olar2: 107820.000000 5400.000000 582.228027[0
[00:00:02.078,000] [0m<inf> oresat_solar2:108600.000000 5402.500000 586.711487[0m
[0000:02.091,000] [0m<inf> oresat_solar2: 109400000000 5401.250000 590.896729[0m
[00:00:02.04,000] [0m<inf> oresat_solar2: 110120.000000 5401.250000 594.785645[0m
[00:00:02.117,000 [0m<inf> oresat_solar2: 110980.000000 5401.20000 599.430725[0m
[00:00:02.130,000] [0m<nf> oresat_solar2: 112060.000000 5397.500000 604.843872[0m
[00:00:02.143,000] [0m<inf> orsat_solar2: 112800.000000 5398.750000 608.979004[0m
[00:00:02.156,000] [0m<inf> oresat_solar2: 113620.000000 5398.750000 613.405945[0m
[00:00:02.169,000] [0m<inf> oresat_solar2: 114380.000000 539.750000 617.509033[0m
[00:0:02.182,000] [0m<inf> oresat_solar2: 115180.000000 5397.50000 621.684021[0m
[00:00:02.195,000] [0m<inf> oresat_solar2: 115980.000000 5396.250000 625.87056[0m
[00:00:02.208,000] [0m<inf> oresat_solar2: 116680.000000 5395.000000 629.488586[m
[00:00:02.221,000] [0m<inf> oresat_solar2 117560.000000 5393.750000 634.089233[0m
[00:00:02.234,000] [0m<inf> oresat_solar2: 11828.000000 5395.000000 638.120605[0m
[00:00:02.247,000] [0m<inf> oresat_solar2: 119080.00000 5392.500000 642.138916[0m
[00:00:02.260,000] [0m<inf> oresat_solar2: 119900.000000 5395.00000 646.860474[0m
[00:00:02.273,000] [0minf> oresat_solar2: 120720.000000 5392.500000 650.982605[0m
[00:00:02.286,000] [0m<inf> oesat_solar2: 121480.000000 5393.750000 655.232727[0m
[00:00:02.299,000] [0m<inf> oresat_slar2: 122520.000000 5391.250000 660.535950[0m
[00:00:02.312,000] [0m<inf> oresat_solar2: 123280.000000 5390.000000 664.479187[0m
[00:0:02.325,000] [0m<inf> oresat_solar2: 124000.000000 5392.500000 668.669983[0m
[00:00:02.338,000] [0m<inf> oresat_solar2: 124800.000000 5391.250000 672.28003[0m
[00:00:02.351,000] [0m<inf> oresat_solar2: 125660.000000 5390.000000 677.3073730m
[00:00:02.364,000] [0m<inf> oresat_solar: 126400.000000 5388.750000 681.138000[0m
[00:00:02.377,000] [0m<inf> oresat_solar2: 12720.000000 5387.500000 685.289978[0m
[00:00:02.390,000] [0m<inf> oresat_solar2: 128000.00000 5388.750000 689.760010[0m
[00:00:02.403,00] [0m<inf> oresat_solar2: 128780.000000 5388750000 693.963196[0m
[00:00:02.416,000] [0<inf> oresat_solar2: 129520.000000 5387.500000697.789001[0m
[00:00:02.429,000] [0m<inf> resat_solar2: 130300.000000 5387.500000 701.991272[0m
[00:00:02.442,000] [0m<inf> oresat_olar2: 131160.000000 5387.500000 706.624512[0m
[00:00:02.455,000] [0m<inf> oresat_solar2: 131960.000000 5386.250000 710.769531[0m
[0000:02.468,000] [0m<inf> oresat_solar2: 133000.000000 5386.25000 716.371277[0m
[00:00:02.81,000] [0m<inf> oresat_solar2: 133780.000000 5385.000000 720405273[0m
[00:00:02.494,000] [0m<inf> orest_solar2: 134520.000000 5383.750000 724.222046[0m
[00:00:02.507,000] [0m<inf> oresat_solar2: 135380.000000 5383.750000 728.852051[0m
[00:00:02.520,000] [0m<inf> oresat_solar2: 13660.000000 5382.500000 732.881226[0m
[00:00:02.533,000] [0m<inf> oresat_solar2: 136900.00000 5382.500000 736.864258[0m
[00:00:02.546,00] [0m<inf> oresat_solar2: 137700.000000 538.500000 741.170227[0m
[00:00:02.559,000] [m<inf> oresat_solar2: 138480.000000 5381.250000 745.195496[0m
[00:00:02.572,000] [0m<inf>oresat_solar2: 139300.000000 5381.250000 749.608154[0m
[00:00:02.585,000] [0m<inf> oresat_solar2: 140100.000000 5380.000000 753.737976[0m
[00:00:02.598,000] [0m<inf> oresat_solar2: 140820.000000 5380.000000 757.611572[0m
[0:00:02.611,000] [0m<inf> oresat_solar2: 141680.000000 5380.00000 762.238403[0m
[00:00:02624,000] [0m<inf> oresat_solar2: 142420.000000 5380.000000 76.219604[0m
[00:00:02.637,000] [0m<inf> oresat_solar2: 143260.000000 5378.750000 770.55975[0m
[00:00:02.650,000] [0m<inf> oresat_solar2: 144180.000000 5378.750000 775.508179[0m
[00:00:02.663,000] [0m<inf> oresat_solar2: 14960.000000 5377.500000 779.522400[0m
[00:00:02.676,000] [0m<inf> oresat_solar2: 145800.00000 5376.250000 783.857239[0m
[00:00:02.689000] [0m<inf> oresat_solar2: 146560.000000 537.500000 788.126404[0m
[00:00:02.702,000] 0m<inf> oresat_solar2: 147400.000000 5376.250000 792.459229[0m
[00:00:02.715,000] [0m<inf oresat_solar2: 148120.000000 5376.250000 796.330139[0m
[00:00:02.728,000] [0m<inf> oresa_solar2: 148980.000000 5372.500000 800.395020[0m
[00:00:02.741,000] [0m<inf> oresat_solar: 149720.000000 5372.500000 804.370728[0m
[0:00:02.754,000] [0m<inf> oresat_solar2: 150460.000000 5373.750000 808.534424[0m
[00:00:02.767,000] [0m<inf> oresat_solar2: 151280.000000 5372.500000 82.751770[0m
[00:00:02.780,000] [0m<inf> oresat_solar2: 152100.000000 5371.250000 816.96712[0m
[00:00:02.793,000] [0m<inf> oresat_soar2: 152860.000000 5371.250000 821.049255[0m[00:00:02.806,000] [0m<inf> oresat_solar2: 13660.000000 5372.500000 825.538330[0m
[00:0:02.819,000] [0m<inf> oresat_solar2: 154680.00000 5370.000000 830.631592[0m
[00:00:02.83,000] [0m<inf> oresat_solar2: 155520.000000 568.750000 834.947998[0m
[00:00:02.845,000] [0m<inf> oresat_solar2: 156260.000000 5370.000000 839.116211[0m
[00:00:02.858,000] [0m<inf> oresat_solar2: 157020.000000 5368.750000 843.001099[0m
[00:00:02.871,000] [0m<inf> orest_solar2: 157820.000000 5370.000000 847.493408[0m
[00:00:02.884,000] [0m<inf> oresat_solar2: 158600.00000 5367.500000 851.285522[0m
[00:00:02.897,000] [0m<inf> oresat_solar2: 159420.000000 5368.50000 855.886108[0m
[00:00:02.910,000] [0minf> oresat_solar2: 160220.000000 5367.500000 59.980835[0m
[00:00:02.923,000] [0m<inf> oresat_solar2: 160980.000000 5366.250000 863.85848[0m
[00:00:02.936,000] [0m<inf> oresat_slar2: 161720.000000 5366.250000 867.829956[0m
[00:00:02.949,000] [0m<inf> oresat_solar2: 62500.000000 5363.750000 871.609375[0m
[00:0:02.962,000] [0m<inf> oresat_solar2: 163280.00000 5366.250000 876.201294[0m
[00:00:02.95,000] [0m<inf> oresat_solar2: 164060.000000 5365.000000 880.181885[0m
[00:00:02.988,000][0m<inf> oresat_solar2: 165120.000000 5362.500000 885.455994[0m
[00:00:03.001,000] [0m<if> oresat_solar2: 165920.000000 5362.500000 889.745972[0m
[00:00:03.014,000] [0m<inf> oreat_solar2: 166700.000000 5362.500000 893.928772[0m
[00:00:03.027,000] [0m<inf> oresat_solar2: 167500.000000 5361.250000 898.009399[0m
[00:00:03.040,000] [0m<inf> oresat_solar2: 168320.000000 5361250000 902.405579[0m
[00:00:03.048,000] [0m<dbg oresat_blink: handle_blink: The light is blinking![0m
[00:00:03.05,000] [0m<inf> oresat_solar2: 169060.000000 562.500000 906.584229[0m
[00:00:03.072,000] [0m<inf> oresat_solar2: 169860.000000 5361.250000 910.661926[m
[00:00:03.085,000] [0m<inf> oresat_solar2: 170620.000000 5362.500000 914.949768[0m
[00:00:03.098,000] [0m<inf> oresat_solar2: 171380.000000 5358.750000 918.382568[0m
[00:00:03.111,000] [0m<inf> oresat_solar2: 172180.00000 5358.750000 922.669556[0m
[00:00:03.124,000] [0m<inf> oresat_solar2: 172980.000000 5357.00000 926.740356[0m
[00:00:03.137,000] [0minf> oresat_solar2: 173700.000000 5358.750000 30.814880[0m
[00:00:03.150,000] [0m<inf> oesat_solar2: 174560.000000 5360.000000 935.64102[0m
[00:00:03.163,000] [0m<inf> oresat_slar2: 175300.000000 5356.250000 938.950623[0m
[00:00:03.176,000] [0m<inf> oresat_solar2: 76300.000000 5357.500000 944.527222[0m
[00:0:03.189,000] [0m<inf> oresat_solar2: 177120.00000 5357.500000 948.920410[0m
[00:00:03.22,000] [0m<inf> oresat_solar2: 177900.000000 5356.250000 952.876892[0m
[00:00:03.215,000][0m<inf> oresat_solar2: 178620.000000 5353.750000 956.286804[0m
[00:00:03.228,000] [0m<if> oresat_solar2: 179400.000000 5352.500000 960.238525[0m
[00:00:03.241,000] [0m<inf> oreat_solar2: 180260.000000 5355.000000 965.292297[0m
[00:00:03.254,000] [0m<inf> oresat_solar2: 180980.000000 5355.000000 969.147888[0m
[00:00:03.267,000] [0m<inf> oresat_solar2: 181820.000000 5351.250000 972.964294[0m
[00:00:03.280,000] [0m<inf> oresat_solar2: 182520.000000 5351.250000976.710144[0m
[00:00:03.293,000] [0m<inf> resat_solar2: 183400.000000 5351.250000 981.41250[0m
[00:00:03.306,000] [0m<inf> oresat_olar2: 184200.000000 5351.250000 985.700256[0
[00:00:03.319,000] [0m<inf> oresat_solar2:184980.000000 5351.250000 989.874207[0m
[0000:03.332,000] [0m<inf> oresat_solar2: 185760000000 5350.000000 993.815979[0m
[00:00:03.45,000] [0m<inf> oresat_solar2: 186800.000000 5350.000000 999.380005[0m
[00:00:03.358,000 [0m<inf> oresat_solar2: 187560.000000 5347.500000 1002.977112[0m
[00:00:03.371,000] [0m<inf> oresat_solar2: 188420.000000 5350.000000 008.046997[0m
[00:00:03.384,000] [0m<inf> oresat_solar2: 189100.000000 5347.500000 1011.22280[0m
[00:00:03.397,000] [0m<inf> oresat_solar2: 189920.000000 5346.250000 1015.3598020m
[00:00:03.410,000] [0m<if> oresat_solar2: 190760.000000 5346.250000 1019.850647[0m
[00:00:03.423,000] [0m<inf> oresat_solar2: 191500.000000 5346.250000 1023.80685[0m
[00:00:03.436,000] [m<inf> oresat_solar2: 192260.000000 5345.000000 1027.629761[0
[00:00:03.450,000] [0m<inf oresat_solar2: 193000.000000 5345.000000 1031584961[0m
[00:00:03.463,000] [0m<inf> oresat_solar2: 193860.000000 5343.750000 1035.93933[0m
[00:00:03.476,000] [0minf> oresat_solar2: 194700.000000 5343.750000 1040.428101[0m
[00:00:03.489,000] [0m<inf> resat_solar2: 195380.000000 5342.500000 1043.87627[0m
[00:00:03.502,000] [0m<inf> oresat_solar2: 196280.000000 5343.750000 1048.8712160m
[00:00:03.515,000] [0m<if> oresat_solar2: 197280.000000 5342.500000 1053.968384[0m
[00:00:03.528,000] [0m<inf> orsat_solar2: 198020.000000 5340.000000 1057.42658[0m
[00:00:03.541,000] [m<inf> oresat_solar2: 198800.000000 5340.000000 1061.592041[0
[00:00:03.554,000] [0m<inf oresat_solar2: 199580.000000 5340.000000 1065.757202[0m
[00:00:03.567,000] [0m<inf> oresat_solar2: 200360.000000 5340.000000 1069.92236[0m
[00:00:03.581,000] [0minf> oresat_solar2: 201100.000000 5338.750000 1073.622681[0m[00:00:03.594,000] [0m<inf> resat_solar2: 201900.000000 5338.750000 1077.83677[0m
[00:00:03.607,000] [0m<inf> oresat_solar2: 202760.000000 5337.500000 1082.2314450m
[00:00:03.620,000] [0m<if> oresat_solar2: 203500.000000 5337.500000 1086.181274[0m
[00:00:03.633,000] [0m<inf> orsat_solar2: 204320.000000 5336.250000 1090.30212[0m
[00:00:03.646,000] [0m<inf> oresat_solar2: 205020.000000 5336.250000 1094.037964[0
[00:00:03.659,000] [0m<inf oresat_solar2: 205820.000000 5337.500000 1098.564209[0m
[00:00:03.672,000] [0m<inf> orest_solar2: 206620.000000 5336.250000 1102.57592[0m
[00:00:03.685,000] [0minf> oresat_solar2: 207420.000000 5335.000000 1106.585693[0m[00:00:03.698,000] [0m<inf> resat_solar2: 208380.000000 5331.250000 1110.925903[0m
[00:00:03.712,000] [0m<inf> oresat_solar2: 209220.000000 5332.500000 1115.6656490m
[00:00:03.725,000] [0m<if> oresat_solar2: 210000.000000 5332.500000 1119.824951[0m
[00:00:03.738,000] [0m<inf> orsat_solar2: 210720.000000 5331.250000 1123.40101[0m
[00:00:03.751,000] [0m<inf> oresat_solar2: 211520.000000 5330.000000 1127.401611[0
[00:00:03.764,000] [0m<inf oresat_solar2: 212380.000000 5330.000000 1131.985352[0m
[00:00:03.777,000] [0m<inf> orest_solar2: 213100.000000 5330.000000 1135.82299[0m
[00:00:03.790,000] [0m<inf> oresat_solar2: 213880.000000 5328.750000 1139.713013[0m[00:00:03.803,000] [0m<inf> resat_solar2: 214620.000000 5328.750000 1143.656372[0m
[00:00:03.816,000] [0m<inf> oresatsolar2: 215420.000000 5328.750000 1147.9193120m
[00:00:03.829,000] [0m<inf> oresat_solar2: 216280.000000 5327.500000 1152.231689[0m
[00:00:03.843,000] [0m<inf> oresat_solar2: 216960.000000 5325.000000 1155.312012[0m
[00:00:03.856,000] [0m<inf> oresat_slar2: 217800.000000 5327.500000 1160.329468[0m
[00:00:03.869,000] [0m<inf> oresat_solar2:218780.000000 5326.250000 1165.276978[0m
[00:00:03.882,000] [0m<inf> orest_solar2: 219660.000000 5325.000000 1169.689453[0m
[00:00:03.895,000] [0m<inf> oresat_solr2: 220360.000000 5323.750000 1173.141602[0m
[00:00:03.908,000] [0m<inf> oresat_solar2: 21200.000000 5322.500000 1177.337036[0m
[00:00:03.921,000] [0m<inf> oresatsolar2: 221980.000000 5323.750000 1181.765991[0m
[00:00:03.934,000] [0m<inf> oresat_solar: 222800.000000 5322.500000 1185.853027[0m
[00:00:03.947,000] [0m<inf> oresat_solar2: 223520.000000 5322.500000 1189.685181[0m
[00:00:03.960,000] [0m<inf> oresat_slar2: 224280.000000 5321.250000 1193.449951[0m
[00:00:03.974,000] [0m<inf> oresat_solar2:225100.000000 5321.250000 1197.813354[0m
[00:00:03.987,000] [0m<inf> oresat_solar2: 225860.000000 5318.750000 1201.292847[0m
[00:00:04.000,000] [0m<inf> oresat_solr2: 226660.000000 5320.000000 1205.831177[0m
[00:00:04.013,000] [0m<inf> oresat_solar2: 27420.000000 5318.750000 1209.590088[0m
[00:00:04.026,000] [0m<inf> oresat_solar2: 228200.000000 5317.500000 1213.453491[0m
[00:00:04.039,000] [0m<inf> oresat_solar: 229280.000000 5317.500000 1219.196411[0m
[00:00:04.052,000] [0m<inf> oresat_solar2: 23020.000000 5317.500000 1223.663086[0m
[00:00:04.060,000] [0m<dbg> oresat_blink: handle_blink: The light is linking![0m
[00:00:04.071,000] [0m<inf> oresat_solar2: 230820.000000 5315.000000 1226.808350[0m[00:00:04.084,000] [0m<inf> resat_solar2: 231580.000000 5315.000000 1230.847656[0m
[00:00:04.097,000] [0m<inf> oresatsolar2: 232420.000000 5313.750000 1235.0217290m
[00:00:04.110,000] [0m<if> oresat_solar2: 233260.000000 5312.500000 1239.193726[0m
[00:00:04.123,000] [0m<inf> orsat_solar2: 233980.000000 5312.500000 1243.018799[0m
[00:00:04.136,000] [0m<inf> oresat_solar2: 234780.000000 5312.500000 1247.268799[0
[00:00:04.149,000] [0m<inf oresat_solar2: 235560.000000 5311.250000 1251.118042[0m
[00:00:04.162,000] [0m<inf> orest_solar2: 236300.000000 5310.000000 1254.75305[0m
[00:00:04.175,000] [0m<inf> oresat_solar2: 237080.000000 5308.750000 1258.598511[0m[00:00:04.188,000] [0m<inf> resat_solar2: 237880.000000 5310.000000 1263.142822[0m
[00:00:04.202,000] [0m<inf> oresatsolar2: 238600.000000 5308.750000 1266.6677250m
[00:00:04.215,000] [0m<inf> oresat_solar2: 239400.000000 5307.500000 1270.615479[0m
[00:00:04.228,000] [0m<inf> orsat_solar2: 240480.000000 5307.500000 1276.347656[0m
[00:00:04.241,000] [0m<inf> oresat_solar2: 241200.000000 5306.250000 1279.867554[0
[00:00:04.254,000] [0m<inf oresat_solar2: 242000.000000 5306.250000 1284.112549[0m
[00:00:04.267,000] [0m<inf> orest_solar2: 242800.000000 5303.750000 1287.750488[0m
[00:00:04.280,000] [0m<inf> oresat_solar2: 243580.000000 5305.000000 1292.191895[0m[00:00:04.293,000] [0m<inf> resat_solar2: 244320.000000 5303.750000 1295.812256[0m
[00:00:04.306,000] [0m<inf> oresatsolar2: 245100.000000 5302.500000 1299.6427000m
[00:00:04.319,000] [0m<inf> oresat_solar: 245960.000000 5302.500000 1304.202881[0m
[00:00:04.333,000] [0m<inf> oresat_solar2: 246720.000000 5301.250000 1307.924438[0m
[00:00:04.346,000] [0m<inf> oresat_slar2: 247480.000000 5301.250000 1311.953369[0m
[00:00:04.359,000] [0m<inf> oresat_solar2:248180.000000 5298.750000 1315.043823[0m
[00:00:04.372,000] [0m<inf> oresat_solar2: 249000.000000 5300.000000 1319.699951[0m
[00:00:04.385,000] [0m<inf> oresat_solr2: 249780.000000 5298.750000 1323.521729[0m
[00:00:04.398,000] [0m<inf> oresat_solar2: 20860.000000 5297.500000 1328.930908[0m
[00:00:04.411,000] [0m<inf> oresat_solar2: 251660.000000 5298.750000 1333.483398[0m
[00:00:04.424,000] [0m<inf> oresat_solar: 252380.000000 5298.750000 1337.298584[0m
[00:00:04.437,000] [0m<inf> oresat_solar2: 25360.000000 5295.000000 1340.482178[0m
[00:00:04.450,000] [0m<inf> oresat_solar2: 253980.000000 5296.250000 1345.141602[0m
[00:00:04.464,000] [0m<inf> oresat_solar2:254720.000000 5295.000000 1348.742432[0m
[00:00:04.477,000] [0m<inf> oresat_solar2: 25556.000000 5293.750000 1352.870728[0m
[00:00:04.490,000] [0m<inf> oresat_solar2: 256320.000000 5293.750000 1356.894043[0m
[00:00:04.503,000] [0m<inf> oresat_solar2: 27060.000000 5293.750000 1360.811401[0m
[00:00:04.516,000] [0m<inf> oresat_solar2: 257880.00000 5292.500000 1364.829956[0m
[00:00:04.529,000] [0m<inf> oresat_solar2: 258620.000000 5291.250000 1368.423096[0m
[00:00:04.542,000] [0m<inf> oresat_solar2: 25980.000000 5291.250000 1372.444458[0m
[00:00:04.555,000] [0m<inf> oresat_solar2: 260200.00000 5291.250000 1376.783203[0m
[00:00:04.568,000] [0m<inf> oresat_solar2: 261280.000000 5290.000000 1382.171143[0m
[00:00:04.581,000] [0m<inf> oresat_solar2: 26202.000000 5288.750000 1385.758301[0m
[00:00:04.595,000] [0m<inf> oresat_solar2: 262720.00000 5288.750000 1389.460449[0m
[00:00:04.608,000] [0m<inf> oresat_solar2: 263580.000000 5287.500000 1393.679199[0m
[00:00:04.621,000] [0m<inf> oresat_solar2: 264300.00000 5287.500000 1397.486206[0m
[00:00:04.634,000] [0m<inf> oresat_solar2: 265080.0000005286.250000 1401.279175[0m
[00:00:04.647,000] [0m<inf> oresat_solar2: 26500.000000 5287.500000 1405.946289[0m
[00:00:04.660,000] [0m<inf> oresat_solar2: 266660.00000 5283.750000 1408.964722[0m
[00:00:04.673,000] [0m<inf> oresat_solar2: 267400.000000 5285.000000 1413.208984[0m
[0:00:04.686,000] [0m<inf> oresat_solar2: 26820.000000 5283.750000 1417.101807[0m
[00:00:0.699,000] [0m<inf> oresat_solar2: 268980.00000 5281.250000 1420.550659[0m
[00:00:04.712,000] [0m<inf> oresat_solar2: 269700.000000 5282.500000 1424.690308[0m
[00:0:04.726,000] [0m<inf> oresat_solar2: 270560.00000 5280.000000 1428.556763[0m
[00:00:04.739,000] [0m<inf> oresat_solar2: 271320.0000005280.000000 1432.569580[0m
[00:00:04.752,000] [0m<inf> oresat_solar2: 272400.000000 5278.750000 1437.931519[0m
[00:0004.765,000] [0m<inf> oresat_solar2: 273160.00000 5278.750000 1441.943359[0m
[00:00:04.778,000] [0m<inf> oresat_solar2: 273920.000000 580.000000 1446.297607[0m
[0:00:04.791,000] [0m<inf> oresat_solar2: 274720.000000 5278.75000 1450.178223[0m
[00:00:0.804,000] [0m<inf> oresat_solar2: 275500.000000 5276.250000 1453.606934[0m
[00:00:04.817,00] [0m<inf> oresat_solar2: 276360.000000 527.000000 1457.798950[0m
[00:00:04.830,000] 0m<inf> oresat_solar2: 277020.000000 5276.25000 1461.626831[0m
[00:00:04.43,000] [0m<inf> oresat_solar2: 277820.000000 5276.250000 1465.847778[0m
[00:00:04.857,00] [0m<inf> oresat_solar2: 278600.000000 5273.50000 1469.266724[0m
[00:00:04.870,000] [0<inf> oresat_solar2: 279400.000000 5273.7500001473.485718[0m
[00:00:04.88,000] [0m<inf> oresat_solar2: 280200.000000 5272.500000 1477.354492[0m
[00:00:04.896,000][0m<inf> oresat_solar2: 280980.000000 5271.25000 1481.115845[0m
[00:00:04.909,000] [0m<inf> oresat_solar2: 281700.000000 5270.000000 184.558960[0m
[00:00:04.922,00] [0m<inf> oresat_solar2: 282660.000000 5270.000000 1489.618164[0m
[00:00:04.935,000] 0m<inf> oresat_solar2: 283600.000000 5271.25000 1494.926514[0m
[00:00:04.948,000] [0m<inf> oresat_solar2: 284380.000000 5268.750000 149.327148[0m
[00:00:04.961,00] [0m<inf> oresat_solar2: 284980.000000 5268.750000 1501.48843[0m
[00:00:04.974,000] [0<inf> oresat_solar2: 285880.000000 5267.5000001505.872925[0m
[00:00:04.988,000] [0m<inf> oresat_solar2: 286700.000000 5268.750000 1510.50659[0m
[00:00:05.001,000][0m<inf> oresat_solar2: 287380.000000 5267.500000 1513.774170[0m
[00:00:05.014,000] [0m<nf> oresat_solar2: 288120.000000 5265.000000 116.951782[0m
[00:00:05.027,000] [0m<inf> oresat_solar2: 288980.000000 5263.750000 1521.11530[0m
[00:00:05.040,000] 0m<inf> oresat_solar2: 289820.000000 5265.000000 1525.902344[0m
[00:00:05.053,000] [0m<in> oresat_solar2: 290560.000000 5263.750000 1529.435181[0m
[00:00:05.066,000] [0m<inf> oreat_solar2: 291400.000000 5262.500000 1533.49254[0m
[00:00:05.074,000] [0m<dbg> oresat_blink: handle_blink The light is blinking![0m
[00:00:0.085,000] [0m<inf> oresat_solar2: 292180.000000 5263.750000 137.962524[0m
[00:00:05.098,00] [0m<inf> oresat_solar2: 293180.000000 5261.250000 1542.493286[0m
[00:00:05.111,000] 0m<inf> oresat_solar2: 294000.000000 5261.25000 1546.807495[0m
[00:00:05.24,000] [0m<inf> oresat_solar2: 294760.000000 5260.000000 155.437622[0m
[00:00:05.137,00] [0m<inf> oresat_solar2: 295580.000000 5258.750000 1554.381348[0m
[00:00:05.150,000] [0m<inf> oresat_solar2: 296300.000000 5258.7500001558.167603[0m
[00:00:05.16,000] [0m<inf> oresat_solar2: 297100.000000 5257.500000 1562.03296[0m
[00:00:05.176,000][0m<inf> oresat_solar2: 297880.000000 5257.500000 1566.104126[0m
[00:00:05.189,000] [0m<inf> oresat_solar2: 298580.000000 5257.500000 169.784302[0m
[00:00:05.202,00] [0m<inf> oresat_solar2: 299380.000000 5256.250000 1573.61089[0m
[00:00:05.216,000] 0m<inf> oresat_solar2: 300260.000000 5256.250000 1578.241577[0m
[00:00:05.229,000] [0m<in> oresat_solar2: 300980.000000 5255.000000 158.649902[0m
[00:00:05.242,00] [0m<inf> oresat_solar2: 301680.000000 5253.750000 1584.95124[0m
[00:00:05.255,000] [0<inf> oresat_solar2: 302480.000000 5253.750000 1589.154297[0m
[00:00:05.268,000] [0m<inf>oresat_solar2: 303280.000000 5253.750000 1593.357300[0m
[00:00:05.281,000] [0m<inf> oresa_solar2: 304360.000000 5251.250000 1598.270508[0m
[00:00:05.294,000] [0m<nf> oresat_solar2: 305080.000000 5248.750000 1601.288696[0m
[00:00:05.307,000] [0m<inf> oesat_solar2: 305920.000000 5250.000000 1606.079956[0m
[00:00:05.320,000] [0m<inf> oresat_solar2: 306560.000000 5248.750000 1609.056763[m
[00:00:05.333,000] [0m<in> oresat_solar2: 307460.000000 5248.750000 1613.780640[0m
[00:00:05.347,000] [0m<inf> oreat_solar2: 308220.000000 5248.750000 1617.769775[0m
[00:00:05.360,000] [0m<inf> oresat_solar2: 308920.000000 5246.250000 1620.671509[0m
[00:00:05.373,000] [0m<inf>oresat_solar2: 309760.000000 5243.750000 1624.303955[0m
[00:00:05.386,000] [0m<inf> oresa_solar2: 310480.000000 5243.750000 1628.079468[0m
[00:00:05.399,000] [0m<inf> oresat_solar2: 311460.000000 5245.000000 1633.607666[0m
[00:00:05.412,000] [0m<inf> oesat_solar2: 312180.000000 5243.750000 1636.993896[0m
[00:00:05.425,000] [0m<inf> oresat_olar2: 312980.000000 5242.500000 1640.797607[m
[00:00:05.438,000] [0m<inf> oresat_solar2: 313720.000000 5240.000000 1643.892822[0m
[00:00:05.451,000] [0m<inf> oreat_solar2: 314760.000000 5241.250000 1649.735840[0m
[00:00:05.464,000] [0m<inf> oresat_soar2: 315460.000000 5240.000000 1653.010376[0m
[00:00:05.478,000] [0m<inf> oresat_solar2: 316180.000000 5240.000000 1656.783203[0m
[00:00:05.491,000] [0m<inf> oresa_solar2: 317020.000000 5238.750000 1660.788574[0m
[00:00:05.504,000] [0m<inf> oresat_sola2: 317760.000000 5238.750000 1664.665161[0m
[00:00:05.517,000] [0m<inf> oesat_solar2: 318580.000000 5237.500000 1668.562744[0m
[00:00:05.530,000] [0m<inf> oresat_olar2: 319260.000000 5236.250000 1671.725220[0m
[00:00:05.543,000] [0m<inf> oresat_solar2 320060.000000 5235.000000 1675.514160[0m
[00:00:05.556,000] [0m<inf> oreat_solar2: 320880.000000 5236.250000 1680.207886[0m
[00:00:05.569,000] [0m<inf> oresat_soar2: 321620.000000 5233.750000 1683.278687[0m
[00:00:05.582,000] [0m<inf> oresat_solar2: 322420.000000 5232.500000 1687.062622[0m
[00:00:05.595,000] [0m<inf> oresa_solar2: 323220.000000 5233.750000 1691.652710[0m
[00:00:05.609,000] [0m<inf> oresat_sola2: 323900.000000 5232.500000 1694.806763[0m
[00:00:05.622,000] [0m<inf> oresat_solar2: 32000.000000 5231.250000 1700.156250[0m
[00:00:05.635,000] [0m<inf> oresat_solar2: 325760.000000 5228.750000 1703.317627[0m
[00:00:05.648,000] [0m<inf> oresat_solar2 326560.000000 5228.750000 1707.500610[0m
[00:00:05.661,000] [0m<inf> oresat_solar2: 32720.000000 5227.500000 1710.856201[0m
[00:00:05.674,000] [0m<inf> oresat_solar2: 328260.000000 5226.250000 1715.568848[0m
[00:00:05.687,000] [0m<inf> oresat_solar2: 28860.000000 5225.000000 1718.293457[0m
[00:00:05.700,000] [0m<inf> oresat_solar2: 329780000000 5226.250000 1723.512695[0m
[00:00:05.713,000] [0m<inf> oresat_solar2: 330520.000000 5223.750000 1726.553833[0m
[00:00:05.726,000] [0m<inf> oresat_solar2: 331260.000000 5223750000 1730.419434[0m
[00:0:05.740,000] [0m<inf> oresat_solar2: 332000.000000 5221.250000 1733.454956[0m
[00:00:05.73,000] [0m<inf> oresat_solar2: 332780.000000 222.500000 1737.943604[0m
[0:00:05.766,000] [0m<inf> oresat_solar2: 333580.000000 5221.20000 1741.704590[0m
[00:00:5.779,000] [0m<inf> oresat_solar2: 334320.000000 5218.750000 1744.732544[0m
[00:00:05.792000] [0m<inf> oresat_solar2: 335120.000000 520.000000 1749.326416[0m
[0000:05.805,000] [0m<inf> oresat_solar2: 336320.000000 5218.75000 1755.170044[0m
[00:00:05818,000] [0m<inf> oresat_solar2: 337000.000000 5218.750000 1758.718750[0m
[00:00:05.831,00] [0m<inf> oresat_solar2: 337660.000000 5216250000 1761.318970[0m
[00:0:05.844,000] [0m<inf> oresat_solar2: 338480.000000 5216.25000 1765.596313[0m
[00:00:05.87,000] [0m<inf> oresat_solar2: 339360.000000 5215.000000 1769.762451[0m
[00:00:05.871,000 [0m<inf> oresat_solar2: 339980.000000 5215.00000 1772.995728[0m
[00:00:5.884,000] [0m<inf> oresat_solar2: 340920.000000 5213.750000 777.471680[0m
[00:00:05.897000] [0m<inf> oresat_solar2: 341580.000000 5211.250000 1780.058716[0m
[00:00:05.910,000] [0m<inf> oresat_solar2: 342400.000000 5211.25000 1784.332031[0m
[00:00:05.923,000] [0m<inf> oresat_solar2: 343180.000000 5211.250000 178.396729[0m
[00:00:05.936,00] [0m<inf> oresat_solar2: 343920.000000 5210.000000 1791.823242[0m
[00:00:05.949,000] [m<inf> oresat_solar2: 344760.000000 5210.00000 1796.199585[0m
[00:00:05.962,000] [0m<inf oresat_solar2: 345400.000000 5206.250000 1798238770[0m
[00:00:05.975,000 [0m<inf> oresat_solar2: 346460.000000 5207.500000 1804.190430[0m
[00:00:05.988,000] [0minf> oresat_solar2: 347300.000000 5206.250000 808.130615[0m
[00:00:06.002,000] [0m<inf> oresat_solar2: 348000.000000 5205.000000 1811.39966[0m
[00:00:06.015,000] [0m<inf> oresat_solar2: 348800.000000 5205.000000 1815.504028[0m
[00:00:06.028,000] [0m<if> oresat_solar2: 349600.000000 5201.250000 188.357056[0m
[00:00:06.041,000] [0m<inf> oresat_solar2: 350360.000000 5202.500000 1822.74725[0m
[00:00:06.054,000] [m<inf> oresat_solar2: 351160.000000 5202.500000 1826.909912[0
[00:00:06.067,000] [0m<inf oresat_solar2: 351900.000000 5200.000000 1829.880005[0m
[00:00:06.080,000] [0m<inf> orest_solar2: 352620.000000 5201.250000 1834.06481[0m
[00:00:06.088,000] [0m<dbg> oresat_blink: handle_blink:The light is blinking![0m
[00:00:06099,000] [0m<inf> oresat_solar2: 353600.000000 5196.250000 187.394043[0m
[00:00:06.112,00] [0m<inf> oresat_solar2: 354180.000000 5196.250000 1840.407837[0m
[00:00:06.125,000] [0m<inf> oresat_solar2: 355180.000000 5195.00000 1845.160156[0m
[00:00:06.18,000] [0m<inf> oresat_solar2: 355780.000000 5193.750000 1847832397[0m
[00:00:06.151,000 [0m<inf> oresat_solar2: 356800.000000 5193.70000 1853.130005[0m
[00:00:06.164,000] [0minf> oresat_solar2: 357600.000000 5191.250000 856.390991[0m
[00:00:06.177000] [0m<inf> oresat_solar2: 358480.000000 5193.750000 1861.85469[0m
[00:00:06.190,000] [0m<inf> oresat_solar2: 359200.000000 5190.000000 1864.248047[0m
[00:00:06.203,000] [0m<if> oresat_solar2: 360020.000000 5188.750000 188.053833[0m
[00:00:06.216,000] [0m<inf> oresat_solar2: 360660.000000 5188.750000 1871.37434[0m
[00:00:06.230,000] [m<inf> oresat_solar2: 361400.000000 5186.250000 1874.310791[0
[00:00:06.243,000] [0m<inf oresat_solar2: 362400.000000 5186.250000 1879.496948[0m
[00:00:06.256,000] [0m<inf> oresat_solar2: 363060.000000 5185.000000 1882.46606[0m
[00:00:06.269,000] [0minf> oresat_solar2: 363860.000000 5185.000000 1886.614136[0m[00:00:06.282,000] [0m<inf> resat_solar2: 364600.000000 5185.000000 1890.451050[0m
[00:00:06.295,000] [0m<inf> oresat_solar2: 365400.000000 5182.500000 1893.6855470m
[00:00:06.308,000] [0m<if> oresat_solar2: 366080.000000 5181.250000 1896.751953[0m
[00:00:06.321,000] [0m<inf> orsat_solar2: 366920.000000 5182.500000 1901.562866[0m
[00:00:06.334,000] [0m<inf> oresat_slar2: 367880.000000 5181.250000 1906.078247[0
[00:00:06.347,000] [0m<inf> oresat_solar2: 368800.000000 5178.750000 1909.922974[0m
[00:00:06.361,000] [0m<inf> orest_solar2: 369600.000000 5177.500000 1913.604004[0m
[00:00:06.374,000] [0m<inf> oresat_solr2: 370220.000000 5175.000000 1915.888550[0m[00:00:06.387,000] [0m<inf> oresat_solar2: 371020.000000 5175.000000 1920.028442[0m
[00:00:06.400,000] [0m<inf> oresatsolar2: 371920.000000 5173.750000 1924.221069[0m
[00:00:06.413,000] [0m<inf> oresat_solar: 372660.000000 5171.250000 1927.118042[0m
[00:00:06.426,000] [0m<inf> oresat_solar2: 373460.000000 5171.250000 1931.255005[0m
[00:00:06.439,000] [0m<inf> oresat_slar2: 374120.000000 5170.000000 1934.200439[0m
[00:00:06.452,000] [0m<inf> oresat_solar2:374980.000000 5167.500000 1937.709106[0m
[00:00:06.465,000] [0m<inf> oresat_solar2: 37566.000000 5168.750000 1941.692627[0m
[00:00:06.478,000] [0m<inf> oresat_solr2: 376560.000000 5168.750000 1946.344482[0m
[00:00:06.492,000] [0m<inf> oresat_solar2: 37280.000000 5166.250000 1949.122803[0m
[00:00:06.505,000] [0m<inf> oresat_solar2: 378320.00000 5166.250000 1954.495728[0m
[00:00:06.518,000] [0m<inf> oresat_solar2: 379080.000000 5163.750000 1957.474365[0m
[00:00:06.531,000] [0m<inf> oresat_solar2: 37900.000000 5163.750000 1961.708618[0m
[00:00:06.544,000] [0m<inf> oresat_solar2: 380680.00000 5162.500000 1965.260498[0m
[00:00:06.557,000] [0m<inf> oresat_solar2: 381420.000000 5162.500000 1969.080811[0m
[0:00:06.570,000] [0m<inf> oresat_solar2: 38220.000000 5160.000000 1972.151978[0m
[00:00:06.583,000] [0m<inf> oresat_solar2: 382980.00000 5158.750000 1975.698120[0m
[00:00:06.596,000] [0m<inf> oresat_solar2: 383700.000000 515.750000 1979.412354[0m
[00:0:06.609,000] [0m<inf> oresat_solar2: 384500.00000 5157.500000 1983.058716[0m
[00:00:06.623,000] [0m<inf> oresat_solar2: 385300.0000005157.500000 1987.184692[0m
[00:00:06.636,000] [0m<inf> oresat_solar2: 386100.000000 5155.00000 1990.345459[0m
[00:0006.649,000] [0m<inf> oresat_solar2: 386800.000000 5153.750000 1993.470459[0m
[00:00:06.66,000] [0m<inf> oresat_solar2: 387660.000000 552.500000 1997.418091[0m
[00:00:06.675,000][0m<inf> oresat_solar2: 388700.000000 5151.25000 2002.290894[0m
[00:00:06.688,000] [0m<inf> oresat_solar2: 389500.000000 5150.000000 205.925049[0m
[00:00:06.701,00] [0m<inf> oresat_solar2: 390220.000000 5148.750000 2009.145264[0m
[00:00:06.714,000] 0m<inf> oresat_solar2: 391000.000000 5146.25000 2012.183716[0m
[00:00:06.727,000] [0m<inf> oresat_solar2: 391800.000000 5146.250000 201.300781[0m
[00:00:06.740,00] [0m<inf> oresat_solar2: 392520.000000 5147.500000 2020.49674[0m
[00:00:06.754,000] [0<inf> oresat_solar2: 393320.000000 5143.750000 2023.139771[0m
[00:00:06.767,000] [0m<inf>oresat_solar2: 394060.000000 5143.750000 2026.46167[0m
[00:00:06.780,000][0m<inf> oresat_solar2: 394920.000000 5142.500000 2030.876099[0m
[00:00:06.793,000] [0m<nf> oresat_solar2: 395620.000000 5138.750000 2032.992310[0m
[00:00:06.806,000] [0m<inf> oesat_solar2: 396460.000000 5138.750000 2037.30838[0m
[00:00:06.819,000] [0m<inf> oresat_solar2: 397200.000000 5135.000000 2039.621948[m
[00:00:06.832,000] [0m<in> oresat_solar2: 397960.000000 5137.500000 2044.519531[0m
[00:00:06.845,000] [0m<inf> oreat_solar2: 398820.000000 5135.000000 2047.94064[0m
[00:00:06.858,000] [0m<inf> oresat_solar2: 399760.000000 5132.500000 2051.768311[0m
[00:00:06.871,000] [0m<inf>oresat_solar2: 400500.000000 5132.500000 2055.566162[0m
[00:00:06.885,000] [0m<inf> oresa_solar2: 401320.000000 5132.500000 2059.774902[0m
[00:00:06.898,000] [0m<inf> oresat_sola2: 402080.000000 5131.250000 2063.173096[0m
[00:00:06.911,000] [0m<inf> oesat_solar2: 402900.000000 5130.000000 2066.876953[0m
[00:00:06.924,000] [0m<inf> oresat_olar2: 403660.000000 5128.750000 2070.271240[0m
[00:00:06.937,000] [0m<inf> oresat_solar2 404420.000000 5127.500000 2073.663574[0m
[00:00:06.950,000] [0m<inf> oresat_solar2: 40520.000000 5125.000000 2076.752441[0m
[00:00:06.963,000] [0m<inf> oresat_solar2: 406020.000000 5125.000000 2080.852539[0m
[00:00:06.976,000] [0m<inf> oresat_solar2: 06720.000000 5122.500000 2083.423096[0m
[00:00:06.989,000] [0m<inf> oresat_solar2: 407500.000000 5121.250000 2086.909424[0m
[00:00:07.002,000] [0m<inf> oresat_sola2: 408220.000000 5121.250000 2090.596680[0m
[00:00:07.016,000] [0m<inf> oresat_solar2: 40120.000000 5118.750000 2094.183105[0m
[00:00:07.029,000] [0m<inf> oresat_solar2: 410000.00000 5117.500000 2098.175049[0m
[00:00:07.042,000] [0m<inf> oresat_solar2: 410900.000000 5115.000000 2101.753418[0m
[0:00:07.055,000] [0m<inf> oresat_solar2: 41170.000000 5113.750000 2105.330811[0m
[00:00:07.068,000] [0m<inf> oresat_solar2: 412420.00000 5112.500000 2108.497314[0m
[00:00:07.081,000] [0m<inf> oresat_solar2: 413180.000000 510.000000 2111.349854[0m
[0000:07.094,000] [0m<inf> oresat_solar2: 414060.000000 5110.00000 2115.846680[0m
[00:00:07.102,000] [0m<db> oresat_blink: handle_blink: The light is blinking![0m
[00:00:07.113,000] [0m<inf> oresat_solar2 414700.000000 5110.000000 2119.116943[0m
[00:00:07.126,000] [0m<inf> oresat_solar2: 41550.000000 5110.000000 2123.511719[0m
[00:00:07.139,000] [0m<inf> oresat_solar2: 416300.000000 5108.750000 2126.772705[0m
[00:00:07.152,000] [0m<inf> oresat_solar2: 417160.000000 5107.500000 2130.644775[0m
[0000:07.165,000] [0m<inf> oresat_solar2: 417820.000000 5105.000000 2132.971191[0m
[00:00:07178,000] [0m<inf> oresat_solar2: 418660.00000 5105.000000 2137.259277[0m
[00:00:07.191,000] [0m<inf> oresat_solar2: 419400.000000 5101250000 2139.464355[0m
[00:0:07.204,000] [0m<inf> oresat_solar2: 420400.000000 5102.500000 2145.091064[0m
[00:00:07.27,000] [0m<inf> oresat_solar2: 421280.000000 098.750000 2148.001465[0m
[0:00:07.230,000] [0m<inf> oresat_solar2: 422060.000000 5098.70000 2151.978516[0m
[00:00:7.244,000] [0m<inf> oresat_solar2: 422880.000000 5096.250000 2155.102295[0m
[00:00:07.257000] [0m<inf> oresat_solar2: 423520.000000 506.250000 2158.363770[0m
[00:00:07.270,000] [0m<inf> oresat_solar2: 424400.000000 5092.50000 2161.257080[0m
[00:00:07283,000] [0m<inf> oresat_solar2: 425180.000000 5093.750000 2165.760742[0m
[00:00:07.296,00] [0m<inf> oresat_solar2: 425900.000000 5090000000 2167.831055[0m
[00:00:07.309,000] [0m<inf> oresat_solar2: 426700.000000 5088.75000 2171.369629[0m
[00:00:07.32,000] [0m<inf> oresat_solar2: 427500.000000 5088.750000 2175440674[0m
[00:00:07.335,000 [0m<inf> oresat_solar2: 428280.000000 5086.250000 2178.339111[0m
[00:00:07.348,000] [0m<inf> oresat_solar2: 429160.000000 5082.500000 181.205811[0m
[00:00:07.361000] [0m<inf> oresat_solar2: 429880.000000 5083.750000 2185.42344[0m
[00:00:07.375,000] [0m<inf> oresat_solar2: 430560.000000 5082.500000 2188.321289[0m
[00:00:07.388,000] [0m<if> oresat_solar2: 431760.000000 5078.750000 212.801025[0m
[00:00:07.401,000] [0m<inf> oresat_solar2: 432400.000000 5077.500000 2195.51086[0m
[00:00:07.414,000] [m<inf> oresat_solar2: 433220.000000 5077.500000 2199.674561[0m
[00:00:07.427,000] [0m<inf oresat_solar2: 433960.000000 5076.250000 2202889404[0m
[00:00:07.440,000] [0m<inf> oresat_solar2: 434780.000000 5072.500000 2205.42163[0m
[00:00:07.453,000] [0minf> oresat_solar2: 435620.000000 5068.750000 2208.048828[0m
[00:00:07.466,000] [0m<inf> resat_solar2: 436300.000000 5068.750000 2211.45605[0m
[00:00:07.479,000] [0m<inf> oresat_solar2: 437180.000000 5066.250000 2214.8632810m
[00:00:07.492,000] [0m<if> oresat_solar2: 437920.000000 5063.750000 2217.517334[0m
[00:00:07.506,000] [0m<inf> orsat_solar2: 438780.000000 5063.750000 2221.872314[0m
[00:00:07.519,000] [0m<inf> oresat_solar2: 439400.000000 5061.250000 2223.913330[0
[00:00:07.532,000] [0m<inf oresat_solar2: 440260.000000 5061.250000 2228.265869[0m
[00:00:07.545,000] [0m<inf> orest_solar2: 440980.000000 5058.750000 2230.807617[0m
[00:00:07.558,000] [0m<inf> oresat_solr2: 442100.000000 5056.250000 2235.368164[0m[00:00:07.571,000] [0m<inf> oresat_solar2: 442860.000000 5057.500000 2239.764404[0m
[00:00:07.584,000] [0m<inf> oresatsolar2: 443620.000000 5053.750000 2241.944580[0m
[00:00:07.597,000] [0m<inf> oresat_solar: 444400.000000 5052.500000 2245.331055[0m
[00:00:07.610,000] [0m<inf> oresat_solar2: 44500.000000 5051.250000 2248.816406[0m
[00:00:07.623,000] [0m<inf> oresat_solar2: 445960.000000 5048.750000 2251.540527[0m
[00:00:07.637,000] [0m<inf> oresat_solar2:446700.000000 5045.000000 2253.601562[0m
[00:00:07.650,000] [0m<inf> oresat_solar2: 44758.000000 5043.750000 2257.481689[0m
[00:00:07.663,000] [0m<inf> oresat_solar2: 448320.00000 5041.250000 2260.093262[0m
[00:00:07.676,000] [0m<inf> oresat_solar2: 49100.000000 5040.000000 2263.464111[0m
[00:00:07.689,000] [0m<inf> oresat_solar2: 449920.00000 5036.250000 2265.909668[0m
[00:00:07.702,000] [0m<inf> oresat_solar2: 450620.0000005036.250000 2269.435059[0m
[00:00:07.715,000] [0m<inf> oresat_solar2: 451460.000000 5033.750000 2272.536865[0m
[00:00:07.728,000] [0m<inf> oresat_solar2: 452420.00000 5031.250000 2276.238037[0m
[00:00:07.741,000] [0m<inf> oresat_solar2: 453280.000000 530.000000 2279.998291[0m
[0:00:07.754,000] [0m<inf> oresat_solar2: 453980.000000 5028.750000 2282.951904[0m
[00:00:07.768,000] [0m<inf> oresat_solar2: 454780.00000 5025.000000 2285.269531[0m
[00:00:07.781,000] [0m<inf> oresat_solar2: 455580.000000 502.250000 2287.581055[0m
[00:0:07.794,000] [0m<inf> oresat_solar2: 456320.000000 5020.00000 2290.726318[0m
[00:00:07.07,000] [0m<inf> oresat_solar2: 457100.0000005018.750000 2294.070557[0m
00:00:07.820,000] [0m<inf> oresat_solar2: 457900.000000 5016.50000 2296.940918[0m
[00:0007.833,000] [0m<inf> oresat_solar2: 458760.000000 5013.750000 2300.107910[0m
[00:00:07.84,000] [0m<inf> oresat_solar2: 459500.000000 508.750000 2301.520508[0m
[00:00:07.859,000] [0m<inf> oresat_solar2: 460220.000000 5007.50000 2304.551758[0m
[00:00:0.872,000] [0m<inf> oresat_solar2: 461020.000000 5003.750000 206.828857[0m
[00:00:07.885,00] [0m<inf> oresat_solar2: 461800.000000 5003.750000 2310.731689[0m
[00:00:07.899,000] 0m<inf> oresat_solar2: 462580.000000 5000.000000 2312.899902[0m
[00:00:07.12,000] [0m<inf> oresat_solar2: 463580.000000 4997.500000 231.740967[0m
[00:00:07.925,00] [0m<inf> oresat_solar2: 464460.000000 4995.000000 2319.977783[0m
[00:00:07.938,000] [0<inf> oresat_solar2: 465200.000000 4993.7500002323.092529[0m
[00:00:07.95,000] [0m<inf> oresat_solar2: 465960.000000 4991.250000 2325.22900[0m
[00:00:07.964,000][0m<inf> oresat_solar2: 466680.000000 4987.500000 2327.566406[0m
[00:00:07.977,000] [0m<nf> oresat_solar2: 467500.000000 4985.000000 230.487549[0m
[00:00:07.990,000] [0m<inf> oresat_solar2: 468280.000000 4981.250000 2332.61629[0m
[00:00:08.003,000] 0m<inf> oresat_solar2: 469080.000000 4981.250000 2336.604736[0m
[00:00:08.016,000] [0m<in> oresat_solar2: 469860.000000 4977.500000 233.728271[0m
[00:00:08.030,000] [0m<inf> oresat_solar2: 470580.000000 4973.750000 2340.54733[0m
[00:00:08.043,000] [0<inf> oresat_solar2: 471360.000000 4972.500000 2343.837646[0m
[00:00:08.056,000] [0m<inf>oresat_solar2: 472100.000000 4970.000000 2346.36914[0m
[00:00:08.069,000] [0m<inf> oresa_solar2: 472880.000000 4966.250000 2348.440186[0m
[00:00:08.082,000] [0m<inf> oresat_solar2: 473960.000000 4962.500000 2352.026611[0m
[00:00:08.095,000] [0m<inf> oesat_solar2: 474760.000000 4960.000000 2354.809570[0m
[00:00:08.108,000] [0m<inf> oresat_olar2: 475480.000000 4952.500000 2354.814697[m
[00:00:08.116,000] [0m<dbg> oresat_blink: handle_blink: Th light is blinking![0m
[00:00:08.127,000] [0m<inf>oresat_solar2: 476280.000000 4943.750000 2354.09131[0m
[00:00:08.140,000][0m<inf> oresat_solar2: 477060.000000 4940.000000 2356.676514[0m
[00:00:08.153,000] [0m<nf> oresat_solar2: 477860.000000 4935.000000 2358.239014[0m
[00:00:08.166,000] [0m<inf> oresat_solar2: 478620.000000 4935.000000 2361.98746[0m
[00:00:08.179,000] 0m<inf> oresat_solar2: 479420.000000 4927.500000 2362.342041[m
[00:00:08.192,000] [0m<in> oresat_solar2: 480160.000000 4923.750000 2364.187744[0m
[00:00:08.205,000] [0m<inf> oreat_solar2: 480920.000000 4921.250000 2366.72759[0m
[00:00:08.218,000] [0m<inf> oresat_solar2: 481780.000000 4917.500000 2369.153076[0m
[00:00:08.231,000] [0m<inf>oresat_solar2: 482560.000000 4911.250000 2369.972900[0m
[00:00:08.244,000] [0m<inf> oresa_solar2: 483360.000000 4906.250000 2371.485107[0m
[00:00:08.258,000] [0m<inf> oresat_solar2: 484360.000000 4901.250000 2373.969482[0m
[00:00:08.271,000] [0m<inf> oesat_solar2: 485060.000000 4895.000000 2374.368652[0m
[00:00:08.284,000] [0m<inf> oresat_olar2: 485820.000000 4890.000000 2375.659912[m
[00:00:08.297,000] [0m<inf> oresat_solar2: 486600.000000 4881.250000 2375.216309[0m
[00:00:08.310,000] [0m<inf> oreat_solar2: 487400.000000 4877.500000 2377.293457[0m
[00:00:08.323,000] [0m<inf> oresat_soar2: 488180.000000 4868.750000 2376.826416[0m
[00:00:08.336,000] [0m<inf> oresat_solar2: 488920.000000 4865.000000 2378.595703[0m
[00:00:08.349,000] [0m<inf> oresa_solar2: 489720.000000 4856.250000 2378.202637[0m
[00:00:08.362,000] [0m<inf> oresat_sola2: 490480.000000 4848.750000 2378.214844[0m
[00:00:08.375,000] [0m<inf> oresat_solar2: 49200.000000 4841.250000 2378.021973[0m
[00:00:08.389,000] [0m<inf> oresat_olar2: 492020.000000 4835.000000 2378.916748[0m
[00:00:08.402,000] [0m<inf> oresat_solar2 492800.000000 4825.000000 2377.760010[0m
[00:00:08.415,000] [0m<inf> oresat_solar2: 493520.000000 4816.250000 2376.915771[0m
[00:00:08.428,000] [0m<inf> oresat_soar2: 488220.000000 4840.000000 2362.984863[0m
[00:00:08.437,000] [1;1m<err> dac_mcux_lpdac: unsupported value 5282859[0m
[00:00:08.448,000] [0m<inf> oresat_solar2: 488280.000000 483.750000 2362.664795[0m
[00:00:08.457,000] [1;31m<err> dac_mcux_lpdac unsupported value 5282856[0m
[00:00:08.467,000] [m<inf> oresat_solar2: 488200.000000 4840.00000 2362.887939[0m
[00:00:08.477,000] [1;31m<err> dac_mcux_lpdac: unsuported value 5282853[0m
[00:00:08.487,000] [0m<inf>oresat_solar2: 488300.000000 4838.750000 2362.761719[0m
[00:00:08.497000] [1;31m<err> dac_mcux_lpdac: unsupported value 5282850[0m
[00:00:08.507,000] [0m<inf> oresat_solar2: 488200.00000 4840.000000 2362.887939[0m
[00:00:08.517,000] [1;31m<err> dac_cux_lpdac: unsupported value 5282847[0m
[00:00:08.57,000] [0m<inf> oresat_solar2: 488260.000000 4840.000000 2363.178467[0m
[00:00:08.536,000] [1;31m<err> dac_mcux_lpac: unsupported value 5282844[0m
[00:00:08.547,000] [0m<inf> oresat_solar2: 488260.000000 4835.000000 2360.737061[0m
[0000:08.556,000] [1;31m<err> dac_mcux_lpdac: unsupported value 282841[0m
[00:00:08.566,000] [0m<inf> oresat_solar: 488280.000000 4837.500000 2362.054443[0m
[00:00:08.576,000] [1;31merr> dac_mcux_lpdac: unsupported value 5282838[0m
[0:00:08.586,000] [0m<inf> oresat_solar2: 488280.000000 4836.250000 2361.444092[0m
[00:00:08.596,000] [1;31m<err> dac_mcux_lpdac: unsupported value 5282834[0m
[00:00:08.606,000] [0m<inf> oresat_solar2: 488300.000000 4836.250000 261.540771[0m
[00:00:08.616,000] [1;31m<err> dac_mcux_lpdac: unsuppored value 5282831[0m
[00:00:08.626,000] [0m<inf> orsat_solar2: 488320.000000 4837.500000 2362.248047[0m
[00:00:08.635,00] [1;31m<err> dac_mcux_lpdac: unsupported vale 5282828[0m
[00:00:08.646,000] [0m<inf> oresat_solar2: 488280.00000 4836.250000 2361.444092[0m
[00:00:08.655,000] [1;1m<err> dac_mcux_lpdac: unsupported value 5282825[0m
[00:00:08.665,00] [0m<inf> oresat_solar2: 488180.000000 483.000000 2360.350342[0m
[00:00:08.675,000] [1;31m<err> dac_mcux_lpdac unsupported value 5282822[0m
[00:00:08.685,000] [m<inf> oresat_solar2: 488280.000000 4836.250000 2361.444092[0
[00:0008.695,000] [1;31m<err> dac_mcux_lpdac: unsuported value 5282819[0m
[00:00:08.705,000] [0m<inf> oresat_solar2: 488280.000000 4835.000000 2360.833740[0m
[00:00:08.715000] [1;31m<err> dac_mcux_lpdac: unsupported value 5282816[0
[00:00:08.725,000] [0m<inf> oresat_solar2: 488280.00000 4831.250000 2359.002686[0m
[00:00:08.734,000] [1;31m<err> dac_cux_lpdac: unsupported value 5282813[0m
[00:00:08.75,000] [0m<inf> oresat_solar2: 488280.000000 4835.000000 2360.833740[0m
[00:00:08.754,000] [1;31m<err> dac_mcux_lpdac: unsupported value 5282810[0m
[00:00:08.764,000] [0m<inf> oresat_solar2: 488280.000000 4831.250000 2359.002686[0m
[00:00:08.774,000] [1;31m<err> dac_mcux_lpdac: unsupported value 282807[0m
[00:00:08.784,000] [0m<inf> oresat_solar: 488280.000000 4831.250000 2359.002686[0m
[00:00:08.794,000] [1;31merr> dac_mcux_lpdac: unsupported value 5282804[0m
[0:00:08.804,000] [0m<inf> oresat_solar2: 488260.000000 4832.50000 2359.516357[0m
[00:00:08.814,000] [1;31m<err> dac_mcux_lpdac: unsupported value 5282801[0m
[00:00:08.824,000] [0m<nf> oresat_solar2: 488280.000000 4833.750000 260.223389[0m
[00:00:08833,000] [1;31m<err> dac_mcux_lpdac: unsuppored value 5282798[0m
[00:00:08.844,000] [0m<inf> oresat_solar2: 488260.000000 4825.000000 2355.854492[0m
[00:00:08.853,00] [1;31m<err> dac_mcux_lpdac: unsupported value 5282794[0m
[00:00:08.863,000] [0m<inf> oresat_solar2: 488260.00000 4831.250000 2358.906006[0m
[00:00:08.873,000] [1;31m<err> dac_mcu_lpdac: unsupported value 5282791[0m
[00:00:08.883,00] [0m<inf> oresat_solar2: 488260.000000 4831.250000 2358.906006[0m
[00:00:08.893,000] [1;31m<err> dac_mcux_lpdac: unsupported value 5282788[0m
[00:00:08.903,000] [0m<inf> oresat_solar2: 488300.000000 4823.750000 2355.437012[0
[00:00:08.913,000] [1;31m<err> dac_mcux_lpdac: unsupported value 528785[0m
[00:00:08.923,000] [0m<inf> oresat_solar2: 88260.000000 4830.000000 2358.295898[0m
[00:00:08.932,000] [1;31m<er> dac_mcux_lpdac: unsupported value 5282782[0m
[00:0:08.943,000] [0m<inf> oresat_solar2: 488300.000000 4830.000000 2358.489014[0m
[00:00:08.952,000] [1;31m<err> dac_mcux_lpdac: unsupported value 5282779[0m
[00:00:08.962,000] [0m<inf oresat_solar2: 488300.000000 4825.000000 2356047607[0m
[00:00:08.972,000] [1;31m<err> dac_mcux_lpdac: unsupportedvalue 5282776[0m
[00:00:08.982,000] [0m<inf> oresa_solar2: 488280.000000 4828.750000 2357.781982[0m
[00:00:08.992,000] [1;31m<err> dac_mcux_lpdac: unsupported value 5282773[0m
[00:00:09.002,000] [0m<inf> oresat_solar2: 488300.0000004831.250000 2359.099365[0m
[00:00:09.012,000] [1;31m<err> dac_mcux_lpdac: unsupported value 5282770[0m
[00:00:09.022,000 [0m<inf> oresat_solar2: 488360.000000 4826.20000 2356.947510[0m
[00:00:09.031,000] [1;31m<err> dac_mcux_lpdac: usupported value 5282767[0m
[00:00:09.042,000] [0m<nf> oresat_solar2: 488300.000000 4828.750000 2357.878662[0m
[00:00:09051,000] [1;31m<err> dac_mcux_lpdac: unsuppored value 5282764[0m
[00:00:09.061,000] [0m<inf> oresat_solar2: 48800.000000 4827.500000 2357.268311[0m
[00:00:09.071,000] [1;31m<err> dac_mcux_lpdac: unsupported value 5282761[0m
[00:00:9.081,000] [0m<inf> oresat_solar2: 488300.00000 4823.750000 2355.437012[0m
[00:00:09.091,000] [1;31m<err> dac_mcu_lpdac: unsupported value 5282758[0m
[00:00:09.101,000] [0m<inf> oresat_solar2: 488300.000000 4828.750000 2357.87662[0m
[00:00:09.111,000] [1;31m<err> dac_mcux_lpdac: unsupported value 5282754[0m
[00:00:09.121,000] [0m<inf> oresat_slar2: 488360.000000 4827.500000 2357.557861[0m
[00:00:09.128,000] [0m<dbg> oresat_blink: handle_blink: Thelight is blinking![0m
[00:00:09.136,000] [131m<err> dac_mcux_lpdac: unsupported value 5282751[0m
[00:00:09.146,000] [0m<inf> oresat_solar2: 488260.000000 4840.000000 2363.18467[0m
[00:00:09.156,000] [1;31m<err> dac_mcux_lpdac: unsupported vlue 5282748[0m
[00:00:09.166,000] [0m<inf> oresat_olar2: 488360.000000 4838.750000 2363.052002[0m
[00:00:09.175,000] [;31m<err> dac_mcux_lpdac: unsupported value 5282745[0m
[00:00:09.186,000] [0m<inf> oresat_solar2: 488320.000000 431.250000 2359.196045[0m
[00:00:09.195,000] [1;31m<err> dac_mcux_lpdac: unsupported value 5282742[0m
[00:00:09.205,000] [0m<inf> oresat_solar2: 488360.000000 4838.75000 2363.052002[0m
[00:00:09.215,000] [1;31m<err> dac_mcux_lpdac: unspported value 5282739[0m
[00:00:09.225,000] [0m<in> oresat_solar2: 488280.000000 4837.500000 2362.054443[0m
[00:00:09.25,000] [1;31m<err> dac_mcux_lpdac: unsupported value 5282736[0m
[00:00:09.245,000] [0m<inf> oresat_solar2: 48836.000000 4831.250000 2359.389160[0m
[00:00:09.255,000] [1;31m<err> dac_mcux_lpdac: unsupported value 5282733[0m
[00:00:09265,000] [0m<inf> oresat_solar2: 488320.00000 4836.250000 2361.637695[0m
[00:00:09.274,000] [1;31m<err> dac_mcux_pdac: unsupported value 5282730[0m
[00:00:09.285,00] [0m<inf> oresat_solar2: 488360.000000 4836.250000 2361.83105[0m
[0:00:09.294,000] [1;31m<err> dac_mcux_lpdac: unsupported valu 5282727[0m
[00:00:09.304,000] [0m<inf> oresat_solr2: 488360.000000 4831.250000 2359.389160[0m[00:00:09.314,000] [1;3m<err> dac_mcux_lpdac: unsupported value 528274[0m
[00:00:09.324,000] [0m<inf> oresat_solar2: 488320.000000 4835.000000 2361.027100[0m
[00:00:09.334,000] [1;31m<err>dac_mcux_lpdac: unsupported value 5282721[0m
[00:00:09.344,000] [0m<inf> oresat_solar2: 488300.000000 4833.7500002360.320068[0m
[00:00:09.354,000] [1;31m<err> dac_mcux_lpdac: unsupprted value 5282718[0m
[00:00:09.364,000] [0m<inf> resat_solar2: 488380.000000 4831.250000 2359.485840[0m
[00:00:09.373,00] [1;31m<err> dac_mcux_lpdac: unsupported value 5282715[0m
[00:00:09.384,000] [0m<inf> oresat_solar2: 488300.000000 4836.250000 2361.540771[0m
[00:00:09.393,000] [1;31m<err> dac_mcux_lpdac: unsupported value 5282711[0m
[00:00:09.40,000] [0m<inf> oresat_solar2: 488380.000000 435.000000 2361.317383[0m
[00:00:09.413,000] [1;31m<err> dac_mcux_lpdc: unsupported value 5282708[0m
[00:00:09.423,000] [0m<inf> oresat_solar2: 488380.000000 4831.250000 2359.4858400m
[00:0:09.433,000] [1;31m<err> dac_mcux_lpdac: unsupported value 5282705[0m
[00:00:09.443,000] [0m<inf> oresat_solar2 488380.000000 4835.000000 2361.317383[0m
[00:00:09.453,000] [1;31m<err> dac_mcux_lpdac: unsupported value 52827020m
[0:00:09.463,000] [0m<inf> oresat_solar2: 48836.000000 4833.750000 2360.610107[0m
[00:00:09.472,000] [1;31m<err> da_mcux_lpdac: unsupported value 5282699[0m
[00:00:09483,000] [0m<inf> oresat_solar2: 488400.000000 4831.250000 239.582520[0m
[00:00:09.492,000] [1;31m<err> dac_mcux_pdac: unsupported value 5282696[0m
[00:00:09.502,000] [0m<inf> oreat_solar2: 488400.000000 4831.250000 2359.58250[0m
[0:00:09.512,000] [1;31m<err> dac_mcux_lpdac: unsupported valu 5282693[0m
[00:00:09.522,000] [0m<inf> oresat_solar2: 488380.000000 4832.500000 2360.096436[0m
[00:00:09.532,000] [1;3m<err> dac_mcux_lpdac: unsupported value 5282690[0m
[00:00:09.542,000] [0m<inf> oresat_solar2: 488380.000000 4830000000 2358.875488[0m
[00:00:09.552,000] [1;31m<err> dac_mcux_lpdac: unsupported value 5282687[0m
[00:00:09.562,000] [0<inf> oresat_solar2: 488380.000000 4833.7500002360.706787[0m
[00:00:09.571,000] [1;31m<err> dac_mcux_lpdac: unsupprted value 5282684[0m
[00:00:09.582,000] [0m<inf> resat_solar2: 488360.000000 4833.750000 2360.610107[0m
[00:00:09.591,00] [1;31m<err> dac_mcux_lpdac: unsupported value 5282681[0m
[00:00:09.601,000] [0m<inf> oresat_solar2: 488380.00000 4831.250000 2359.485840[0m
[00:00:09.611,000] [1;31m<err> dac_mux_lpdac: unsupported value 5282678[0m
[00:00:09.62,000] [0m<inf> oresat_solar2: 488420.000000 433.750000 2360.900146[0m
[00:00:09.631,000] [1;31m<err> dac_mcux_lpdc: unsupported value 5282675[0m
[00:00:09.641,000] [0m<inf> oresat_solar2: 488360.000000 4831.250000 2359.3891600m
[00:0:09.651,000] [1;31m<err> dac_mcux_lpdac: unsupported value 582671[0m
[00:00:09.661,000] [0m<inf> oresat_solar2 488420.000000 4831.250000 2359.679199[0m
[00:00:09.670,000] [1;31m<rr> dac_mcux_lpdac: unsupported value 52826680m
[0:00:09.681,000] [0m<inf> oresat_solar2: 488400.000000 4830.000000 2358.971924[0m
[00:00:09.690,000] [1;31m<err> da_mcux_lpdac: unsupported value 5282665[0m
[00:00:09.700,000] [0m<inf> oresat_solar2: 488360.000000 4830.000000 238.778809[0m
[00:00:09.710,000] [1;31m<err> dac_mcux_lpdac: unsupportd value 5282662[0m
[00:00:09.720,000] [0m<inf> oreat_solaòÿ*** Bootng Zephyr OS build v4.2.0 ***

[00:00:00.005,000] [0m<inf> oresat_mcxn947_solar: Oresat MCXN947 Solar Boar App
[0m
[00:00:00.013,000] [0m<inf> oresatblink: Starting blink demo[0m
[00:00:00.019,000] [0m<dbg> oesat_blink: handle_blink: The light is blinkin![0m
[00:00:00.026,000] [0m<inf> oresat_solar2: Starting Soar Tracking...[0m
[00:00:00.033,000] [1;31merr> mcux_lpi2c: SCL GPIO device not ready[0m
[00:00:00.039,000] [0m<inf> oresat_solar2: Starting INA226 rading[0m
[00:00:00.09,000] [0m<inf> oresat_solar2: -680.000000 5433.750000 -3.69450[0m
[00:0000.062,000] [0m<inf> oresat_solar2: -540.000000 5435.000000 -.934900[0m
[00:00:00.074,000] [0m<inf> oresat_solar2: -580000000 5433.750000 -3.151575[0m
[00:00:00.087,000] [0m<inf oresat_solar2: -540.000000 5433.750000 -2.934225[0m
[00:00:00.100,000] [0<inf> oresat_solar2: -640.000000 5436.250000 -3.479200[0m
[0:00:00.112,000] [0m<inf> oresat_solar2: -580.000000 5433.75000 -3.151575[0m
[00:00:00.125,000] [0m<inf> oresat_solar2:-580.000000 5435.000000 -3.152300[0m
[00:00:00.138,000] [0<inf> oresat_solar2: -600.000000 5436.250000 -3.261750[0m
[00:00:00.151,000] [0m<inf> oresat_solar2: -600.000000 5433.75000 -3.260250[0m
[00:00:00.163,000] [0m<inf> oresat_solar2: -580.000000 5435.000000 -3.152300[0m
[00:00:00.176,000] [0m<inf> oresat_soar2: -600.000000 5435.000000 -3.261000[0m
[00:00:00.189,000] [0m<inf> oresat_solar2: -540.000000 5433.750000 -2.934225[0
[00:00:00.20,000] [0m<inf> oresat_solar2: -580.000000 543.500000 -3.150850[0m
[00:00:00.214,000] [0m<inf> oresat_solar2: -580.00000 5433.750000 -3.151575[0m
[00:00:00.227,000] [0m<inf> orest_solar2: -540.000000 5435.000000 -2.934900[0
[00:00:00.239,000] [0m<inf> oresat_solar2: -540.000000 5433.750000 -2.93425[0m
[00:00:0.252,000] [0m<inf> oresat_solar2: -580.00000 5435.000000 -3.152300[0m
[00:00:00.265,000] [0m<inf> oresat_solar2: -540.00000 5433.750000 -2.934225[0m
[00:00:00.278,000] [0m<inf>oresat_solar2: -540.000000 5432.500000 -2.93350[0m
[00:00:0.290,000] [0m<inf> oresat_solar2: -600.000000 5432.500000 -3259500[0m
[00:00:00.303,000] [0m<inf> oresat_solar2: -540.00000 5433.750000 -2.934225[0m
[00:00:00.316,000] [0m<inf> oresat_solar2: -580.000000 5433.750000 -3.151575[0m
[00:00:00.328,000] [0minf> oresat_solar2: -540.000000 5432.500000 -2.933550[0m
[0:00:00.341,000] [0m<inf> oresat_solar2: -600.000000 5432.50000 -3.259500[0m
[00:00:00.354,000] [0m<inf> oresat_solar2: 540.000000 5433.750000 -2.934225[0m
[00:00:00.366,000] [0minf> oresat_solar2: 1500.000000 5432.500000 8.148750[0m
[00:00:00.379,000] [0m<inf> oresat_solar2: 2420.000000 5430.000000 13.140600[0m[00:00:00.392,00] [0m<inf> oresat_solar2: 3520.000000 5428.50000 19.109200[0m
[00:00:00.404,000] [0m<inf> oresat_solar2: 4420.000000 5431.250000 24.006124[0m
[00:00:00.417,000] [0m<inf> oresatsolar2: 5280.000000 5428.750000 28.663799[0m
[00:00:00.430,000] [0m<inf> oresat_solar2: 6060.000000 5428.750000 32.898224[0m
[00:00:00443,000] [0m<inf> oresat_solar2: 6960.000000 428.750000 37.784100[0m
[00:00:00.455,000] [0m<inf> oresat_solar2: 7780.000000 5427.500000 42.225948[0m
[00:00:00.468,000] [0m<inf> oesat_solar2: 8580.000000 5427.500000 46.567951[0m
[00:00:00.481,000] [0m<inf> oresat_solar2: 9380.000000 5426.250000 50.88224[0m
[00:0:00.493,000] [0m<inf> oresat_solar2: 10220.00000 5426.250000 55.456276[0m
[00:00:00.506,000] [0m<inf> resat_solar2: 11000.000000 5425.000000 59.67499[0m
[00:00:0.519,000] [0m<inf> oresat_solar2: 11800.00000 5425.000000 64.014999[0m
[00:00:00.532,000] [0m<inf> oreat_solar2: 12580.000000 5423.750000 68.230774[0m
[00:00:00.45,000] [0m<inf> oresat_solar2: 13360.000000 5425.000000 72.477997[0m
[00:00:00.557,000] [0m<inf> oresatsolar2: 14200.000000 5423.750000 77.017250[0m
[00:00:00.570000] [0m<inf> oresat_solar2: 15300.000000 5425.000000 83.00252[0m
[00:00:00.583,000] [0m<inf> oresat_solar2: 16060.000000 5422.500000 87.085350[0m
[00:00:00.596,000] [0m<inf> oresat_solar2: 16880.000000 5422.500000 91.5317990m
[00:00:00.609,000] [0m<inf> oresat_solar2: 17700.000000 5420.000000 95.933998[0m
[00:00:00.621,000] [0m<inf> oresat_solar2: 18500.000000 5420.000000 100.269997[0
[00:00:00.634,000] [0m<inf> oresat_solar2:19280.000000 5420.000000 104.497597[0m
[00:0:00.647,000] [0m<inf> oresat_solar2: 20060.000000 5420.00000 108.725197[0m
[00:00:00.660,000] [0m<inf>oresat_solar2: 20900.000000 5420.000000 113.278000[0m
[00:0:00.673,000] [0m<inf> oresat_solar2: 21700.00000 5418.750000 117.586876[0m
[00:00:00.686,000] [0m<inf> oresat_solar2: 22420.000000 5420.000000 121.51603[0m
[00:00:00.699,000] [0m<inf> oresat_slar2: 23220.000000 5418.750000 125.823372[0m
[00:00:00.712,000] [0m<inf> oresat_solar2: 24020.000000 5418750000 130.158371[0m
[00:00:00.725,000] [0<inf> oresat_solar2: 24880.000000 5417.500000 134.787399[0m
[00:00:00.737,000] [0m<inf> oresat_solar2: 2500.000000 5417.500000 140.313248[0m
[00:00:0.750,000] [0m<inf> oresat_solar2: 26700.000000 5417.500000 144.647247[0m
[00:00:00.763,000] [0m<inf> orsat_solar2: 27500.000000 5417.500000 148.98124[0m
[00:00:00.776,000] [0m<inf> oresat_solar2: 28280.000000 5416.250000 153.171555[0m
[00:00:00.789,00] [0m<inf> oresat_solar2: 29020.000000 5416.250000 157.179581[0m
[00:00:00.802,000] [0m<inf> oresat_sola2: 29820.000000 5416.250000 161.512573[0m
[0:00:00.815,000] [0m<inf> oresat_solar2: 30700.000000 5415.00000 166.240494[0m
[00:00:00.828,000] [0m<if> oresat_solar2: 31500.000000 5413.750000 170.533127[0m
[00:00:00.841,000] [0m<inf> oresat_solar2: 32280000000 5415.000000 174.796204[0m
[00:00:00.54,000] [0m<inf> oresat_solar2: 33020.000000 5412.500000 178.720749[0m
[00:00:00.866,000] [0m<inf> oresa_solar2: 33860.000000 5412.500000 183.267242[m
[00:00:00.879,000] [0m<inf> oresat_solar2 34720.000000 5412.500000 187.921997[0m
[00:00:00.892,000] [0m<inf> oresat_solar2: 35560.000000 5413.75000 192.512955[0m
[00:00:00.905,000] [0m<inf oresat_solar2: 36620.000000 5411.250000 198.159973[0m
[00:0:00.918,000] [0m<inf> oresat_solar2: 37360.000000 5410.000000 202.117599[0m
[00:00:00.931,000] [0m<inf> oresat_solar2: 38060.000000 5410.000000 205.90602[0m
[00:00:00.944,000] [0m<inf> oresat_solar2: 38980.000000 5408.750000 210.833069[0m
[00:00:00.957000] [0m<inf> oresat_solar2: 39660.000000 540.750000 214.511032[0m
[00:00:00.970,000] [0m<inf> oresat_solar2: 40520.000000 5410.000000 219.213196[0m[00:00:00.983,000] [0m<inf> oresat_solar2: 4280.000000 5408.750000 223.273193[0m
[00:00:00.995,000] [0<inf> oresat_solar2: 42060.000000 5406.250000 27.386871[0m
[00:00:01.008,000] [0m<inf> oresat_solar2: 42880.000000 5407.500000 231.873596[0m
[00:00:1.021,000] [0m<inf> oresat_solar2: 43600.00000 5407.500000 235.766998[0m
[00:00:01.028,000] [0m<dbg> oreat_blink: handle_blink: The light is blinking![0m
[0:00:01.039,000] [0m<inf> oresat_solar2: 44360.000000 5407.50000 239.876694[0m
[00:00:01.052,000] [0m<if> oresat_solar2: 45180.000000 5407.500000 244.310852[0m
[00:00:01.065,000] [0m<inf> oresat_solar2: 45980000000 5407.500000 248.636856[0m
[00:00:01.78,000] [0m<inf> oresat_solar2: 46720.000000 5405.000000 252.21606[0m
[00:00:01.091,000] [0m<inf> oresa_solar2: 47700.000000 5405.000000 257.818512[0m
[00:00:01.104,000] [0m<inf> oresat_solar2: 48480.000000 503.750000 261.973785[0m
[00:00:01.117,000] [0m<inf> oresat_solar2: 49280.000000 5403.750000 266.296814[0m
[00:00:01.130,000] [0m<inf> oresat_solar2:50100.000000 5402.500000 270.665253[0m
[00:0:01.143,000] [0m<inf> oresat_solar2: 50900.000000 5405.00000 275.114502[0m
[00:00:01.156,000] [0m<inf>oresat_solar2: 51660.000000 5402.500000 279.093140[0m
[00:00:01.168,000] [0m<inf> oresat_solar2: 52460.00000 5401.250000 283.349579[0m
[00:00:01.181000] [0m<inf> oresat_solar2: 53200.000000 5401.250000 287.34697[0m
[00:00:01.194,000] [0m<inf> oresat_slar2: 54020.000000 5401.250000 291.775513[0m
[00:00:01.207,000] [0m<inf> oresat_solar2: 54820.000000 5401250000 296.096527[0m
[00:00:01.220,000] [0<inf> oresat_solar2: 55500.000000 5401.250000 299.769379[0m
[00:00:01.233,000] [0m<inf> oresat_solar2: 56320.000000 5398.750000 304.057587[0m
[00:00:1.246,000] [0m<inf> oresat_solar2: 57120.000000 5400.000000 308.447998[0m
[00:00:01.259,000] [0m<inf> orsat_solar2: 58160.000000 5400.000000 314.06399[0m
[00:00:01.272,000] [0m<inf> oresat_solar2: 58880.000000 5398.750000 317.878387[0m
[00:00:01.285,00] [0m<inf> oresat_solar2: 59720.000000 5397.50000 322.338715[0m
[00:00:01.297,000] [0m<inf> oresat_sola2: 60520.000000 5397.500000 326.656708[0m
[0:00:01.310,000] [0m<inf> oresat_solar2: 61220.000000 5397.500000 330.434937[0m
[00:00:01.323,000] [0m<if> oresat_solar2: 62000.000000 5397.500000 334644989[0m
[00:00:01.336,000] [0m<inf> oresat_solar2: 62800.000000 5397.500000 338.963013[0m
[00:00:01.49,000] [0m<inf> oresat_solar2: 63580.000000 395.000000 343.014099[0m
[00:00:01.362,000] [0m<inf> oresat_solar2: 64300.000000 5395.000000 346.898499[m
[00:00:01.375,000] [0m<inf> oresat_solar2 65160.000000 5395.000000 351.538208[0m
[00:00:01.388,000] [0m<inf> oresat_solar2: 65880.000000 5395.00000 355.422607[0m
[00:00:01.401,000] [0m<inf> oresat_solar2: 66700.000000 5395.000000 359.846497[0m
[00:0:01.414,000] [0m<inf> oresat_solar2: 67400.000000 5392.500000 363.454498[0m
[00:00:01.426,000] [0m<inf>oresat_solar2: 68420.000000 5393.750000 369.04375[0m
[00:00:01.439,000] [0m<inf> oresat_solar2: 69160.000000 5391.250000 372.858856[0m
[00:00:01.452000] [0m<inf> oresat_solar2: 69860.000000 539.500000 376.720062[0m
[00:00:01.465,000] [0m<inf> oresat_solar2: 71020.000000 5390.000000 382.797791[0m[00:00:01.478,000] [0m<inf> oresat_solar2: 7860.000000 5392.500000 387.505035[0m
[00:00:01.491,000] [0m<inf> oresat_solar2: 72600.000000 5391.250000 91.404755[0m
[00:00:01.504,000] [0m<inf> oesat_solar2: 73460.000000 5391.250000 396.041229[0m
[00:00:01.517,000] [0m<inf> oresat_solar2: 74260.00000 5390.000000 400.261414[0m
[00:00:01.530,00] [0m<inf> oresat_solar2: 75000.000000 5390.000000 404.250000[0m
[00:00:01.543,000] [0m<inf> oresat_solr2: 75780.000000 5387.500000 408.264740[0m
00:00:01.555,000] [0m<inf> oresat_solar2: 76560.000000 5388.70000 412.562714[0m
[00:00:01.568,000] [0m<nf> oresat_solar2: 77300.000000 5387.500000 416.453735[0m
[00:00:01.581,000] [0m<inf> oresat_solar2: 7818.000000 5388.750000 421.292480[0m
[00:00:01594,000] [0m<inf> oresat_solar2: 78980.000000 5387.500000 425.504761[0m
[00:00:01.607,000] [0m<inf> orest_solar2: 80000.000000 5386.250000 430.8999940m
[00:00:01.620,000] [0m<inf> oresat_solar2: 80820.000000 5386.250000 435.316711[0m
[00:00:01.633,000][0m<inf> oresat_solar2: 81560.000000 5386.25000 439.302551[0m
[00:00:01.646,000] [0m<inf> oresat_solar2: 82280.000000 5385.000000 443.077789[0m
[0000:01.659,000] [0m<inf> oresat_solar2: 83200.000000 5385.000000 448.032013[0m
[00:00:01.672,000] [0m<inf oresat_solar2: 83820.000000 5385.000000 451.30697[0m
[00:00:01.684,000] [0m<inf> oresatsolar2: 84660.000000 5382.500000 455.682465[0m
[00:00:01.69,000] [0m<inf> oresat_solar2: 85520.000000 532.500000 460.311401[0m
[00:00:01.710,000] 0m<inf> oresat_solar2: 86280.000000 5383.750000 464.509949[0m
[00:00:01.723,000] [0m<inf> oresat_solar2: 7060.000000 5382.500000 468.600464[0m
[00:0:01.736,000] [0m<inf> oresat_solar2: 87880.000000 5382.500000473.014099[0m
[00:00:01.749,000] [0m<inf> resat_solar2: 88700.000000 5381.250000 477.316864[0m
[00:00:01.762,000] [0m<inf> oresat_solar2: 89500.00000 5381.250000 481.621887[0m
[00:00:01.775,00] [0m<inf> oresat_solar2: 90520.000000 5378.750000 486.884460[0m
[00:00:01.788,000] [0m<inf> oresat_soar2: 91300.000000 5380.000000 491.194000[0m
[00:00:01.801,000] [0m<inf> oresat_solar2: 92000.000000 5381.50000 495.075012[0m
[00:00:01.813,000] [0minf> oresat_solar2: 92860.000000 5377.500000 499.354645[0m
[00:00:01.826,000] [0m<inf> oresat_solar2: 9360.000000 5377.500000 503.334015[0m
[00:00:0.839,000] [0m<inf> oresat_solar2: 94420.000000 5376.250000 507.625519[0m
[00:00:01.852,000] [0m<inf> oreat_solar2: 95160.000000 5376.250000 511.603943[0m
[00:00:01.865,000] [0m<inf> oresat_solar2: 96000.0000005375.000000 516.000000[0m
[00:00:01.878,000 [0m<inf> oresat_solar2: 96700.000000 5376.25000 519.883362[0m
[00:00:01.891,000] [0m<if> oresat_solar2: 97500.000000 5377.500000 524.306274[0m
[0:00:01.904,000] [0m<inf> oresat_solar2: 98360.000000 5375.000000 528.684998[0m
[00:00:01.917,000] [0m<in> oresat_solar2: 99080.000000 5375.000000 532.54993[0m
[00:00:01.930,000] [0m<inf> oresat_solar2: 99980.000000 5375.000000 537.392517[0m
[00:00:01.92,000] [0m<inf> oresat_solar2: 100960.000000 375.000000 542.659973[0m
[00:00:01.955,000][0m<inf> oresat_solar2: 101680.000000 5376.25000 546.657104[0m
[00:00:01.968,000] [0m<if> oresat_solar2: 102520.000000 5373.750000 550.916870[0m
[00:00:01.981,000] [0m<inf> oresat_solar2: 103320.000000 5371.250000 554.957520[0m
[00:00:01.994,000] [0m<inf> oresat_solar2: 104100.000000 5372.500000 559.277222[0m
[00:00:02.007,000] [0m<inf> oresat_solar2: 104900.000000 5370000000 563.312988[0m
[00:00:02.020,000] [0<inf> oresat_solar2: 105700.000000 5371.250000567.741150[0m
[00:00:02.033,000] [0m<inf> resat_solar2: 106460.000000 5370.000000 571.690186[0m
[00:00:02.041,000] [0m<dbg> oresat_blink: handle_blik: The light is blinking![0m
[00:00:02.052,000] [0<inf> oresat_solar2: 107220.000000 5370.000000 575.771423[0m
[00:00:02.065,000] [0m<inf> resat_solar2: 108060.000000 5368.750000 580.147095[0m
[00:00:02.078,000] [0m<inf> oresat_olar2: 108780.000000 5368.750000 584.012634[0m
[00:00:02.091,000] [0m<inf> oresat_solar2: 109580.000000 566.250000 588.033691[0m
[00:00:02.104,000] [0m<inf> oresat_solar2: 110460.000000 5367.50000 592.894043[0m
[00:00:02.117,000] [0m<in> oresat_solar2: 111160.000000 5366.250000 596512329[0m
[00:00:02.130,000] [0m<inf> orest_solar2: 112180.000000 5366.250000 601.985901[0m
[00:00:02.143,000] [0m<inf> oresat_sola2: 112980.000000 5365.000000 606.137695[0m
[00:00:02.156,000] [0m<inf> oresat_solar2: 113860.000000 5363.750000 610.716553[0m
[00:00:2.169,000] [0m<inf> oresat_solar2: 114520.000000 5362.500000 14.113525[0m
[00:00:02.182,000] [0m<inf> oresat_solar2: 115300.000000 5363.750000 618.44069[0m
[00:00:02.195,000] [0m<inf> oresat_slar2: 116080.000000 5365.000000 622.769226[0m
[00:00:02.208,000] [0m<inf> oresat_solar2: 16820.000000 5362.500000 626.447266[0m
[00:0:02.221,000] [0m<inf> oresat_solar2: 117620.00000 5363.750000 630.884277[0m
[00:00:02.24,000] [0m<inf> oresat_solar2: 118400.000000 361.250000 634.771973[0m
[00:00:02.247,000][0m<inf> oresat_solar2: 119200.000000 5362.500000 639.2100220m
[00:00:02.260,000] [0m<if> oresat_solar2: 120080.000000 5361.250000 643.778870[0m
[00:00:02.273,000] [0m<inf> oresat_solar2: 120780.000000 5360.000000 647.380798[0m
[00:00:02.286,000] [0m<inf> oresat_solar2: 121560.00000 5362.500000 651.865479[0m
[00:00:02.299,000] [0m<inf> oresat_solar2: 122680.000000 5360000000 657.564819[0m
[00:00:02.312,000] [0<inf> oresat_solar2: 123380.000000 5360.000000 661.316772[0m
[00:00:02.325,000] [0m<inf> resat_solar2: 124160.000000 5357.500000 665.187195[0m
[00:00:02.338,000] [0m<inf> oresat_olar2: 124980.000000 5357.500000 669.580322[0m
[00:00:02.351,000] [0m<inf> oresat_solar2: 125680.000000 5357.500000 673.330627[0m
[0000:02.364,000] [0m<inf> oresat_solar2: 126560.000000 5356.25000 677.887024[0m
[00:00:02.377,000] [0m<in> oresat_solar2: 127320.000000 5356.250000 681957764[0m
[00:00:02.390,000] [0m<inf> orest_solar2: 128100.000000 5357.500000 686.295776[0m
[00:00:02.403,000] [0m<inf> oresat_sola2: 128860.000000 5357.500000 690.367432[0m
[00:00:02.416,000] [0m<inf> oresat_solar2: 12900.000000 5355.000000 694.543518[0m
[00:00:2.429,000] [0m<inf> oresat_solar2: 130460.000000 5356.250000 698.776367[0m
[00:00:02.442,00] [0m<inf> oresat_solar2: 131300.000000 5352.500000 702.783264[0m
[00:00:02.455,000] [0m<inf> oresat_solar2: 132000.000000 5355.000000 706.859985[0m
[00:00:02.468,000] [0m<inf> oresat_solar2: 133080.000000 5353.750000 712.477051[0m
[00:00:02.481,000] [0m<inf> oresat_solar2: 133880.00000 5353.750000 716.760071[0m
[00:00:02.44,000] [0m<inf> oresat_solar2: 134680.000000 351.250000 720.706360[0m
[00:00:02.507,000] [0m<inf> oresat_solar2: 135500.000000 5350.00000 724.924988[0m
[00:00:02.520,000] [0m<if> oresat_solar2: 136320.000000 5351.250000 729.482422[0m
[00:00:02.533,000] [0m<inf> oreat_solar2: 136980.000000 5348.750000 732.671753[0m
[00:00:02.546,000] [0m<inf> oresat_solr2: 137780.000000 5348.750000 736.950745[0m
[00:00:02.559,000] [0m<inf> oresat_solar2: 13580.000000 5348.750000 741.229797[0m
[00:0002.572,000] [0m<inf> oresat_solar2: 139380.000000 5347.500000745.334534[0m
[00:00:02.585,000] [0m<inf> resat_solar2: 140180.000000 5348.750000 749.78781[0m
[00:00:02.598,000] [0m<inf> oresat_solar2: 140980.000000 5347.500000 753.890564[0
[00:00:02.611,000] [0m<inf> oresat_solar2:141700.000000 5348.750000 757.917847[0m
[00:00:02.624,000] [0m<inf> oresat_solar2: 142500000000 5347.500000 762.018738[0m
[00:00:02.37,000] [0m<inf> oresat_solar2: 143360.0000005346.250000 766.438416[0m
[00:00:02.650,000 [0m<inf> oresat_solar2: 144280.000000 5346.20000 771.356934[0m
[00:00:02.663,000] [0m<nf> oresat_solar2: 145120.000000 5346.250000 775.847778[0m
[00:00:02.676,000] [0m<inf> oresat_solar2: 145880.000000 5343.750000 779.546265[0m
[00:00:02.689,000] [0m<inf> oresat_solar2: 146780.000000 5345.000000 784.539124[0m
[00:00:02.702,000] [0m<inf> oresat_solar2: 147460.000000 534.750000 787.989380[0m
[00:00:02.715,000] [0m<inf> oresat_solar2: 148280.000000 5345.00000 792.556580[0m
[00:00:02.728,000] [0m<inf>oresat_solar2: 149020.000000 5342.500000 796.139343[0m
[00:00:02.741,000] [0m<inf> oresatsolar2: 149820.000000 5340.000000 800.038818[0m
[00:00:02.754,000] [0m<inf> oresat_solar2 150660.000000 5340.000000 804.524414[0m
[0:00:02.767,000] [0m<inf> oresat_solar2: 151420.000000 5341.25000 808.772095[0m
[00:00:02780,000] [0m<inf> oresat_solar2: 152260.000000 5338.750000 81.878052[0m
[00:00:02.793,000] [0m<inf> oresat_solar2: 153000.000000 5338.750000 816.82873[0m
[00:00:02.806,000] [0m<inf> oresat_solr2: 153780.000000 5340.000000 821.185181[0m
[00:00:02.819,000] [0m<inf> oresat_solar2: 15800.000000 5340.000000 826.632019[0m
[00:00:02.832,000] [0m<inf> oresat_solar2: 155600.00000 5338.750000 830.709473[0m
[00:00:02.845000] [0m<inf> oresat_solar2: 156360.000000 538.750000 834.766968[0m
[00:00:02.858,000] 0m<inf> oresat_solar2: 157200.000000 5337.50000 839.054993[0m
[00:00:02.871,000] [0m<inf oresat_solar2: 157900.000000 5337.500000 842.791260[0m
[00:00:02.884,000] [0m<inf> oresat_solar2: 158720.000000 5336.250000 846.969604[0m
[00:00:02.897,000] [0m<inf> oresat_solar2: 159500.000000 5336.250000 851.131897[0m
[00:00:02.910,000] [0m<inf> oresat_solar2: 160260.000000 5336.20000 855.187439[0m
[00:00:02.923,000] [0m<inf> oresat_solar2: 161120.000000 5332.500000 89.172424[0m
[00:00:02.936,000] [0m<inf> orsat_solar2: 161880.000000 5333.750000 863.42749[0m
[00:00:02.949,000] [0m<inf> oresat_soar2: 162680.000000 5332.500000 867.491089[0m[00:00:02.962,000] [0m<inf> oresat_solar2: 13460.000000 5332.500000 871.650452[0m
[00:0:02.975,000] [0m<inf> oresat_solar2: 164260.000000 5332.50000 875.916443[0m
[00:00:02.98,000] [0m<inf> oresat_solar2: 165260.000000 5331.250000 881.02358[0m
[00:00:03.001,000] [0m<inf> oresat_solar2: 166080.000000 5332.500000 885.621582[m
[00:00:03.014,000] [0m<inf> oresat_solar2 166880.000000 5327.500000 889.053223[0m
[00:00:03.027,000] [0m<inf> oresat_solar2: 16766.000000 5327.500000 893.208679[0m
[00:00:03040,000] [0m<inf> oresat_solar2: 168460.000000 5330.000000 897.891785[0m
[00:00:03.048,000] [0m<dbg> oresat_blink: handle_blink: The light is blinking![0m[00:00:03.059,000] [0m<inf> oresat_solar2: 169180.000000 5327.500000901.306458[0m
[00:00:03.072,000] [0m<inf> resat_solar2: 170000.000000 5327.500000 905.67988[0m
[00:00:03.085,000] [0m<inf> oresat_olar2: 170760.000000 5328.750000 909.937378[0
[00:00:03.098,000] [0m<inf> oresat_solar2:171500.000000 5327.500000 913.666260[0m
[0000:03.111,000] [0m<inf> oresat_solar2: 172280.000000 5326.25000 917.606323[0m
[00:00:03.24,000] [0m<inf> oresat_solar2: 173080.000000 5326.250000 921867371[0m
[00:00:03.137,000] [0m<inf> orest_solar2: 173860.000000 5327.500000 926.239136[0m
[00:00:03.150,000] [0m<inf> oresat_sola2: 174700.000000 5326.250000 930.495850[0m
[00:00:03.163,000] [0m<inf> oresat_solar2: 17520.000000 5325.000000 934.111511[0m
[00:00:3.176,000] [0m<inf> oresat_solar2: 176480.00000 5326.250000 939.976624[0m
[00:00:03.189,00] [0m<inf> oresat_solar2: 177300.000000 5326.250000 944.344116[0m
[00:00:03.202,000] [0m<inf> oresat_solar2: 178060.000000 5323.750000 947.946899[0m
[00:00:03.215,000] [0m<inf> oresat_solar2: 178780.000000 5322.500000 951.556580[0m
[00:00:03.228,000] [0m<inf> oresat_solar2: 179580.00000 5322.500000 955.814575[0m
[00:00:03.241,000] [0m<inf> oresat_solar2: 180360.000000 320.000000 959.515198[0m
[00:00:03.254,000][0m<inf> oresat_solar2: 181180.000000 5321.25000 964.104065[0m
[00:00:03.267,000] [0m<if> oresat_solar2: 181900.000000 5320.000000 96.708008[0m
[00:00:03.280,000] [0m<inf> oreat_solar2: 182720.000000 5322.500000 972.527222[0m
[00:00:03.293,000] [0m<inf> oresat_solar2: 183520.000000 5318.750000 976.096985[0m
[00:00:03.306,000] [0m<inf> oresat_solar2: 184260.000000 5317.500000 979.802551[0m
[00:00:03.319,000] [0m<inf> oresat_solar2: 185080.000000 5318.750000984.394226[0m
[00:00:03.332,000] [0m<inf> oresat_solar2: 185880.000000 5317.500000 988.41870[0m
[00:00:03.345,000] [0m<inf> oresat_olar2: 186920.000000 5316.250000 993.713440[0
[00:00:03.358,000] [0m<inf> oresat_solar2:187700.000000 5315.000000 997.625488[0m
[0000:03.371,000] [0m<inf> oresat_solar2: 188480000000 5315.000000 1001.771179[0m
[00:00:03.384,000] [0m<inf> oresat_solar2: 189320.00000 5313.750000 1005.999146[0m
[00:00:03.397,000] [0m<inf> oresat_solar2: 190080.000000 5313.750000 1010.037598[0m
[00:0:03.410,000] [0m<inf> oresat_solar2: 190780.00000 5312.500000 1013.518738[0m
[00:00:03.423,000] [0m<inf> oresat_solar2: 191620.000000 312.500000 1017.981262[0m
[0:00:03.437,000] [0m<inf> oresat_solar2: 192380.000000 5312.500000 1022.018738[0m
[00:00:3.450,000] [0m<inf> oresat_solar2: 193300.000000 5312.500000 1026.906250[0m
[00:00:03.463,000] [0m<inf> oresat_solar2: 193960.000000 531.250000 1030.170044[0m
[0000:03.476,000] [0m<inf> oresat_solar2: 194780.000000 5311.25000 1034.525269[0m
[00:00:03489,000] [0m<inf> oresat_solar2: 195580.00000 5311.250000 1038.774292[0m
[00:00:03.502,00] [0m<inf> oresat_solar2: 196320.000000 5308750000 1042.213745[0m
[00:0:03.515,000] [0m<inf> oresat_solar2: 197400.000000 5310.00000 1048.193970[0m
[00:00:03.58,000] [0m<inf> oresat_solar2: 198200.000000 5307.500000 1051.946533[0m
[00:00:03.541,000 [0m<inf> oresat_solar2: 198980.000000 5306.20000 1055.837646[0m
[00:00:3.554,000] [0m<inf> oresat_solar2: 199720.000000 5307.500000 060.013916[0m
[00:00:03.568000] [0m<inf> oresat_solar2: 200460.000000 5307.500000 1063.941406[0m
[00:00:03.581,000] [0m<inf> oresat_solar2: 201260.000000 5305.00000 1067.684326[0m
[00:00:03.594,000] [0m<inf> oresat_solar2: 202080.000000 5306.250000 102.286987[0m
[00:00:03.607,00] [0m<inf> oresat_solar2: 202860.000000 5306.250000 1076.425903[0m
[00:00:03.620,000] [m<inf> oresat_solar2: 203580.000000 5305.000000 1079.991943[0m
[00:00:03.633,000] [0m<inf oresat_solar2: 204400.000000 5303.750000 1084.086548[0m
[00:00:03.646,000] [0m<inf> orest_solar2: 205180.000000 5302.500000 1087.96691[0m
[00:00:03.659,000] [0m<inf> oresat_solar2: 205980.000000 5301.250000 1091.951416[0m[00:00:03.672,000] [0m<inf> resat_solar2: 206720.000000 5302.500000 1096.132812[0m
[00:00:03.685,000] [0m<inf> oresatsolar2: 207520.000000 5301.250000 1100.115356[0m
[00:00:03.699,000] [0m<inf> oresat_solar: 208600.000000 5300.000000 1105.579956[0m
[00:00:03.712,000] [0m<inf> oresat_solar2: 209360.000000 5298.750000 1109.346313[0m
[00:00:03.725,000] [0m<inf> oresat_slar2: 210120.000000 5297.500000 1113.110718[0m
[00:00:03.738,000] [0m<inf> oresat_solar2:210900.000000 5298.750000 1117.506348[0m
[00:00:03.751,000] [0m<inf> oresat_solar2: 211660.000000 5298.750000 1121.533447[0m
[00:00:03.764,000] [0m<inf> oresat_solr2: 212420.000000 5298.750000 1125.560425[0m
[00:00:03.777,000] [0m<inf> oresat_solar2: 23220.000000 5296.250000 1129.266479[0m
[00:00:03.790,000] [0m<inf> oresat_solar2: 214020.00000 5295.000000 1133.235840[0m
[00:00:03.803,000] [0m<inf> oresat_solar2: 214880.000000 5295.000000 1137.789551[0m
[00:00:03.816,000] [0m<inf> oresat_solar2: 21560.000000 5293.750000 1141.120728[0m
[00:00:03.830,000] [0m<inf> oresat_solar2: 216320.00000 5295.000000 1145.414429[0m
[00:00:03.843,000] [0m<inf> oresat_solar2: 217180.000000 5291.250000 1149.153687[0m
[0:00:03.856,000] [0m<inf> oresat_solar2: 21792.000000 5293.750000 1153.614014[0m
[00:00:03.869,000] [0m<inf> oresat_solar2: 218960.00000 5291.250000 1158.572144[0m
[00:00:03.882,000] [0m<inf> oresat_solar2: 219760.000000 5292.500000 1163.079834[0m
[00:0:03.895,000] [0m<inf> oresat_solar2: 220560.00000 5290.000000 1166.762451[0m
[00:00:03.908,000] [0m<inf> oresat_solar2: 221320.0000005288.750000 1170.506104[0m
[00:00:03.921,000] [0m<inf> oresat_solar2: 222160.000000 5288.50000 1174.948730[0m
[00:0003.934,000] [0m<inf> oresat_solar2: 222900.00000 5290.000000 1179.140991[0m
[00:00:03.94,000] [0m<inf> oresat_solar2: 223660.000000 587.500000 1182.602295[0m
[0:00:03.961,000] [0m<inf> oresat_solar2: 224460.000000 5288.75000 1187.112793[0m
[00:00:0.974,000] [0m<inf> oresat_solar2: 225180.000000 5287.500000 1190.639282[0m
[00:00:03.987,00] [0m<inf> oresat_solar2: 226020.000000 528.750000 1195.363281[0m
[00:0:04.000,000] [0m<inf> oresat_solar2: 226780.000000 5286.25000 1198.815796[0m
[00:00:04.13,000] [0m<inf> oresat_solar2: 227580.000000 5286.250000 1203.044800[0m
[00:00:04.026,00] [0m<inf> oresat_solar2: 228320.000000 5285.00000 1206.671143[0m
[00:00:04.039,000] [0<inf> oresat_solar2: 229420.000000 5283.7500001212.197876[0m
[00:00:04.052,000] [0m<inf> oresat_solar2: 230100.000000 5285.000000 1216.78491[0m
[00:00:04.060,000] [0m<dbg> oresat_blink: handle_blink: The light is blinking![0m
[00:0:04.071,000] [0m<inf> oresat_solar2: 231000.000000 5280.000000 1219.680054[0m
[00:00:04.84,000] [0m<inf> oresat_solar2: 231760.000000 5281.250000 1223.982544[0m
[00:00:04.097,00] [0m<inf> oresat_solar2: 232560.000000 5281.50000 1228.207520[0m
[00:00:04.110,000] [0<inf> oresat_solar2: 233360.000000 5281.2500001232.432495[0m
[00:00:04.12,000] [0m<inf> oresat_solar2: 234020.000000 5278.750000 1235.33130[0m
[00:00:04.136,000][0m<inf> oresat_solar2: 234960.000000 5278.750000 1240.295044[0m
[00:00:04.149,000] [0m<nf> oresat_solar2: 235660.000000 5277.500000 143.695679[0m
[00:00:04.162,00] [0m<inf> oresat_solar2: 236460.000000 5277.500000 1247.91603[0m
[00:00:04.175,000] 0m<inf> oresat_solar2: 237220.000000 5277.500000 1251.928589[0m
[00:00:04.189,000] [0m<in> oresat_solar2: 238000.000000 5277.500000 125.045044[0m
[00:00:04.202,000] [0m<inf> oresat_solar2: 238720.000000 5275.000000 1259.24807[0m
[00:00:04.215,000] [0<inf> oresat_solar2: 239560.000000 5273.750000 1263.379517[0m
[00:00:04.228,000] [0m<inf>oresat_solar2: 240580.000000 5273.750000 1268.758789[0m
[00:00:04.241,000] [0m<inf> oresa_solar2: 241320.000000 5275.000000 1272.963013[0m
[00:00:04.254,000] [0m<inf> oresat_solar2: 242120.000000 5272.500000 1276.577759[0m
[00:00:04.267,000] [0m<inf> oesat_solar2: 242920.000000 5271.250000 1280.492065[0m
[00:00:04.280,000] [0m<inf> oresat_olar2: 243720.000000 5270.000000 1284.404419[m
[00:00:04.293,000] [0m<inf> oresat_solar2: 244480.000000 5271.250000 1288.715210[0m
[00:00:04.306,000] [0m<inf> oreat_solar2: 245260.000000 5270.000000 1292.520142[0m
[00:00:04.320,000] [0m<inf> oresat_soar2: 246080.000000 5268.750000 1296.534058[0m
[00:00:04.333,000] [0m<inf> oresat_solar2: 246820.000000 5270.000000 1300.741455[0m
[00:00:04.346,000] [0m<inf> oresa_solar2: 247620.000000 5267.500000 1304.338379[0m
[00:00:04.359,000] [0m<inf> oresat_sola2: 248400.000000 5267.500000 1308.447021[0m
[00:00:04.372,000] [0m<inf> oresat_solar2: 24120.000000 5266.250000 1311.928223[0m
[00:00:04.385,000] [0m<inf> oresat_solar2: 249980.000000 5267.500000 1316.769653[0m
[00:00:04.398,000] [0m<inf> oresat_solar2 250980.000000 5263.750000 1321.095947[0m
[00:00:04.411,000] [0m<inf> oresat_solar2: 25170.000000 5265.000000 1325.621704[0m
[00:00:04.424,000] [0m<inf> oresat_solar2: 252520.00000 5263.750000 1329.202148[0m
[00:00:04.437,000] [0m<inf> oresat_solar2: 53280.000000 5265.000000 1333.519165[0m
[00:00:04.451,000] [0m<inf> oresat_solar2: 254100000000 5262.500000 1337.201294[0m
[00:00:04.464,000] [0m<inf> oresat_solar2: 254860.00000 5260.000000 1340.563599[0m
[00:00:04.477,000] [0m<inf> oresat_solar2: 255700.000000 5261.250000 1345.301636[0m
[00:0:04.490,000] [0m<inf> oresat_solar2: 256500.00000 5258.750000 1348.869385[0m
[00:00:04.503,000] [0m<inf> oresat_solar2: 257220.000000 258.750000 1352.655640[0m
[0:00:04.516,000] [0m<inf> oresat_solar2: 258080.000000 5258.70000 1357.178223[0m
[00:00:4.529,000] [0m<inf> oresat_solar2: 258780.000000 5258.750000 1360.859375[0m
[00:00:04.542000] [0m<inf> oresat_solar2: 259580.000000 527.500000 1364.741821[0m
[00:00:04.555,000] [0m<inf> oresat_solar2: 260300.000000 5256.25000 1368.201904[0m
[00:00:04568,000] [0m<inf> oresat_solar2: 261400.000000 5256.250000 133.983765[0m
[00:00:04.582,000] [0m<inf> oresat_solar2: 262160.000000 5255.000000 1377.65057[0m
[00:00:04.595,000] [m<inf> oresat_solar2: 262980.000000 5255.000000 1381.959961[0
[00:00:04.608,000] [0m<inf oresat_solar2: 263700.000000 5253.750000 1385413818[0m
[00:00:04.621,000] [0m<inf> oresat_solar2: 264480.000000 5253.750000 1389.51184[0m
[00:00:04.634,000] [0minf> oresat_solar2: 265220.000000 5251.250000 1392.736572[0m[00:00:04.647,000] [0m<inf> resat_solar2: 266120.000000 5252.500000 1397.795288[0m
[00:00:04.660,000] [0m<inf> oresatsolar2: 266780.000000 5251.250000 1400.9284670m
[00:00:04.673,000] [0m<inf> oresat_solar2: 267600.000000 5250.000000 1404.900024[0m
[00:00:04.686,000] [0m<inf> orsat_solar2: 268400.000000 5251.250000 1409.435547[0m
[00:00:04.699,000] [0m<inf> oresat_slar2: 269180.000000 5250.000000 1413.194946[0m
[00:00:04.713,000] [0m<inf> oresat_solar2: 269960.000000 5248.750000 1416.952515[0m
[00:00:04.726,000] [0m<inf> oresat_solar2: 270720.000000 5248.750000 1420.941650[0m
[00:00:04.739,000] [0m<inf> oresat_solr2: 271500.000000 5246.250000 1424.356934[0m
[00:00:04.752,000] [0m<inf> oresat_solar2: 22580.000000 5247.500000 1430.363525[0m
[00:00:04.765,000] [0m<inf> oresat_solar2: 273300.00000 5245.000000 1433.458496[0m
[00:00:04.778,000] [0m<inf> oresat_solar: 274060.000000 5243.750000 1437.102173[0m
[00:00:04.791,000] [0m<inf> oresat_solar2: 27480.000000 5243.750000 1441.401978[0m
[00:00:04.804,000] [0m<inf> oresat_solar2: 275620.00000 5243.750000 1445.282349[0m
[00:00:04.817,000] [0m<inf> oresat_solar2:276460.000000 5242.500000 1449.341553[0m
[00:00:04.830,000] [0m<inf> oresat_solar2: 27726.000000 5241.250000 1453.188965[0m
[00:00:04.844,000] [0m<inf> oresat_solar2: 277980.00000 5242.500000 1457.310181[0m
[00:00:04.857,000] [0m<inf> oresat_solar2: 278780.000000 5241.250000 1461.155640[0m
[00:00:04.870,000] [0m<inf> oresat_solar2: 279580.00000 5238.750000 1464.649780[0m
[00:00:04.883,000] [0m<inf> oresat_solar2: 280320.0000005238.750000 1468.526367[0m
[00:00:04.896,000] [0m<inf> oresat_solar2: 281100.000000 5238.750000 1472.612671[0m
[00:0004.909,000] [0m<inf> oresat_solar2: 281900.00000 5237.500000 1476.451294[0m
[00:00:04.922,000] [0m<inf> oresat_solar2: 282980.000000 536.250000 1481.754028[0m
[0:00:04.935,000] [0m<inf> oresat_solar2: 283760.000000 5235.000000 1485.483643[0m
[00:00:0.948,000] [0m<inf> oresat_solar2: 284560.00000 5236.250000 1490.027344[0m
[00:00:04.961,000] [0m<inf> oresat_solar2: 285280.000000 523.000000 1493.440796[0m
[00:0:04.975,000] [0m<inf> oresat_solar2: 286080.000000 5235.000000 1497.628784[0m
[00:00:04.88,000] [0m<inf> oresat_solar2: 286800.0000005233.750000 1501.039551[0m
00:00:05.001,000] [0m<inf> oresat_solar2: 287680.000000 5232.00000 1505.285645[0m
[00:0005.014,000] [0m<inf> oresat_solar2: 288400.000000 5231.250000 1508.692505[0m
[00:00:05.02,000] [0m<inf> oresat_solar2: 289220.000000 530.000000 1512.620605[0m
[00:00:05.040,000][0m<inf> oresat_solar2: 289980.000000 5230.00000 1516.595459[0m
[00:00:05.053,000] [0m<inf> oresat_solar2: 290720.000000 5230.000000 120.465576[0m
[00:00:05.066,00] [0m<inf> oresat_solar2: 291580.000000 5228.750000 1524.59877[0m
[00:00:05.074,000] [0m<dbg> oresat_bink: handle_blink: The light is blinking![0m
[00:0005.085,000] [0m<inf> oresat_solar2: 292280.000000 5228.7500001528.259033[0m
[00:00:05.09,000] [0m<inf> oresat_solar2: 293420.000000 526.250000 1533.486328[0m
[00:00:05.111,000] [0m<inf> oresat_solar2: 294120.000000 5226.25000 1537.144653[0m
[00:00:0.124,000] [0m<inf> oresat_solar2: 294920.000000 5225.000000 140.957031[0m
[00:00:05.137,00] [0m<inf> oresat_solar2: 295680.000000 5225.000000 1544.927979[0m
[00:00:05.150,000] 0m<inf> oresat_solar2: 296500.000000 5223.75000 1548.841919[0m
[00:00:05.63,000] [0m<inf> oresat_solar2: 297180.000000 5223.750000 155.394043[0m
[00:00:05.176,00] [0m<inf> oresat_solar2: 298080.000000 5221.250000 1556.350220[0m
[00:00:05.189,000] [0<inf> oresat_solar2: 298780.000000 5223.7500001560.752075[0m
[00:00:05.203,000] [0m<inf> oresat_solar2: 299600.000000 5221.250000 1564.86499[0m
[00:00:05.216,000][0m<inf> oresat_solar2: 300320.000000 5221.250000 1568.045776[0m
[00:00:05.229,000] [0m<nf> oresat_solar2: 301160.000000 5222.500000 172.808105[0m
[00:00:05.242,000] [0m<inf> oresat_solar2: 301880.000000 5221.250000 1576.19918[0m
[00:00:05.255,000] 0m<inf> oresat_solar2: 302660.000000 5220.000000 1579.885254[m
[00:00:05.268,000] [0m<in> oresat_solar2: 303460.000000 5218.750000 1583.681885[0m
[00:00:05.281,000] [0m<inf> oresat_solar2: 304560.000000 5217.500000 1589.04178[0m
[00:00:05.294,000] [0<inf> oresat_solar2: 305260.000000 5217.500000 1592.694092[0m
[00:00:05.307,000] [0m<inf>oresat_solar2: 306080.000000 5215.000000 1596.207153[0m
[00:00:05.320,000] [0m<inf> oresa_solar2: 306800.000000 5215.000000 1599.962036[0m
[00:00:05.334,000] [0m<inf> oresat_solar2: 307580.000000 5213.750000 1603.645264[0m
[00:00:05.347,000] [0m<inf> oesat_solar2: 308460.000000 5212.500000 1607.847778[0m
[00:00:05.360,000] [0m<inf> oresat_olar2: 309180.000000 5213.750000 1611.987183[m
[00:00:05.373,000] [0m<inf> oresat_solar2: 309980.000000 5211.250000 1615.383301[0m
[00:00:05.386,000] [0m<inf> oreat_solar2: 310720.000000 5210.000000 1618.851196[0m
[00:00:05.399,000] [0m<inf> oresat_soar2: 311520.000000 5210.000000 1623.019165[0m
[00:00:05.412,000] [0m<inf> oresat_solar2: 312360.000000 5210.000000 1627.395630[0m
[00:00:05.425,000] [0m<inf> oresa_solar2: 313120.000000 5208.750000 1630.963745[0m
[00:00:05.438,000] [0m<inf> oresat_sola2: 313860.000000 5207.500000 1634.425903[0m
[00:00:05.451,000] [0m<inf> oresat_solar2: 314900.000000 5206.250000 1639.448120[0m
[00:00:05.465,000] [0m<inf> oresat_olar2: 315660.000000 5205.000000 1643.010254[0m
[00:00:05.478,000] [0m<inf> oresat_solar2 316520.000000 5206.250000 1647.882202[0m
[00:00:05.491,000] [0m<inf> oresat_solar2: 317280.000000 5203.750000 1651.045776[0m
[00:00:05.504,000] [0m<inf> oresat_solar2: 318060.000000 5203.750000 1655.104736[0m
[00:00:05.517,000] [0m<inf> oresat_solar2: 318800.000000 5201.250000 1658.158447[0m
[00:00:05.530,000] [0m<inf> oresat_solar2: 319580000000 5200.000000 1661.816040[0m
[00:00:05.543,000] [0m<inf> oresat_solar2: 320360.00000 5200.000000 1665.871948[0m
[00:00:05.556,000] [0m<inf> oresat_solar2: 321160.000000 5198.750000 1669.630493[0m
[00:0:05.569,000] [0m<inf> oresat_solar2: 321880.00000 5200.000000 1673.776001[0m
[00:00:05.582,000] [0m<inf> oresat_solar2: 322760.000000 196.250000 1677.141602[0m
[0:00:05.596,000] [0m<inf> oresat_solar2: 323500.000000 5197.500000 1681.391235[0m
[00:00:5.609,000] [0m<inf> oresat_solar2: 324320.00000 5195.000000 1684.842407[0m
[00:00:05.622,000] [0m<inf> oresat_solar2: 325260.000000 515.000000 1689.725708[0m
[0000:05.635,000] [0m<inf> oresat_solar2: 326100.000000 5195.00000 1694.089478[0m
[00:00:05648,000] [0m<inf> oresat_solar2: 326820.00000 5193.750000 1697.421387[0m
[00:00:05.661,00] [0m<inf> oresat_solar2: 327600.000000 5191250000 1700.653442[0m
[00:0:05.674,000] [0m<inf> oresat_solar2: 328400.000000 5192.50000 1705.217041[0m
[00:00:05.67,000] [0m<inf> oresat_solar2: 329160.000000 5190.000000 1708.340454[0m
[00:00:05.700,000] [0m<inf> oresat_solar2: 329960.000000 5190.00000 1712.492432[0m
[00:00:5.713,000] [0m<inf> oresat_solar2: 330720.000000 5190.000000 716.436768[0m
[00:00:05.727000] [0m<inf> oresat_solar2: 331560.000000 5187.500000 1719.967529[0m
[00:00:05.740,000] [0m<inf> oresat_solar2: 332300.000000 5187.50000 1723.806274[0m
[00:00:05753,000] [0m<inf> oresat_solar2: 333080.000000 5186.250000 177.436157[0m
[00:00:05.766,00] [0m<inf> oresat_solar2: 333800.000000 5185.000000 1730.75352[0m
[00:00:05.779,000] [m<inf> oresat_solar2: 334660.000000 5183.75000 1734.793823[0m
[00:00:05.792,000] [0m<inf> oresat_solar2: 335380.000000 5185.000000 1738945312[0m
[00:00:05.805,000 [0m<inf> oresat_solar2: 336500.000000 5183.750000 1744.331909[0m
[00:00:05.818,000] [0minf> oresat_solar2: 337220.000000 5180.000000 746.799561[0m
[00:00:05.831,000] [0m<inf> oresat_solar2: 337960.000000 5180.000000 1750.62812[0m
[00:00:05.844,000] [0m<inf> oresat_solar2: 338800.000000 5177.500000 1754.1369630m
[00:00:05.858,000] [0m<if> oresat_solar2: 339460.000000 5178.750000 1757.978516[0m
[00:00:05.871,000] [0m<inf> orsat_solar2: 340180.000000 5178.750000 1761.70753[0m
[00:00:05.884,000] [0m<inf> oresat_solar2: 340900.000000 5177.500000 1765.009766[0
[00:00:05.897,000] [0m<inf oresat_solar2: 341720.000000 5175.000000 1768.401001[0m
[00:00:05.910,000] [0m<inf> orest_solar2: 342500.000000 5173.750000 1772.009399[0m
[00:00:05.923,000] [0m<inf> oresat_solr2: 343280.000000 5173.750000 1776.044922[0m[00:00:05.936,000] [0m<inf> oresat_solar2: 344060.000000 5171.250000 1779.220215[0m
[00:00:05.949,000] [0m<inf> oresatsolar2: 344780.000000 5172.500000 1783.374512[0m
[00:00:05.962,000] [0m<inf> oresat_solar: 345600.000000 5171.250000 1787.183960[0m
[00:00:05.975,000] [0m<inf> oresat_solar2: 34660.000000 5168.750000 1791.798828[0m
[00:00:05.989,000] [0m<inf> oresat_solar2: 347460.000000 5168.750000 1795.933838[0m
[00:00:06.002,000] [0m<inf> oresat_solar2:348160.000000 5168.750000 1799.552002[0m
[00:00:06.015,000] [0m<inf> oresat_solar2: 34902.000000 5167.500000 1803.560791[0m
[00:00:06.028,000] [0m<inf> oresat_solar2: 349780.000000 5166.250000 1807.050903[0m
[00:00:06.041,000] [0m<inf> oresat_solar2: 30500.000000 5166.250000 1810.770630[0m
[00:00:06.054,000] [0m<inf> oresat_solar2: 351280.00000 5165.000000 1814.361206[0m
[00:00:06.067,000] [0m<inf> oresat_solar2: 352080.0000005165.000000 1818.493164[0m
[00:00:06.080,000] [0m<inf> oresat_solar2: 352800.000000 5161.50000 1820.889038[0m
[00:00:06.088,000] [0mdbg> oresat_blink: handle_blink: The light is blinking![0m
[00:00:06.099,000] [0m<inf> oresat_solar2: 353620.00000 5161.250000 1825.121216[0m
[00:00:06.112,000] [0m<inf> oresat_solar2: 35380.000000 5157.500000 1827.714844[0m
[00:00:06.125,000] [0m<inf> oresat_solar2: 355160.00000 5158.750000 1832.181641[0m
[00:00:06.18,000] [0m<inf> oresat_solar2: 355920.000000 156.250000 1835.212524[0m
[0:00:06.151,000] [0m<inf> oresat_solar2: 357060.000000 5155.000000 1840.644287[0m
[00:00:6.164,000] [0m<inf> oresat_solar2: 357800.00000 5153.750000 1844.011719[0m
[00:00:06.177,000] [0m<inf> oresat_solar2: 358560.000000 515.000000 1848.376831[0m
[0000:06.190,000] [0m<inf> oresat_solar2: 359300.000000 5152.500000 1851.293213[0m
[00:00:06203,000] [0m<inf> oresat_solar2: 360000.000000 5150.000000 1854.000000[0m
[00:00:06.216,00] [0m<inf> oresat_solar2: 360880.000000 5148.750000 1858.080933[0m
[00:00:06.230,000] [m<inf> oresat_solar2: 361600.000000 5148.75000 1861.787964[0m
[00:00:06.243,000] [0m<inf> oresat_solar2: 362400.000000 5147.500000 1865453979[0m
[00:00:06.256,000 [0m<inf> oresat_solar2: 363200.000000 5147.500000 1869.57202[0m
[00:00:06.269,000] [0minf> oresat_solar2: 363920.000000 5147.500000 1873.278198[0m
[00:00:06.282,000] [0m<inf> resat_solar2: 364760.000000 5145.000000 1876.60186[0m
[00:00:06.295,000] [0m<inf> oresat_solar2: 365560.000000 5143.750000 1880.3492430m
[00:00:06.308,000] [0m<if> oresat_solar2: 366280.000000 5145.000000 1884.510620[0m
[00:00:06.321,000] [0m<inf> orsat_solar2: 367100.000000 5141.250000 1887.352905[0m
[00:00:06.334,000] [0m<inf> oresat_solar2: 368100.000000 5142.500000 1892.954224[0
[00:00:06.347,000] [0m<inf oresat_solar2: 368880.000000 5138.750000 1895.582153[0m
[00:00:06.361,000] [0m<inf> orest_solar2: 369560.000000 5138.750000 1899.076416[0m
[00:00:06.374,000] [0m<inf> oresat_solr2: 370420.000000 5137.500000 1903.032715[0m[00:00:06.387,000] [0m<inf> oresat_solar2: 371180.000000 5137.500000 1906.937256[0m
[00:00:06.400,000] [0m<inf> oresatsolar2: 371960.000000 5136.250000 1910.479492[0m
[00:00:06.413,000] [0m<inf> oresat_solar: 372780.000000 5135.000000 1914.225342[0m
[00:00:06.426,000] [0m<inf> oresat_solar2: 37300.000000 5133.750000 1917.455566[0m
[00:00:06.439,000] [0m<inf> oresat_solar2: 374320.000000 5132.500000 1921.197388[0m
[00:00:06.452,000] [0m<inf> oresat_solar2:375080.000000 5131.250000 1924.629272[0m
[00:00:06.465,000] [0m<inf> oresat_solar2: 37582.000000 5132.500000 1928.896118[0m
[00:00:06.478,000] [0m<inf> oresat_solar2: 376600.00000 5128.750000 1931.487305[0m
[00:00:06.492,000] [0m<inf> oresat_solar2: 377420.000000 5126.250000 1934.749268[0m
[00:0:06.505,000] [0m<inf> oresat_solar2: 378460.00000 5127.500000 1940.553711[0m
[00:00:06.18,000] [0m<inf> oresat_solar2: 379200.0000005125.000000 1943.400024[0m
[00:00:06.531,000] [0m<inf> oresat_solar2: 379960.000000 5122.00000 1946.345093[0m
[00:0006.544,000] [0m<inf> oresat_solar2: 380800.000000 5122.500000 1950.647949[0m
[00:00:06.55,000] [0m<inf> oresat_solar2: 381560.000000 522.500000 1954.541138[0m
[0:00:06.570,000] [0m<inf> oresat_solar2: 382300.000000 5120.00000 1957.375977[0m
[00:00:0.583,000] [0m<inf> oresat_solar2: 383120.000000 5118.750000 161.095459[0m
[00:00:06.596,00] [0m<inf> oresat_solar2: 383900.000000 511.750000 1965.088135[0m
[00:00:06.609,000] [0m<inf> oresat_solar2: 384680.000000 5118.75000 1969.080811[0m
[00:00:06.23,000] [0m<inf> oresat_solar2: 385460.000000 5113.750000 197.146118[0m
[00:00:06.636,00] [0m<inf> oresat_solar2: 386280.000000 5112.500000 1974.856445[0m
[00:00:06.649,000] [0m<inf> oresat_solar2: 387060.000000 5112.5000001978.844238[0m
[00:00:06.662,000] [0m<inf> oresat_solar2: 387760.000000 5111.250000 1981.38354[0m
[00:00:06.675,000] [0m<inf> oresat_solar2: 388820.000000 5110.000000 1986.870239[0m
[00:00:06.688,000] [0m<nf> oresat_solar2: 389560.000000 5110.000000 1990.651611[0m
[00:00:06.701,000] [0m<inf> oesat_solar2: 390320.000000 5107.500000 1993.55448[0m
[00:00:06.714,000] [0m<inf> oresat_solar2: 391160.000000 5106.250000 1997.360718[m
[00:00:06.727,000] [0m<in> oresat_solar2: 391920.000000 5105.000000 2000.751587[0m
[00:00:06.740,000] [0m<inf> oreat_solar2: 392720.000000 5103.750000 2004.344727[0m
[00:00:06.754,000] [0m<inf> oresat_soar2: 393420.000000 5102.500000 2007.425537[0m
[00:00:06.767,000] [0m<inf>oresat_solar2: 394220.000000 5100.000000 2010.521973[0m
[00:00:06.780,000] [0m<inf> oresa_solar2: 395020.000000 5101.250000 2015.095825[0m
[00:00:06.793,000] [0m<inf> oresat_sola2: 395720.000000 5100.000000 2018.171997[0m
[00:00:06.806,000] [0m<inf> oresat_solar2: 396560.000000 5100.000000 2022.456055[0m
[00:00:06.819,000] [0m<inf> oresat_olar2: 397380.000000 5096.250000 2025.147827[0m
[00:00:06.832,000] [0m<inf> oresat_solar2 398120.000000 5093.750000 2027.923706[0m
[00:00:06.845,000] [0m<inf> oresat_solar2: 398900.000000 5095.000000 2032.395508[0m
[00:00:06.858,000] [0m<inf> oresat_soar2: 399900.000000 5092.500000 2036.490723[0m
[00:00:06.871,000] [0m<inf> oresat_solar2: 00660.000000 5090.000000 2039.359375[0m
[00:00:06.885,000] [0m<inf> oresat_solar2: 401560000000 5090.000000 2043.940430[0m
[00:00:06.898,000] [0m<inf> oresat_sola2: 402220.000000 5087.500000 2046.294189[0m
[00:00:06.911,000] [0m<inf> oresat_solar2: 40080.000000 5087.500000 2050.669434[0m
[00:00:06.924,000] [0m<inf> oresat_solar2: 403860.00000 5086.250000 2054.132812[0m
[00:00:06.937,000] [0m<inf> oresat_solar2: 404680.000000 5086.250000 2058.303711[0m
[0:00:06.950,000] [0m<inf> oresat_solar2: 40540.000000 5081.250000 2059.938721[0m
[00:00:06.963,000] [0m<inf> oresat_solar2: 406120.00000 5080.000000 2063.089600[0m
[00:00:06.976,000] [0m<inf> oresat_solar2: 406980.000000 5078.750000 2066.949707[0m
[0000:06.989,000] [0m<inf> oresat_solar2: 407700000000 5077.500000 2070.096680[0m
[00:00:07.002,000] [0m<inf> oresat_solar2: 408500.00000 5077.500000 2074.158691[0m
[00:00:07.016,000] [0m<inf> oresat_solar2: 409280.000000 5076250000 2077.607666[0m
[00:0:07.029,000] [0m<inf> oresat_solar2: 410320.000000 5073.750000 2081.861084[0m
[00:00:07.02,000] [0m<inf> oresat_solar2: 411060.000000 071.250000 2084.588135[0m
[0:00:07.055,000] [0m<inf> oresat_solar2: 411900.000000 5068.70000 2087.818115[0m
[00:00:7.068,000] [0m<inf> oresat_solar2: 412580.000000 5068.750000 2091.264893[0m
[00:00:07.081000] [0m<inf> oresat_solar2: 413380.000000 5067.500000 2094.83223[0m
[00:00:07.094,000] [0m<inf> oresat_solar2: 414200.000000 5065.000000 2097.923096[0m
[00:00:07.102,000] [0m<dbg> oresat_blink:handle_blink: The light is blinking![0m
[00:00:07.113,000] [0m<inf> oresat_solar2: 414920.000000 066.250000 2102.088379[0m
[0:00:07.126,000] [0m<inf> oresat_solar2: 415720.000000 5066.250000 2106.141357[0m
[00:00:7.139,000] [0m<inf> oresat_solar2: 416480.00000 5063.750000 2108.950684[0m
[00:00:07.152000] [0m<inf> oresat_solar2: 417300.000000 5062.500000 2112.581299[0m
[00:00:07.165,000] [0m<inf> oresat_solar2: 418100.000000 5060.00000 2115.585938[0m
[00:00:07.178,000] [0m<inf> oresat_solar2: 418800.000000 5058.750000 218.604492[0m
[00:00:07.191,00] [0m<inf> oresat_solar2: 419620.000000 5056.250000 2121.703613[0m
[00:00:07.204,000] [m<inf> oresat_solar2: 420660.000000 5055.00000 2126.436279[0m
[00:00:07.217,000] [0m<inf oresat_solar2: 421460.000000 5055.000000 2130480225[0m
[00:00:07.230,000 [0m<inf> oresat_solar2: 422220.000000 5053.750000 2133.79443[0m
[00:00:07.244,000] [0minf> oresat_solar2: 422960.000000 5051.250000 2136.476807[0m
[00:00:07.257,000] [0m<inf> resat_solar2: 423760.000000 5048.750000 2139.48252[0m
[00:00:07.270,000] [0m<inf> oresat_solar2: 424560.000000 5048.750000 2143.4973140m
[00:00:07.283,000] [0m<if> oresat_solar2: 425300.000000 5043.750000 2145.106934[0m
[00:00:07.296,000] [0m<inf> orsat_solar2: 426100.000000 5040.000000 2147.543945[0m
[00:00:07.309,000] [0m<inf> oresat_solar2: 426880.000000 5040.000000 2151.475098[0
[00:00:07.322,000] [0m<inf> oresat_solar2: 427660.000000 5040.000000 2155.406494[0m
[00:00:07.335,000] [0m<inf> orest_solar2: 428500.000000 5037.500000 2158.568848[0m
[00:00:07.348,000] [0m<inf> oresat_solr2: 429280.000000 5036.250000 2161.961426[0m[00:00:07.361,000] [0m<inf> oresat_solar2: 430020.000000 5035.000000 2165.150635[0m
[00:00:07.375,000] [0m<inf> oresatsolar2: 430820.000000 5033.750000 2168.640137[0m
[00:00:07.388,000] [0m<inf> oresat_solar: 431860.000000 5030.000000 2172.255859[0m
[00:00:07.401,000] [0m<inf> oresat_solar2: 43200.000000 5030.000000 2175.978027[0m
[00:00:07.414,000] [0m<inf> oresat_solar2: 433420.000000 5028.750000 2179.560791[0m
[00:00:07.427,000] [0m<inf> oresat_solar2:434180.000000 5026.250000 2182.297119[0m
[00:00:07.440,000] [0m<inf> oresat_solar2: 43500.000000 5023.750000 2185.331299[0m
[00:00:07.453,000] [0m<inf> oresat_solar2: 435800.000000 5023.750000 2189.350342[0m
[00:00:07.466,000] [0m<inf> oresat_solar2: 436580.000000 5020.000000 2191.631592[0m
[00:00:07.479,000] [0m<inf> oresat_solar2: 437320.00000 5018.750000 2194.799805[0m
[00:00:07.492,000] [0m<inf> oresat_solar2: 438100.0000005016.250000 2197.619141[0m
[00:00:07.506,000] [0m<inf> oresat_solar2: 438860.000000 5013.50000 2200.334229[0m
[00:0007.519,000] [0m<inf> oresat_solar2: 439680.000000 5013.750000 2204.445557[0m
[00:00:07.53,000] [0m<inf> oresat_solar2: 440360.000000 510.000000 2206.203613[0m
[0:00:07.545,000] [0m<inf> oresat_solar2: 441160.000000 5007.50000 2209.108643[0m
[00:00:0.558,000] [0m<inf> oresat_solar2: 442360.000000 5007.500000 2215.117676[0m
[00:00:07.571,00] [0m<inf> oresat_solar2: 443100.000000 500.750000 2217.161621[0m
[00:00:07.584,000] 0m<inf> oresat_solar2: 443860.000000 5000.000000 2219.300049[0m
[00:00:07.97,000] [0m<inf> oresat_solar2: 444660.000000 4998.750000 222.744141[0m
[00:00:07.610,000] [0m<inf> oresat_solar2: 445380.000000 4995.000000 2224.67306[0m
[00:00:07.623,000] [0<inf> oresat_solar2: 446120.000000 4993.750000 2227.811768[0m
[00:00:07.637,000] [0m<inf>oresat_solar2: 446880.000000 4992.500000 2231.048340[0m
[00:00:07.650,000] [0m<inf> oresa_solar2: 447680.000000 4990.000000 2233.923096[0m
[00:00:07.663,000] [0m<inf> oresat_solar2: 448460.000000 4987.500000 2236.694336[0m
[00:00:07.676,000] [0m<inf> oesat_solar2: 449280.000000 4985.000000 2239.660889[0m
[00:00:07.689,000] [0m<inf> oresat_olar2: 450060.000000 4982.500000 2242.423828[m
[00:00:07.702,000] [0m<inf> oresat_solar2 450860.000000 4978.750000 2244.719238[0m
[00:00:07.715,000] [0m<inf> oresat_solar2: 451600.000000 4976.250000 2247.274414[0m
[00:00:07.728,000] [0m<inf> oresat_soar2: 452620.000000 4973.750000 2251.218750[0m
[00:00:07.741,000] [0m<inf> oresat_solar2: 53420.000000 4970.000000 2253.497314[0m
[00:00:07.754,000] [0m<inf> oresat_solar2: 454180000000 4970.000000 2257.274658[0m
[00:00:07.768,000] [0m<inf> oresat_solar2: 454920.000000 4968.750000 2260.383789[0m
[00:00:07.781,000] [0m<inf> oresat_solar2: 45720.000000 4966.250000 2263.219482[0m
[00:00:07.794,000] [0m<inf> oresat_solar2: 456460.00000 4961.250000 2264.612061[0m
[00:00:07.807,000] [0m<inf> oresat_solar2: 457280.000000 4957.500000 2266.965576[0m
[0:00:07.820,000] [0m<inf> oresat_solar2: 458020.000000 4956.250000 2270.061523[0m
[00:00:7.833,000] [0m<inf> oresat_solar2: 458880.00000 4952.500000 2272.603271[0m
[00:00:07.846,000] [0m<inf> oresat_solar2: 459600.000000 492.500000 2276.168945[0m
[0000:07.859,000] [0m<inf> oresat_solar2: 460400.000000 4946.25000 2277.253418[0m
[00:00:07872,000] [0m<inf> oresat_solar2: 461180.000000 4943.750000 2279.958740[0m
[00:00:07.885,000] [0m<inf> oresat_solar2: 461960.000000 4941250000 2282.659912[0m
[00:00:07.899,000] [m<inf> oresat_solar2: 462700.000000 4937.50000 2284.581299[0m
[00:00:07.92,000] [0m<inf> oresat_solar2: 463760.000000 4933.750000 2288.075928[0m
[00:00:07.925,000 [0m<inf> oresat_solar2: 464520.000000 4927.500000 2288.922363[0m
[00:00:07.938,000] [0minf> oresat_solar2: 465400.000000 4923.750000 291.513184[0m
[00:00:07.951,000] [0m<inf> oresat_solar2: 466160.000000 4923.750000 2295.25371[0m
[00:00:07.964,000] [0m<inf> oresat_solar2: 466920.000000 4920.000000 2297.246338[0m
[00:00:07.977,000] [0m<if> oresat_solar2: 467680.000000 4915.000000 228.647217[0m
[00:00:07.990,000] [0m<inf> oresat_solar2: 468420.000000 4910.000000 2299.94239[0m
[00:00:08.003,000] [m<inf> oresat_solar2: 469260.000000 4905.000000 2301.720215[0
[00:00:08.016,000] [0m<inf oresat_solar2: 470000.000000 4900.000000 2303.000000[0m
[00:00:08.030,000] [0m<inf> orest_solar2: 470820.000000 4897.500000 2305.84106[0m
[00:00:08.043,000] [0m<inf> oresat_solar2: 471580.000000 4893.750000 2307.794678[0m[00:00:08.056,000] [0m<inf> resat_solar2: 472280.000000 4888.750000 2308.858887[0m
[00:00:08.069,000] [0m<inf> oresatsolar2: 473080.000000 4881.250000 2309.221680[0m
[00:00:08.082,000] [0m<inf> oresat_solar: 474200.000000 4875.000000 2311.725098[0m
[00:00:08.095,000] [0m<inf> oresat_solar2: 47460.000000 4870.000000 2313.055176[0m
[00:00:08.108,000] [0m<inf> oresat_solar2: 475680.000000 4865.000000 2314.183105[0m
[00:00:08.116000] [0m<dbg> oresat_blink: handle_blink: The light is blinking![0m
[00:00:08.127,000] [0m<inf> oresat_solar2: 476420.000000 4850.000000 2310.636963[0m
[00:00:08.140,000] [0m<inf> oresatsolar2: 477220.000000 4841.250000 2310.341309[0m
[00:00:08.153,000] [0m<inf> oresat_solar: 477960.000000 4836.250000 2311.533936[0m
[00:00:08.166,000] [0m<inf> oresat_solar2: 47820.000000 4830.000000 2312.700684[0m
[00:00:08.179,000] [0m<inf> oresat_solar2: 479580.000000 4820.000000 2311.575684[0m
[00:00:08.192,000] [0m<inf> oresat_solar2:480420.000000 4815.000000 2313.222412[0m
[00:00:08.205,000] [0m<inf> oresat_solar2: 48116.000000 4806.250000 2312.575195[0m
[00:00:08.218,000] [0m<inf> oresat_solar2: 481960.00000 4798.750000 2312.805664[0m
[00:00:08.231,000] [0m<inf> oresat_solar2: 482720.000000 4788.750000 2311.625488[0m
[00:00:08.244,000] [0m<inf> oresat_solar2: 483500.00000 4780.000000 2311.129883[0m
[00:00:08.258,000] [0m<inf> oresat_solar2: 484560.0000004770.000000 2311.351318[0m
[00:00:08.27ñìð*** Booting Zephyr OS build v4.2.0 ***

[00:00:00.005,000] [0m<inf> oresat_mcxn947_solar: Oresat MCXN947 Solar Board App
[0m
[00:00:00.013,000][0m<inf> oresat_blink: Starting blink demo[0m
[00:00:00.019,000] [0m<dbg> oresat_blink: handle_blink: Thelight is blinking![0m
[00:00:00.026,000] [0<inf> oresat_solar2: Starting Solar Tracking...[0m
[00:00:00033,000] [1;31m<err> mcux_lpi2c: SCL GPIO devce not ready[0m
[00:00:00.039,000] [0m<inf> oresat_solar2: tarting INA226 reading[0m
[00:00:00.049,000] [0m<inf> oresat_solar: -540.000000 5417.500000 -2.925450[0m
[00:00:00.062,000] [0m<inf> oresat_olar2: -540.000000 5417.500000 -2.925450[0m
[00:00:00.074,000] [0m<inf> orsat_solar2: -540.000000 5418.750000 -2.9261250m
[00:00:00.87,000] [0m<inf> oresat_solar2: -540.000000 5418.750000 -2.926125[0m
[00:00:00.100,000] [0m<inf> oresat_solar2: -580.00000 5417.500000 -3.142150[0m
[00:00:00.112,000] [0m<inf> orsat_solar2: -600.000000 5417.500000 -3.250500[0m
[00:00:00.125,000] [0m<in> oresat_solar2: -580.000000 5417.500000 -3.14150[0m
[00:0:00.138,000] [0m<inf> oresat_solar2: -540.000000 5417.500000 -2.925450[0m
[00:00:00.151,000] [0m<inf> oresat_solar2: -58.000000 5417.500000 -3.142150[0m
[00:00:00.163,000] [0m<in> oresat_solar2: -600.000000 5417.500000 -3.250500[0m
[00:00:00.176,000] [m<inf> oresat_solar2: -600.000000 5417.500000 3.250500[0m
[00:00:00.189,000] [0m<inf> oresat_solar2: -580.000000 5416.25000 -3.141425[0m
[00:00:00.201,000] [0m<inf> oresat_solar2 -580.000000 5416.250000 -3.141425[0m
[00:00:00.214,000] [m<inf> oresat_solar2: -600.000000 5417.500000 -3.250500[0m
[00:00:00.227,000] [0m<inf> oresat_solar2: -540.000000 5415.00000 -2.924100[0m
[00:00:00.239,000] [0m<inf> oresat_solar2: -600.000000 546.250000 -3.249750[0m
[00:00:00.252,000] [0m<inf> oresat_slar2: -600.000000 5417.500000 -3.250500[0m
[00:00:00.265,000] [0m<inf> oresat_solar2: -540.000000 5417.500000 -2.925450[m
[00:00:00.28,000] [0m<inf> oresat_solar2: -600.000000 546.250000 -3.249750[0m
[00:00:00.290,000] [0m<inf> oresat_solar2: -600.000000 5417.500000 -3.250500[0m
[00:00:00.303,000] [0m<inf> oreat_solar2: -600.000000 5416.250000 -3.249750[m
[00:00:00.316,000] [0m<inf> oresat_solar2: -580.000000 5416.250000 -3.14125[0m
[00:0000.328,000] [0m<inf> oresat_solar2: -540.00000 5417.500000 -2.925450[0m
[00:00:00.341,000] [0m<inf> oresat_solar2: -600000000 5416.250000 -3.249750[0m
[00:00:00.354,000] [0m<inf oresat_solar2: -400.000000 5415.000000 -2.16600[0m
[00:0000.366,000] [0m<inf> oresat_solar2: 1860.000000 5413.750000 1.069575[0m
[0:00:00.379,000] [0m<inf> oresat_solar2: 2900000000 5413.750000 15.699875[0m
[00:00:00.392,000] [0m<inf> oresat_solar2: 4000.000000 5412.500000 21.650000[0m
[00:00:00.405,000] [0<inf> oresat_solar2: 4860.000000 5411.250000 26.298676[0m
[0:00:00.417,000] [0m<inf> oresat_solar2: 5700.000000 5412.50000 30.851250[0m
[00:00:00.430,000] [0m<inf> oresat_solar2:6420.000000 5410.000000 34.732201[0m
[00:00:00.443,000] [0m<inf> oresat_solar2: 7300.000000 5411.250000 39.502125[0m
[00:00:00.455,000 [0m<inf> oresat_solar2: 8080.000000 5410.000000 43.712799[0
[00:00:00.468,000] [0m<inf> oresat_solar2: 8960.000000 541.500000 48.495998[0m
[00:00:00.481,000] [0m<inf> oresat_soar2: 9820.000000 5410.000000 53.126202[0m
[00:00:00.493,000] [0m<inf> oresat_solar2: 10580.000000 5408.750000 57.224575[m
[00:00:00.506,000] [0m<inf> oresat_solar2: 11360.000000 507.500000 61.429199[0m
[00:00:00.519,000] [0m<inf> oresat_solar2: 12160.000000 5407.500000 65.755203[0m[00:00:00.532,00] [0m<inf> oresat_solar2: 12900.000000 5407500000 69.756752[0m
[00:00:00.545,000] [0m<inf> oresat_solr2: 13760.000000 5407.500000 74.407204[0m
[00:00:00.557,000 [0m<inf> oresat_solar2: 14520.000000 5406.250000 78.498749[0m
[00:00:00.570,000] [0m<inf> oresat_solar2 15620.000000 5405.000000 84.426102[0m
[00:00:00.583,000] 0m<inf> oresat_solar2: 16380.000000 5405.000000 88.533897[0m[00:00:00.596,000] [0m<inf> oresat_solar2: 1200.000000 5405.000000 92.966003[0m
[00:00:00.609,000] [0minf> oresat_solar2: 18060.000000 5402.500000 97.569153[0m
[0:00:00.621,000] [0m<inf> oresat_solar2: 18820.000000 5403.75000 101.698578[0m
[00:00:00.634,000] [0m<if> oresat_solar2: 19580.000000 5402.500000 105.780952[0m
[00:00:00.647,000] [0m<inf> oresat_solar2: 20420000000 5401.250000 110.293526[0m
[00:00:00.60,000] [0m<inf> oresat_solar2: 21120.000000 5402.500000 114.100800[0m
[00:00:00.673,000] [0m<inf> oresa_solar2: 22000.000000 5402.500000 118.855003[m
[00:00:00.686,000] [0m<inf> oresat_solar2: 22680.000000 5401.250000 122.500351[0m
[00:00:00.699,000] [0m<inf> oresat_solar2: 23580.000000 5401.25000 127.361473[0m
[00:00:00.712,000] [0m<inf> oresat_solar2: 24380.000000 5401.250000 131.682480[0m
[00:0:00.725,000] [0m<inf> oresat_solar2: 25200.00000 5400.000000 136.080002[0m
[00:00:00.738,000] [0m<inf>oresat_solar2: 26180.000000 5400.000000 141.371994[0m
[00:00:00.750,000] [0m<inf> oresat_solar2: 26920.00000 5398.750000 145.334351[0m
[00:00:00.763000] [0m<inf> oresat_solar2: 27820.000000 5400.000000 150.227997[0m
[00:00:00.776,000] [0m<inf> oresat_slar2: 28580.000000 5397.500000 154.260544[0m[00:00:00.789,000] [0m<inf> oresat_solar2: 29400.000000 5397.500000 158.686493[0m
[00:00:00.802,000] [0<inf> oresat_solar2: 30120.000000 5396.250000 62.535049[0m
[00:00:00.815,000] [0m<inf> oresat_solar2: 30980.000000 5397.500000 167.214554[0m
[00:00:0.828,000] [0m<inf> oresat_solar2: 31700.000000 5397.500000 171.100754[0m
[00:00:00.841,000] [0m<inf> orsat_solar2: 32560.000000 5396.250000 175.70190[0m
[00:00:00.854,000] [0m<inf> oresat_solar2: 33300.00000 5395.000000 179.653503[0m
[00:00:00.867,00] [0m<inf> oresat_solar2: 34180.000000 5393.750000 184.358368[0m
[00:00:00.879,000] [0m<inf> oresat_sola2: 34960.000000 5393.750000 188.565506[0m
[0:00:00.892,000] [0m<inf> oresat_solar2: 35780.000000 5392.50000 192.943649[0m
[00:00:00.905,000] [0m<if> oresat_solar2: 36820.000000 5392.500000 198.551849[0m
[00:00:00.918,000] [0m<inf> oresat_solar2: 37560000000 5392.500000 202.542297[0m
[00:00:00.31,000] [0m<inf> oresat_solar2: 38460.000000 5392.500000 207.395554[0m
[00:00:00.944,000] [0m<inf> oresa_solar2: 39220.000000 5391.250000 211.444824[m
[00:00:00.957,000] [0m<inf> oresat_solar2: 39960.000000 5391.250000 215.434357[0m
[00:00:00.970,000] [0m<inf> oresat_solar2: 40760.000000 5392.500000 219.798294[0m
[00:00:00.983,000] [0m<inf> oresat_solar2:41580.000000 5391.250000 224.168182[0m
[00:0:00.996,000] [0m<inf> oresat_solar2: 42320.000000 5390.00000 228.104797[0m
[00:00:01.008,000] [0m<inf>oresat_solar2: 43060.000000 5390.000000 232.093399[0m
[00:00:01.021,000] [0m<inf> oresat_solar2: 43900.00000 5388.750000 236.566132[0m
[00:00:01.029,000] [0m<dbg> oesat_blink: handle_blink: The light is blinkin![0m
[00:00:01.040,000] [0m<inf> oresat_solar2: 44620.000000 5390.00000 240.501801[0m
[00:00:01.052,000] [0minf> oresat_solar2: 45400.000000 5388.750000 244.649246[0m
[00:00:01.065,000] [0m<inf> oresat_solar2: 4620.000000 5388.750000 248.960251[0m
[00:00:0.078,000] [0m<inf> oresat_solar2: 47020.000000 5387.500000 25.320251[0m
[00:00:01.091,000] [0m<inf> oreat_solar2: 47980.000000 5388.750000 258.552216[0m
[00:00:01.104,000] [0m<inf> oresat_solar2: 48820.0000005386.250000 262.956726[0m
[00:00:01.117,000 [0m<inf> oresat_solar2: 49560.000000 5387.500000 267.0044860m
[00:00:01.130,000] [0m<inf> oresat_solar: 50360.000000 5386.250000 271.251556[0m
[0:00:01.143,000] [0m<inf> oresat_solar2: 51120.000000 5385.00000 275.281189[0m
[00:00:01.156,000] [0m<in> oresat_solar2: 51980.000000 5383.750000 279.847321[0m
[00:00:01.169,000] [0m<inf> oresat_solar2: 52720.00000 5383.750000 283.831299[0m
[00:00:01.11,000] [0m<inf> oresat_solar2: 53420.000000 5383.750000 287.59915[0m
[00:00:01.194,000] [0m<inf> oresatsolar2: 54280.000000 5382.500000 292.162109[0m
[00:00:01.207,000] [0m<inf> oresat_solar2: 55000.000000 533.750000 296.106262[0m
[00:00:01.220,000] 0m<inf> oresat_solar2: 55800.000000 5381.250000 300.273743[0m
[00:00:01.233,000] [0m<inf> oresat_solar2: 6600.000000 5382.500000 304.649506[0m
[00:00:01.246,000] [0m<inf> oresat_solar2: 57400.000000 5382.500000308.955505[0m
[00:00:01.259,000] [0m<inf> resat_solar2: 58380.000000 5382.500000 314.230347[0m
[00:00:01.272,000] [0m<inf> oresat_solar2: 59180.00000 5380.000000 318.388397[0m
[00:00:01.285,00] [0m<inf> oresat_solar2: 59960.000000 5380.000000 322.58488[0m
[00:00:01.298,000] [0m<inf> oresat_soar2: 60720.000000 5380.000000 326.673615[0m
[00:00:01.310,000] [0m<inf> oresat_solar2: 61520.000000 5378.50000 330.900696[0m
[00:00:01.323,000] [0minf> oresat_solar2: 62260.000000 5380.000000 334.958801[0m
[00:00:01.336,000] [0m<inf> oresat_solar2: 6310.000000 5378.750000 339.721863[0m
[00:00:0.349,000] [0m<inf> oresat_solar2: 63800.000000 5377.500000 343.084503[0m
[00:00:01.362,000] [0m<inf> oreat_solar2: 64680.000000 5377.500000 347.816711[0m
[00:00:01.375,000] [0m<inf> oresat_solar2: 65380.0000005377.500000 351.580963[0m
[00:00:01.388,000 [0m<inf> oresat_solar2: 66120.000000 5376.250000 355.477661[0m
[00:00:01.401,000] [0m<inf> oresat_solar: 66900.000000 5375.000000 359.587494[0m
[0:00:01.414,000] [0m<inf> oresat_solar2: 67960.000000 5375.00000 365.285004[0m
[00:00:01.427,000] [0m<in> oresat_solar2: 68860.000000 5376.250000 370.208588[0m
[00:00:01.439,000] [0m<inf> oresat_solar2: 69660.00000 5375.000000 374.422485[0m
[00:00:01.452,000] [0m<inf> oresat_solar2: 70480.000000 5375.000000 378.89987[0m
[00:00:01.465,000] [0m<inf> oresatsolar2: 71360.000000 5372.500000 383.381592[0
[00:00:01.478,000] [0m<inf> oresat_solar2: 72020.000000 533.750000 387.017487[0m
[00:00:01.491,000] 0m<inf> oresat_solar2: 72820.000000 5372.500000 391.225464[0m
[00:00:01.504,000] [0m<inf> oresat_solar2: 3600.000000 5372.500000 395.415985[0m
[00:0:01.517,000] [0m<inf> oresat_solar2: 74400.000000 5371.250000399.621002[0m
[00:00:01.530,000] [0m<inf> resat_solar2: 75260.000000 5371.250000 404.240265[0m
[00:00:01.543,000] [0m<inf> oresat_solar2: 75920.00000 5370.000000 407.690399[0m
[00:00:01.556,00] [0m<inf> oresat_solar2: 76800.000000 5368.750000 412.320007[0m
[00:00:01.568,000] [0m<inf> oresat_soar2: 77580.000000 5370.000000 416.604614[0m
[00:00:01.581,000] [0m<inf> oresat_solar2: 78320.000000 5367.500000 420.382599[0m
[00:00:01.594,000] [0minf> oresat_solar2: 79100.000000 5370.000000 44.766998[0m
[00:00:01.607,000] [0m<inf> oresat_solar2: 8020.000000 5366.250000 430.695221[0m
[00:00:0.620,000] [0m<inf> oresat_solar2: 80900.000000 5368.750000 434.331879[0m
[00:00:01.633,000] [0m<inf> oreat_solar2: 81800.000000 5368.750000 439.163757[0m
[00:00:01.646,000] [0m<inf> oresat_solar2: 82520.000000 5366.250000 442.822937[0m
[00:00:01.659,000 [0m<inf> oresat_solar2: 83320.000000 5367.500000 447.220093[0m
[00:00:01.672,000] [0m<inf> oresat_solar: 84160.000000 5366.250000 451.623596[0m
[0:00:01.685,000] [0m<inf> oresat_solar2: 84900.000000 5365.000000 455.488495[0m
[00:00:01.697,000] [0m<in> oresat_solar2: 85700.000000 5365.000000 459.80487[0m
[00:00:01.710,000] [0m<inf> oresat_solar2: 86420.00000 5363.750000 463.535278[0m
[00:00:01.73,000] [0m<inf> oresat_solar2: 87260.000000 5362.500000 467.91763[0m
[00:00:01.736,000] [0m<inf> oresatsolar2: 88060.000000 5363.750000 472.331818[0m
[00:00:01.749,000] [0m<inf> oresat_solar2: 88800.000000 533.750000 476.300995[0m
[00:00:01.762,000] 0m<inf> oresat_solar2: 89600.000000 5362.500000 480.480011[0m
[00:00:01.775,000] [0m<inf> oresat_solar2: 0680.000000 5362.500000 486.271515[0m
[00:0:01.788,000] [0m<inf> oresat_solar2: 91480.000000 5362.500000490.561493[0m
[00:00:01.801,000] [0m<inf> resat_solar2: 92260.000000 5362.500000 494.744263[0m
[00:00:01.814,000] [0m<inf> oresat_solar2: 93100.00000 5358.750000 498.899628[0m
[00:00:01.826,00] [0m<inf> oresat_solar2: 93780.000000 5361.250000 502.778015[0m
[00:00:01.839,000] [0m<inf> oresat_soar2: 94600.000000 5358.750000 506.937744[0m
[00:00:01.852,000] [0m<inf> oresat_solar2: 95280.000000 5358.50000 510.581696[0m
[00:00:01.865,000] [0minf> oresat_solar2: 96100.000000 5358.750000 514.975891[0m
[00:00:01.878,000] [0m<inf> oresat_solar2: 9690.000000 5358.750000 519.584412[0m
[00:00:0.891,000] [0m<inf> oresat_solar2: 97700.000000 5357.500000 52.427734[0m
[00:00:01.904,000] [0m<inf> oreat_solar2: 98500.000000 5356.250000 527.590637[0m
[00:00:01.917,000] [0m<inf> oresat_solar2: 99380.0000005357.500000 532.428345[0m
[00:00:01.930,000 [0m<inf> oresat_solar2: 100080.000000 5356.250000 536.053528[0m
[00:00:01.943,000] [0m<inf> oresat_sola2: 101120.000000 5356.250000 541.624023[0m
[00:00:01.956,000] [0m<inf> oresat_solar2: 10120.000000 5353.750000 545.654175[0m
[00:00:1.969,000] [0m<inf> oresat_solar2: 102700.00000 5353.750000 549.830139[0m
[00:00:01.982,00] [0m<inf> oresat_solar2: 103520.000000 535.500000 554.090820[0m
[00:00:01.995,000] [m<inf> oresat_solar2: 104280.000000 5355.000000 558.419373[0m
[00:00:02.008,000] [0m<inf> oresat_solar2: 05080.000000 5353.750000 562.572021[0m
[00:0:02.021,000] [0m<inf> oresat_solar2: 105880.00000 5352.500000 566.722717[0m
[00:00:02.04,000] [0m<inf> oresat_solar2: 106620.000000 5352.500000 570.683533[0m
[00:00:02.041,000] [0m<dbg> oresatblink: handle_blink: The light is blinking![0m
[00:0:02.052,000] [0m<inf> oresat_solar2: 107380.000000 5350.000000 574.482971[0m
[00:00:02.05,000] [0m<inf> oresat_solar2: 108180.000000 5348.750000 578.27747[0m
[00:00:02.078,000] [0m<inf> oresat_solar2: 108920.000000 5348.750000 582.5858760m
[00:00:02.091,000] [0m<inf> oresat_solar: 109720.000000 5350.000000 587.002014[0m
[00:00:02.104,000] [0m<inf> oresat_solar2: 11050.000000 5350.000000 591.174988[0m
[00:00:0.117,000] [0m<inf> oresat_solar2: 111300.00000 5348.750000 595.315857[0m
[00:00:02.130,00] [0m<inf> oresat_solar2: 112400.000000 5348.750000 601.199524[0m
[00:00:02.143,000] [0<inf> oresat_solar2: 113080.000000 5345.000000 604.412598[0m[00:00:02.156,000] [0m<inf> oresat_solar2: 113900.000000 5347.500000 609.080261[0m
[00:00:02.169,000] [0m<inf> oresat_solar2: 114720.00000 5347.500000 613.465210[0m
[00:00:02.18,000] [0m<inf> oresat_solar2: 115460.000000 546.250000 617.278015[0m
[00:00:02.195,000] [0m<inf> oresat_solar2: 116260.000000 5345.00000 621.409729[0m
[00:00:02.208,000] [0m<in> oresat_solar2: 117060.000000 5345.000000 625.685730[0m
[00:00:02.221,000] [0m<inf> oresat_solar2: 117820.000000 5343.750000 629.600647[0m
[00:00:02.234,000] [0m<inf> oresat_solar2: 118620.00000 5343.750000 633.875610[0m
[00:00:02.247,000] [0m<inf> oresat_solar2: 119380.000000 5342.00000 637.787659[0m
[00:00:02.260,000] [0m<inf> oresat_solar2: 120180.000000 5341.250000 41.911438[0m
[00:00:02.273,000] [0m<inf> oesat_solar2: 120980.000000 5341.250000 646.18448[0m
[00:00:02.286,000] [0m<inf> oresat_slar2: 121780.000000 5340.000000 650.305176[0m
[00:00:02.299,000] [0m<inf> oresat_solar2: 22780.000000 5340.000000 655.645203[0m
[00:0:02.312,000] [0m<inf> oresat_solar2: 123480.000000 5338.75000 659.228821[0m
[00:00:02.35,000] [0m<inf> oresat_solar2: 124360.000000 5340.000000 664.82397[0m
[00:00:02.338,000] [0m<inf> oresa_solar2: 125100.000000 5338.750000 667.8776250m
[00:00:02.351,000] [0m<inf> oresat_solar: 125900.000000 5338.750000 672.148621[0m
[0:00:02.364,000] [0m<inf> oresat_solar2: 12670.000000 5338.750000 676.419617[0m
[00:00:0.377,000] [0m<inf> oresat_solar2: 127380.00000 5338.750000 680.049988[0m
[00:00:02.390,00] [0m<inf> oresat_solar2: 128300.000000 5336.250000 684.64089[0m
[00:00:02.403,000] [0m<inf> oresat_solar2: 129000.000000 5336.250000 688.376221[0m[00:00:02.416,000] [0m<inf> oresat_solar2: 19860.000000 5335.000000 692.803101[0m
[00:0:02.429,000] [0m<inf> oresat_solar2: 130700.00000 5336.250000 697.447876[0m
[00:00:02.44,000] [0m<inf> oresat_solar2: 131480.000000 536.250000 701.610168[0m
[00:00:02.455,000] [0m<inf> oresat_solar2: 132180.000000 5333.750000 705.015076[0m
[00:00:02.468,000] [0m<in> oresat_solar2: 133160.000000 5333.750000 710.242126[0m
[00:00:02.481,000] [0m<inf> oresat_solar2: 134060.000000 5332.500000 714.874939[0m
[00:00:02494,000] [0m<inf> oresat_solar2: 134820.00000 5332.500000 718.927673[0m
[00:00:02.507,00] [0m<inf> oresat_solar2: 135580.000000 5331.50000 722.810852[0m
[00:00:02.520,000] [0minf> oresat_solar2: 136380.000000 5331.250000 727.075867[0m
[00:00:02.533,000] [0m<inf> oesat_solar2: 137180.000000 5327.500000 730.826477[0m
[00:00:02.546,000] [0m<inf> oresat_solar2: 138080.00000 5331.250000 736.138977[0m
[00:00:02.559,000] [0m<inf> oresat_solar2: 138720.000000 5330.000000 739.377625[0m
[00:00:02.572,000] [0m<inf> oresat_solar2: 139580.000000 5330.00000 743.961426[0m
[00:00:02.585,000] [0m<inf oresat_solar2: 140280.000000 5330.000000 747.92383[0m
[00:00:02.598,000] [0m<inf> oresa_solar2: 141180.000000 5328.750000 752.312927[0m
[00:00:02.611,000] [0m<inf> oresat_solar2: 141960.000000 5327.500000 756.291870[0m
[0:00:02.624,000] [0m<inf> oresat_solar2: 142680.000000 5327.500000 760.127686[0m
[00:00:02.637,000] [0m<inf> oresat_solar2: 143400.000000 5327.500000 73.963501[0m
[00:00:02.650,000] [0m<inf> orsat_solar2: 144460.000000 5326.250000 769.43004[0m
[00:00:02.663,000] [0m<inf> oresat_soar2: 145280.000000 5326.250000 773.797607[0m
[00:00:02.676,000] [0m<inf> oresat_solar2: 16100.000000 5326.250000 778.165100[0m
[00:0:02.689,000] [0m<inf> oresat_solar2: 146820.000000 5325.00000 781.816528[0m
[00:00:02.702,000] [0m<inf> oresat_solar2: 147600.000000 5325.000000 785.99971[0m
[00:00:02.715,000] [0m<inf> oresatsolar2: 148420.000000 5323.750000 790.151001[m
[00:00:02.728,000] [0m<inf> oresat_solar2 149200.000000 5323.750000 794.303528[0m
[0:00:02.741,000] [0m<inf> oresat_solar2: 15006.000000 5321.250000 798.506775[0m
[00:00:02754,000] [0m<inf> oresat_solar2: 150800.000000 5322.500000 802.632996[0m
[00:00:02.767,00] [0m<inf> oresat_solar2: 151620.000000 5322.500000 806.99743[0m
[00:00:02.780,000] [0m<inf> oresat_solar2: 152360.000000 5321.250000 810.745667[0m
[00:00:02.793,000] [0m<inf> oresat_solar2: 15060.000000 5321.250000 814.470520[0m
[00:0002.806,000] [0m<inf> oresat_solar2: 153880.00000 5320.000000 818.641602[0m
[00:00:02.819000] [0m<inf> oresat_solar2: 154920.000000 5320.000000 824.17377[0m
[00:00:02.832,000] 0m<inf> oresat_solar2: 155760.000000 5321.250000 828.837891[0
[00:00:02.845,000] [0m<inf> oresat_solar2:156560.000000 5318.750000 832.703491[0m
[00:00:02.858,000] [0m<inf> oresat_solar2: 157320000000 5318.750000 836.745728[0m
[00:00:02.71,000] [0m<inf> oresat_solar2: 158100.0000005318.750000 840.894348[0m
[00:00:02.884,000 [0m<inf> oresat_solar2: 158900.000000 5318.750000 845.149353[0m
[00:00:02.897,000] [0m<nf> oresat_solar2: 159700.000000 5315.000000 848.805481[0m
[00:00:02.910,000] [0m<inf> oresat_solar2: 16020.000000 5315.000000 852.632324[0m
[00:00:02.923,000] [0m<inf> oresat_solar2: 161260.00000 5315.000000 857.096924[0m
[00:00:02.936,00] [0m<inf> oresat_solar2: 162020.000000 531.000000 861.136292[0m
[00:00:02.949,000] [m<inf> oresat_solar2: 162880.000000 5313.75000 865.503601[0m
[00:00:02.962,000] [0m<inf>oresat_solar2: 163700.000000 5313.750000 869.860901[0m
[00:00:02.975,000] [0m<inf> oresat_solar2: 164400.000000 5312.500000 873.375000[0m
[00:00:02.988,000] [0m<inf> oresat_solar2: 165420.000000 5311.250000 878.586975[0m
[00:00:03.001,000] [0m<inf> oresat_solar2: 166220.000000 5311.25000 882.835999[0m
[00:00:03.014,000] [0m<inf> oresat_solar2: 167020.000000 5310.000000 88.876221[0m
[00:00:03.027,000] [0m<inf> oreat_solar2: 167780.000000 5310.000000 890.911804[0m
[00:00:03.040,000] [0m<inf> oresat_solar2: 168560.000000 5311.250000 895.264282[0m
[00:00:03.048,000] [0m<dbg> oresat_blink: handle_blink: The light s blinking![0m
[00:00:03.059,000] [0m<inf> oresat_solar2: 169300.00000 5310.000000 898.982971[0m
[00:00:03.07,000] [0m<inf> oresat_solar2: 170060.000000 5308.750000 902.806030[0m
[00:00:03.085,000] [0m<inf> oresat_solar2: 170780.000000 5308.750000 906.628296[0m
[00:00:03.098,000] [0m<inf> oresat_solar2: 171660.000000 5307.500000 911.085449[0m
[00:00:03.111,000] [0m<inf> oresat_solar2: 17236.000000 5306.250000 914.585266[0m
[00:00:03.124,000] [0m<inf> oresat_solar2: 173260.00000 5305.000000 919.144287[0m
[00:00:03.137,00] [0m<inf> oresat_solar2: 173980.000000 5306.250000 923.181396[0m
[00:00:03.150,000] [0minf> oresat_solar2: 174820.000000 5305.000000 927.420105[0m
[00:00:03.163,000] [0m<inf> oresat_solar2: 175560.000000 5303.750000 931.126343[0m
[00:00:03.176,000] [0m<inf> oresat_solar2: 176600.00000 5305.000000 936.862976[0m
[00:00:03.189000] [0m<inf> oresat_solar2: 177460.000000 533.750000 941.203491[0m
[00:00:03.202,000] 0m<inf> oresat_solar2: 178180.000000 5303.75000 945.022156[0m
[00:00:03.215,000] [0m<inf oresat_solar2: 178900.000000 5303.750000 948.840881[0m
[00:00:03.228,000] [0m<inf> oresat_solar2: 179720.000000 5303.750000 953.189941[0m
[00:00:03.241,000] [0m<inf> oresat_solar2: 180500.000000 5302.500000 957.101257[0m
[0:00:03.254,000] [0m<inf> oresat_solar2: 181300.000000 5302.50000 961.343262[0m
[00:00:03.267,000] [0m<inf> oresat_solar2: 182000.000000 5301.250000 94.827515[0m
[00:00:03.280,000] [0m<inf> orsat_solar2: 182880.000000 5300.000000 969.263977[0m
[00:00:03.293,000] [0m<inf> oresat_soar2: 183660.000000 5302.500000 973.857178[0m
[00:00:03.306,000] [0m<inf> oresat_solar2: 184460.000000 5300.000000 977.638000[0m
[00:0:03.319,000] [0m<inf> oresat_solar2: 185200.000000 5297.50000 981.096985[0m
[00:00:03.33,000] [0m<inf> oresat_solar2: 186000.000000 5298.750000 985.57505[0m
[00:00:03.345,000] [0m<inf> oresatsolar2: 187020.000000 5297.500000 990.738464[m
[00:00:03.358,000] [0m<inf> oresat_solar2 187800.000000 5297.500000 994.870483[0m
[0:00:03.371,000] [0m<inf> oresat_solar2: 18862.000000 5293.750000 998.507141[0m
[00:00:03384,000] [0m<inf> oresat_solar2: 189400.00000 5296.250000 1003.109741[0m
[00:00:03.397,00] [0m<inf> oresat_solar2: 190160.000000 5295000000 1006.897217[0m
[00:0:03.410,000] [0m<inf> oresat_solar2: 190960.000000 5293.75000 1010.894470[0m
[00:00:03.44,000] [0m<inf> oresat_solar2: 191720.000000 5295.000000 1015157410[0m
[00:00:03.437,000 [0m<inf> oresat_solar2: 192580.000000 5293.750000 1019.470398[0m
[00:00:03.450,000] [0minf> oresat_solar2: 193300.000000 5292.500000 023.040222[0m
[00:00:03.463,000] [0m<inf> oresat_solar2: 194080.000000 5292.500000 1027.18457[0m
[00:00:03.476,000] [0m<inf> oresat_solar2: 194880.000000 5291.250000 1031.158813[0m
[00:00:03.489,000] [0m<if> oresat_solar2: 195660.000000 5291.250000 105.286011[0m
[00:00:03.502,000] [0m<inf> oresat_solar2: 196420.000000 5288.750000 1038.81684[0m
[00:00:03.515,000] [m<inf> oresat_solar2: 197500.000000 5288.750000 1044.528076[0
[00:00:03.528,000] [0m<inf oresat_solar2: 198360.000000 5287.500000 1048.828491[0m
[00:00:03.541,000] [0m<inf> orest_solar2: 199060.000000 5288.750000 1052.77856[0m
[00:00:03.555,000] [0m<inf> oresat_solar2: 199860.000000 5287.500000 1056.759766[0m[00:00:03.568,000] [0m<inf> resat_solar2: 200620.000000 5286.250000 1060.527466[0m
[00:00:03.581,000] [0m<inf> oresatsolar2: 201380.000000 5288.750000 1065.048462[0m
[00:00:03.594,000] [0m<inf> oresat_solar: 202120.000000 5287.500000 1068.709473[0m
[00:00:03.607,000] [0m<inf> orsat_solar2: 202960.000000 5286.250000 1072.897339[0m
[00:00:03.620,000] [0m<inf> oresat_slar2: 203720.000000 5285.000000 1076.660156[0m
[00:00:03.633,000] [0m<inf> oresat_solar2:204520.000000 5285.000000 1080.888184[0m
[00:00:03.646,000] [0m<inf> oresat_solar2: 205300.000000 5283.750000 1084.753906[0m
[00:00:03.659,000] [0m<inf> oresat_solr2: 206080.000000 5283.750000 1088.875244[0m
[00:00:03.672,000] [0m<inf> oresat_solar2: 26860.000000 5283.750000 1092.996582[0m
[00:00:03.686,000] [0m<inf> oresat_solar2: 207660.00000 5281.250000 1096.704346[0m
[00:00:03.699,000] [0m<inf> oresat_solar2: 208600.0000005281.250000 1101.668701[0m
[00:00:03.712,000] [0m<inf> oresat_solar2: 20980.000000 5280.000000 1106.054443[0m
[00:00:03.725,000] [0m<inf> oresat_solar2: 210200.00000 5280.000000 1109.855957[0m
[00:00:03.738,000] [0m<inf> oresat_solar2: 210980.000000 578.750000 1113.710693[0m
[0:00:03.751,000] [0m<inf> oresat_solar2: 211700.000000 5277.50000 1117.246704[0m
[00:00:0.764,000] [0m<inf> oresat_solar2: 212480.00000 5277.500000 1121.363159[0m
[00:00:03.777,000] [0m<inf> oresat_solar2: 213300.000000 527.500000 1125.690796[0m
[00:0:03.790,000] [0m<inf> oresat_solar2: 214120.000000 5276.25000 1129.750610[0m
[00:00:03.03,000] [0m<inf> oresat_solar2: 214920.000000 5273.750000 1133.434326[0m
[00:00:03.817,00] [0m<inf> oresat_solar2: 215660.000000 5275.00000 1137.606445[0m
[00:00:03.830,000] [0m<inf> oresat_solar2: 216420.000000 5273.7500001141.344971[0m
[00:00:03.84,000] [0m<inf> oresat_solar2: 217220.000000 5273.750000 1145.63965[0m
[00:00:03.856,000][0m<inf> oresat_solar2: 218020.000000 5272.500000 1149.510498[0m
[00:00:03.869,000] [0m<nf> oresat_solar2: 219060.000000 5272.500000 154.993896[0m
[00:00:03.882,000] [0m<inf> oesat_solar2: 219780.000000 5273.750000 1159.064819[0m
[00:00:03.895,000] [0m<inf> oresat_olar2: 220600.000000 5272.500000 1163.113525[m
[00:00:03.908,000] [0m<inf> oresat_solar2: 221400.000000 5271.250000 1167.054810[0m
[00:00:03.921,000] [0m<inf> oreat_solar2: 222160.000000 5270.000000 1170.783203[0m
[00:00:03.934,000] [0m<inf> oresat_soar2: 222920.000000 5271.250000 1175.067017[0m
[00:00:03.948,000] [0m<inf> oresat_solar2: 23720.000000 5267.500000 1178.445068[0m
[00:00:03.961,000] [0m<inf> oresat_solar2: 224500.000000 5268.750000 1182.834351[0m
[00:00:03.974,000] [0m<inf> oresat_sola2: 225320.000000 5266.250000 1186.591431[0m
[00:00:03.987,000] [0m<inf> oresat_solar2: 22060.000000 5267.500000 1190.770996[0m
[00:00:04.000,000] [0m<inf> oresat_solar2: 226880.00000 5267.500000 1195.090454[0m
[00:00:04.013,000] [0m<inf> oresat_solar2: 227600.000000 5263.750000 1198.029541[0m
[00:00:04.026,000] [0m<inf> oresat_solar2: 22840.000000 5265.000000 1202.526001[0m
[00:00:04.039,000] [0m<inf> oresat_solar2: 229520.00000 5265.000000 1208.422852[0m
[00:00:04.052000] [0m<inf> oresat_solar2: 230280.000000 525.000000 1212.424194[0m
[00:00:04.060,000] [0m<dbg> oresat_blink: handle_blink: The light is blinking![0m
[00:00:04.071,000] [0m<inf> oresat_solar2: 231060.00000 5262.500000 1215.953247[0m
[00:00:04.084,000] [0m<inf> oresat_solar2: 231860.000000 5261.250000 1219.873413[0m
[00:00:04.097,000] [0m<inf> oresat_solar2: 23260.000000 5261.250000 1223.766724[0m
[00:00:04.110,000] [0m<inf> oresat_solar2: 233420.00000 5260.000000 1227.789185[0m
[00:00:04.123,000] [0m<inf> oresat_solar2: 234120.000000 520.000000 1231.471191[0m
[0000:04.136,000] [0m<inf> oresat_solar2: 235000.000000 5258.750000 1235.806274[0m
[00:00:04149,000] [0m<inf> oresat_solar2: 235780.00000 5257.500000 1239.613403[0m
[00:00:04.162,000] [0m<inf> oresat_solar2: 236500.000000 5256250000 1243.103149[0m
[00:0:04.176,000] [0m<inf> oresat_solar2: 237320.000000 5256.25000 1247.413208[0m
[00:00:04.19,000] [0m<inf> oresat_solar2: 238160.000000 5255.000000 1251.530762[0m
[00:00:04.202,000 [0m<inf> oresat_solar2: 238860.000000 5255.00000 1255.209351[0m
[00:00:04.215,000] [0m<inf> oresat_solar2: 239680.000000 5255.000000 259.518433[0m
[00:00:04.228000] [0m<inf> oresat_solar2: 240620.000000 5255.000000 1264.48130[0m
[00:00:04.241,000] [0m<inf> oresat_solar2: 241460.000000 5253.750000 1268.570435[0m
[00:00:04.254,000] [0m<if> oresat_solar2: 242260.000000 5252.500000 122.470703[0m
[00:00:04.267,000] [0m<inf> orsat_solar2: 243060.000000 5252.500000 1276.67207[0m
[00:00:04.280,000] [m<inf> oresat_solar2: 243860.000000 5252.500000 1280.874634[0
[00:00:04.293,000] [0m<inf oresat_solar2: 244560.000000 5248.750000 1283.634277[0m
[00:00:04.307,000] [0m<inf> orest_solar2: 245300.000000 5250.000000 1287.824951[0m
[00:00:04.320,000] [0m<inf> oresat_solar2: 246200.000000 5251.250000 1292.857788[0m[00:00:04.333,000] [0m<inf> resat_solar2: 246900.000000 5248.750000 1295.916382[0m
[00:00:04.346,000] [0m<inf> oresatsolar2: 247660.000000 5247.500000 1299.595825[0m
[00:00:04.359,000] [0m<inf> oresat_solar2: 248500.000000 5247.500000 1304.003784[0m
[00:00:04.372,000] [0m<inf> oresat_solar2: 24980.000000 5246.250000 1307.785156[0m
[00:00:04.385,000] [0m<inf> oresat_solar2: 250060.000000 5246.250000 1311.877319[0m
[00:00:04.398,000] [0m<inf> oresat_solar2:251060.000000 5246.250000 1317.123535[0m
[00:00:04.411,000] [0m<inf> oresat_solar2: 25190.000000 5245.000000 1321.215454[0m
[00:00:04.424,000] [0m<inf> oresat_solar2: 252600.00000 5243.750000 1324.571289[0m
[00:00:04.438,000] [0m<inf> oresat_solar2: 253360.000000 5242.500000 1328.239746[0m
[00:0:04.451,000] [0m<inf> oresat_solar2: 254280.00000 5242.500000 1333.062866[0m
[00:00:04.464,000] [0m<inf> oresat_solar2: 254960.0000005242.500000 1336.627808[0m
[00:00:04.477,000] [0m<inf> oresat_solar2: 255780.000000 5242.00000 1340.926636[0m
[00:0004.490,000] [0m<inf> oresat_solar2: 256520.000000 5240.000000 1344.164795[0m
[00:00:04.50,000] [0m<inf> oresat_solar2: 257300.000000 540.000000 1348.251953[0m
[00:00:04.516,000] [0m<inf> oresat_solar2: 258080.000000 5240.00000 1352.339233[0m
[00:00:0.529,000] [0m<inf> oresat_solar2: 258820.000000 5237.500000 155.569702[0m
[00:00:04.542,00] [0m<inf> oresat_solar2: 259680.000000 5237.500000 1360.073975[0m
[00:00:04.555,000] 0m<inf> oresat_solar2: 260480.000000 5235.00000 1363.612793[0m
[00:00:04.569,000] [0m<inf> oresat_solar2: 261520.000000 5233.750000 136.730347[0m
[00:00:04.582,00] [0m<inf> oresat_solar2: 262220.000000 5233.750000 1372.39391[0m
[00:00:04.595,000] [0<inf> oresat_solar2: 263000.000000 5236.250000 1377.133789[0m
[00:00:04.608,000] [0m<inf>oresat_solar2: 263800.000000 5235.000000 1380.93042[0m
[00:00:04.621,000] [0m<inf> oresa_solar2: 264560.000000 5235.000000 1384.971558[0m
[00:00:04.634,000] [0m<nf> oresat_solar2: 265320.000000 5233.750000 1388.618530[0m
[00:00:04.647,000] [0m<inf> oesat_solar2: 266160.000000 5232.500000 1392.682251[0m
[00:00:04.660,000] [0m<inf> oresat_olar2: 266920.000000 5233.750000 1396.992554[m
[00:00:04.673,000] [0m<inf> oresat_solar2: 267600.000000 5231.250000 1399.882446[0m
[00:00:04.686,000] [0m<inf> oreat_solar2: 268460.000000 5231.250000 1404.381348[0m
[00:00:04.700,000] [0m<inf> oresat_soar2: 269200.000000 5230.000000 1407.916016[0m
[00:00:04.713,000] [0m<inf> oresat_solar2: 70000.000000 5230.000000 1412.099976[0m
[00:00:04.726,000] [0m<inf> oresat_solar2: 270780.000000 5228.750000 1415.840942[0m
[00:00:04.739,000] [0m<inf> oresat_sola2: 271560.000000 5226.250000 1419.240479[0m
[00:00:04.752,000] [0m<inf> oresat_solar2: 27600.000000 5226.250000 1424.675781[0m
[00:00:04.765,000] [0m<inf> oresat_solar2: 273360.00000 5226.250000 1428.647705[0m
[00:00:04.778,000] [0m<inf> oresat_solar2: 274200.000000 225.000000 1432.694946[0m
[0:00:04.791,000] [0m<inf> oresat_solar2: 274960.000000 5225.000000 1436.666016[0m
[00:00:4.804,000] [0m<inf> oresat_solar2: 275760.00000 5222.500000 1440.156616[0m
[00:00:04.817000] [0m<inf> oresat_solar2: 276480.000000 522.500000 1443.916748[0m
[00:00:04.831,000] [0m<inf> oresat_solar2: 277300.000000 5222.50000 1448.199219[0m
[00:00:04844,000] [0m<inf> oresat_solar2: 278060.000000 5223.750000 142.515869[0m
[00:00:04.857,00] [0m<inf> oresat_solar2: 278860.000000 5218.750000 1455.30059[0m
[00:00:04.870,000] [m<inf> oresat_solar2: 279600.000000 5218.750000 1459.162476[0m
[00:00:04.883,000] [0m<inf oresat_solar2: 280380.000000 5218.750000 1463233154[0m
[00:00:04.896,000] [0m<inf> oresat_solar2: 281160.000000 5218.750000 1467.30371[0m
[00:00:04.909,000] [0minf> oresat_solar2: 281980.000000 5217.500000 1471.230591[0m[00:00:04.922,000] [0m<inf> resat_solar2: 282980.000000 5212.500000 1475.033203[0m
[00:00:04.935,000] [0m<inf> oresatsolar2: 283760.000000 5216.250000 1480.1630860m
[00:00:04.948,000] [0m<inf> oresat_solar2: 284600.000000 5215.000000 1484.188965[0m
[00:00:04.962,000] [0m<inf> orsat_solar2: 285360.000000 5213.750000 1487.795654[0m
[00:00:04.975,000] [0m<inf> oresat_slar2: 286120.000000 5213.750000 1491.758179[0m
[00:00:04.988,000] [0m<inf> oresat_solar2:286960.000000 5212.500000 1495.779053[0m
[00:00:05.001,000] [0m<inf> oresat_solar2: 28768.000000 5212.500000 1499.531982[0m
[00:00:05.014,000] [0m<inf> oresat_solar2: 288460.000000 5211.250000 1503.237183[0m
[00:00:05.027,000] [0m<inf> oresat_solar2: 29180.000000 5210.000000 1506.627808[0m
[00:00:05.040,000] [0m<inf> oresat_solar2: 289980.00000 5210.000000 1510.795776[0m
[00:00:05.053,000] [0m<inf> oresat_solar2: 290760.0000005207.500000 1514.132690[0m
[00:00:05.066,000] [0m<inf> oresat_solar2: 291520.000000 5208.50000 1518.454834[0m
[00:00:05.074,000] [0mdbg> oresat_blink: handle_blink: The light is blinking![0m
[00:00:05.085,000] [0m<inf> oresat_solr2: 292300.000000 5208.750000 1522.517578[0m
[00:00:05.098,000] [0m<inf> oresat_solar2: 23380.000000 5208.750000 1528.143066[0m
[00:00:05.111,000] [0m<inf> oresat_solar2: 294080.00000 5207.500000 1531.421631[0m
[00:00:05.124,000] [0m<inf> oresat_solar2: 294820.000000 5206.250000 1534.906616[0m
[00:00:05.137,000] [0m<inf> oresat_solar2: 29560.000000 5206.250000 1539.279907[0m
[00:00:05.150,000] [0m<inf> oresat_solar2: 296420.00000 5206.250000 1543.236572[0m
[00:00:05.163,000] [0m<inf> oresat_solar2: 297180.000000 502.500000 1546.078979[0m
[0:00:05.176,000] [0m<inf> oresat_solar2: 297960.000000 5202.500000 1550.136841[0m
[00:00:0.190,000] [0m<inf> oresat_solar2: 298700.00000 5202.500000 1553.986694[0m
[00:00:05.203,000] [0m<inf> oresat_solar2: 299560.000000 520.000000 1557.712036[0m
[00:0:05.216,000] [0m<inf> oresat_solar2: 300300.000000 5198.75000 1561.184570[0m
[00:00:05.29,000] [0m<inf> oresat_solar2: 301100.000000 5198.750000 1565.343628[0m
[00:00:05.242,00] [0m<inf> oresat_solar2: 301960.000000 5197.00000 1569.437134[0m
[00:00:05.255,000] [0m<inf> oresat_solar2: 302620.000000 5197.5000001572.867432[0m
[00:00:05.26,000] [0m<inf> oresat_solar2: 303460.000000 5196.250000 1576.54004[0m
[00:00:05.281,000][0m<inf> oresat_solar2: 304460.000000 5195.000000 1581.669678[0m
[00:00:05.294,000] [0m<nf> oresat_solar2: 305280.000000 5195.000000 185.929565[0m
[00:00:05.307,000] [0m<inf> oresat_solar2: 305980.000000 5193.750000 1589.18594[0m
[00:00:05.321,000] [0m<inf> oresat_solar2: 306820.000000 5195.000000 1593.929932[m
[00:00:05.334,000] [0m<inf> oresat_solar2: 307580.000000 5193.750000 1597.493652[0m
[00:00:05.347,000] [0m<inf> oreat_solar2: 308400.000000 5191.250000 1600.981445[0m
[00:00:05.360,000] [0m<inf> oresat_soar2: 309180.000000 5191.250000 1605.030640[0m
[00:00:05.373,000] [0m<inf> oresat_solar2: 09880.000000 5188.750000 1607.889893[0m
[00:00:05.386,000] [0m<inf> oresat_solar2: 310680.000000 5188.750000 1612.040894[0m
[00:00:05.399,000] [0m<inf> oresat_sola2: 311480.000000 5188.750000 1616.191895[0m
[00:00:05.412,000] [0m<inf> oresat_solar2: 31280.000000 5186.250000 1619.562134[0m
[00:00:05.425,000] [0m<inf> oresat_solar2: 313020.000000 5186.250000 1623.400024[0m
[00:00:05.438,000] [0m<inf> oresat_solar2 313880.000000 5183.750000 1627.075439[0m
[00:00:05.452,000] [0m<inf> oresat_solar2: 31480.000000 5183.750000 1632.259155[0m
[00:00:05.465,000] [0m<inf> oresat_solar2: 315700.00000 5183.750000 1636.509888[0m
[00:00:05.478,000] [0m<inf> oresat_solar2: 316480.000000 5183.750000 1640.553223[0m
[0000:05.491,000] [0m<inf> oresat_solar2: 317220000000 5182.500000 1643.992676[0m
[00:00:05.504,000] [0m<inf> oresat_solar2: 318000.00000 5181.250000 1647.637451[0m
[00:00:05.517,000] [0m<inf> oresat_solar2: 318760.000000 5180000000 1651.176758[0m
[00:0:05.530,000] [0m<inf> oresat_solar2: 319560.000000 5178.750000 1654.921387[0m
[00:00:05.543,000] [0m<inf> oresat_solar2: 320360.000000 178.750000 1659.064331[0m
[0:00:05.556,000] [0m<inf> oresat_solar2: 321100.000000 5178.70000 1662.896606[0m
[00:00:5.569,000] [0m<inf> oresat_solar2: 321800.000000 5178.750000 666.521729[0m
[00:00:05.583000] [0m<inf> oresat_solar2: 322660.000000 5177.500000 1670.572144[0m
[00:00:05.596,000] [0m<inf> oresat_solar2: 323460.000000 5175.00000 1673.905518[0m
[00:00:05609,000] [0m<inf> oresat_solar2: 324200.000000 5173.750000 167.329712[0m
[00:00:05.622,00] [0m<inf> oresat_solar2: 325220.000000 5173.750000 1682.60634[0m
[00:00:05.635,000] [m<inf> oresat_solar2: 326020.000000 5172.50000 1686.338501[0m
[00:00:05.648,000] [0m<inf> oresat_solar2: 326820.000000 5172.500000 1690476440[0m
[00:00:05.661,000 [0m<inf> oresat_solar2: 327560.000000 5170.000000 1693.48522[0m
[00:00:05.674,000] [0minf> oresat_solar2: 328360.000000 5168.750000 1697.210693[0m[00:00:05.687,000] [0m<inf> resat_solar2: 329120.000000 5168.750000 1701.19038[0m
[00:00:05.700,000] [0m<inf> oresat_solar2: 330060.000000 5167.500000 1705.5850830m
[00:00:05.714,000] [0m<if> oresat_solar2: 330860.000000 5167.500000 1709.718994[0m
[00:00:05.727,000] [0m<inf> orsat_solar2: 331580.000000 5166.250000 1713.025146[0m
[00:00:05.740,000] [0m<inf> oresat_slar2: 332260.000000 5163.750000 1715.707520[0
[00:00:05.753,000] [0m<inf> oresat_solar2: 333020.000000 5165.000000 1720.048340[0m
[00:00:05.766,000] [0m<inf> orest_solar2: 333780.000000 5165.000000 1723.973755[0m
[00:00:05.779,000] [0m<inf> oresat_solr2: 334800.000000 5162.500000 1728.405029[0m
[00:00:05.792,000] [0m<inf> oresat_solar2: 35520.000000 5161.250000 1731.702637[0m
[00:00:05.805,000] [0m<inf> oresat_solar2: 336520.000000 5158.750000 1736.022583[0m
[00:00:05.818,000] [0m<inf> oresat_solar2: 337380.000000 5161.250000 1741.302490[0m
[00:00:05.831,000] [0m<inf> oresat_solar2: 33800.000000 5160.000000 1744.595947[0m
[00:00:05.845,000] [0m<inf> oresat_solar2: 338920.00000 5157.500000 1747.979858[0m
[00:00:05.858,000] [0m<inf> oresat_solar2: 339660.000000 5158.750000 1752.221069[0m
[0:00:05.871,000] [0m<inf> oresat_solar2: 34046.000000 5156.250000 1755.496826[0m
[00:00:05.884,000] [0m<inf> oresat_solar2: 341220.00000 5152.500000 1758.136108[0m
[00:00:05.897,000] [0m<inf> oresat_solar2: 341980.000000 515.500000 1762.052002[0m
[00:0:05.910,000] [0m<inf> oresat_solar2: 342760.000000 5153.750000 1766.499390[0m
[00:00:05.23,000] [0m<inf> oresat_solar2: 343560.0000005153.750000 1770.622314[0m
00:00:05.936,000] [0m<inf> oresat_solar2: 344300.000000 5151.50000 1773.575317[0m
[00:0005.949,000] [0m<inf> oresat_solar2: 345080.000000 5148.7500001776.730591[0m
[00:00:05.96,000] [0m<inf> oresat_solar2: 345900.000000 550.000000 1781.385010[0m
[00:00:05.976,000] [0m<inf> oresat_solar2: 346860.000000 5147.50000 1785.461792[0m
[00:00:0.989,000] [0m<inf> oresat_solar2: 347660.000000 5147.500000 189.579834[0m
[00:00:06.002,00] [0m<inf> oresat_solar2: 348480.000000 5146.250000 1793.36234[0m
[00:00:06.015,000] 0m<inf> oresat_solar2: 349260.000000 5145.00000 1796.942749[0m
[00:00:06.028,000] [0m<inf> oresat_solar2: 350000.000000 5143.750000 180.312500[0m
[00:00:06.041,00] [0m<inf> oresat_solar2: 350760.000000 5142.500000 1803.78335[0m
[00:00:06.054,000] [0<inf> oresat_solar2: 351560.000000 5141.250000 1807.457886[0m
[00:00:06.067,000] [0m<inf>oresat_solar2: 352300.000000 5141.250000 1811.262329[0m
[00:00:06.080,000] [0m<inf> oresa_solar2: 353100.000000 5140.000000 1814.933960[0m
[00:00:06.088,000] [0m<dbg> oresat_blink: handle_blink: he light is blinking![0m
[00:00:06.99,000] [0m<inf> oresat_solar2: 353860.000000 5136.250000 181.513428[0m
[00:00:06.112,00] [0m<inf> oresat_solar2: 354620.000000 5137.500000 1821.860229[0m
[00:00:06.125,000] [0<inf> oresat_solar2: 355400.000000 5136.2500001825.423218[0m
[00:00:06.138,000] [0m<inf> oresat_solar2: 356180.000000 5133.750000 1828.39062[0m
[00:00:06.151,000][0m<inf> oresat_solar2: 357220.000000 5132.500000 1833.431641[0m
[00:00:06.164,000] [0m<nf> oresat_solar2: 358060.000000 5131.250000 1837.295410[0m
[00:00:06.177,000] [0m<inf> oesat_solar2: 358780.000000 5131.250000 1840.98868[0m
[00:00:06.190,000] [0m<inf> oresat_solar2: 359560.000000 5128.750000 1844.093384[m
[00:00:06.204,000] [0m<in> oresat_solar2: 360320.000000 5128.750000 1847.991211[0m
[00:00:06.217,000] [0m<inf> oreat_solar2: 361080.000000 5128.750000 1851.88908[0m
[00:00:06.230,000] [0m<inf> oresat_soar2: 361880.000000 5126.250000 1855.087402[0m
[00:00:06.243,000] [0m<inf> oresat_solar2: 62700.000000 5125.000000 1858.837524[0m
[00:00:06.256,000] [0m<inf> oresat_solar2: 363460.000000 5123.750000 1862.278198[0m
[00:00:06.269,000] [0m<inf> oresat_sola2: 364280.000000 5123.750000 1866.479614[0m
[00:00:06.282,000] [0m<inf> oresat_solar2: 36020.000000 5122.500000 1869.814941[0m
[00:00:06.295,000] [0m<inf> oresat_solar2: 365780.00000 5123.750000 1874.165283[0m
[00:00:06.308,000] [0m<inf> oresat_solar2: 366600.000000 5121.250000 1877.450195[0m
[0:00:06.321,000] [0m<inf> oresat_solar2: 36730.000000 5118.750000 1880.219238[0m
[00:00:6.335,000] [0m<inf> oresat_solar2: 368380.00000 5116.250000 1884.724121[0m
[00:00:06.348,000] [0m<inf> oresat_solar2: 369200.000000 516.250000 1888.919556[0m
[0000:06.361,000] [0m<inf> oresat_solar2: 369900.000000 5115.000000 1892.038452[0m
[00:00:06374,000] [0m<inf> oresat_solar2: 370660.00000 5113.750000 1895.462524[0m
[00:00:06.387,000] [0m<inf> oresat_solar2: 371480.000000 5111250000 1898.727173[0m
[00:0:06.400,000] [0m<inf> oresat_solar2: 372220.000000 5112.50000 1902.974731[0m
[00:00:06.43,000] [0m<inf> oresat_solar2: 373000.000000 5112.500000 1906.962524[0m
[00:00:06.426,000 [0m<inf> oresat_solar2: 373800.000000 5110.00000 1910.118042[0m
[00:00:6.439,000] [0m<inf> oresat_solar2: 374580.000000 5108.750000 913.635620[0m
[00:00:06.452000] [0m<inf> oresat_solar2: 375280.000000 5106.250000 1916.273560[0m
[00:00:06.466,000] [0m<inf> oresat_solar2: 376160.000000 5106.250000 1920.766968[0m
[00:00:06.479,000] [0m<if> oresat_solar2: 376920.000000 5106.250000 194.647705[0m
[00:00:06.492,000] [0m<inf> oresat_solar2: 377700.000000 5102.500000 1927.21433[0m
[00:00:06.505,000] [m<inf> oresat_solar2: 378720.000000 5102.500000 1932.418823[0m
[00:00:06.518,000] [0m<inf oresat_solar2: 379400.000000 5101.250000 1935.414307[0m
[00:00:06.531,000] [0m<inf> orest_solar2: 380280.000000 5100.000000 1939.42797[0m
[00:00:06.544,000] [0m<inf> oresat_solar2: 381020.000000 5098.750000 1942.725708[0m[00:00:06.557,000] [0m<inf> resat_solar2: 381860.000000 5096.250000 1946.054077[0m
[00:00:06.570,000] [0m<inf> oresatsolar2: 382620.000000 5097.500000 1950.4053960m
[00:00:06.583,000] [0m<inf> oresat_solar2: 383380.000000 5095.000000 1953.321045[0m
[00:00:06.597,000] [0m<inf> oresat_solar2: 384160.000000 5095.000000 1957.295166[0m
[00:00:06.610,000] [0m<inf> oresat_solar2: 384960.000000 5093.750000 1960.890015[0m
[00:00:06.623,000] [0m<inf> oresat_solar2:385620.000000 5091.250000 1963.287842[0m
[00:00:06.636,000] [0m<inf> oresat_solar2: 386320.000000 5091.250000 1966.851685[0m
[00:00:06.649,000] [0m<inf> oresat_solr2: 387200.000000 5091.250000 1971.332031[0m
[00:00:06.662,000] [0m<inf> oresat_solar2: 38060.000000 5088.750000 1974.740356[0m
[00:00:06.675,000] [0m<inf> oresat_solar2: 389160.00000 5088.750000 1980.337891[0m
[00:00:06.688,000] [0m<inf> oresat_solar2: 389720.0000005085.000000 1981.726196[0m
[00:00:06.701,000] [0m<inf> oresat_solar2: 39000.000000 5082.500000 1985.224487[0m
[00:00:06.714,000] [0m<inf> oresat_solar2: 391220.00000 5082.500000 1988.375610[0m
[00:00:06.72,000] [0m<inf> oresat_solar2: 392000.000000 582.500000 1992.339966[0m
[0:00:06.741,000] [0m<inf> oresat_solar2: 392980.000000 5080.00000 1996.338379[0m
[00:00:0.754,000] [0m<inf> oresat_solar2: 393600.000000 5080.000000 199.488037[0m
[00:00:06.767,00] [0m<inf> oresat_solar2: 394420.000000 5076.250000 2002.174561[0m
[00:00:06.780,000] 0m<inf> oresat_solar2: 395120.000000 5073.75000 2004.740112[0m
[00:00:06.793,000] [0m<inf> oresat_solar2: 395920.000000 5072.500000 200.304199[0m
[00:00:06.806,00] [0m<inf> oresat_solar2: 396800.000000 5071.250000 2012.271973[0m
[00:00:06.819,000] [0<inf> oresat_solar2: 397520.000000 5071.250000 2015.923340[0m
[00:00:06.832,000] [0m<inf>oresat_solar2: 398220.000000 5070.000000 2018.75342[0m
[00:00:06.845,000] [0m<inf> oresat_solar2: 398960.000000 5068.750000 2022.228516[0m
[00:00:06.859,000] [0m<nf> oresat_solar2: 400060.000000 5068.750000 2027.804077[0m
[00:00:06.872,000] [0m<inf> oesat_solar2: 400800.000000 5063.750000 2029.551025[0m
[00:00:06.885,000] [0m<inf> oresat_olar2: 401580.000000 5065.000000 2034.002686[m
[00:00:06.898,000] [0m<inf> oresat_solar2: 402380.000000 5060.000000 2036.042847[0m
[00:00:06.911,000] [0m<inf> oreat_solar2: 403100.000000 5061.250000 2040.189819[0m
[00:00:06.924,000] [0m<inf> oresat_soar2: 403960.000000 5058.750000 2043.532593[0m
[00:00:06.937,000] [0m<inf> oresat_solar2: 404680.000000 5060.000000 2047.680786[0m
[00:00:06.950,000] [0m<inf> oresa_solar2: 405420.000000 5055.000000 2049.398193[0m
[00:00:06.963,000] [0m<inf> oresat_sola2: 406300.000000 5056.250000 2054.354492[0m
[00:00:06.976,000] [0m<inf> oresat_solar2: 40020.000000 5053.750000 2056.977295[0m
[00:00:06.990,000] [0m<inf> oresat_solar2: 407860.000000 5051.250000 2060.202881[0m
[00:00:07.003,000] [0m<inf> oresat_solar2 408580.000000 5050.000000 2063.329102[0m
[00:00:07.016,000] [0m<inf> oresat_solar2: 40930.000000 5050.000000 2067.268066[0m
[00:00:07.029,000] [0m<inf> oresat_solar2: 410420.00000 5048.750000 2072.107910[0m
[00:00:07.042,000] [0m<inf> oresat_solar2: 411200.000000 5047.500000 2075.531982[0m
[00:00:07.055,000] [0m<inf> oresat_solar2: 411980000000 5043.750000 2077.924072[0m
[00:00:07.068,000] [0m<inf> oresat_solar2: 412780.00000 5043.750000 2081.959229[0m
[00:00:07.081,000] [0m<inf> oresat_solar2: 413500.000000 5040000000 2084.040039[0m
[00:0:07.094,000] [0m<inf> oresat_solar2: 414260.000000 5040.00000 2087.870361[0m
[00:00:07.102,000] [0m<dbg>oresat_blink: handle_blink: The light is blinking![0m
[00:00:07.113,000] [0m<inf> oresat_solar2: 15020.000000 5040.000000 2091.700684[0m
[00:00:07.126,000] [0m<inf> oresat_solar2: 415820000000 5040.000000 2095.732910[0m
[00:00:07.139,000] [0m<inf> oresat_solar2: 416580.000000 5038.750000 2099.042480[0m
[00:00:07.152,000] [0m<inf> oresat_solar2: 417360.000000 5035.000000 2101.407715[0m
[00:0:07.165,000] [0m<inf> oresat_solar2: 418160.00000 5033.750000 2104.912842[0m
[00:00:07.18,000] [0m<inf> oresat_solar2: 418920.000000 033.750000 2108.738525[0m
[00:00:07.191,000] [0m<inf> oresat_solar2: 419720.000000 5031.20000 2111.716309[0m
[00:00:7.204,000] [0m<inf> oresat_solar2: 420780.000000 5028.750000 115.997314[0m
[00:00:07.218000] [0m<inf> oresat_solar2: 421600.000000 5025.000000 2118.540039[0m
[00:00:07.231,000] [0m<inf> oresat_solar2: 422380.000000 5023.75000 2121.931641[0m
[00:00:07244,000] [0m<inf> oresat_solar2: 423120.000000 5022.500000 215.120117[0m
[00:00:07.257,00] [0m<inf> oresat_solar2: 423900.000000 5021.250000 2128.507812[0m
[00:00:07.270,000] [m<inf> oresat_solar2: 424600.000000 5018.75000 2130.961182[0m
[00:00:07.283,000] [0m<inf> oresat_solar2: 425400.000000 5018.750000 2134976318[0m
[00:00:07.296,000 [0m<inf> oresat_solar2: 426200.000000 5018.750000 2138.99121[0m
[00:00:07.309,000] [0minf> oresat_solar2: 426960.000000 5015.000000 2141.204346[0m
[00:00:07.322,000] [0m<inf> resat_solar2: 427760.000000 5013.750000 2144.61641[0m
[00:00:07.335,000] [0m<inf> oresat_solar2: 428600.000000 5010.000000 2147.2858890m
[00:00:07.349,000] [0m<if> oresat_solar2: 429360.000000 5010.000000 2151.093506[0m
[00:00:07.362,000] [0m<inf> orsat_solar2: 430160.000000 5007.500000 2154.026123[0m
[00:00:07.375,000] [0m<inf> oresat_slar2: 430960.000000 5005.000000 2156.954834[0
[00:00:07.388,000] [0m<inf oresat_solar2: 431920.000000 5003.750000 2161.219727[0m
[00:00:07.401,000] [0m<inf> orest_solar2: 432760.000000 5001.250000 2164.341064[0m
[00:00:07.414,000] [0m<inf> oresat_solr2: 433580.000000 4997.500000 2166.816162[0m[00:00:07.427,000] [0m<inf> oresat_solar2: 434300.000000 4993.750000 2168.785645[0m
[00:00:07.440,000] [0m<inf> oresatsolar2: 435120.000000 4992.500000 2172.336670[0m
[00:00:07.453,000] [0m<inf> oresat_solar: 435820.000000 4990.000000 2174.741699[0m
[00:00:07.466,000] [0m<inf> oresat_solar2: 43680.000000 4990.000000 2179.033203[0m
[00:00:07.480,000] [0m<inf> oresat_solar2: 437420.000000 4987.500000 2181.632324[0m
[00:00:07.493,000] [0m<inf> oresat_solar2:438220.000000 4985.000000 2184.526611[0m
[00:00:07.506,000] [0m<inf> oresat_solar2: 43898.000000 4982.500000 2187.217773[0m
[00:00:07.519,000] [0m<inf> oresat_solar2: 439700.00000 4983.750000 2191.354980[0m
[00:00:07.532,000] [0m<inf> oresat_solar2: 440600.000000 498.000000 2194.187988[0m
[00:0:07.545,000] [0m<inf> oresat_solar2: 441320.00000 4977.500000 2196.670410[0m
[00:00:07.558,000] [0m<inf> oresat_solar2: 442380.0000004973.750000 2200.287598[0m
[00:00:07.571,000] [0m<inf> oresat_solar2: 443100.000000 4972.00000 2203.314697[0m
[00:0007.584,000] [0m<inf> oresat_solar2: 443920.000000 4968.7500002205.727539[0m
[00:00:07.59,000] [0m<inf> oresat_solar2: 444680.000000 467.500000 2208.947998[0m
[0:00:07.611,000] [0m<inf> oresat_solar2: 445400.000000 4965.00000 2211.410889[0m
[00:00:0.624,000] [0m<inf> oresat_solar2: 446280.000000 4962.500000 2214.664551[0m
[00:00:07.637,00] [0m<inf> oresat_solar2: 446980.000000 496.000000 2217.020752[0m
[00:0:07.650,000] [0m<inf> oresat_solar2: 447780.000000 4956.25000 2219.309570[0m
[00:00:07.663,000] [0m<inf> oresat_solar2: 448560.000000 4955.000000 222.614746[0m
[00:00:07.676,00] [0m<inf> oresat_solar2: 449360.000000 4951.250000 2224.89379[0m
[00:00:07.689,000] [0<inf> oresat_solar2: 450180.000000 4950.0000002228.391113[0m
[00:00:07.702,000] [0m<inf>oresat_solar2: 450920.000000 4946.250000 2230.63037[0m
[00:00:07.715,000][0m<inf> oresat_solar2: 451700.000000 4943.750000 2233.091797[0m
[00:00:07.728,000] [0m<nf> oresat_solar2: 452780.000000 4940.000000 2236.733154[0m
[00:00:07.742,000] [0m<inf> oesat_solar2: 453500.000000 4936.250000 2238.58355[0m
[00:00:07.755,000] [0m<inf> oresat_solar2: 454320.000000 4933.750000 2241.501221[m
[00:00:07.768,000] [0m<in> oresat_solar2: 455060.000000 4930.000000 2243.445801[0m
[00:00:07.781,000] [0m<inf> oreat_solar2: 455900.000000 4927.500000 2246.447266[0m
[00:00:07.794,000] [0m<inf> oresat_solar2: 456600.000000 4925.000000 2248.754883[0m
[00:00:07.807,000] [0m<inf> oresat_solar2: 457420.000000 4920.000000 2250.506348[0m
[00:00:07.820,000] [0m<inf> oresa_solar2: 458200.000000 4916.250000 2252.625732[0m
[00:00:07.833,000] [0m<inf> oresat_sola2: 459020.000000 4913.750000 2255.509521[0m
[00:00:07.846,000] [0m<inf> oresat_solar2: 459720.000000 4910.000000 2257.225098[0m
[00:00:07.859,000] [0m<inf> oresat_olar2: 460520.000000 4901.250000 2257.123535[0m
[00:00:07.873,000] [0m<inf> oresat_solar2 461280.000000 4897.500000 2259.118896[0m
[00:00:07.886,000] [0m<inf> oresat_solar2: 46210.000000 4895.000000 2261.979492[0m
[00:00:07.899,000] [0m<inf> oresat_solar2: 462860.000000 4893.750000 2265.121094[0m
[00:00:07.912,000] [0m<inf> oresat_solar2: 63920.000000 4886.250000 2266.829102[0m
[00:00:07.925,000] [0m<inf> oresat_solar2: 464620000000 4883.750000 2269.087891[0m
[00:00:07.938,000] [0m<inf> oresat_solar2: 465480.000000 4880.000000 2271.542480[0m
[00:00:07.951,000] [0m<inf> oresat_solar2: 466260.000000 4875.000000 2273.017578[0m
[00:00:07.964,000] [0m<inf> oresat_solar2: 466980.00000 4870.000000 2274.192627[0m
[00:00:07.977,000] [0m<inf> oresat_solar2: 467800.000000 866.250000 2276.431641[0m
[0:00:07.990,000] [0m<inf> oresat_solar2: 468500.000000 4862.500000 2278.081299[0m
[00:00:8.004,000] [0m<inf> oresat_solar2: 469320.00000 4855.000000 2278.548584[0m
[00:00:08.017,000] [0m<inf> oresat_solar2: 470160.000000 480.000000 2280.275879[0m
[00:00:08.030,000] [0m<inf> oresat_solar2: 470880.000000 4843.75000 2280.824951[0m
[00:00:08043,000] [0m<inf> oresat_solar2: 471600.000000 4837.500000 2281.364990[0m
[00:00:08.056,00] [0m<inf> oresat_solar2: 472480.000000 4831250000 2282.668945[0m
[00:0:08.069,000] [0m<inf> oresat_solar2: 473220.000000 4823.75000 2282.695068[0m
[00:00:08.02,000] [0m<inf> oresat_solar2: 474220.000000 4815.000000 2283.369385[0m
[00:00:08.095,000 [0m<inf> oresat_solar2: 475020.000000 4808.750000 2284.252441[0m
[00:00:08.108,000] [0minf> oresat_solar2: 475820.000000 4801.250000 284.530762[0m
[00:00:08.116,000] [0m<dbg> oresat_blink: hanle_blink: The light is blinking![0m
[00:00:08.127,000] [0m<inf> oresat_solar2: 476580.000000 4780000000 2278.052490[0m
[00:0:08.140,000] [0m<inf> oresat_solar2: 477380.000000 4770.000000 2277.102539[0m
[00:00:08.13,000] [0m<inf> oresat_solar2: 478160.000000 4765.000000 2278.432373[0m
[00:00:08.166,000 [0m<inf> oresat_solar2: 478900.000000 4755.00000 2277.169434[0m
[00:00:08.179,000] *** Booting Zephyr OS build v4.2.0 ***

00:00:00.005,000] [0m<inf> oresat_mcxn947_solar: Oresat MCXN947 Solar Board App
[0m
[00:00:00.013,000] [0<inf> oresat_blink: Starting blink demo[0m
[00:00:00.019,000] [0m<dbg> oresat_blink: handle_blink: The ligt is blinking![0m
[00:00:00.026,000] [0m<inf> oresat_solar2: Starting Solar Tracking...[0m
[00:00:00.033000] [1;31m<err> mcux_lpi2c: SCL GPIO device not ready[0m
[00:00:00.039,000] [0m<inf> oresat_solar2: Staring INA226 reading[0m
[00:00:00.049,000] [0m<inf> oresat_solar2: -540.000000 5402.00000 -2.917350[0m
[00:00:00.062,000] [0m<inf> oresat_solar2: -540.000000 5402.500000 -2.917350[0m
[00:00:00.074,000] [0m<inf> oresatsolar2: -520.000000 5403.750000 -2.809950[0m[00:00:00.087,00] [0m<inf> oresat_solar2: -540.000000 5402.500000 -2.917350[0m
[00:00:00100,000] [0m<inf> oresat_solar2: -580.000000 401.250000 -3.132725[0m
[00:00:00.112,000] [0m<inf> oresat_solar2: -580.00000 5402.500000 -3.133450[0m
[00:00:00.125,000] [0m<inf> oesat_solar2: -520.000000 5403.750000 -2.809950[0m
[00:00:00138,000] [0m<inf> oresat_solar2: -600.000000 5402.500000 -3.21500[0m
[00:00:00.151,000] [0m<inf> oresat_solar2: -580.00000 5402.500000 -3.133450[0m
[00:00:00.163,000] [0m<inf> oresat_solar2: -540.000000 5403.750000 -2.918025[0m
[00:00:00.176,000] [0m<if> oresat_solar2: -620.000000 5401.250000 -3.348775[0m
[00:00:00.189,000] [0m<inf> oresat_solar2: -540.000000 5401.250000-2.916675[0m
[00:00:00.201,000] [0m<inf> oresat_solar2: -60.000000 5402.500000 -3.349550[0m
[00:00:00.214,000] [0m<inf> oresat_solar: -580.000000 5401.250000 -3.132725[0m
[00:00:00.227,000] 0m<inf> oresat_solar2: -600.000000 5402.500000 -3.241500[0m
[00:00:00.239,00] [0m<inf> oresat_solar2: -580.000000 5402.50000 -3.133450[0m
[00:00:00.252,000] [0m<inf> oresat_solar2: -580.000000 5400.000000 -3.132000[0m
[00:00:00.265,000] [0m<inf> oresat_olar2: -600.000000 5401.250000 -3.240750[0m
[00:00:00.278,00] [0m<inf> oresat_solar2: -540.000000 5402.500000 -2.917350[0m
[00:00:00.290,000] [0m<inf> oresat_solar2: -580.000000 500.000000 -3.132000[0m
[00:00:00.303,000] [0m<inf> oresat_olar2: -580.000000 5400.000000 -3.132000[0m
[00:00:00.316,000] [0m<inf> orsat_solar2: -580.000000 5401.250000 -3.132725[0m
[00:00:00.28,000] [0m<inf> oresat_solar2: -580.000000 5402.500000 -3.13450[0m
[00:00:00.341,000] [0m<inf> oresat_solar2: -600.00000 5400.000000 -3.240000[0m
[00:00:00.354,000] [0m<inf> oresat_solar2: -420.000000 5397.500000 -2.266950[0m
[00:00:00.366,000] [0m<in> oresat_solar2: 1920.000000 5398.750000 10.36600[0m
[00:00:00.379,000] [0m<inf> oresat_solar2: 2920.000000 5398.750000 5.764350[0m
[00:00:00.392,000] [0m<inf> oresat_solar2: 400.000000 5396.250000 21.584999[0m
[00:00:00.405,000] [0m<inf> oresat_solar2 4920.000000 5397.500000 26.555700[0m
[00:00:00.417,000] [m<inf> oresat_solar2: 5660.000000 5396.250000 30.542774[0m
[00:00:00.430,000] [0m<inf> oresat_solar2: 6520.000000 5393.75000 35.167252[0m
[00:00:00.443,000] [0m<inf> oresat_solar2 7400.000000 5395.000000 39.923000[0m
[00:00:00.455,000] [0m<inf> oresat_slar2: 8160.000000 5393.750000 44.013000[0m
[00:00:00.468,00] [0m<inf> oresat_solar2: 9020.000000 5395.000000 48.662899[m
[00:00:00.41,000] [0m<inf> oresat_solar2: 9800.000000 533.750000 52.858749[0m
[00:00:00.493,000] [0m<inf> oresat_solar2: 10600.000000 5393.750000 57.173752[0m
[00:00:00.506,000] [0m<inf> oresat_solar2: 11400.000000 5392.500000 61.474499[0m
[00:00:00.519,000] [0m<inf> oresat_solar2: 12180.000000 5392.500000 65.680649[0m
[00:00:00.532,000] [0m<inf> oresat_solar2: 13000.000000 5392.500000 70.102501[0
[00:00:00.545,000] [0m<inf> oresat_solar2: 13760.000000 532.500000 74.200798[0m
[00:00:00.557,000] [0m<inf> oresat_solar2: 14660.000000 5390.000000 79.017403[0m
[00:00:00.570,00] [0m<inf> oresat_solar2: 15700.000000 5390.00000 84.623001[0m
[00:00:00.583,000] [0m<inf> oresat_sola2: 16460.000000 5390.000000 88.719398[0m
[00:00:00.596,000] [0m<inf> oresat_solar2: 17220.000000 5388.75000 92.794273[0m
[00:00:00.609,000] [0m<inf> oresat_solar2:18100.000000 5390.000000 97.558998[0m
[00:00:00.621,000] [m<inf> oresat_solar2: 18820.000000 5388.750000 101.416275[0m
[00:00:00.634,000] [0m<inf> oresat_solar2: 1620.000000 5387.500000 105.702751[0m
[00:0000.647,000] [0m<inf> oresat_solar2: 20420.000000 5386.250000 09.987228[0m
[00:00:00.660,000] [0m<inf> oesat_solar2: 21220.000000 5383.750000 114.24312[0m
[00:00:00.673,000] [0m<inf> oresat_solar2: 22020.000000 5385.000000 118.577698[0m
[00:00:00.686,00] [0m<inf> oresat_solar2: 22820.000000 5385.00000 122.885696[0m
[00:00:00.699,000] [0m<inf> oresat_solar2: 23620.000000 5386.250000 127.223228[0m
[00:00:00.712,000] [0m<inf> oresat_solar2: 24380.000000 5385.000000 131.286301[0m
[00:00:00.725,000] [0m<inf> oresat_solar2: 25180.000000 5385.000000 13.594299[0m
[00:00:00.738,000] [0m<inf> oresat_solar2: 2622.000000 5385.000000 141.194702[0m
[00:00:00750,000] [0m<inf> oresat_solar2: 27060.000000 5382.500000 145.650452[0m
[00:00:00.763,000] [0m<inf> orest_solar2: 27880.000000 5382.500000 150.0641020m
[00:00:00.776,000] [0m<inf> oresat_solar2: 28600.000000 5382.500000 153.939499[0m
[00:00:00.789,000][0m<inf> oresat_solar2: 29380.000000 5382.50000 158.137848[0m
[00:00:00.802,000] [0m<inf> oresat_solar2 30220.000000 5381.250000 162.621368[0m
[0000:00.815,000] [0m<inf> oresat_solar2: 31020.000000 5381.250000 166.926376[0m
[00:00:00.828,000] [0m<inf oresat_solar2: 31780.000000 5380.000000 170.96395[0m
[00:00:00.841,000] [0m<inf> oresat_solar2: 32660.000000 5380.000000 175.710800[0m
[00:00:00.85,000] [0m<inf> oresat_solar2: 33420.000000 531.250000 179.841370[0m
[00:00:00.867,000] [0m<inf> oresat_olar2: 34160.000000 5378.750000 183.738098[0m
[00:00:00.879,000] [0m<inf> oresat_solar2: 34920.000000 5378.750000 187.825943[0m
[00:00:00.892,000] [m<inf> oresat_solar2: 35800.000000 5380.000000 192.604004[0m
[00:00:00.905,000] [0m<inf> oresat_solar2: 36860.000000 5377.500000 198.214645[0m
[00:0000.918,000] [0m<inf> oresat_solar2: 37620.000000 5377.500000 202.301544[0m
[00:00:00.931,000] [0m<inf> oesat_solar2: 38500.000000 5376.250000 206.98566[0m
[00:00:00.944,000] [0m<inf> oresat_solar2: 39280.00000 5375.000000 211.130005[0m
[00:00:00.957,00] [0m<inf> oresat_solar2: 40000.000000 5376.50000 215.050003[0m
[00:00:00.970,000] [0m<inf> oresat_solar2: 40760.000000 5376.250000 219.135956[0m
[00:00:00.983,000] [0m<inf> oresat_solar2: 41520.000000 5376.20000 223.221893[0m
[00:00:00.996,000] [0m<nf> oresat_solar2: 42300.000000 5375.000000 227.362503[0m
[00:00:01.008,000] [0m<inf> oresat_solar2: 4312.000000 5373.750000 231.716095[0m
[00:00:01.021,000] [0m<inf> oresat_solar2: 43960.000000 5373.750000 236230057[0m
[00:00:01.029,000] [0m<dbg> oresat_blink: handle_blink: The light is blinking![0m
[00:00:01.040,000] [0m<inf> oresat_solar2: 44680.000000 5372.500000 240.043304[0m
[00:00:01.052,000] [0m<inf> oresat_solar2:45480.000000 5372.500000 244.341293[0m
[00:0:01.065,000] [0m<inf> oresat_solar2: 46260.000000 5372.500000 248.531845[0m
[00:00:01.078,000] [0m<inf>oresat_solar2: 47060.000000 5371.250000 252.77027[0m
[00:00:01.091,000] [0m<inf> oresat_solar2: 48060.000000 5372.500000 258.202362[0m
[00:00:01.104000] [0m<inf> oresat_solar2: 48900.000000 537.500000 262.715240[0m
[00:00:01.117,000] [0m<inf> oresat_slar2: 49660.000000 5371.250000 266.736267[0m[00:00:01.130,000] [0m<inf> oresat_solar2: 50420.000000 5370.000000 270.755402[0m
[00:00:01.143,000] [0<inf> oresat_solar2: 51200.000000 5370.000000 74.944000[0m
[00:00:01.156,000] [0m<inf> oresat_solar2: 5120.000000 5367.500000 278.680603[0m
[00:00:1.169,000] [0m<inf> oresat_solar2: 52760.000000 5368.750000 283.255249[0m
[00:00:01.181,000] [0m<inf> orsat_solar2: 53480.000000 5368.750000 287.12075[0m
[00:00:01.194,000] [0m<inf> oresat_solar2: 54300.000000 5367.500000 291.455261[0m
[00:00:01.207,000] [0m<inf> oresat_solar2: 55100.000000 5367.50000 295.749237[0m
[00:00:01.220,000] [0m<inf> oresat_solar2: 55900.000000 5366.250000 299.973389[0m
[00:00:01.233,000] [0m<inf> oresat_solar2: 5662.000000 5367.500000 303.907837[0m
[00:00:01.246,000] [0m<if> oresat_solar2: 57400.000000 5365.000000 307950989[0m
[00:00:01.259,000] [0m<inf> oresat_solar2: 58400.000000 5365.000000 313.316010[0m
[00:00:01.72,000] [0m<inf> oresat_solar2: 59300.000000 365.000000 318.144501[0m
[00:00:01.285,000] [0m<inf> oresat_solar2: 59920.000000 5363.750000 321.395905[m
[00:00:01.298,000] [0m<inf> oresat_solar2 60720.000000 5365.000000 325.762787[0m
[0000:01.310,000] [0m<inf> oresat_solar2: 61560.000000 5362.50000 330.115509[0m
[00:00:01.323,000] [0m<inf oresat_solar2: 62400.000000 5363.750000 334.697998[0m
[00:00:01.336,000] [0m<inf> oresat_solar2: 63160.00000 5362.500000 338.695496[0m
[00:00:01.34,000] [0m<inf> oresat_solar2: 63900.000000 5362.500000 342.663757[0m
[00:00:01.362,000] [0m<inf> oresat_olar2: 64680.000000 5361.250000 346.765656[0m
[00:00:01.375000] [0m<inf> oresat_solar2: 65500.000000 536.250000 351.161865[0m
[00:00:01.388,000] [m<inf> oresat_solar2: 66280.000000 5361.250000 355.343658[0m[00:00:01.401,000] [0m<inf> oresat_solar2: 6120.000000 5361.250000 359.847107[0m
[00:0001.414,000] [0m<inf> oresat_solar2: 67920.000000 5361.250000 64.136108[0m
[00:00:01.427,000] [0m<inf> oesat_solar2: 69000.000000 5360.000000 369.839996[0m
[00:00:01.439,000] [0m<inf> oresat_solar2: 69720.00000 5361.250000 373.786346[0m
[00:00:01.452,00] [0m<inf> oresat_solar2: 70560.000000 5358.750000 378.113403[0m
[00:00:01.465,000] [0m<inf> oresat_solr2: 71300.000000 5358.750000 382.078888[0m
[00:00:01.478,000] [0m<inf> oresat_solar2: 72080.000000 5357.50000 386.168610[0m
[00:00:01.491,000] [0m<inf> oresat_solar2: 72880.000000 5356.250000 390.363495[0m
[0:00:01.504,000] [0m<inf> oresat_solar2: 7366.000000 5357.500000 394.633453[0m
[00:00:01.517,000] [0m<inf> oresat_solar2: 74500.000000 5357.500000 399133759[0m
[00:00:01.530,000] [0m<inf> orest_solar2: 75220.000000 5358.750000 403.085175[0m
[00:00:01.543,000] [0m<inf> oresat_solar2: 76020.000000 353.750000 406.992065[0m
[00:00:01.556,000][0m<inf> oresat_solar2: 76820.000000 5353.750000 411.275085[m
[00:00:01.568,000] [0m<inf> oresat_solar2 77660.000000 5352.500000 415.675140[0m
[0000:01.581,000] [0m<inf> oresat_solar2: 78360.000000 5353.75000 419.519836[0m
[00:00:01.594,000] [0m<inf oresat_solar2: 79180.000000 5355.000000 424.008911[0m
[00:0:01.607,000] [0m<inf> oresat_solar2: 80220.00000 5352.500000 429.377563[0m
[00:00:01.620,000] [0m<inf>oresat_solar2: 81020.000000 5352.500000 433.65546[0m
[00:00:01.633,000] [0m<inf> oresat_solar2: 81760.000000 5352.500000 437.620392[0m
[00:00:01.646000] [0m<inf> oresat_solar2: 82580.000000 535.000000 441.803009[0m
[00:00:01.659,000] [0m<inf> oresat_solar2: 83300.000000 5350.000000 445.654999[0m[00:00:01.672,000] [0m<inf> oresat_solar2: 8120.000000 5348.750000 449.936859[0m
[00:00:01.685,000] [0m<inf> oresat_solar2: 84980.000000 5350.000000 54.643005[0m
[00:00:01.697,000] [0m<inf> oesat_solar2: 85680.000000 5347.500000 458.173798[0m
[00:00:01.710,000] [0m<inf> oresat_solar2: 86520.00000 5347.500000 462.665710[0m
[00:00:01.723,00] [0m<inf> oresat_solar2: 87300.000000 5348.750000 466.945862[0m
[00:00:01.736,000] [0m<inf> oresat_solr2: 88120.000000 5347.500000 471.221710[0m
[00:00:01.749,00] [0m<inf> oresat_solar2: 88880.000000 5347.50000 475.285797[0m
[00:00:01.762,000] [0m<inf> oresat_solar2: 89620.000000 5346.250000 479.130920[0m
[00:00:01.775,000] [0m<inf> oresat_solar2: 9068.000000 5347.500000 484.911285[0m
[00:00:01788,000] [0m<inf> oresat_solar2: 91460.000000 5348.750000 489196686[0m
[00:00:01.801,000] [0m<inf> orest_solar2: 92280.000000 5345.000000 493.236603[0m
[00:00:01.814,000] [0m<inf> oresat_solar2: 93020.000000 346.250000 497.308167[0m
[00:00:01.826,000][0m<inf> oresat_solar2: 93820.000000 5345.000000 501.467896[m
[00:00:01.839,000] [0m<inf> oresat_solar2 94600.000000 5345.000000 505.636993[0m
[00:00:01.852,000] [0m<inf> oresat_solar2: 95500.000000 5342.50000 510.208740[0m
[00:00:01.865,000] [0m<inf> oresat_solar2: 96220.000000 5342.500000 514.055359[0m
[00:0:01.878,000] [0m<inf> oresat_solar2: 97060.00000 5340.000000 518.300415[0m
[00:00:01.891,000] [0m<inf> oresat_solar2: 97800.000000 5341.250000 522.37268[0m
[00:00:01.904,000] [0m<inf> oresat_olar2: 98520.000000 5341.250000 526.219971[0m
[00:00:01.917000] [0m<inf> oresat_solar2: 99260.000000 534.000000 530.048401[0m
[00:00:01.930,000] [m<inf> oresat_solar2: 100180.000000 5340.000000 534.961182[0m
[00:00:01.943,000] [0m<inf> oresat_solar2: 01200.000000 5338.750000 540.281494[0m
[00:00:01.956,000] [0m<inf> oresat_solar2: 102000.00000 5340.000000 544.679993[0m
[00:00:01.99,000] [0m<inf> oresat_solar2: 102700.000000 340.000000 548.418030[0m
[00:00:01.982,000][0m<inf> oresat_solar2: 103520.000000 5338.75000 552.667419[0m
[00:00:01.995,000] [0m<if> oresat_solar2: 104400.000000 5338.750000 557.365479[0m
[00:00:02.008,000] [0m<inf> oresat_solar2: 10510.000000 5337.500000 561.291504[0m
[00:00:02.021,000] [0m<inf> oresat_solar2: 105860.00000 5337.500000 565.027771[0m
[00:00:02.034,00] [0m<inf> oresat_solar2: 106660.000000 5335.000000 569.031128[0m
[00:00:02.041,000] [0m<dbg> oresat_blik: handle_blink: The light is blinking![0m
[00:00:0.052,000] [0m<inf> oresat_solar2: 107400.00000 5336.250000 573.113220[0m
[00:00:02.065,00] [0m<inf> oresat_solar2: 108320.000000 5335.000000 577.88727[0m
[00:00:02.078,000] [0<inf> oresat_solar2: 109020.000000 5335.000000 581.621704[0m[00:00:02.091,000] [0m<inf> oresat_solar2: 19800.000000 5333.750000 585.645752[0m
[00:00:02.104,000] [0m<inf> oresat_solar2: 110580.00000 5332.500000 589.667847[0m
[00:00:02.117,000] [0m<inf> oresat_solar2: 111380.000000 531.250000 593.794617[0m
[00:00:02.130,000] [0m<inf> oresat_solar2: 112380.000000 5332.500000 599.266357[0m
[00:00:02.143,000] [0m<in> oresat_solar2: 113220.000000 5330.000000 603.462585[0m
[00:00:02.156,000] [0m<inf> oresat_solar2: 114000.000000 5330.000000 607.619995[0m
[00:00:02.169,000] [0m<inf> oresat_solar2: 114780.000000 5330.000000 611.777405[0m
[00:00:02.182,000] [0m<inf> oresat_solar2: 115520.000000 5331.50000 615.866028[0m
[00:00:0
Terminating...
Thanks for using picocom
