picocom v2024-07

port is        : /dev/ttyACM2
flowcontrol    : none
baudrate is    : 115200
parity is      : none
databits are   : 8
stopbits are   : 1
txdelay is     : 0 ns
escape is      : C-a
local echo is  : no
noinit is      : no
noreset is     : no
hangup is      : no
nolock is      : no
send_cmd is    : sz -vv
receive_cmd is : rz -vv -E
imap is        : 
omap is        : 
emap is        : crcrlf,delbs,
logfile is     : none
initstring     : none
exit_after is  : not set
exit is        : no
minimal cmds is: no

Type [C-a] [C-h] to see available commands
Terminal ready
*** Booting Zephyr OS build v4.2.0 ***

00:00:00.002,000] [0m<inf> oresat_mcxn947_solar: Oresat MCXN97 Solar Board App
[0m
[00:00:00.002,000] [0<inf> oresat_blink: Starting blink demo[0m
[00:00:00.002,000 [0m<dbg> oresat_blink: handle_blink: The ligt is blinking![0m
[00:00:00.002,000] [0m<inf> oresat_solar2: Starting Solar Tracking...[0m
[00:00:00.002000] [1;31m<err> mcux_lpi2c: SCL GPIO device not ready[0m
[00:00:00.002,000] [0m<inf> oresat_solar2: Staring INA226 reading[0m
[00:00:00.005,000] [0m<inf> oresat_solar2: 5 4780.000000 -480.000000 -2.294400 159750[0m
[00:00:00.011,000] [0m<inf> oresat_solar2: 11 4965.000000 -340.000000 -1.688100 1595000[0m
[00:00:0.017,000] [0m<inf> oresat_solar2: 17 5032.50000 -440.000000 -2.214300 1592500[0m
[00:00:00.022,000] [0m<nf> oresat_solar2: 22 5108.750000 -500.000000 2.554375 1590000[0m
[00:00:00.028,000] [0m<inf> oresat_sola2: 28 5161.250000 -500.000000 -2.580625 158750[0m
[00:00:00.034,000] [0m<inf> oresat_solar2: 34 5203.750000 -500.000000 -2.601875 1585000[0m
[00:00:00039,000] [0m<inf> oresat_solar2: 39 5241.250000 -440.000000 -2.306150 1582500[0m
[00:00:00.045,000] [0m<if> oresat_solar2: 45 5272.500000 -500.000000 -2.636250 1580000[0m
[00:00:00.051,000] [0m<inf> oresat_solar: 51 5300.000000 -520.000000 -2.756000 1577500[0m
[00:00:00.057,000] [0m<inf> oresat_solar2: 57 5320.00000 -500.000000 -2.660000 1575000[0m
[00:00:00.62,000] [0m<inf> oresat_solar2: 62 5341.250000 -500.000000 -2670625 1572500[0m
[00:00:00.068,000] [0m<in> oresat_solar2: 68 5358.750000 -520.000000 -2.786550 1570000[0m
[00:00:00.074,000] [0m<inf> oresat_solar2 74 5373.750000 -520.000000 -2.794350 1567500[0m
[00:00:00.079,000] [0m<inf> oresat_solar2: 79 5387.500000-520.000000 -2.801500 1565000[0m
[00:00:00.085,000] [0m<inf> oresat_solar2: 85 5398.750000 -540.000000 -2.15325 1562500[0m
[00:00:00.091,000] [0m<inf> oresat_solar2: 91 5408.750000 -540.000000 -2.920725 1560000[m
[00:00:00.096,000] [0m<inf> oresat_solar2: 96 5417.500000 -540.000000 -2.925450 1557500[0m
[00:00:00.10,000] [0m<inf> oresat_solar2: 102 5427.500000-520.000000 -2.822300 1555000[0m
[00:00:00.108,000] [0m<inf oresat_solar2: 108 5435.000000 -540.000000 -2934900 1552500[0m
[00:00:00.114,000] [0m<inf> oresat_solar2 114 5440.000000 -580.000000 -3.155200 1550000[0m
[00:00:00.119,000] [0m<inf> oresat_solar2: 119 5446.25000 -500.000000 -2.723125 1547500[0m
[00:00:00125,000] [0m<inf> oresat_solar2: 125 5451.250000 -600.000000 -3.270750 1545000[0m
[00:00:00.131,000] [0m<nf> oresat_solar2: 131 5457.500000 -520.000000 -2.837900 1542500[0m
[00:00:00.136,000] [0m<inf> oresat_solr2: 136 5458.750000 -520.000000 -2.838550 1540000[0m
[00:00:00.142,000] [0m<inf> oresat_solar2: 142 5461.20000 -500.000000 -2.730625 1537500[0m
[00:00:00.148,000] [0m<inf> oresat_solar2: 148 5465.000000 -480.00000 -2.623200 1535000[0m
[00:00:00.153,000] [m<inf> oresat_solar2: 153 5465.000000 2120.000000 11.585800 152500[0m
[00:00:00.159,000] [0m<inf> oresat_olar2: 159 5467.500000 3360.000000 18.370800 1530000[0m
[00:0:00.165,000] [0m<inf> oresat_solar2: 165 547.250000 4160.000000 22.760401 1527500[0m
[00:00:00.171,000] [0m<inf> oresat_solar2: 171 5468.750000 4980.00000 27.234375 1525000[0m
[00:00:00.176,000] [0m<inf> oresat_solar2: 176 5471.250000 5800.000000 31.7332501522500[0m
[00:00:00.182,000] [0m<inf> oresat_solar2: 182 5471.250000 6660.000000 36.438526 1520000[0m
[0:00:00.188,000] [0m<inf> oresat_solar2: 188 5475.000000 7500.000000 41.062500 1517500[0m
[00:00:00.193,00] [0m<inf> oresat_solar2: 193 5473.750000 8220.000000 44.994225 1515000[0m
[00:00:00.199,000] [0m<inf> orsat_solar2: 199 5475.000000 9120.000000 49.93199 1512500[0m
[00:00:00.205,000] [0m<inf> oresat_solar2: 20 5473.750000 9860.000000 53.971176 1510000[0m
[00:00:00.210,000] [0m<inf> oresat_solar2: 210 5476.250000 1760.000000 58.924450 1507500[0m
[00:00:00.21,000] [0m<inf> oresat_solar2: 216 5475.000000 11460.000000 62743500 1505000[0m
[00:00:00.222,000] [0m<in> oresat_solar2: 222 5475.000000 12320.000000 67.452003 1502500[0m
[00:00:00.228,000] [0m<inf> oresat_sola2: 228 5476.250000 13100.000000 71.738876 1500000[0m
[00:00:00.233,000] [0m<inf> oresat_solar2: 233 5476.20000 13880.000000 76.010353 1497500[0m
[00:00:00.239,000] [0m<inf> oresat_solar2: 239 5473.750000 14960.00000 81.887299 1495000[0m
[00:00:00.245,000] [0m<inf> oresat_solar2: 245 5475.000000 15800.000000 86.5049971492500[0m
[00:00:00.250,000] [0m<inf> orest_solar2: 250 5473.750000 16520.000000 90.426353 1490000[0m
00:00:00.256,000] [0m<inf> oresat_solar2: 2565473.750000 17460.000000 95.571678 1487500[0m
[00:00:00.262,00] [0m<inf> oresat_solar2: 262 5476.250000 1160.000000 99.448700 1485000[0m
[00:00:00.267,000] [0m<inf>oresat_solar2: 267 5473.750000 19000.000000 10.001251 1482500[0m
[00:00:00.273,000] [0m<inf> oresat_solar: 273 5472.500000 19760.000000 108.136597 148000[0m
[00:00:00.279,000] [0m<inf> oresat_solar2: 279 5473.750000 20560.000000 112.540298 1477500[0m
[00:0:00.285,000] [0m<inf> oresat_solar2: 285 5472.500000 21380.00000 117.002052 1475000[0m
[00:00:00.290,000 [0m<inf> oresat_solar2: 290 5471.250000 22180.000000 121.352325 1472500[0m
[00:00:00.296,000] [0m<inf> oesat_solar2: 296 5472.500000 22980.000000 125.758049 1470000[0m
[00:00:00.302,000] [0m<inf> oresat_solar2:302 5472.500000 23780.000000 130.136047 146750[0m
[00:00:00.307,000] [0m<inf> oresat_solar2: 307 5472.50000 24620.000000 134.732956 1465000[0m
[00:0000.313,000] [0m<inf> oresat_solar2: 313 5471.250000 25660.00000 140.392273 1462500[0m
[00:00:00.319,000] [0m<inf> oresat_solar2: 319 5470.000000 26320.000000 143.97039 1460000[0m
[00:00:00.324,000] [0m<inf> oreat_solar2: 324 5471.250000 27220.000000 148.927429 1457500[0m
[00:00:00.330,000] [0m<inf> oresat_solar2: 30 5468.750000 28020.000000 153.234375 1455000[0m
[00:00:00.336,000] [0m<inf> oresat_solar2: 336 5470.00000 28800.000000 157.535995 1452500[0m
[00:00:00.342,000] [0m<inf> oresat_solar2: 342 5467.500000 29580.00000 161.728653 1450000[0m
[00:00:00.347,000] [m<inf> oresat_solar2: 347 5468.750000 30420.000000 166.359375 447500[0m
[00:00:00.353,000] [0m<inf> oresa_solar2: 353 5467.500000 31160.000000 170.367294 1445000[0m
00:00:00.359,000] [0m<inf> oresat_solar2: 3595468.750000 31960.000000 174.781250 1442500[0m
[00:00:00.364000] [0m<inf> oresat_solar2: 364 5467.500000 2760.000000 179.115295 1440000[0m
[00:00:00.370,000] [0m<inf> oresat_solar2: 370 5467.500000 33560.000000 83.489304 1437500[0m
[00:00:00.376,000] [0m<inf> oresat_solar2: 376 5466.250000 34360.000000 187.820343 145000[0m
[00:00:00.381,000] [0m<inf> oresat_olar2: 381 5465.000000 35280.000000 192.805206 1432500[0m
[0:00:00.387,000] [0m<inf> oresat_solar2: 387 566.250000 36280.000000 198.315552 1430000[0m
[00:00:00.393,000] [0m<inf> oresat_solar2: 393 5463.750000 3760.000000 202.486572 1427500[0m
[00:00:00.399,000] [0m<inf> oresat_solar2: 399 5465.000000 37900.000000 20.123505 1425000[0m
[00:00:00.404,000] [0m<inf> oresat_solar2: 404 5463.750000 38660.000000 211.228577 142200[0m
[00:00:00.410,000] [0m<inf> oresat_solar2: 410 5463.750000 39400.000000 215.271744 1420000[0m
[00:0:00.416,000] [0m<inf> oresat_solar2: 416 546.500000 40320.000000 220.248001 1417500[0m
[00:00:00.421,000 [0m<inf> oresat_solar2: 421 5462.500000 4096.000000 223.744003 1415000[0m
[00:00:00.427,000] [0m<inf> oesat_solar2: 427 5461.250000 41760.000000 228.61798 1412500[0m
[00:00:00.433,000] [0m<inf> oresat_solar2:433 5460.000000 42600.000000 232.595993 141000[0m
[00:00:00.438,000] [0m<inf> oresat_solar2: 438 5461.250000 43380.000000 236.909027 1407500[0m
[00:0000.444,000] [0m<inf> oresat_solar2: 444 5460.000000 44160.000000 241.113602 1405000[0m
[00:00:00.450,000] [0m<inf> oresat_solar2: 450 5458.750000 44860.000000 244.879532 1402500[0m
[00:00:00.456,000] [0m<inf> oreat_solar2: 456 5458.750000 45720.000000 249.574051 1400000[0m
[00:00:00.461,000] [0m<inf> oresat_solar2: 41 5458.750000 46500.000000 253.831879 13975000m
[00:00:00.467,000] [0m<inf> oresat_solar2: 467 5457.50000 47460.000000 259.012939 1395000[0m
[00:00:0.473,000] [0m<inf> oresat_solar2: 473 5456.250000 48320.00000 263.645996 1392500[0m
[00:00:00.478,000] [m<inf> oresat_solar2: 478 5457.500000 49000.000000 267.417511 1390000[0m
[00:00:00.484,000] [0m<inf> oresa_solar2: 484 5457.500000 49800.000000 271.783508 1387500[0m
[00:00:00.490,000] [0m<inf> oresat_solar2: 4905456.250000 50560.000000 275.868011 1385000[0m
[00:00:00.495,000] [0m<inf> oresat_solar2: 495 5455.000000 1400.000000 280.386993 1382500[0m
[00:00:00.501,000] [0m<inf> oresat_solar2: 501 5456.250000 52160.000000 84.597992 1380000[0m
[00:00:00.507,000] [0minf> oresat_solar2: 507 5453.750000 52880.000000 288.394287 137500[0m
[00:00:00.513,000] [0m<inf> oresat_olar2: 513 5453.750000 53720.000000 292.975464 1375000[0m
[0:00:00.518,000] [0m<inf> oresat_solar2: 518 553.750000 54480.000000 297.120300 1372500[0m
[00:00:00.524,000] [0m<inf> oresat_solar2: 524 5453.750000 5520.000000 301.156067 1370000[0m
[00:00:00.530,000] [0m<inf>oresat_solar2: 530 5452.500000 56080.000000 30.776215 1367500[0m
[00:00:00.535,000] [0m<inf> oresat_solar2: 535 5451.250000 56820.000000 309.740021 136500[0m
[00:00:00.541,000] [0m<inf> oresat_solar2: 541 5451.250000 57860.000000 315.409332 1362500[0m
[00:0:00.547,000] [0m<inf> oresat_solar2: 547 5450.000000 58660.000000 319.696991 1360000[0m
[00:00:00.552,000 [0m<inf> oresat_solar2: 552 5450.000000 5942.000000 323.838989 1357500[0m
[00:00:00.558,000] [0m<inf> oesat_solar2: 558 5450.000000 60200.000000 328.89996 1355000[0m
[00:00:00.564,000] [0m<inf> oresat_solar2:564 5448.750000 60880.000000 331.719910 135250[0m
[00:00:00.570,000] [0m<inf> oresat_solar2: 570 5450.000000 61760.000000 336.592010 1350000[0m
[00:0000.575,000] [0m<inf> oresat_solar2: 575 5447.500000 62460.000000 340.250854 1347500[0m
[00:00:00.581,000] [0m<inf> oresat_solar2: 581 5447.500000 63200.000000 344.282013 1345000[0m
[00:00:00.587,000] [0m<inf> oreat_solar2: 587 5447.500000 64000.000000 348.640015 1342500[0m
[00:00:00.592,000] [0m<inf> oresat_solar2: 52 5447.500000 64800.000000 352.997986 13400000m
[00:00:00.598,000] [0m<inf> oresat_solar2: 598 5447.50000 65520.000000 356.920197 1337500[0m
[00:00:0.604,000] [0m<inf> oresat_solar2: 604 5446.250000 66380.00000 361.522064 1335000[0m
[00:00:00.609,000] [m<inf> oresat_solar2: 609 5445.000000 67020.000000 364.923889 332500[0m
[00:00:00.615,000] [0m<inf> oresa_solar2: 615 5443.750000 68080.000000 370.610504 1330000[0m
00:00:00.621,000] [0m<inf> oresat_solar2: 6215445.000000 68800.000000 374.615997 1327500[0m
[00:00:00.627,000] [0m<inf> oresat_solar2: 627 5442.500000 9500.000000 378.253754 1325000[0m
[00:00:00.632,000] [0m<inf> oresat_solar2: 632 5442.500000 70300.000000 82.607758 1322500[0m
[00:00:00.638,000] [0m<inf> oresat_solar2: 638 5442.500000 71120.000000 387.070587 130000[0m
[00:00:00.644,000] [0m<inf> oresat_solar2: 644 5442.500000 71820.000000 390.880341 1317500[0m
[0:00:00.649,000] [0m<inf> oresat_solar2: 649 5443.750000 72580.000000 395.107361 1315000[0m
[00:00:00.655,00] [0m<inf> oresat_solar2: 655 5442.500000 7320.000000 399.044098 1312500[0m
[00:00:00.661,000] [0m<inf>oresat_solar2: 661 5441.250000 74160.000000 40.523102 1310000[0m
[00:00:00.666,000] [0m<inf> oresat_solar: 666 5441.250000 74880.000000 407.440796 130700[0m
[00:00:00.672,000] [0m<inf> oresat_solar2: 672 5441.20000 75620.000000 411.467316 1305000[0m
[00:0:00.678,000] [0m<inf> oresat_solar2: 678 5438.750000 76500.000000 416.064362 1302500[0m
[00:00:00.684,000 [0m<inf> oresat_solar2: 684 5437.500000 77800.000000 423.037506 1300000[0m
[00:00:00.689,000] [0m<inf> oesat_solar2: 689 5437.500000 78720.000000 428.040009 1297500[0m
[00:00:00.695,000] [0m<inf> oresat_solar2:695 5437.500000 79700.000000 433.368744 1295000[0m
[00:00:00.701,000] [0m<inf> oresat_solar2: 701 5437.50000 80600.000000 438.262512 1292500[0m
[00:0000.706,000] [0m<inf> oresat_solar2: 706 5435.000000 81320.00000 441.974213 1290000[0m
[00:00:00.712,000] [0m<inf> oresat_solar2: 712 5437.500000 82160.000000 446.74499 1287500[0m
[00:00:00.718,000] [0m<inf> oreat_solar2: 718 5433.750000 82900.000000 450.457886 1285000[0m
[00:00:00.723,000] [0m<inf> oresat_solar2: 73 5436.250000 83700.000000 455.014130 1282500[0m
[00:00:00.729,000] [0m<inf> oresat_solar2: 729 5433.75000 84500.000000 459.151886 1280000[0m
[00:00:00.735,000] [0m<inf> oresat_solar2: 735 5435.000000 85220.00000 463.170685 1277500[0m
[00:00:00.741,000] [0m<inf> oresat_solar2: 741 5433.750000 86020.000000 467.411163 275000[0m
[00:00:00.746,000] [0m<inf> oresat_solar2: 746 5433.750000 86860.000000 471.975525 1272500[0m
00:00:00.752,000] [0m<inf> oresat_solar2: 7525432.500000 87680.000000 476.321594 1270000[0m
[00:00:00.758000] [0m<inf> oresat_solar2: 758 5433.750000 8320.000000 479.908813 1267500[0m
[00:00:00.763,000] [0m<in> oresat_solar2: 763 5430.000000 89160.000000 84.138794 1265000[0m
[00:00:00.769,000] [0m<inf> oresat_solr2: 769 5432.500000 90200.000000 490.011505 122500[0m
[00:00:00.775,000] [0m<inf> oresat_solar2: 775 5431.250000 91060.000000 494.569611 1260000[0m
[0:00:00.780,000] [0m<inf> oresat_solar2: 780 5428.750000 91780000000 498.250671 1257500[0m
[00:00:00.786,00] [0m<inf> oresat_solar2: 786 5430.000000 92580.000000 502.709412 1255000[0m
[00:00:00.792,000] [0m<inf>oresat_solar2: 792 5427.500000 93360.000000 506.711395 1252500[0m
[00:00:00.798,000] [0m<inf> oresat_solar: 798 5428.750000 94120.000000 510.953949 125000[0m
[00:00:00.803,000] [0m<inf> oresat_solar2: 803 5428.70000 94880.000000 515.079773 1247500[0m
[00:0:00.809,000] [0m<inf> oresat_solar2: 809 5428.750000 95700.00000 519.531372 1245000[0m
[00:00:00.815,000 [0m<inf> oresat_solar2: 815 5427.500000 96500.000000 523.75323 1242500[0m
[00:00:00.820,000] [0m<inf> oesat_solar2: 820 5426.250000 97300.000000 527.974121 1240000[m
[00:00:00.826,000] [0m<inf> oresat_solar2:826 5426.250000 98080.000000 532.206604 1237500[0m
[00:00:00.832,000] [0m<inf> oresat_solar2: 832 5426.25000 98900.000000 536.656128 1235000[0m
[00:00:00.837,000] [0m<inf> oresat_solar2: 837 5425.000000 99660.00000 540.655518 1232500[0m
[00:00:00.843,000] [0m<inf> oresat_solar2: 843 5423.750000 100720.000000 546.28000 1230000[0m
[00:00:00.849,000] [0m<inf> oresat_solar2: 849 5423.750000 101480.000000 550.402161 1227500[m
[00:00:00.855,000] [0m<inf> oresat_solar2:855 5422.500000 102300.000000 554.721741 1225000[0m
[00:00:0.860,000] [0m<inf> oresat_solar2: 860 5422.50000 103100.000000 559.059753 1222500[0m
[00:00:00.866,000] 0m<inf> oresat_solar2: 866 5422.500000 103880.00000 563.289307 1220000[0m
[00:00:00.872,000] [0m<inf> oresat_solar2: 872 5422.500000 104620.000000 567.31941 1217500[0m
[00:00:00.877,000] [0m<inf> oresat_solar2: 77 5420.000000 105420.000000 571.376404 121500[0m
[00:00:00.883,000] [0m<inf> oresat_solar2: 883 5421.250000 106220.000000 575.845154 1212500[0m
[00:0:00.889,000] [0m<inf> oresat_solar2: 889 5421.250000 107000.000000 580.073730 1210000[0m
[00:00:00.894,000 [0m<inf> oresat_solar2: 894 5420.000000 107720.000000 583.842407 1207500[0m
[00:00:00.900,000] [0m<inf> resat_solar2: 900 5420.000000 108480.000000 587.961609 1205000[0m
[00:00:00.906,000] [0m<inf> oresat_solar: 906 5418.750000 109280.000000 592.161011 1202500[0m
[00:00:00.912,000] [0m<inf> oresat_solar2: 912 5420.00000 110160.000000 597.067200 1200000[0m
[0:00:00.917,000] [0m<inf> oresat_solar2: 917 5416.250000 11086.000000 600.445496 1197500[0m
[00:00:00.923,00] [0m<inf> oresat_solar2: 923 5417.500000 111920.000000 606326599 1195000[0m
[00:00:00.929,000] [0m<in> oresat_solar2: 929 5416.250000 112720.000000 610.519714 119200[0m
[00:00:00.934,000] [0m<inf> oresat_soar2: 934 5417.500000 113420.000000 614.452820 1190000[0m
[0000:00.940,000] [0m<inf> oresat_solar2: 940 546.250000 114300.000000 619.077393 1187500[0m
[00:00:00.946,000] [0m<inf> oresat_solar2: 946 5416.250000 11020.000000 622.977051 1185000[0m
[00:00:00.951,000] [0m<inf oresat_solar2: 951 5415.000000 115860.000000 27.381897 1182500[0m
[00:00:00.957,000] [0m<inf> oresat_solar2: 957 5412.500000 116580.000000 630.989258 180000[0m
[00:00:00.963,000] [0m<inf> oresat_solar2: 963 5413.750000 117400.000000 635.574280 1177500[0m
00:00:00.969,000] [0m<inf> oresat_solar2: 969 5410.000000 118220.000000 639.570190 1175000[0m
[00:00:00.97,000] [0m<inf> oresat_solar2: 974 5412.500000 119000.000000 644.087524 1172500[0m
[00:00:00.980,000] [0m<nf> oresat_solar2: 980 5412.500000 119720.000000 647.984497 1170000[0m
[00:00:00.986,000] [0m<inf> oresat_olar2: 986 5412.500000 120520.000000 652.31451 1167500[0m
[00:00:00.991,000] [0m<inf> oresat_solar2: 991 411.250000 121300.000000 656.384644 1165000[0
[00:00:00.997,000] [0m<inf> oresat_solar2: 997 5410.000000 22480.000000 662.616821 1162500[0m
[00:00:01002,000] [0m<dbg> oresat_blink: handle_blink: The light is blnking![0m
[00:00:01.003,000] [0m<inf> oresa_solar2: 1003 5410.000000 123120.000000 666.079224 1160000[0m
[00:00:01.009,000] [0m<inf> oresat_solar2: 109 5408.750000 123900.000000 670.144104 1157500[0m
[00:00:01.014,000] [0m<inf> oresat_solar2: 1014 5408.75000 124620.000000 674.038452 1155000[0m
[00:00:01.020,000] [0m<inf> oresat_solar2: 1020 5407.500000 125520000000 678.749390 1152500[0m
[00:00:01.026,000] [0m<inf> oresat_solar2: 1026 5407.500000 126180.000000 682318359 1150000[0m
[00:00:01.031,000] [0m<inf> oresat_solar2: 1031 5406.250000 127080.000000 687.026245 114500[0m
[00:00:01.037,000] [0m<inf> oresat_solar2: 1037 5407.500000 127780.000000 690.970337 1145000[0m
[0:00:01.043,000] [0m<inf> oresat_solar2: 10435407.500000 128580.000000 695.296326 1142500[0m
[00:00:01.04,000] [0m<inf> oresat_solar2: 1048 5407.50000 129360.000000 699.514221 1140000[0m
[00:00:01.054,000] [0minf> oresat_solar2: 1054 5407.500000 130180.00000 703.948364 1137500[0m
[00:00:01.060,000] [0m<inf> oresa_solar2: 1060 5405.000000 130960.000000 707.83806 1135000[0m
[00:00:01.066,000] [0m<inf> oresat_solar2: 1066 5403.750000 131720.000000 711.781921 113250[0m
[00:00:01.071,000] [0m<inf> oresat_solar2: 1071 5403.75000 132860.000000 717.942200 1130000[0m
[00:0:01.077,000] [0m<inf> oresat_solar2: 1077 5402.500000 133580.000000 721.665955 1127500[0m
[00:00:01.083,00] [0m<inf> oresat_solar2: 1083 5402.500000 134380.000000 725.987976 1125000[0m
[00:00:01.088,000] [0m<in> oresat_solar2: 1088 5403.750000 135220.000000 730.695068 1122500[0m
[00:00:01.094,000] [0m<inf> oresat_slar2: 1094 5401.250000 135960.000000 734.353943 1120000[0m
[00:00:01.100,000] [0m<inf> oresat_solar2: 11005402.500000 136680.000000 738.413696 1117500[0m
[00:00:01.105,000] [0m<inf> oresat_solar2: 1105 5398.75000 137500.000000 742.328125 1115000[0m
[00:00:01.111,000] [0m<inf> oresat_solar2: 1111 5398.750000 138320.00000 746.755127 1112500[0m
[00:00:01.117,000][0m<inf> oresat_solar2: 1117 5400.000000 139100.000000 751.14015 1110000[0m
[00:00:01.123,000] [0m<inf> resat_solar2: 1123 5400.000000 139880.000000 755.351990 110750[0m
[00:00:01.128,000] [0m<inf> oresat_sola2: 1128 5400.000000 140680.000000 759.671997 1105000[0m
[00:0:01.134,000] [0m<inf> oresat_solar2: 1134 536.250000 141480.000000 763.461426 1102500[0m
[00:00:01.140,00] [0m<inf> oresat_solar2: 1140 5397.500000 12300.000000 768.064270 1100000[0m
[00:00:01.145,000] [0m<in> oresat_solar2: 1145 5396.250000 143000.00000 771.663757 1097500[0m
[00:00:01.151,000] [0m<inf> oresat_solar2: 1151 5395.000000 144100.000000 777.41949 1095000[0m
[00:00:01.157,000] [0m<inf> oresat_solar2: 1157 5396.250000 144860.000000 781.700745 1092500[m
[00:00:01.162,000] [0m<inf> oresat_solar2: 1162 5396.250000 145600.000000 785.693970 1090000[0m
[00:00:1.168,000] [0m<inf> oresat_solar2: 1168 5395.000000 146360.000000 789.612183 1087500[0m
[00:00:01.174,000][0m<inf> oresat_solar2: 1174 5393.750000 147180.000000 793.852112 1085000[0m
[00:00:01.180,000] [0m<inf> resat_solar2: 1180 5395.000000 147960.000000 78.244202 1082500[0m
[00:00:01.185,000] [0m<inf> oresat_sola2: 1185 5392.500000 148720.000000 801.972595 180000[0m
[00:00:01.191,000] [0m<inf> oresat_solar2: 1191 532.500000 149500.000000 806.178772 1077500[0m[00:00:01.197,000] [0m<inf> oresat_solar2: 1197 5392.500000 10300.000000 810.492737 1075000[0m
[00:00:01.02,000] [0m<inf> oresat_solar2: 1202 5391.250000 151080.000000 814.510071 1072500[0m
[00:00:01.208,000] [m<inf> oresat_solar2: 1208 5390.000000 151960.000000 819.064392 1070000[0m
[00:00:01.214,000] [0m<inf> oreat_solar2: 1214 5388.750000 152720.000000 822.969910 1067500[m
[00:00:01.219,000] [0m<inf> oresat_solar2:1219 5388.750000 153460.000000 826.957581 1065000[0m
[00:00:01.225,000] [0m<inf> oresat_solar2: 1225 5387.00000 154480.000000 832.260986 1062500[0m
[00:00:01.231,000] [0m<inf> oresat_solar2: 1231 5387.500000 15520.000000 836.247742 1060000[0m
[00:00:01.237000] [0m<inf> oresat_solar2: 1237 5388.750000 156060.000000 80.968323 1057500[0m
[00:00:01.242,000] [0m<nf> oresat_solar2: 1242 5386.250000 156860.000000 844.887146 155000[0m
[00:00:01.248,000] [0m<inf> oresatsolar2: 1248 5387.500000 157660.000000 849.393250 1052500[0m[00:00:01.254,000] [0m<inf> oresat_solar2: 124 5386.250000 158420.000000 853.289734 1050000[0m
[00:00:01.259,000] [0m<inf> oresat_solar2: 1259 5385.00000 159220.000000 857.399719 1047500[0m
[00:00:01.265,000] [0m<inf> oresat_solar2: 1265 5386.250000 160000.00000 861.799988 1045000[0m
[00:00:01.271,000] [0m<inf> oresat_solar2: 1271 5386.250000 160780.000000 866.01282 1042500[0m
[00:00:01.276,000] [0m<inf oresat_solar2: 1276 5385.000000 161580.000000 870.108276 104000[0m
[00:00:01.282,000] [0m<inf> oresat_soar2: 1282 5385.000000 162300.000000 873.985474 1037500[0m
[0:00:01.288,000] [0m<inf> oresat_solar2: 1288 382.500000 163120.000000 877.993408 1035000[0m
[00:00:01.294000] [0m<inf> oresat_solar2: 1294 5382.500000164000.000000 882.729980 1032500[0m
[00:00:01.299,000] [0m<inf> oresat_solar2: 1299 5382.500000 164980.00000 888.004822 1030000[0m
[00:00:01.305,000] [0m<inf> oresatsolar2: 1305 5382.500000 165780.000000 892.31052 1027500[0m
[00:00:01.311,000] [0m<inf> oresat_solar2: 1311 5380.000000 166560.000000 896.092773 1025000[0m
[00:00:01.316,000] [0m<inf> oresat_solar2: 1316 5381.250000 167280.000000 900.175476 1022500[0m
[00:0:01.322,000] [0m<inf> oresat_solar2: 1322 538.000000 168120.000000 904.485596 1020000[0m
[00:00:01.328,00] [0m<inf> oresat_solar2: 1328 5378.750000 16880.000000 908.363281 1017500[0m
[00:00:01.333,000] [0m<inf> oresat_solar2: 1333 5380.000000 169620.000000912.555603 1015000[0m
[00:00:01.339,000] [0m<inf> oresat_soar2: 1339 5377.500000 170460.000000 916.6486211012500[0m
[00:00:01.345,000] [0m<inf> oresat_solar2: 1345 5377.500000 171200.000000 920.627991 1010000[0
[00:00:01.351,000] [0m<inf> oresat_solar2: 1351 5375.000000 172080.000000 924.929993 1007500[0m
[00:00:0.356,000] [0m<inf> oresat_solar2: 1356 5376.250000 172820.000000 929.123535 1005000[0m
[00:00:01.362,000] [0m<inf> oresat_solar2: 1362 5377.500000 17358.000000 933.426453 1002500[0m
[00:00:01.368,000] [0m<inf> oesat_solar2: 1368 5373.750000 174360.000000 93.967041 1000000[0m
[00:00:01.373,000] [0m<inf> oresat_solar: 1373 5376.250000 175100.000000 941.381348 99500[0m
[00:00:01.379,000] [0m<inf> oresat_solar2: 1379 5372500000 176160.000000 946.419617 995000[0m
[0:00:01.385,000] [0m<inf> oresat_solar2: 1385 5372.500000 17690.000000 950.825073 992500[0m
[00:00:01.390,00] [0m<inf> oresat_solar2: 1390 5372.500000 177760.000000 955.015625 990000[0m
[00:00:01.396,000] [0m<in> oresat_solar2: 1396 5373.750000 178560.000000 959.536804 987500[0m
[00:00:01.402,000] [0m<inf> oresat_soar2: 1402 5371.250000 179280.000000 962.957703 985000[0m
[00:00:01.408,000] [0m<inf> oresat_solar2: 1408 572.500000 180080.000000 967.479797 982500[0m[00:00:01.413,000] [0m<inf> oresat_solar2: 1413 5371.250000 10820.000000 971.229431 980000[0m
[00:00:01.49,000] [0m<inf> oresat_solar2: 1419 5370.000000 181660.000000975.514221 977500[0m
[00:00:01.425,000] [0minf> oresat_solar2: 1425 5368.750000 182480.000000 979.689514 75000[0m
[00:00:01.430,000] [0m<inf> oresatsolar2: 1430 5368.750000 183360.000000 984.414001 972500[0m
00:00:01.436,000] [0m<inf> oresat_solar2: 143 5370.000000 184060.000000 988.402222 970000[0m
[00:00:01.442,000] [0m<inf> oresat_solar2: 1442 5366.25000 184860.000000 992.005005 967500[0m
[00:00:01.447,000] [0m<inf> oresat_solar2: 1447 5367.500000 185560.00000 995.993286 965000[0m
[00:00:01.453,000] [0m<inf> oresat_solar2: 1453 5366.250000 186620.000000 1001.44985 962500[0m
[00:00:01.459,000] [0m<inf> orsat_solar2: 1459 5367.500000 187520.000000 1006.513611 9600000m
[00:00:01.465,000] [0m<inf> oresat_solar2 1465 5365.000000 188220.000000 1009.800293 957500[0m
[00:0001.470,000] [0m<inf> oresat_solar2: 1470 5363750000 189000.000000 1013.748779 955000[0m
[00:00:01.476,000] [0m<inf> oresat_solar2: 1476 5362.500000 18960.000000 1018.124268 952500[0m
[00:00:01.482,000] [0m<inf> oresat_solar2: 1482 5362.500000 190620.000000 022.199768 950000[0m
[00:00:01.487,000] [0m<inf> oresat_solar2: 1487 5362.500000 191400.000000 1026.382446947500[0m
[00:00:01.493,000] [0m<inf> oresa_solar2: 1493 5362.500000 192180.000000 1030.565308 945000[0m
[00:00:01.499,000] [0m<inf> oresat_solar2: 199 5362.500000 192960.000000 1034.748047 942500[0m
[00:00:01504,000] [0m<inf> oresat_solar2: 1504 5362.50000 193700.000000 1038.716309 940000[0m
[00:00:01.510,000] [0m<inf> oresat_solar2: 1510 5362.500000 194520000000 1043.113525 937500[0m
[00:00:01.516,000] [0m<inf> oresat_solar2: 1516 5361.250000 195300.000000 104.052124 935000[0m
[00:00:01.522,000] [0m<inf> oresat_solar2: 1522 5360.000000 196020.000000 1050.667236 93500[0m
[00:00:01.527,000] [0m<inf> oresat_slar2: 1527 5360.000000 197080.000000 1056.348755 930000[0m
[0:00:01.533,000] [0m<inf> oresat_solar2: 15335357.500000 197900.000000 1060.249268 927500[0m
[00:00:01.53,000] [0m<inf> oresat_solar2: 1539 5360.00000 198700.000000 1065.031982 925000[0m
[00:00:01.544,000] [0minf> oresat_solar2: 1544 5357.500000 199420.00000 1068.392700 922500[0m
[00:00:01.550,000] [0m<inf> oresat_solar2: 1550 5356.250000 200160.000000 1072.17056 920000[0m
[00:00:01.556,000] [0m<inf> oresat_solar2: 1556 5356.250000 200980.000000 1076.499146 91750[0m
[00:00:01.561,000] [0m<inf> oresat_solar2: 1561 5353.750000 201800.000000 1080.386719 915000[0m
[00:0:01.567,000] [0m<inf> oresat_solar2: 1567 535.000000 202520.000000 1084.494629 912500[0m
[00:00:01.573,00] [0m<inf> oresat_solar2: 1573 5352.500000 23380.000000 1088.591431 910000[0m
[00:00:01.579,000] [0m<in> oresat_solar2: 1579 5355.000000 204100.00000 1092.955444 907500[0m
[00:00:01.584,000] [0m<inf> oresat_solar2: 1584 5353.750000 204900.000000 1096.98338 905000[0m
[00:00:01.590,000] [0m<inf> oresat_solar2: 1590 5352.500000 205680.000000 1100.902222 902500[m
[00:00:01.596,000] [0m<inf> oresat_solar2: 1596 5352.500000 206400.000000 1104.755981 900000[0m
[00:00:1.601,000] [0m<inf> oresat_solar2: 1601 5351.50000 207220.000000 1108.885986 897500[0m
[00:00:01.607,000][0m<inf> oresat_solar2: 1607 5351.250000 20820.000000 1114.558350 895000[0m
[00:00:01.613,000] [0m<inf> oresat_solar2: 1613 5348.750000 209060.000000 118.209717 892500[0m
[00:00:01.618,000] [0m<inf> oresat_sola2: 1618 5350.000000 209820.000000 1122.536987 90000[0m
[00:00:01.624,000] [0m<inf> oresat_solar2: 1624 5348.750000 210580.000000 1126.339722 887500[0m[00:00:01.630,000] [0m<inf> oresat_solar2: 160 5348.750000 211320.000000 1130.297852 885000[0m
[00:00:01.36,000] [0m<inf> oresat_solar2: 1636 5347.50000 212120.000000 1134.311646 882500[0m
[00:00:01.641,000] [0m<inf> oresat_solar2: 1641 5347.500000 212920.00000 1138.589722 880000[0m
[00:00:01.647,000] [0m<inf> oresat_solar2: 1647 5345.000000 213680.000000 1142119629 877500[0m
[00:00:01.653,000] [0m<inf> oresat_solar2: 1653 5345.000000 214480.000000 1146.395630 87500[0m
[00:00:01.658,000] [0m<inf> oresat_soar2: 1658 5345.000000 215300.000000 1150.778442 872500[0m
[0:00:01.664,000] [0m<inf> oresat_solar2: 1664 345.000000 215980.000000 1154.413086 870000[0m
[00:00:01.670000] [0m<inf> oresat_solar2: 1670 5343.750000216860.000000 1158.845581 867500[0m
[00:00:01.675,000] [0m<inf> oresat_solar2: 1675 5343.750000 217600.00000 1162.800049 865000[0m
[00:00:01.681,000] [0m<inf> oresat_solar2: 1681 5342.500000 218620.000000 1167.97295 862500[0m
[00:00:01.687,000] [0m<inf> oresat_solar2: 1687 5342.500000 219460.000000 1172.465088 860000[0m
[00:00:01.693,000] [0m<inf> oresat_solar: 1693 5342.500000 220200.000000 1176.418457 857500[0m
[00:0:01.698,000] [0m<inf> oresat_solar2: 1698 534.000000 220980.000000 1180.033203 855000[0m
[00:00:01.704,00] [0m<inf> oresat_solar2: 1704 5341.250000 22720.000000 1184.261963 852500[0m
[00:00:01.710,000] [0m<inf oresat_solar2: 1710 5340.000000 222520.0000001188.256836 850000[0m
[00:00:01.715,000] [0m<inf> oresat_solar2: 1715 5337.500000 223320.000000 1191.97045 847500[0m
[00:00:01.721,000] [0m<inf> oresat_solar2: 1721 5337.500000 224180.000000 1196.560791 845000[0
[00:00:01.727,000] [0m<inf> oresat_solar2: 727 5338.750000 224880.000000 1200.578125 842500[0m
[00:00:0.732,000] [0m<inf> oresat_solar2: 1732 5335.00000 225680.000000 1204.002808 840000[0m
[00:00:01.738,000] [0m<inf> oresat_solar2: 1738 5337.500000 22648.000000 1208.837036 837500[0m
[00:00:01.744,000] [0m<inf> oesat_solar2: 1744 5333.750000 227200.000000 121.828003 835000[0m
[00:00:01.750,000] [0m<inf> oresat_solar2: 1750 5333.750000 227980.000000 1215.988281 82500[0m
[00:00:01.755,000] [0m<inf> oresat_solar2: 1755 5333.750000 229120.000000 1222.068848 830000[0m
00:00:01.761,000] [0m<inf> oresat_solar2: 176 5332.500000 229860.000000 1225.728394 827500[0m
[00:00:01.77,000] [0m<inf> oresat_solar2: 1767 5332.50000 230660.000000 1229.994507 825000[0m
[00:00:01.772,000] [0<inf> oresat_solar2: 1772 5332.500000 231360.00000 1233.727173 822500[0m
[00:00:01.778,000] [0m<inf> oresat_solar2: 1778 5331.250000 232180.000000 1237.09570 820000[0m
[00:00:01.784,000] [0m<inf> oresat_solar2: 1784 5332.500000 233020.000000 1242.579102 81750[0m
[00:00:01.789,000] [0m<inf> oresat_solar2: 1789 5330.000000 233680.000000 1245.514404 815000[0m
[0000:01.795,000] [0m<inf> oresat_solar2: 1795 531.250000 234500.000000 1250.178101 812500[0m
[00:00:01.801,00] [0m<inf> oresat_solar2: 1801 5327.500000 35300.000000 1253.560791 810000[0m
[00:00:01.807,000] [0m<if> oresat_solar2: 1807 5327.500000 236080.00000 1257.716187 807500[0m
[00:00:01.812,000] [0m<inf> oresat_olar2: 1812 5327.500000 236880.000000 1261.97849 805000[0m
[00:00:01.818,000] [0m<inf> oresat_solar2: 1818 5327.500000 237580.000000 1265.707397 8025000m
[00:00:01.824,000] [0m<inf> oresat_solar2: 1824 5327.500000 238300.000000 1269.543213 800000[0m
[00:0001.829,000] [0m<inf> oresat_solar2: 1829 5325.000000 239200.000000 1273.739990 797500[0m
[00:00:01.835,000 [0m<inf> oresat_solar2: 1835 5325.000000 24080.000000 1279.490967 795000[0m
[00:00:01.841,000] [0m<inf> oresat_solar2: 1841 5325.000000 240980.000000 283.218506 792500[0m
[00:00:01.846,000] [0m<inf> oresat_solr2: 1846 5322.500000 241800.000000 1286.980469790000[0m
[00:00:01.852,000] [0m<inf> oresat_solar2: 1852 5323.750000 242580.000000 1291.435303 787500[0m
[00:00:01.858,000] [0m<inf> oresat_solar2: 1858 5320.000000 243280.000000 1294.249634 785000[0m
[00:00:01864,000] [0m<inf> oresat_solar2: 1864 5321.25000 244100.000000 1298.917114 782500[0m
[00:00:01.869,000] 0m<inf> oresat_solar2: 1869 5321.250000 244900000000 1303.174072 780000[0m
[00:00:01.875,000] [0m<inf> orsat_solar2: 1875 5321.250000 245700.000000 130.431152 777500[0m
[00:00:01.881,000] [0m<inf> oresat_solar2: 1881 5320.000000 246480.000000 1311.273560 77000[0m
[00:00:01.886,000] [0m<inf> oresat_solar2: 1886 5320000000 247220.000000 1315.210449 772500[0m
[0:00:01.892,000] [0m<inf> oresat_solar2: 1892 5320.000000 248060.000000 1319.679199 770000[0m
[00:00:01.89,000] [0m<inf> oresat_solar2: 1898 5317.500000 248780.000000 1322.887695 767500[0m
[00:00:01.903,000] [0minf> oresat_solar2: 1903 5316.250000 249600.00000 1326.936035 765000[0m
[00:00:01.909,000] [0m<inf> oresa_solar2: 1909 5316.250000 250600.000000 1332.22197 762500[0m
[00:00:01.915,000] [0m<inf> oresat_solar2: 1915 5316.250000 251380.000000 1336.398926 76000[0m
[00:00:01.921,000] [0m<inf> oresat_solar2: 1921 5313.750000 252180.000000 1340.021484 757500[0m
[00:0:01.926,000] [0m<inf> oresat_solar2: 1926 5313.750000 252960.000000 1344.166260 755000[0m
[00:00:01.932,00] [0m<inf> oresat_solar2: 1932 5313.750000 253720.000000 1348.204590 752500[0m
[00:00:01.938,000] [0m<in> oresat_solar2: 1938 5312.500000 254560.00000 1352.349976 750000[0m
[00:00:01.943,000] [0m<inf> oresat_slar2: 1943 5312.500000 255360.000000 1356.59996 747500[0m
[00:00:01.949,000] [0m<inf> oresat_solar2: 19495310.000000 256120.000000 1359.997192 745000[m
[00:00:01.955,000] [0m<inf> oresat_solar2: 1955 5308.750000 256860.000000 1363.605469 742500[0m
[00:00:1.960,000] [0m<inf> oresat_solar2: 1960 5308.750000 257660.00000 1367.852539 740000[0m
[00:00:01.966,000][0m<inf> oresat_solar2: 1966 5307.500000 258400.000000 1371.458008 737500[0m
[00:00:01.972,000] [0m<inf> resat_solar2: 1972 5308.750000 259200.000000 176.027954 735000[0m
[00:00:01.978,000] [0m<inf> oresat_sola2: 1978 5307.500000 260020.000000 1380.056152 32500[0m
[00:00:01.983,000] [0m<inf> oresat_solar2: 1983 537.500000 261000.000000 1385.257446 730000[0m[00:00:01.989,000] [0m<inf> oresat_solar2: 1989 5308.750000 261760.000000 1389.618408 727500[0m
[00:00:01.95,000] [0m<inf> oresat_solar2: 1995 5305.000000 262520.000000 1392.668579 725000[0m
[00:00:02.000,000] [m<inf> oresat_solar2: 2000 5305.000000 263300.000000 1396.806519 722500[0m
[00:00:02.002,000] [0m<dbg> oreat_blink: handle_blink: The light is blinking![0m
[00:00:02.006,000] [0m<inf> oresat_solar2: 2006 5305.00000 264160.000000 1401.368774 720000[0m
[00:0:02.012,000] [0m<inf> oresat_solar2: 2012 5302.500000 264920.00000 1404.738281 717500[0m
[00:00:02.017,00] [0m<inf> oresat_solar2: 2017 5301.250000 265660.000000 1408330078 715000[0m
[00:00:02.023,000] [0m<inf oresat_solar2: 2023 5301.250000 266460.000000 1412.571045 712500[0m
[00:00:02.029,000] [0m<inf> oresat_soar2: 2029 5300.000000 267200.000000 1416.160034 710000[0m
[00:00:02.035,000] [0m<inf> oresat_solar2: 2035 298.750000 267980.000000 1419.958984 707500[0m
[00:00:02.040,000] [0m<inf> oresat_solar2: 2040 5298.750000268780.000000 1424.197998 705000[0m
[00:00:02.046,000] [0m<inf> oresat_solar2: 2046 5298.750000 269580.00000 1428.437012 702500[0m
[00:00:02.052,000] [0m<inf> oresat_solar2: 2052 5298.750000 270320.000000 1432.35154 700000[0m
[00:00:02.057,000] [0m<inf> oesat_solar2: 2057 5298.750000 271100.000000 1436.491089 697500[0m
[00:00:02.063,000] [0m<inf> oresat_solar: 2063 5297.500000 272180.000000 1441.873535 695000[0m
[00:00:02.069,000] [0m<inf> oresat_solar2: 2069 529.000000 272900.000000 1445.005493 692500[0m
[00:00:02.074,000] [0m<inf> oresat_solar2: 2074 5293.750000 27720.000000 1449.005249 690000[0m
[00:00:02.080,000] [0m<inf> oresat_solar2: 2080 5295.000000 274460.0000001453.265747 687500[0m
[00:00:02.086,000] [0m<inf> oresat_solar2: 2086 5293.750000 275300.000000 1457.36938 685000[0m
[00:00:02.092,000] [0m<inf> orest_solar2: 2092 5291.250000 276020.000000 1460.490845 682500[0
[00:00:02.097,000] [0m<inf> oresat_solar2: 097 5290.000000 276860.000000 1464.589355 680000[0m
[00:00:02.103,000] [0m<inf> oresat_solar2: 2103 5290.00000 277600.000000 1468.504028 677500[0m
[00:00:02.109,000] [0m<inf> oresat_solar2: 2109 5291.250000 27832.000000 1472.660645 675000[0m
[00:00:02.114,000] [0m<inf> oresat_solar2: 2114 5290.000000 279120.000000 146.544800 672500[0m
[00:00:02.120,000] [0m<if> oresat_solar2: 2120 5290.000000 279960.000000 1480.988403 60000[0m
[00:00:02.126,000] [0m<inf> oresat_olar2: 2126 5287.500000 280760.000000 1484.518555 667500[0m
00:00:02.131,000] [0m<inf> oresat_solar2: 213 5287.500000 281480.000000 1488.325439 665000[0m
[00:00:02.17,000] [0m<inf> oresat_solar2: 2137 5285.00000 282580.000000 1493.435303 662500[0m
[00:00:02.143,000] [0m<inf> oresat_solar2: 2143 5285.000000 283300.00000 1497.240479 660000[0m
[00:00:02.149,000] [0m<inf> oresat_solar2: 2149 5283.750000 284100.000000 1501.13403 657500[0m
[00:00:02.154,000] [0m<inf>oresat_solar2: 2154 5283.750000 284900.000000 1505.340332 65500[0m
[00:00:02.160,000] [0m<inf> oresat_solr2: 2160 5283.750000 285680.000000 1509.461670 652500[0m
[00:00:02.166,000] [0m<inf> oresat_solar2: 2166 583.750000 286480.000000 1513.688721 650000[0m
[00:00:02.171,000] [0m<inf> oresat_solar2: 2171 5282.500000 87260.000000 1517.450928 647500[0m
[00:00:02.177,000] [0m<inf> oresat_solar2: 2177 5280.000000 287960.00000 1520.428833 645000[0m
[00:00:02.183,000] [0m<inf> oresat_solar2: 2183 5278.750000 288780.000000 1524.39761 642500[0m
[00:00:02.188,000] [0m<inf> orsat_solar2: 2188 5278.750000 289560.000000 1528.514893 6400000m
[00:00:02.194,000] [0m<inf> oresat_solar2 2194 5277.500000 290360.000000 1532.374878 637500[0m
[00:0002.200,000] [0m<inf> oresat_solar2: 2200 5276250000 291080.000000 1535.810791 635000[0m
[00:00:02.206,000 [0m<inf> oresat_solar2: 2206 5277.500000 29100.000000 1540.502197 632500[0m
[00:00:02.211,000] [0m<inf>oresat_solar2: 2211 5275.000000 292920.000000 545.152954 630000[0m
[00:00:02.217,000] [0m<inf> oresat_solar2: 2217 5276.250000 293780.000000 1550.056763627500[0m
[00:00:02.223,000] [0m<inf> oresat_solar2: 2223 5275.000000 294560.000000 1553.803955 625000[0m
[00:00:02.228,000] [0m<inf> oresat_solar2: 228 5275.000000 295260.000000 1557.496460 622500[0m
[00:00:02234,000] [0m<inf> oresat_solar2: 2234 5273.75000 296080.000000 1561.451904 620000[0m
[00:00:02.240,000] [0m<inf> oresat_solar2: 2240 5272.500000 296820000000 1564.983398 617500[0m
[00:00:02.245,000] [0m<inf> oresat_solar2: 2245 5271.250000 297580.000000 156.618530 615000[0m
[00:00:02.251,000] [0m<inf> oresat_solar2: 2251 5270.000000 298380.000000 1572.462646 61500[0m
[00:00:02.257,000] [0m<inf> oresat_solar2: 2257 5268.750000 299160.000000 1576.199219 610000[0m
[0:00:02.263,000] [0m<inf> oresat_solar2: 22635268.750000 299960.000000 1580.414307 607500[0m
[00:00:02.26,000] [0m<inf> oresat_solar2: 2268 5267.50000 300660.000000 1583.726562 605000[0m
[00:00:02.274,000] [0minf> oresat_solar2: 2274 5267.500000 301520.00000 1588.256592 602500[0m
[00:00:02.280,000] [0m<inf> oresa_solar2: 2280 5268.750000 302160.000000 1592.05493 600000[0m
[00:00:02.285,000] [0m<inf> oresat_solar2: 2285 5265.000000 303080.000000 1595.716187 59750[0m
[00:00:02.291,000] [0m<inf> oresat_solar2: 2291 5263.750000 304100.000000 1600.706421 595000[0m
[00:0:02.297,000] [0m<inf> oresat_solar2: 2297 5265.000000 304860.000000 1605.087891 592500[0m
[00:00:02.302,00] [0m<inf> oresat_solar2: 2302 5262.500000 35620.000000 1608.325195 590000[0m
[00:00:02.308,000] [0m<in> oresat_solar2: 2308 5263.750000 306400.00000 1612.812988 587500[0m
[00:00:02.314,000] [0m<inf> oresat_slar2: 2314 5260.000000 307200.000000 1615.87198 585000[0m
[00:00:02.320,000] [0m<inf> oresat_solar2: 2320 5261.250000 307920.000000 1620.044067 582500[m
[00:00:02.325,000] [0m<inf> oresat_solar2: 2325 5260.000000 308760.000000 1624.077637 580000[0m
[00:00:2.331,000] [0m<inf> oresat_solar2: 2331 5258.750000 309520.000000 1627.688354 577500[0m
[00:00:02.337,000][0m<inf> oresat_solar2: 2337 5258.750000 31030.000000 1632.210815 575000[0m
[00:00:02.342,000] [0m<inf> resat_solar2: 2342 5258.750000 311120.000000 136.102295 572500[0m
[00:00:02.348,000] [0m<inf> oresat_sola2: 2348 5256.250000 311900.000000 1639.424316 70000[0m
[00:00:02.354,000] [0m<inf> oresat_solar2: 2354 5256.250000 312620.000000 1643.208862 567500[0m[00:00:02.359,000] [0m<inf> oresat_solar2: 2359 5255.000000 313460.000000 1647.232300 565000[0m
[00:00:02.65,000] [0m<inf> oresat_solar2: 2365 5252.50000 314480.000000 1651.806152 õþ*** Booting Zephyr OS build v4.2.0 ***

[0:00:00.002,000] [0m<inf> oresat_mcxn947_solar Oresat MCXN947 Solar Board App
[0m
[00:00:00.002,000] [0m<nf> oresat_blink: Starting blink demo[0m
[0000:00.002,000] [0m<dbg> oresat_blink: handle_blink: The light is blinking![0m
[00:00:00.002,000] [0m<inf>oresat_solar2: Starting Solar Tracking...[0m
[00:00:00.002,000] [1;31m<err> mcux_lpi2c: SCL GPIO device no ready[0m
[00:00:00.002,000] [0m<inf> oresat_solar2: Starting INA226 reading[0m
[00:00:00.005,000] [0m<nf> oresat_solar2: 5 5473.750000 -580.000000 -.174775 1597500[0m
[00:00:00.011,000] [0m<inf> oresat_solar: 11 5472.500000 -540.000000 -2.955150 1595000[0m
[00:00:00.017,000] [0m<inf> oresat_solar2: 17 5471.25000 -540.000000 -2.954475 1592500[0m
[00:00:00.22,000] [0m<inf> oresat_solar2: 22 5468.750000 -600.000000 -3281250 1590000[0m
[00:00:00.028,000] [0m<in> oresat_solar2: 28 5471.250000 -600.000000 -3.282750 1587500[0m
[00:00:00.034,000] [0m<inf> oresat_solar2 34 5467.500000 -600.000000 -3.280500 1585000[0m
[00:00:00.039,000] [0m<inf> oresat_solar2: 39 5470.000000-600.000000 -3.282000 1582500[0m
[00:00:00.045,000] [0m<inf> oresat_solar2: 45 5468.750000 -540.000000 -2.53125 1580000[0m
[00:00:00.051,000] [0m<inf> oresat_solar2: 51 5468.750000 -500.000000 -2.734375 1577500[m
[00:00:00.057,000] [0m<inf> oresat_solar2:57 5468.750000 -540.000000 -2.953125 1575000[0m
[00:00:00.06,000] [0m<inf> oresat_solar2: 62 5471.250000 520.000000 -2.845050 1572500[0m
[00:00:00.068,000] [0m<inf> oresat_solar2: 68 5470.000000 -520.000000 -2.84400 1570000[0m
[00:00:00.074,000] [0m<inf> oresat_solar2: 74 5470.000000 -520.000000 -2.844400 1567500[0
[00:00:00.079,000] [0m<inf> oresat_solar2: 79 5468.750000 -520.000000 -2.843750 1565000[0m
[00:00:00.085000] [0m<inf> oresat_solar2: 85 5470.000000 -540.000000 -2.953800 1562500[0m
[00:00:00.091,000] [0m<inf> resat_solar2: 91 5470.000000 -520.000000 -2.844400 1560000[0m
[00:00:00.096,000] [0m<inf> oresat_solar2: 9 5468.750000 -540.000000 -2.953125 1557500[0m
[00:00:00.102,000] [0m<inf> oresat_solar2: 102 5468.750000 -80.000000 -3.171875 1555000[0m
[00:00:00.108000] [0m<inf> oresat_solar2: 108 5468.750000 -540.000000 -2.93125 1552500[0m
[00:00:00.114,000] [0m<inf>oresat_solar2: 114 5470.000000 -540.000000 -2.953800 1550000[m
[00:00:00.119,000] [0m<inf> oresat_solar2:119 5468.750000 -540.000000 -2.953125 1547500[0m
[00:00:00.125,000] [0m<inf> oresat_solar2: 125 5468.75000 -580.000000 -3.171875 1545000[0m
[00:00:00.131,000] [0m<in> oresat_solar2: 131 5471.250000 -580.000000 -.173325 1542500[0m
[00:00:00.136,000] [0m<inf> oresat_solar2: 136 5468.750000 -540.000000 -2.953125 154000[0m
[00:00:00.142,000] [0m<inf> oresat_solar2: 142 5467.500000 -580.000000 -3.171150 1537500[0m
[00:00:0.148,000] [0m<inf> oresat_solar2: 148 5467.50000 1800.000000 9.841500 1535000[0m
[00:00:00.153,000] [0m<nf> oresat_solar2: 153 5465.000000 2760.00000015.083400 1532500[0m
[00:00:00.159,000] [0m<inf> oresat_solar2: 159 5465.000000 3960.000000 21.641399 153000[0m
[00:00:00.165,000] [0m<inf> oresat_solar2: 165 5463.750000 4780.000000 26.116726 1527500[0m
[00:0000.171,000] [0m<inf> oresat_solar2: 171 5463.750000 5660.000000 30.924826 1525000[0m
[00:00:00.176,000] [m<inf> oresat_solar2: 176 5463.750000 6480.000000 35.405102 1522500[0m
[00:00:00.182,000] [0m<inf> oresat_olar2: 182 5465.000000 7400.000000 40.441002 120000[0m
[00:00:00.188,000] [0m<inf> oresat_solar2: 188 546.500000 8160.000000 44.574001 1517500[0m
[0000:00.193,000] [0m<inf> oresat_solar2: 193 5462.500000 8980.00000 49.053249 1515000[0m
[00:00:00.199,000][0m<inf> oresat_solar2: 199 5460.000000 9800.000000 53.5079991512500[0m
[00:00:00.205,000] [0m<inf> orest_solar2: 205 5462.500000 10520.000000 57.465500 1510000[0m
00:00:00.210,000] [0m<inf> oresat_solar2: 2105460.000000 11280.000000 61.588799 1507500[0m
[00:00:00.216,000] [0m<inf> oresat_solar2: 216 5461.250000 1180.000000 66.518028 1505000[0m
[00:00:00.22,000] [0m<inf> oresat_solar2: 222 5461.250000 12960.000000 70777802 1502500[0m
[00:00:00.228,000] [0m<in> oresat_solar2: 228 5460.000000 13700.000000 74.802002 150000[0m
[00:00:00.233,000] [0m<inf> oresat_sola2: 233 5460.000000 14520.000000 79.279198 1497500[0m
[00:00:00.239,000] [0m<inf> oresat_solar2: 239 5461.20000 15620.000000 85.304726 1495000[0m
[00:00:00.245,000] [0m<inf> oresat_solar2: 245 5457.500000 16420.00000 89.612152 1492500[0m
[00:00:00.250,000] [0m<inf> oresat_solar2: 250 5458.750000 17180.000000 93.7813261490000[0m
[00:00:00.256,000] [0m<inf> oresat_solar2: 256 5456.250000 18060.000000 98.539871 1487500[0m
00:00:00.262,000] [0m<inf> oresat_solar2: 262 5457.500000 18860.000000 102.928452 1485000[0m
[00:00:00.267000] [0m<inf> oresat_solar2: 267 5457.500000 9620.000000 107.076149 1482500[0m
[00:00:00.273,000] [0m<in> oresat_solar2: 273 5457.500000 20460.000000 11.660454 1480000[0m
[00:00:00.279,000] [0m<inf> oresat_solr2: 279 5456.250000 21200.000000 115.672501 147500[0m
[00:00:00.285,000] [0m<inf> oresat_solar2: 285 5456250000 21900.000000 119.491875 1475000[0m
[0:00:00.290,000] [0m<inf> oresat_solar2: 290 5453.750000 22780.000000 124.236427 1472500[0m
[00:00:00.296,00] [0m<inf> oresat_solar2: 296 5452.500000 23600.000000 128.69001 1470000[0m
[00:00:00.302,000] [0m<inf>oresat_solar2: 302 5453.750000 24300.000000 132.526123 1467500[0m
[00:00:00.307,000] [0m<inf> oresat_solar: 307 5455.000000 25180.000000 137.356903 1465000[0m
[00:00:00.313,000] [0m<inf> oresat_solar2: 313 5452.50000 26220.000000 142.964554 1462500[0m
[00:0:00.319,000] [0m<inf> oresat_solar2: 319 5452.500000 27080.00000 147.653702 1460000[0m
[00:00:00.324,000 [0m<inf> oresat_solar2: 324 5451.250000 27800.000000 151.54454 1457500[0m
[00:00:00.330,000] [0m<inf> oesat_solar2: 330 5451.250000 28600.000000 155.905746 1455000[m
[00:00:00.336,000] [0m<inf> oresat_solar2:336 5450.000000 29420.000000 160.339005 1452500[0m
[00:00:00.342,000] [0m<inf> oresat_solar2: 342 5451.25000 30200.000000 164.627747 1450000[0m
[00:00:00.347,000] [0m<inf> oresat_solar2: 347 5451.250000 30920.00000 168.552643 1447500[0m
[00:00:00.353,000] [0m<inf> oresat_solar2: 353 5450.000000 31720.000000 172.87399 1445000[0m
[00:00:00.359,000] [0m<inf> oreat_solar2: 359 5448.750000 32580.000000 177.520279 1442500[0m
[00:00:00.364,000] [0m<inf> oresat_solar2: 34 5448.750000 33280.000000 181.334396 1440000[0m
[00:00:00.30,000] [0m<inf> oresat_solar2: 370 5447.50000 34100.000000 185.759750 1437500[0m
[00:00:00.376,000] [0m<nf> oresat_solar2: 376 5448.750000 35000.00000 190.706253 1435000[0m
[00:00:00.381,000] [0m<inf> oresat_solar2: 381 5448.750000 35780.000000 194.956268 432500[0m
[00:00:00.387,000] [0m<inf> oresat_solar2: 387 5448.750000 36860.000000 200.840927 1430000[0m
00:00:00.393,000] [0m<inf> oresat_solar2: 393 5445.000000 37560.000000 204.514206 1427500[0m
[00:00:00.399000] [0m<inf> oresat_solar2: 399 5445.000000 8360.000000 208.870193 1425000[0m
[00:00:00.404,000] [0m<in> oresat_solar2: 404 5445.000000 39180.000000 13.335098 1422500[0m
[00:00:00.410,000] [0m<inf> oresat_solr2: 410 5445.000000 40020.000000 217.908905 140000[0m
[00:00:00.416,000] [0m<inf> oresat_solar2: 416 5445.000000 40780.000000 222.047104 1417500[0m
[0:00:00.421,000] [0m<inf> oresat_solar2: 421 5443.750000 41480.000000 225.806747 1415000[0m
[00:00:00.427,00] [0m<inf> oresat_solar2: 427 5445.000000 42320.000000 230.432404 1412500[0m
[00:00:00.433,000] [0m<inf>oresat_solar2: 433 5443.750000 43080.000000 234.516754 1410000[0m
[00:00:00.438,000] [0m<inf> oresat_solar: 438 5443.750000 43820.000000 238.545120 140700[0m
[00:00:00.444,000] [0m<inf> oresat_solar2: 444 5442.50000 44600.000000 242.735504 1405000[0m
[00:0:00.450,000] [0m<inf> oresat_solar2: 450 5442.500000 45400.00000 247.089493 1402500[0m
[00:00:00.456,000 [0m<inf> oresat_solar2: 456 5442.500000 46220.000000 251.55253 1400000[0m
[00:00:00.461,000] [0m<inf> oesat_solar2: 461 5442.500000 46980.000000 255.688644 1397500[m
[00:00:00.467,000] [0m<inf> oresat_solar2:467 5438.750000 47980.000000 260.951233 1395000[0m
[00:00:00.473,000] [0m<inf> oresat_solar2: 473 5440.00000 48800.000000 265.471985 1392500[0m
[00:00:00.478,000] [0m<inf> oresat_solar2: 478 5440.000000 49500.00000 269.279999 1390000[0m
[00:00:00.484,000] [0m<inf> oresat_solar2: 484 5438.750000 50380.000000 274.00421 1387500[0m
[00:00:00.490,000] [0m<inf> oreat_solar2: 490 5437.500000 51120.000000 277.964996 1385000[0m
[00:00:00.495,000] [0m<inf> oresat_solar2: 45 5437.500000 51960.000000 282.532501 1382500[0m
[00:00:00.51,000] [0m<inf> oresat_solar2: 501 5437.50000 52760.000000 286.882507 1380000[0m
[00:00:00.507,000] [0m<inf> oresat_solar2: 507 5436.250000 53460.00000 290.621918 1377500[0m
[00:00:00.513,000] [0m<inf> oresat_solar2: 513 5436.250000 54200.000000 294.644745 375000[0m
[00:00:00.518,000] [0m<inf> oresat_solar2: 518 5436.250000 54960.000000 298.776306 1372500[0m
00:00:00.524,000] [0m<inf> oresat_solar2: 524 5437.500000 55800.000000 303.412506 1370000[0m
[00:00:00.530000] [0m<inf> oresat_solar2: 530 5435.000000 6580.000000 307.512299 1367500[0m
[00:00:00.535,000] [0m<in> oresat_solar2: 535 5436.250000 57380.000000 11.932037 1365000[0m
[00:00:00.541,000] [0m<inf> oresat_solr2: 541 5433.750000 58320.000000 316.896301 132500[0m
[00:00:00.547,000] [0m<inf> oresat_solar2: 547 5435.000000 59180.000000 321.643311 1360000[0m
[0:00:00.552,000] [0m<inf> oresat_solar2: 552 5433.750000 59860000000 325.264282 1357500[0m
[00:00:00.558,00] [0m<inf> oresat_solar2: 558 5432.500000 60680.000000 329.644104 1355000[0m
[00:00:00.564,000] [0m<inf>oresat_solar2: 564 5432.500000 61420.000000 333.664154 1352500[0m
[00:00:00.570,000] [0m<inf> oresat_solar: 570 5432.500000 62220.000000 338.010162 135000[0m
[00:00:00.575,000] [0m<inf> oresat_solar2: 575 5432.50000 63080.000000 342.682098 1347500[0m
[00:0:00.581,000] [0m<inf> oresat_solar2: 581 5432.500000 63700.00000 346.050262 1345000[0m
[00:00:00.587,000 [0m<inf> oresat_solar2: 587 5432.500000 64580.000000 350.83041 1342500[0m
[00:00:00.592,000] [0m<inf> oesat_solar2: 592 5431.250000 65320.000000 354.769257 1340000[m
[00:00:00.598,000] [0m<inf> oresat_solar2:598 5430.000000 66020.000000 358.488586 1337500[0m
[00:00:00.604,000] [0m<inf> oresat_solar2: 604 5430.00000 66800.000000 362.723999 1335000[0m
[00:00:00.609,000] [0m<inf> oresat_solar2: 609 5428.750000 67560.00000 366.766357 1332500[0m
[00:00:00.615,000] [0m<inf> oresat_solar2: 615 5428.750000 68580.000000 372.30368 1330000[0m
[00:00:00.621,000] [0m<inf> oreat_solar2: 621 5428.750000 69360.000000 376.538086 1327500[0m
[00:00:00.627,000] [0m<inf> oresat_solar2: 67 5428.750000 70100.000000 380.555389 1325000[0m
[00:00:00.62,000] [0m<inf> oresat_solar2: 632 5427.50000 70860.000000 384.592651 1322500[0m
[00:00:00.638,000] [0m<nf> oresat_solar2: 638 5427.500000 71620.00000 388.717560 1320000[0m
[00:00:00.644,000] [0m<inf> oresat_solar2: 644 5426.250000 72900.000000 395.573639 317500[0m
[00:00:00.649,000] [0m<inf> oresat_solar2: 649 5427.500000 73680.000000 399.898193 1315000[0m
00:00:00.655,000] [0m<inf> oresat_solar2: 655 5426.250000 74480.000000 404.147095 1312500[0m
[00:00:00.661000] [0m<inf> oresat_solar2: 661 5425.000000 75200.000000 407.959991 1310000[0m
[00:00:00.666,000] [0m<in> oresat_solar2: 666 5423.750000 75980.000000 412.096527 1307500[0m
[00:00:00.672,000] [0m<inf> oresat_solr2: 672 5423.750000 76720.000000 416.110107 135000[0m
[00:00:00.678,000] [0m<inf> oresat_solar2: 678 5425000000 77620.000000 421.088501 1302500[0m
[0:00:00.684,000] [0m<inf> oresat_solar2: 684 5422.500000 78400000000 425.123993 1300000[0m
[00:00:00.689,00] [0m<inf> oresat_solar2: 689 5421.250000 79200.000000 429.33007 1297500[0m
[00:00:00.695,000] [0m<inf>oresat_solar2: 695 5421.250000 80180.000000 434.675812 1295000[0m
[00:00:00.701,000] [0m<inf> oresat_solar: 701 5422.500000 81000.000000 439.222504 1292500[0m
[00:00:0.706,000] [0m<inf> oresat_solar2: 706 5421.20000 81720.000000 443.024536 1290000[0m
[00:00:00.712,000] [0m<inf> oresat_solar2: 712 5421.250000 82560.00000 447.578400 1287500[0m
[00:00:00.718,000] [0m<inf> oresat_solar2: 718 5418.750000 83300.000000 451.38166 1285000[0m
[00:00:00.723,000] [0m<inf> oesat_solar2: 723 5420.000000 84160.000000 456.147186 1282500[m
[00:00:00.729,000] [0m<inf> oresat_solar2:729 5420.000000 84900.000000 460.157990 1280000[0m
[00:00:00735,000] [0m<inf> oresat_solar2: 735 5420.00000 85620.000000 464.060394 1277500[0m
[00:00:00.741,000] [0<inf> oresat_solar2: 741 5418.750000 86500.00000 468.721863 1275000[0m
[00:00:00.746,000] [0m<inf> oresat_solar2: 746 5417.500000 87220.000000 472.51434 1272500[0m
[00:00:00.752,000] [0m<inf> oresat_solar2: 752 5417.500000 88060.000000 477.065063 1270000[0m
[00:00:00.758,000] [0m<inf> oresat_solar2: 758 5417.500000 88860.000000 481.399048 1267500[0m
[00:00:00.73,000] [0m<inf> oresat_solar2: 763 5417.500000 89580.000000 485.299652 1265000[0m
[00:00:00.769,000] [0m<nf> oresat_solar2: 769 5416.250000 90620.000000 490.820587 1262500[0m
[00:00:00.775,000] [0m<inf> oresat_slar2: 775 5415.000000 91380.000000 494.822693 1260000[0m
[00:00:00.780,000] [0m<inf> oresat_solar2: 780 543.750000 92200.000000 499.147736 1257500[0m
[00:00:00.786,000] [0m<inf> oresat_solar2: 786 5413.750000 9290.000000 503.262207 1255000[0m
[00:00:00.792000] [0m<inf> oresat_solar2: 792 5413.750000 93820.000000 507918030 1252500[0m
[00:00:00.798,000] [0m<in> oresat_solar2: 798 5411.250000 94560.000000 511.687805 125000[0m
[00:00:00.803,000] [0m<inf> oresat_solr2: 803 5412.500000 95320.000000 515.919495 1247500[0m
[00:0:00.809,000] [0m<inf> oresat_solar2: 809 5412500000 96160.000000 520.466003 1245000[0m
[00:00:00.815,000][0m<inf> oresat_solar2: 815 5412.500000 96960000000 524.796021 1242500[0m
[00:00:00.820,000] [0m<inf> oresat_solar2: 820 5411.250000 97760.000000 529.03784 1240000[0m
[00:00:00.826,000] [0m<inf> oresat_solar2: 826 5411.250000 98460.000000 532.791687 1237500[0m
[00:00:00.832,000] [0m<inf> oresat_solar2: 832 5408.750000 99300.000000 537.088867 1235000[0m
[00:00:0.837,000] [0m<inf> oresat_solar2: 837 5408.750000 100060.000000 541.199524 1232500[0m
[00:00:00.843,000] [0m<inf> oresat_solar2: 843 5408.750000 101060.000000 546.608276 1230000[0m
[00:00:00.849,000] [0m<inf> orsat_solar2: 849 5406.250000 101880.000000 550.88757 1227500[0m
[00:00:00.855,000] [0m<inf> oresat_solar2:855 5408.750000 102680.000000 555.370422 122500[0m
[00:00:00.860,000] [0m<inf> oresat_solar2: 860 5407.50000 103520.000000 559.784424 1222500[0m
[00:0:00.866,000] [0m<inf> oresat_solar2: 866 5406.250000 104300.00000 563.871887 1220000[0m
[00:00:00.872,00] [0m<inf> oresat_solar2: 872 5406.250000 105000.000000 567.66250 1217500[0m
[00:00:00.877,000] [0m<inf>oresat_solar2: 877 5405.000000 105780.000000 571.740906 1215000[0m
[00:00:00.883,000] [0m<inf> oresat_sola2: 883 5407.500000 106580.000000 576.331360 1212500[0m
[00:00:00.889,000] [0m<inf> oresat_solar2: 889 5402500000 107400.000000 580.228516 1210000[0m
[00:00:00.894,000] [0m<inf> oresat_solar2: 894 5405.000000 10810.000000 584.388611 1207500[0m
[00:00:00.900,000] [0m<inf> oresat_solar2: 900 5403.750000 108880.000000 58.360291 1205000[0m
[00:00:00.906,000] [0m<inf> oresat_solar2: 906 5405.000000 109720.000000 593.036621 120500[0m
[00:00:00.912,000] [0m<inf> oresat_slar2: 912 5402.500000 110500.000000 596.976257 1200000[0m
[0:00:00.917,000] [0m<inf> oresat_solar2: 917 502.500000 111300.000000 601.298279 1197500[0m
[00:00:00.923,00] [0m<inf> oresat_solar2: 923 5403.750000 12360.000000 607.165344 1195000[0m
[00:00:00.929,000] [0m<in> oresat_solar2: 929 5401.250000 113000.000000610.341248 1192500[0m
[00:00:00.934,000] [0m<inf> oresat_soar2: 934 5402.500000 113900.000000 615.344727 190000[0m
[00:00:00.940,000] [0m<inf> oresat_solar2: 940 540.000000 114680.000000 619.271973 1187500[0m[00:00:00.946,000] [0m<inf> oresat_solar2: 946 5400.000000 11380.000000 623.052002 1185000[0m
[00:00:00.91,000] [0m<inf> oresat_solar2: 951 5397.500000 116180.000000 627.081543 1182500[0m
[00:00:00.957,000] [0minf> oresat_solar2: 957 5398.750000 116980.000000 631.545776 1180000[0m
[00:00:00.963,000] [0m<inf> oresatsolar2: 963 5398.750000 117700.000000 635.432861 1177500[0m
[00:00:00.969,000] [0m<inf> oresat_solar2: 9695397.500000 118560.000000 639.927612 1175000[0m
[00:00:00.974,000] [0m<inf> oresat_solar2: 974 5397.500000119360.000000 644.245605 1172500[0m
[00:00:00.980,000] [0m<inf> oresat_solar2: 980 5396.250000 120120.00000 648.197571 1170000[0m
[00:00:00.986,000] [0m<inf> oresat_solar2: 986 5397.500000 120920.000000 652.66571 1167500[0m
[00:00:00.991,000] [0m<inf> oresat_solar2: 991 5395.000000 121680.000000 656.463623 1165000[0
[00:00:00.997,000] [0m<inf> oresat_solar2: 97 5395.000000 122720.000000 662.074402 1162500[0m
[00:00:01002,000] [0m<dbg> oresat_blink: handle_blink:The light is blinking![0m
[00:00:01.003,000] [0m<inf> oresa_solar2: 1003 5393.750000 123480.000000 666.02264 1160000[0m
[00:00:01.009,000] [0m<inf> oresat_solar2: 109 5396.250000 124280.000000 670.645935 115750[0m
[00:00:01.014,000] [0m<inf> oresat_solar2: 1014 5395.00000 124980.000000 674.267090 1155000[0m
[00:0:01.020,000] [0m<inf> oresat_solar2: 1020 5393.750000 125780000000 678.425903 1152500[0m
[00:00:01.026,00] [0m<inf> oresat_solar2: 1026 5393.750000 126620.000000 682956604 1150000[0m
[00:00:01.031,000] [0m<in> oresat_solar2: 1031 5395.000000 127320.000000 686.891418 1147500[0m
[00:00:01.037,000] [0m<inf> oresat_slar2: 1037 5392.500000 128200.000000 691.318481 1145000[0m
[0:00:01.043,000] [0m<inf> oresat_solar2: 10435391.250000 128920.000000 695.039978 1142500[0m
[00:00:01.048,000] [0m<inf> oresat_solar2: 1048 5392.50000 129780.000000 699.838623 1140000[0m
[00:00:01.054,000] [0m<inf> oresat_solar2: 1054 5390.000000 130520.00000 703.502808 1137500[0m
[00:00:01.060,000] [0m<inf> oresat_solar2: 1060 5390.000000 131320.000000 707.81819 1135000[0m
[00:00:01.066,000] [0m<inf> oresat_solar2: 166 5390.000000 132120.000000 712.126770 113250[0m
[00:00:01.071,000] [0m<inf> oresat_solar2: 1071 5390.000000 133200.000000 717.947998 1130000[0m
[00:0:01.077,000] [0m<inf> oresat_solar2: 1077 5390.000000 133960.000000 722.044373 1127500[0m
[00:00:01.083,00] [0m<inf> oresat_solar2: 1083 5387.500000 134680.000000 725.588501 1125000[0m
[00:00:01.088,000] [0m<in> oresat_solar2: 1088 5388.750000 135480.00000 730.067871 1122500[0m
[00:00:01.094,000] [0m<inf> oresat_slar2: 1094 5387.500000 136300.000000 734.31622 1120000[0m
[00:00:01.100,000] [0m<inf> oresat_solar2: 11005388.750000 137000.000000 738.258728 1117500[m
[00:00:01.105,000] [0m<inf> oresat_solar2: 1105 5386.25000 137780.000000 742.117554 1115000[0m
[00:00:1.111,000] [0m<inf> oresat_solar2: 1111 5387.500000 138600.00000 746.707520 1112500[0m
[00:00:01.117,000][0m<inf> oresat_solar2: 1117 5386.250000 139320.000000 750.41354 1110000[0m
[00:00:01.123,000] [0m<inf> resat_solar2: 1123 5385.000000 140180.000000 754.869324 110750[0m
[00:00:01.128,000] [0m<inf> oresat_sola2: 1128 5383.750000 140960.000000 758.893372 1105000[0m
[00:00:01.134,000] [0m<inf> oresat_solar2: 1134 535.000000 141760.000000 763.377625 1102500[0m
[00:00:01.140,00] [0m<inf> oresat_solar2: 1140 5385.000000 12580.000000 767.793274 1100000[0m
[00:00:01.145,000] [0m<inf> oresat_solar2: 1145 5385.000000 143280.00000 771.562805 1097500[0m
[00:00:01.151,000] [0m<inf> oresat_solar2: 1151 5383.750000 144320.000000 776.98278 1095000[0m
[00:00:01.157,000] [0m<inf> oreat_solar2: 1157 5382.500000 145100.000000 781.000732 1092500[m
[00:00:01.162,000] [0m<inf> oresat_solar2:1162 5382.500000 145880.000000 785.199097 1090000[0m
[00:00:1.168,000] [0m<inf> oresat_solar2: 1168 5381.50000 146700.000000 789.429382 1087500[0m
[00:00:01.174,000][0m<inf> oresat_solar2: 1174 5377.500000 14740.000000 793.073730 1085000[0m
[00:00:01.180,000] [0m<inf> oresat_solar2: 1180 5381.250000 148280.000000 77.931763 1082500[0m
[00:00:01.185,000] [0m<inf> oresat_sola2: 1185 5378.750000 149080.000000 801.864075 180000[0m
[00:00:01.191,000] [0m<inf> oresat_solar2: 1191 5378.750000 149820.000000 805.844299 1077500[0m[00:00:01.197,000] [0m<inf> oresat_solar2: 1197 5378.750000 150660.000000 810.362488 1075000[0m
[00:00:01.02,000] [0m<inf> oresat_solar2: 1202 5378.750000 151480.000000 814.773071 1072500[0m
[00:00:01.208,000] [m<inf> oresat_solar2: 1208 5377.500000 152260.000000 818.778137 1070000[0m
[00:00:01.214,000] [0m<inf> oreat_solar2: 1214 5376.250000 153020.000000 822.673767 1067500[0m
[00:00:01.219,000] [0m<inf> oresat_solar2:1219 5377.500000 153780.000000 826.951965 1065000[0m
[00:00:01.225,000] [0m<inf> oresat_solar2: 1225 5375.00000 154800.000000 832.049988 1062500[0m
[00:00:01.231,000] [0m<inf> oresat_solar2: 1231 5373.750000 15550.000000 835.940552 1060000[0m
[00:00:01.237,000] [0m<inf> oresat_solar2: 1237 5375.000000 156420.000000 80.757507 1057500[0m
[00:00:01.242,000] [0m<inf> oresat_solar2: 1242 5372.500000 157160.000000 844.342102 155000[0m
[00:00:01.248,000] [0m<inf> oresat_solar2: 1248 5372.500000 157960.000000 848.640076 1052500[0m[00:00:01.254,000] [0m<inf> oresat_solar2: 1254 5372.500000 158700.000000 852.615723 1050000[0m
[00:00:01.59,000] [0m<inf> oresat_solar2: 1259 5372.50000 159500.000000 856.913757 1047500[0m
[00:00:01.265,000] [m<inf> oresat_solar2: 1265 5371.250000 160320.00000 861.118774 1045000[0m
[00:00:01.271,000] [0m<inf> oreat_solar2: 1271 5372.500000 161080.000000 865.02283 1042500[0m
[00:00:01.276,000] [0m<inf> oresat_solar2:1276 5371.250000 161880.000000 869.497925 104000[0m
[00:00:01.282,000] [0m<inf> oresat_solar2: 1282 5372.00000 162620.000000 873.675964 1037500[0m
[0:00:01.288,000] [0m<inf> oresat_solar2: 1288 5370.000000 163420.000000 877.565430 1035000[0m
[00:00:01.294000] [0m<inf> oresat_solar2: 1294 5370.000000 164220.000000 881.861389 1032500[0m
[00:00:01.299,000] [0m<nf> oresat_solar2: 1299 5367.500000 165200.000000 886.710999 1030000[0m
[00:00:01.305,000] [0m<inf> oresatsolar2: 1305 5368.750000 165980.000000 891.105103 1027500[0m
[00:00:01.311,000] [0m<inf> oresat_solar2: 131 5367.500000 166800.000000 895.299011 1025000[0m
[00:00:01.316,000] [0m<inf> oresat_solar2: 1316 5367.50000 167580.000000 899.485657 1022500[0m
[00:00:01.322,000] [0m<inf> oresat_solar2: 1322 5367.500000 168360.00000 903.672302 1020000[0m
[00:00:01.328,00] [0m<inf> oresat_solar2: 1328 5366.250000 169180.000000 907.62183 1017500[0m
[00:00:01.333,000] [0m<inf oresat_solar2: 1333 5365.000000 169960.000000 911.835388 101500[0m
[00:00:01.339,000] [0m<inf> oresat_soar2: 1339 5365.000000 170720.000000 915.912781 1012500[0m
[0:00:01.345,000] [0m<inf> oresat_solar2: 1345 365.000000 171500.000000 920.097473 1010000[0m
[00:00:01.351000] [0m<inf> oresat_solar2: 1351 5366.250000172260.000000 924.390198 1007500[0m
[00:00:01.356,000] [0m<nf> oresat_solar2: 1356 5362.500000 173020.00000 927.819763 1005000[0m
[00:00:01.362,000] [0m<inf> oresat_solar2: 1362 5363.750000 173800.000000 932.21927 1002500[0m
[00:00:01.368,000] [0m<inf> oresat_solar2: 1368 5362.500000 174600.000000 936.292480 1000000[0m
[00:00:01.373,000] [0m<inf> oresat_solar2: 1373 5361.250000 175420.000000 940.470459 997500[0m
[00:0001.379,000] [0m<inf> oresat_solar2: 1379 5361.250000 176360.000000 945.510071 995000[0m
[00:00:01.385,000][0m<inf> oresat_solar2: 1385 5361.250000 177200.000000 950.013489 992500[0m
[00:00:01.390,000] [0m<inf> oesat_solar2: 1390 5361.250000 178020.000000 95.409729 990000[0m
[00:00:01.396,000] [0m<inf> oresat_solar2 1396 5360.000000 178760.000000 958.153625 98700[0m
[00:00:01.402,000] [0m<inf> oresat_solar2: 1402 5360.00000 179560.000000 962.441589 985000[0m
[0000:01.408,000] [0m<inf> oresat_solar2: 1408 5358.750000 18036.000000 966.504150 982500[0m
[00:00:01.413,00] [0m<inf> oresat_solar2: 1413 5357.500000 181100.000000 970243225 980000[0m
[00:00:01.419,000] [0m<inf oresat_solar2: 1419 5358.750000 181820.000000 974.327942 97750[0m
[00:00:01.425,000] [0m<inf> oresat_solr2: 1425 5357.500000 182680.000000 978.708130 975000[0m
[00:0:01.430,000] [0m<inf> oresat_solar2: 1430 536.250000 183500.000000 982.871887 972500[0m
[00:00:01.436,000] [0m<inf> oresat_solar2: 1436 5355.000000 18220.000000 986.498108 970000[0m
[00:00:01.442,000] [0m<inf> oresat_solar2: 1442 5356.250000 185020.000000 91.013367 967500[0m
[00:00:01.447,000] [0m<inf> oresat_solar2: 1447 5353.750000 185860.000000 995.047974 95000[0m
[00:00:01.453,000] [0m<inf> oresat_solar2: 1453 5355.000000 186800.000000 1000.314026 962500[0m
00:00:01.459,000] [0m<inf> oresat_solar2: 1459 5352.500000 187680.000000 1004.557190 960000[0m
[00:00:01.45,000] [0m<inf> oresat_solar2: 1465 5352.500000 188380.000000 1008.303955 957500[0m
[00:00:01.470,000] [0<inf> oresat_solar2: 1470 5352.500000 189180.000000 1012.585938 955000[0m
[00:00:01.476,000] [0m<inf> orest_solar2: 1476 5351.250000 189920.000000 1016.09387 952500[0m
[00:00:01.482,000] [0m<inf> oresat_solar2: 482 5351.250000 190720.000000 1020.590393 95000[0m
[00:00:01.487,000] [0m<inf> oresat_solar2: 1487 5350.00000 191560.000000 1024.845947 947500[0m
[0000:01.493,000] [0m<inf> oresat_solar2: 1493 5351.250000 19232.000000 1029.152344 945000[0m
[00:00:01.499,00] [0m<inf> oresat_solar2: 1499 5348.750000 193120.000000 102.950562 942500[0m
[00:00:01.504,000] [0m<if> oresat_solar2: 1504 5347.500000 193880.000000 1036.773315 90000[0m
[00:00:01.510,000] [0m<inf> oresat_olar2: 1510 5347.500000 194620.000000 1040.730469 937500[0m
[00:00:01.516,000] [0m<inf> oresat_solar2: 151 5346.250000 195500.000000 1045.191895 935000[0m
[00:00:01.522,000] [0m<inf> oresat_solar2: 1522 5347.50000 196220.000000 1049.286499 932500[0m
[00:00:01.527,000] [0m<inf> oresat_solar2: 1527 5347.500000 197320.00000 1055.168701 930000[0m
[00:00:01.533,000] [0m<inf> oresat_solar2: 1533 5346.250000 198060.000000 1058.78296 927500[0m
[00:00:01.539,000] [0m<inf> oresat_solar2: 1539 5343.750000 198820.000000 1062.444336 92500[0m
[00:00:01.544,000] [0m<inf> oresat_solar2: 1544 5343.750000 199620.000000 1066.719360 922500[0m
[0000:01.550,000] [0m<inf> oresat_solar2: 1550 5342.500000 200420.000000 1070.743896 920000[0m
[00:00:01.556,00] [0m<inf> oresat_solar2: 1556 5343.750000 01160.000000 1074.948730 917500[0m
[00:00:01.561,000] [0m<if> oresat_solar2: 1561 5341.250000 201960.00000 1078.718872 915000[0m
[00:00:01.567,000] [0m<inf> oresat_olar2: 1567 5342.500000 202760.000000 1083.24539 912500[0m
[00:00:01.573,000] [0m<inf> oresat_solar2: 157 5342.500000 203500.000000 1087.198730 9100000m
[00:00:01.579,000] [0m<inf> oresat_solar2: 1579 5342.50000 204220.000000 1091.045410 907500[0m
[00:0001.584,000] [0m<inf> oresat_solar2: 1584 5338.750000 205020.00000 1094.550537 905000[0m
[00:00:01.590,000 [0m<inf> oresat_solar2: 1590 5340.000000 205800.000000 1098.72046 902500[0m
[00:00:01.596,000] [0m<inf>oresat_solar2: 1596 5340.000000 206600.000000 1103.244019 900000[0m
[00:00:01.601,000] [0m<inf> oresat_solr2: 1601 5340.000000 207420.000000 1107.622803 897500[0m
[00:00:01.607,000] [0m<inf> oresat_solar2: 1607 537.500000 208500.000000 1112.868774 895000[0m
[00:00:01.613,000] [0m<inf> oresat_solar2: 1613 5337.500000 09260.000000 1116.925293 892500[0m
[00:00:01.618,000] [0m<inf> oresat_solar2: 1618 5336.250000 209920.00000 1120.185547 890000[0m
[00:00:01.624,000] [0m<inf> oresat_solar2: 1624 5336.250000 210700.000000 1124.34700 887500[0m
[00:00:01.630,000] [0m<inf> oresat_solar2: 1630 5333.750000 211520.000000 1128.194824 8850000m
[00:00:01.636,000] [0m<inf> oresat_solar2: 1636 5336.250000 212360.000000 1133.206055 882500[0m
[00:0001.641,000] [0m<inf> oresat_solar2: 1641 5336.250000 213100.000000 1137.154907 880000[0m
[00:00:01.647,000 [0m<inf> oresat_solar2: 1647 5333.750000 21360.000000 1140.675781 877500[0m
[00:00:01.653,000] [0m<inf>oresat_solar2: 1653 5332.500000 214720.000000 144.994385 875000[0m
[00:00:01.658,000] [0m<inf> oresat_solr2: 1658 5331.250000 215400.000000 1148.351196872500[0m
[00:00:01.664,000] [0m<inf> oresat_solar2: 1664 532.500000 216220.000000 1152.993164 870000[0m
[00:00:01.670,000] [0m<inf> oresat_solar2: 1670 5331.250000 17020.000000 1156.987915 867500[0m
[00:00:01675,000] [0m<inf> oresat_solar2: 1675 5330.000000 217760.00000 1160.660767 865000[0m
[00:00:01.681,000] 0m<inf> oresat_solar2: 1681 5327.500000 218860.000000 1165.97685 862500[0m
[00:00:01.687,000] [0m<inf> orsat_solar2: 1687 5328.750000 219520.000000 1169.767212 860000[0m
[00:00:01.693,000] [0m<inf> oresat_solar2 1693 5328.750000 220380.000000 1174.349976 857500[0m
[00:00:01.698,000] [0m<inf> oresat_solar2: 1698 5326250000 221160.000000 1177.953491 855000[0m
[00:00:01.704,000 [0m<inf> oresat_solar2: 1704 5327.500000 22120.000000 1182.278809 852500[0m
[00:00:01.710,000] [0m<inf> oresat_solar2: 1710 5327.500000 222720.000000 186.540771 850000[0m
[00:00:01.715,000] [0m<inf> oresat_solar2: 1715 5326.250000 223480.000000 1190.310303847500[0m
[00:00:01.721,000] [0m<inf> oresat_solar2: 1721 5326.250000 224260.000000 1194.464844 845000[0m
[00:00:01.727,000] [0m<inf> oresat_solar2: 1727 5323.750000 225100.000000 1198.376099 842500[0m
[00:00:01732,000] [0m<inf> oresat_solar2: 1732 5323.750000 225800.000000 1202.102783 840000[0m
[00:00:01.738,000] 0m<inf> oresat_solar2: 1738 5322.500000 226600000000 1206.078491 837500[0m
[00:00:01.744,000] [0m<inf> orsat_solar2: 1744 5322.500000 227400.000000 121.336548 835000[0m
[00:00:01.750,000] [0m<inf> oresat_solar2 1750 5321.250000 228220.000000 1214.415649 83500[0m
[00:00:01.755,000] [0m<inf> oresat_solar2: 1755 5321250000 229180.000000 1219.524048 830000[0m
[0:00:01.761,000] [0m<inf> oresat_solar2: 1761 5321.250000 23020.000000 1223.993896 827500[0m
[00:00:01.76,000] [0m<inf> oresat_solar2: 1767 5321.250000 230860.000000 228.463745 825000[0m
[00:00:01.772,000] [0minf> oresat_solar2: 1772 5320.000000 231620.000000 1232.218384822500[0m
[00:00:01.778,000] [0m<inf> oresa_solar2: 1778 5318.750000 232360.000000 1235.864746 820000[0m
[00:00:01.784,000] [0m<inf> oresat_solar2: 184 5318.750000 233120.000000 1239.906982 817500[0m
[00:00:01789,000] [0m<inf> oresat_solar2: 1789 5317.50000 233900.000000 1243.763306 815000[0m
[00:00:01.795,000] [0m<inf> oresat_solar2: 1795 5316.250000 234720000000 1247.830200 812500[0m
[00:00:01.801,000] [0m<inf> oresat_solar2: 1801 5317.500000 235420.000000 125.845825 810000[0m
[00:00:01.807,000] [0m<inf> oresat_solar2: 1807 5315.000000 236220.000000 1255.509277 80500[0m
[00:00:01.812,000] [0m<inf> oresat_solar2: 1812 5315.000000 237000.000000 1259.655029 805000[0m
[0:00:01.818,000] [0m<inf> oresat_solar2: 1818 5313.750000 237720.000000 1263.184692 802500[0m
[00:00:01.82,000] [0m<inf> oresat_solar2: 1824 5313.75000 238600.000000 1267.860718 800000[0m
[00:00:01.829,000] [0minf> oresat_solar2: 1829 5312.500000 239360.00000 1271.599976 797500[0m
[00:00:01.835,000] [0m<inf> oresa_solar2: 1835 5311.250000 240380.000000 1276.78262 795000[0m
[00:00:01.841,000] [0m<inf> oresat_solar2: 141 5312.500000 241180.000000 1281.268799 79250[0m
[00:00:01.846,000] [0m<inf> oresat_solar2: 1846 5310.00000 241880.000000 1284.382812 790000[0m
[00:0:01.852,000] [0m<inf> oresat_solar2: 1852 5308.750000 242780000000 1288.858276 787500[0m
[00:00:01.858,00] [0m<inf> oresat_solar2: 1858 5310.000000 243500.000000 129.984985 785000[0m
[00:00:01.864,000] [0m<in> oresat_solar2: 1864 5310.000000 244200.000000 1296.702026 782500[0m
[00:00:01.869,000] [0m<inf> oresat_slar2: 1869 5308.750000 245060.000000 1300.962280 780000[0m
[00:00:01.875,000] [0m<inf> oresat_solar2: 18755307.500000 245800.000000 1304.583496 777500[0m
[00:00:01.881,000] [0m<inf> oresat_solar2: 1881 5308.75000 246560.000000 1308.925415 775000[0m
[00:00:01.886,000] [0m<inf> oresat_solar2: 1886 5305.000000 247400.00000 1312.457031 772500[0m
[00:00:01.892,000][0m<inf> oresat_solar2: 1892 5305.000000 248180.000000 1316.54849 770000[0m
[00:00:01.898,000] [0m<inf> resat_solar2: 1898 5305.000000 248980.000000 1320.838867 76750[0m
[00:00:01.903,000] [0m<inf> oresat_sola2: 1903 5303.750000 249760.000000 1324.664551 765000[0m
[00:0:01.909,000] [0m<inf> oresat_solar2: 1909 531.250000 250800.000000 1329.553467 762500[0m
[00:00:01.915,00] [0m<inf> oresat_solar2: 1915 5302.500000 21560.000000 1333.896851 760000[0m
[00:00:01.921,000] [0m<in> oresat_solar2: 1921 5301.250000 252360.00000 1337.823486 757500[0m
[00:00:01.926,000] [0m<inf> oresat_solar2: 1926 5301.250000 253100.000000 1341.74638 755000[0m
[00:00:01.932,000] [0m<inf> oresat_solar2: 19325300.000000 253880.000000 1345.563965 752500[m
[00:00:01.938,000] [0m<inf> oresat_solar2: 1938 5300.000000 254600.000000 1349.380005 750000[0m
[00:00:1.943,000] [0m<inf> oresat_solar2: 1943 5298.750000 255480.000000 1353.724609 747500[0m
[00:00:01.949,000][0m<inf> oresat_solar2: 1949 5298.750000 256260.000000 1357.857666 745000[0m
[00:00:01.955,000] [0m<inf> resat_solar2: 1955 5297.500000 256980.000000 1361.351562 742500[0m
[00:00:01.960,000] [0m<inf> oresat_sola2: 1960 5297.500000 257760.000000 1365.483643 40000[0m
[00:00:01.966,000] [0m<inf> oresat_solar2: 1966 526.250000 258520.000000 1369.186523 737500[0m[00:00:01.972,000] [0m<inf> oresat_solar2: 1972 5295.000000 29280.000000 1372.887573 735000[0m
[00:00:01.78,000] [0m<inf> oresat_solar2: 1978 5295.000000 260100.00000 1377.229492 732500[0m
[00:00:01.983,000] [m<inf> oresat_solar2: 1983 5293.750000 261180.000000 1382.62152 730000[0m
[00:00:01.989,000] [0m<inf> oreat_solar2: 1989 5293.750000 261980.000000 1386.856567 727500[m
[00:00:01.995,000] [0m<inf> oresat_solar2:1995 5292.500000 262680.000000 1390.233887 725000[0m
[00:00:02.000,000] [0m<inf> oresat_solar2: 2000 5292.00000 263500.000000 1394.573730 722500[0m
[00:00:02.002,000][0m<dbg> oresat_blink: handle_blink: The ligh is blinking![0m
[00:00:02.006,000] [0m<inf> oresat_solar2: 2006 5291.250000 264260.000000 1398.265747 72000[0m
[00:00:02.012,000] [0m<inf> oresat_solar2: 2012 5288.750000 265060.000000 1401.836060 717500[0m
[0:00:02.017,000] [0m<inf> oresat_solar2: 2017 5288.750000 265780.000000 1405.643921 715000[0m
[00:00:02.023000] [0m<inf> oresat_solar2: 2023 5287.500000 266580.000000 1409.541748 712500[0m
[00:00:02.029,000] [0m<nf> oresat_solar2: 2029 5288.750000 267300.000000 1413.682861 710000[0m
[00:00:02.035,000] [0m<inf> oresatsolar2: 2035 5287.500000 268080.000000 1417.47022 707500[0m
[00:00:02.040,000] [0m<inf> oresat_solar2: 200 5285.000000 268860.000000 1420.925049 705000[0m
[00:00:02.046,000] [0m<inf> oresat_solar2: 2046 5285.00000 269660.000000 1425.153076 702500[0m
[00:0:02.052,000] [0m<inf> oresat_solar2: 2052 5283.750000 270380.00000 1428.620361 700000[0m
[00:00:02.057,00] [0m<inf> oresat_solar2: 2057 5285.000000 271220.000000 1433397705 697500[0m
[00:00:02.063,000] [0m<inf oresat_solar2: 2063 5283.750000 272280.000000 1438.659424 69500[0m
[00:00:02.069,000] [0m<inf> oresat_soar2: 2069 5281.250000 273080.000000 1442.203735 692500[0m
[0:00:02.074,000] [0m<inf> oresat_solar2: 2074 282.500000 273820.000000 1446.454102 690000[0m
[00:00:02.080,000] [0m<inf> oresat_solar2: 2080 5281.250000274600.000000 1450.231201 687500[0m
[00:00:02.086,000] [0m<inf> oresat_solar2: 2086 5280.000000 275300.00000 1453.583984 685000[0m
[00:00:02.092,000] [0m<inf> oresat_solar2: 2092 5280.000000 276120.000000 1457.91574 682500[0m
[00:00:02.097,000] [0m<inf> oresat_solar2: 2097 5278.750000 276920.000000 1461.791504 680000[0m
[00:00:02.103,000] [0m<inf> oresat_solar2: 2103 5278.750000 277700.000000 1465.908936 677500[0m
[00:0:02.109,000] [0m<inf> oresat_solar2: 2109 5277.500000 278460.000000 1469.572632 675000[0m
[00:00:02.114,00] [0m<inf> oresat_solar2: 2114 5276.250000 279200.000000 1473.129028 672500[0m
[00:00:02.120,000] [0m<inf oresat_solar2: 2120 5275.000000 280080.000000 1477.421997 670000[0m
[00:00:02.126,000] [0m<inf> oresat_soar2: 2126 5275.000000 280800.000000 1481.21997 667500[0m
[00:00:02.131,000] [0m<inf> oresat_solar2: 2131 275.000000 281620.000000 1485.545532 665000[0
[00:00:02.137,000] [0m<inf> oresat_solar2: 2137 5272.500000282620.000000 1490.113892 662500[0m
[00:00:0.143,000] [0m<inf> oresat_solar2: 2143 5273.750000 283480.00000 1495.002686 660000[0m
[00:00:02.149,000] [0m<inf> oresat_solar2: 2149 5272.500000 284200.000000 1498.44458 657500[0m
[00:00:02.154,000] [0m<inf> oesat_solar2: 2154 5272.500000 285020.000000 1502.767944 655000[0m
[00:00:02.160,000] [0m<inf> oresat_solar: 2160 5271.250000 285720.000000 1506.101562 652500[0m
[00:0:02.166,000] [0m<inf> oresat_solar2: 2166 527.000000 286520.000000 1509.960449 650000[0m
[00:00:02.171,000] [0m<inf> oresat_solar2: 2171 5271.250000 28420.000000 1515.062622 647500[0m
[00:00:02.177,000] [0m<inf> oresat_solar2: 2177 5268.750000 288080.0000001517.821533 645000[0m
[00:00:02.183,000] [0m<inf> oresat_solar2: 2183 5267.500000 288780.000000 1521.14868 642500[0m
[00:00:02.188,000] [0m<inf> oresat_solar2: 2188 5266.250000 289620.000000 1525.211304 640000[0
[00:00:02.194,000] [0m<inf> oresat_solar2: 2194 5266.250000 290420.000000 1529.424316 637500[0m
[00:00:0.200,000] [0m<inf> oresat_solar2: 2200 5265.000000 291280.000000 1533.589233 635000[0m
[00:00:02.206,000] [0m<inf> oresat_solar2: 2206 5265.000000 29198.000000 1537.274658 632500[0m
[00:00:02.211,000] [0m<inf> oesat_solar2: 2211 5262.500000 293100.000000 152.438721 630000[0m
[00:00:02.217,000] [0m<inf> oresat_solar: 2217 5263.750000 293880.000000 1546.910889 67500[0m
[00:00:02.223,000] [0m<inf> oresat_solar2: 2223 526.750000 294580.000000 1550.595459 625000[0m
00:00:02.228,000] [0m<inf> oresat_solar2: 2228 5260.000000 295380.000000 1553.698853 622500[0m
[00:00:02.24,000] [0m<inf> oresat_solar2: 2234 5260.000000 296180.0000001557.906860 620000[0m
[00:00:02.240,000] [0<inf> oresat_solar2: 2240 5258.750000 296960.000000 1561.638428 617500[0m
[00:00:02.245,000] [0m<inf> orest_solar2: 2245 5257.500000 297680.000000 1565.052612 615000[0m
[00:00:02.251,000] [0m<inf> oresat_solar2: 251 5256.250000 298480.000000 1568.885498 612500[0m
[00:00:02.257,000] [0m<inf> oresat_solar2: 2257 5257.50000 299200.000000 1573.043945 610000[0m
[00:00:02.263,000] [0m<inf> oresat_solar2: 2263 5256.250000 30008.000000 1577.295532 607500[0m
[00:00:02.268,000] [0m<inf> oresat_solar2: 2268 5256.250000 300860.000000 151.395386 605000[0m
[00:00:02.274,000] [0m<if> oresat_solar2: 2274 5253.750000 301620.000000 1584.636108 62500[0m
[00:00:02.280,000] [0m<inf> oresat_olar2: 2280 5255.000000 302320.000000 1588.691650 600000[0m
00:00:02.285,000] [0m<inf> oresat_solar2: 228 5253.750000 303160.000000 1592.726807 597500[0m
[00:00:02.21,000] [0m<inf> oresat_solar2: 2291 5251.25000 304160.000000 1597.220215 595000[0m
[00:00:02.297,000] [0<inf> oresat_solar2: 2297 5251.250000 304980.00000 1601.526245 592500[0m
[00:00:02.302,000] [0m<inf> oresat_solar2: 2302 5251.250000 305720.000000 1605.12109 590000[0m
[00:00:02.308,000] [0m<inf> oresat_solar2: 2308 5251.250000 306480.000000 1609.403076 58750[0m
[00:00:02.314,000] [0m<inf> oresat_solar2: 2314 5250.000000 307280.000000 1613.219971 585000[0m
[0000:02.320,000] [0m<inf> oresat_solar2: 2320 5248.750000 308080.000000 1617.034912 582500[0m
[00:00:02.325,00] [0m<inf> oresat_solar2: 2325 5248.750000 308920.000000 1621.443848 580000[0m
[00:00:02.331,000] [0m<if> oresat_solar2: 2331 5245.000000 309580.000000 1623.747070 577500[0m
[00:00:02.337,000] [0m<inf> oresat_olar2: 2337 5246.250000 310400.000000 1628.436035 575000[0m
[00:00:02.342,000] [0m<inf> oresat_solar2: 234 5243.750000 311200.000000 1631.854980 5725000m
[00:00:02.348,000] [0m<inf> oresat_solar2: 2348 5243.75000 312000n0p00ðð*** Booting Zephyr OS build v4.2.0 ***

[00:00:00.002,000] [0m<inf> oresat_mcxn947_solar:Oresat MCXN947 Solar Board App
[0m
[00:00:00.002,000] [0m<inf> oresat_blink: Starting blink demo[0m
[00:0:00.002,000] [0m<dbg> oresat_blink: handle_blink: The light is blinking![0m
[00:00:00.002,000] [0m<inf> resat_solar2: Starting Solar Tracking...[0m
00:00:00.002,000] [1;31m<err> mcux_lpi2c: SCL GPIO device notready[0m
[00:00:00.002,000] [0m<inf> oresatsolar2: Starting INA226 reading[0m
[00:00:00.005,000] [0m<if> oresat_solar2: 5 5467.500000 -540.000000 -2952450 1597500[0m
[00:00:00.011,000] [0m<inf> oresat_solar2 11 5467.500000 -600.000000 -3.280500 15950000m
[00:00:00.017,000] [0m<inf> oresat_solar2: 17 5461.250000 -580.000000 -3.167525 1592500[0m
[00:00:00.02,000] [0m<inf> oresat_solar2: 22 5462.500000 -540.000000 -2.949750 1590000[0m
[00:00:00.028,000] [0m<inf oresat_solar2: 28 5462.500000 -580.000000 -3.168250 1587500[m
[00:00:00.034,000] [0m<inf> oresat_solar2:34 5461.250000 -580.000000 -3.167525 1585000[0m
[00:00:00.039,000] [0m<inf> oresat_solar2: 39 5460.000000 540.000000 -2.948400 1582500[0m
[00:00:00.045,000] [0m<inf> oresat_solar2: 45 5461.250000 -580.000000 -3.17525 1580000[0m
[00:00:00.051,000] [0m<inf>oresat_solar2: 51 5462.500000 -580.000000 -3.168250 1577500[0
[00:00:00.057,000] [0m<inf> oresat_solar2: 7 5461.250000 -520.000000 -2.839850 1575000[0m
[00:00:00.062000] [0m<inf> oresat_solar2: 62 5461.250000 -20.000000 -2.839850 1572500[0m
[00:00:00.068,000] [0m<inf> resat_solar2: 68 5461.250000 -540.000000 -2.94075 1570000[0m
[00:00:00.074,000] [0m<inf> oresat_solar2: 74 5462.500000 -540.000000 -2.949750 1567500[0m
[00:00:00.079,000] [0m<inf> oresat_solar2: 79 5462.500000 -520.000000 -2.840500 1565000[0m
[00:00:00.085,00] [0m<inf> oresat_solar2: 85 5460.000000 -540.000000 -2.948400 1562500[0m
[00:00:00.091,000] [0m<inf> oesat_solar2: 91 5462.500000 -540.000000 -2.949750 1560000[0m
[00:00:00.096,000] [0m<inf> oresat_solar2: 965460.000000 -540.000000 -2.948400 1557500[0m
[00:00:00.102,000] [0m<inf> oresat_solar2: 102 5462.500000 -50.000000 -2.840500 1555000[0m
[00:00:00.108,000] [0m<inf> oresat_solar2: 108 5461.250000 -520.000000 -2.83850 1552500[0m
[00:00:00.114,000] [0m<inf> resat_solar2: 114 5461.250000 -580.000000 -3.167525 1550000[0
[00:00:00.119,000] [0m<inf> oresat_solar2: 19 5460.000000 -540.000000 -2.948400 1547500[0m
[00:00:00.12,000] [0m<inf> oresat_solar2: 125 5458.750000-580.000000 -3.166075 1545000[0m
[00:00:00.131,000] [0m<inf oresat_solar2: 131 5461.250000 -540.000000 -2949075 1542500[0m
[00:00:00.136,000] [0m<inf> oresat_solar2 136 5461.250000 -520.000000 -2.839850 1540000[0m
[00:00:00.142,000] [0m<inf> oresat_solar2: 142 5460.00000 -540.000000 -2.948400 1537500[0m
[00:00:00148,000] [0m<inf> oresat_solar2: 148 5458.750000 1900.000000 0.371625 1535000[0m
[00:00:00.153,000] [0m<nf> oresat_solar2: 153 5457.500000 2820.000000 15.390150 153250[0m
[00:00:00.159,000] [0m<inf> oresat_solr2: 159 5456.250000 3980.000000 21.715876 1530000[0m
[00:00:0.165,000] [0m<inf> oresat_solar2: 165 5457.50000 4880.000000 26.632601 1527500[0m
[00:00:00.171,000] [0m<inf> oresat_solar2: 171 5456.250000 5660.00000 30.882376 1525000[0m
[00:00:00.176,000] [0m<inf> oresat_solar2: 176 5455.000000 6560.000000 35.784801 152500[0m
[00:00:00.182,000] [0m<inf> oresat_solar2: 182 5455000000 7260.000000 39.603298 1520000[0m
[00:0:00.188,000] [0m<inf> oresat_solar2: 188 5456.250000 8220.000000 44.850376 1517500[0m
[00:00:00.193,000] [0m<inf> oresat_solar2: 193 5453.750000 8960.000000 48.865601 515000[0m
[00:00:00.199,000] [0m<inf> oresa_solar2: 199 5453.750000 9760.000000 53.228600 1512500[0m
[00:00:00.205,000] [0m<inf> oresat_solar2: 205 553.750000 10520.000000 57.373451 1510000[0m
[00:00:00.210,000] [0m<inf> oresat_solar2: 210 5452.500000 1140.000000 62.158501 1507500[0m
[00:00:00.216,000] [0m<inf> oresat_solar2: 216 5452.500000 12180.000000 66.41453 1505000[0m
[00:00:00.222,000] [0m<inf> oresat_solar2: 222 5452.500000 12980.000000 70.773453 15025000m
[00:00:00.228,000] [0m<inf> oresat_solar2: 228 5452.500000 13780.000000 75.135452 1500000[0m
[00:00:00233,000] [0m<inf> oresat_solar2: 233 5451.250000 14560.000000 79.370201 1497500[0m
[00:00:00.239,000] [0minf> oresat_solar2: 239 5448.750000 15680.00000 85.436401 1495000[0m
[00:00:00.245,000] [0m<inf> oresat_slar2: 245 5451.250000 16520.000000 90.054649 192500[0m
[00:00:00.250,000] [0m<inf> oresat_solar2: 250 544.750000 17220.000000 93.827477 1490000[0m
[0:00:00.256,000] [0m<inf> oresat_solar2: 256 5451.250000 18080000000 98.558601 1487500[0m
[00:00:00.262,00] [0m<inf> oresat_solar2: 262 5448.750000 18860.000000 102.76428 1485000[0m
[00:00:00.267,000] [0m<inf> resat_solar2: 267 5447.500000 19660.000000 107.097847 14825000m
[00:00:00.273,000] [0m<inf> oresat_solar2 273 5446.250000 20480.000000 111.539200 1480000[0m
[00:00:0.279,000] [0m<inf> oresat_solar2: 279 5447.50000 21160.000000 115.269096 1477500[0m
[00:00:00.285,000] [0m<inf> oresat_solar2: 285 5446.250000 22120.00000 120.471046 1475000[0m
[00:00:00.290,000] [0m<inf> oresat_solar2: 290 5446.250000 22780.000000 124.06555 1472500[0m
[00:00:00.296,000] [0m<inf> oresat_solar2: 296 5446.250000 23600.000000 128.531494 1470000[0
[00:00:00.302,000] [0m<inf> oresat_solar2: 302 5445.000000 24360.000000 132.640198 1467500[0m
[00:00:00.07,000] [0m<inf> oresat_solar2: 307 5446.250000 25220.000000 137.354431 1465000[0m
[00:00:00.313,000] [0minf> oresat_solar2: 313 5445.000000 26360.000000 143.530197 1462500[0m
[00:00:00.319,000] [0m<inf> oresat_olar2: 319 5443.750000 27020.000000 147.090118 1460000[0m
[00:00:00.324,000] [0m<inf> oresat_solar2: 324 543.750000 27820.000000 151.445129 1457500[0m
[00:00:00.330,000] [0m<inf> oresat_solar2: 330 5442.500000 2820.000000 155.764343 1455000[0m
[00:00:00.336,000] [0m<inf> oresat_solar2: 336 5442.500000 29380.000000 15.900650 1452500[0m
[00:00:00.342,000] [0m<if> oresat_solar2: 342 5441.250000 30220.000000 164.434570 145000[0m
[00:00:00.347,000] [0m<inf> oresat_soar2: 347 5441.250000 31020.000000 168.787582 1447500[0m
[00:0:00.353,000] [0m<inf> oresat_solar2: 353 544.500000 31820.000000 173.180344 1445000[0m
[00:00:00.359,000 [0m<inf> oresat_solar2: 359 5442.500000 3262.000000 177.534348 1442500[0m
[00:00:00.364,000] [0m<inf> oesat_solar2: 364 5440.000000 33400.000000 181.95999 1440000[0m
[00:00:00.370,000] [0m<inf> oresat_solar2:370 5440.000000 34260.000000 186.374405 143750[0m
[00:00:00.376,000] [0m<inf> oresat_solar2: 376 5440.00000 35060.000000 190.726395 1435000[0m
[00:0000.381,000] [0m<inf> oresat_solar2: 381 5438.750000 35800.00000 194.707245 1432500[0m
[00:00:00.387,000] [0m<inf> oresat_solar2: 387 5437.500000 36820.000000 200.20875 1430000[0m
[00:00:00.393,000] [0m<inf> oreat_solar2: 393 5438.750000 37680.000000 204.932098 1427500[0m
[00:00:00.399,000] [0m<inf> oresat_solar2: 39 5437.500000 38420.000000 208.908752 1425000[0m
[00:00:00.44,000] [0m<inf> oresat_solar2: 404 5437.50000 39220.000000 213.258743 1422500[0m
[00:00:00.410,000] [0m<inf> oresat_solar2: 410 5436.250000 39980.00000 217.341278 1420000[0m
[00:00:00.416,000] [0m<inf> oresat_solar2: 416 5436.250000 40800.000000 221.798996 417500[0m
[00:00:00.421,000] [0m<inf> oresat_solar2: 421 5436.250000 41560.000000 225.930557 1415000[0m
00:00:00.427,000] [0m<inf> oresat_solar2: 427 5435.000000 42360.000000 230.226593 1412500[0m
[00:00:00.433000] [0m<inf> oresat_solar2: 433 5435.000000 43160.000000 234.574600 1410000[0m
[00:00:00.438,000] [0m<in> oresat_solar2: 438 5433.750000 43900.000000 238.541626 1407500[0m
[00:00:00.444,000] [0m<inf> oresat_solr2: 444 5433.750000 44700.000000 242.888626 1405000[0m
[00:00:00.450,000] [0m<inf> oresat_solar2: 450 5433750000 45460.000000 247.018280 1402500[0m
[00:00:00.456,000] [0m<inf> oresat_solar2: 456 5432.500000 46280000000 251.416107 1400000[0m
[00:00:00.461,000] [0m<inf> oresat_solar2: 461 5432.500000 47020.000000 255.46157 1397500[0m
[00:00:00.467,000] [0m<inf> oresat_solar2: 467 5431.250000 48100.000000 261.243134 1395000[0m
[00:00:00.473,000] [0m<inf> oresat_solar2: 473 5430.000000 48820.000000 265.092590 1392500[0m
[00:00:0.478,000] [0m<inf> oresat_solar2: 478 5430.000000 49620.000000 269.436615 1390000[0m
[00:00:00.484,000] 0m<inf> oresat_solar2: 484 5432.500000 50480.000000 274.232605 1387500[0m
[00:00:00.490,000] [0m<inf> orest_solar2: 490 5428.750000 51220.000000 278.060577 1385000[0m
[00:00:00.495,000] [0m<inf> oresat_solar2: 49 5431.250000 51980.000000 282.316376 1382500[0m
[00:00:00.501,000] [0m<inf> oresat_solar2: 501 5428.75000052680.000000 285.986542 1380000[0m
[00:00:00.507,000] [0m<inf> oresat_solar2: 507 5427.500000 53560.000000290.696899 1377500[0m
[00:00:00.513,000] [0m<inf> oresat_solar2: 513 5428.750000 54280.000000 294.672546 175000[0m
[00:00:00.518,000] [0m<inf> oresat_solar2: 518 5427.500000 55060.000000 298.838135 1372500[0m
[0:00:00.524,000] [0m<inf> oresat_solar2: 524 426.250000 55860.000000 303.110321 1370000[0m
[00:00:00.530,00] [0m<inf> oresat_solar2: 530 5426.250000 5560.000000 306.908691 1367500[0m
[00:00:00.535,000] [0m<inf oresat_solar2: 535 5427.500000 57360.000000 31.321411 1365000[0m
[00:00:00.541,000] [0m<inf> oresat_sola2: 541 5426.250000 58380.000000 316.784485 136500[0m
[00:00:00.547,000] [0m<inf> oresat_solar2: 547 5426.50000 59260.000000 321.559570 1360000[0m
[0000:00.552,000] [0m<inf> oresat_solar2: 552 5425.000000 59980.00000 325.391510 1357500[0m
[00:00:00.558,00] [0m<inf> oresat_solar2: 558 5426.250000 60760.000000 329.69944 1355000[0m
[00:00:00.564,000] [0m<inf> resat_solar2: 564 5422.500000 61500.000000 333.483765 13525000m
[00:00:00.570,000] [0m<inf> oresat_solar2 570 5423.750000 62280.000000 337.791138 1350000[0m
[00:00:00.575,000] [0m<inf> oresat_solar2: 575 5422.50000 63120.000000 342.268188 1347500[0m
[00:00:00.581,000] [0m<inf> oresat_solar2: 581 5422.500000 63800.00000 345.955505 1345000[0m
[00:00:00.587,000] [0m<inf> oresat_solar2: 587 5422.500000 64580.000000 350.18509 1342500[0m
[00:00:00.592,000] [0m<inf> oresat_solar2: 592 5422.500000 65300.000000 354.089264 1340000[0
[00:00:00.598,000] [0m<inf> oresat_solar2: 598 5422.500000 66120.000000 358.535706 1337500[0m
[00:00:00.04,000] [0m<inf> oresat_solar2: 604 5421.250000 66880.000000 62.573212 1335000[0m
[00:00:00.609,000] [0minf> oresat_solar2: 609 5420.000000 67660.000000 366.717194 1332500[0m
[00:00:00.615,000] [0m<inf> oresat_olar2: 615 5420.000000 68700.000000 372.354004 1330000[0m
[00:00:00.621,000] [0m<inf> oresat_solar2: 621 520.000000 69360.000000 375.931213 1327500[0m
[00:00:00.627,000] [0m<inf> oresat_solar2: 627 5418.750000 7020.000000 380.504639 1325000[0m
[00:00:00.632,000] [0m<inf> oresat_solar2: 632 5418.750000 70980.000000 38.622864 1322500[0m
[00:00:00.638,000] [0m<inf> oresat_solar2: 638 5417.500000 72100.000000 390.601746 132000[0m
[00:00:00.644,000] [0m<inf> oresat_solar2: 644 5417.500000 72920.000000 395.044098 1317500[0m
[00:0:00.649,000] [0m<inf> oresat_solar2: 649 5417.500000 73700.000000 399.269745 1315000[0m
[00:00:00.655,000 [0m<inf> oresat_solar2: 655 5417.500000 7452.000000 403.712097 1312500[0m
[00:00:00.661,000] [0m<inf> oesat_solar2: 661 5416.250000 75200.000000 407.02002 1310000[0m
[00:00:00.666,000] [0m<inf> oresat_solar2:666 5415.000000 76080.000000 411.973206 130750[0m
[00:00:00.672,000] [0m<inf> oresat_solar2: 672 5416.25000 76820.000000 416.076324 1305000[0m
[00:0000.678,000] [0m<inf> oresat_solar2: 678 5415.000000 77580.00000 420.095703 1302500[0m
[00:00:00.684,000] [0m<inf> oresat_solar2: 684 5412.500000 78360.000000 424.12350 1300000[0m
[00:00:00.689,000] [0m<inf> oreat_solar2: 689 5412.500000 79200.000000 428.670013 1297500[0m
[00:00:00.695,000] [0m<inf> oresat_solar2: 65 5413.750000 80220.000000 434.291016 1295000[0m
[00:00:00.71,000] [0m<inf> oresat_solar2: 701 5413.75000 81060.000000 438.838562 1292500[0m
[00:00:00.706,000] [0m<inf> oresat_solar2: 706 5411.250000 81760.00000 442.423798 1290000[0m
[00:00:00.712,000] [0m<inf> oresat_solar2: 712 5411.250000 82580.000000 446.861023 287500[0m
[00:00:00.718,000] [0m<inf> oresat_solar2: 718 5412.500000 83320.000000 450.969513 1285000[0m
00:00:00.723,000] [0m<inf> oresat_solar2: 723 5410.000000 84160.000000 455.305603 1282500[0m
[00:00:00.729000] [0m<inf> oresat_solar2: 729 5407.500000 84960.000000 459.421204 1280000[0m
[00:00:00.735,000] [0m<in> oresat_solar2: 735 5410.000000 85780.000000 464.069794 127750[0m
[00:00:00.741,000] [0m<inf> oresat_solr2: 741 5408.750000 86560.000000 468.181396 1275000[0m
[00:00:00.746,000] [0m<inf> oresat_solar2: 746 5407500000 87260.000000 471.858459 1272500[0m
[00:00:00.752,000] [0m<inf> oresat_solar2: 752 5408.750000 88120000000 476.619049 1270000[0m
[00:00:00.758,000] [0m<inf> oresat_solar2: 758 5406.250000 88900.000000 480.65631 1267500[0m
[00:00:00.763,000] [0m<inf> oresat_solar2: 763 5407.500000 89600.000000 484.511993 1265000[0m
[00:00:00.769,000] [0m<inf> oresat_solar: 769 5406.250000 90620.000000 489.914368 1262500[0m
[00:00:0.775,000] [0m<inf> oresat_solar2: 775 5406.20000 91520.000000 494.779999 1260000[0m
[00:00:00.780,000] 0m<inf> oresat_solar2: 780 5406.250000 92260.00000 498.780640 1257500[0m
[00:00:00.786,000] [0m<inf> orest_solar2: 786 5405.000000 93020.000000 502.77302 1255000[0m
[00:00:00.792,000] [0m<inf> oresat_solar2: 79 5403.750000 93860.000000 507.195984 1252500[m
[00:00:00.798,000] [0m<inf> oresat_solar2: 798 5406.25000094680.000000 511.863739 1250000[0m
[00:00:00803,000] [0m<inf> oresat_solar2: 803 5405.000000 95360.000000515.420776 1247500[0m
[00:00:00.809,000] [0<inf> oresat_solar2: 809 5403.750000 96200.000000 519.840759 145000[0m
[00:00:00.815,000] [0m<inf> oresatsolar2: 815 5402.500000 96960.000000 523.826416 1242500[0m
[00:00:00.820,000] [0m<inf> oresat_solar2: 820 402.500000 97760.000000 528.148376 1240000[0m
[00:00:00.826,00] [0m<inf> oresat_solar2: 826 5402.500000 9560.000000 532.470398 1237500[0m
[00:00:00.832,000] [0m<inf> oresat_solar2: 832 5401.250000 99380.000000 56.776245 1235000[0m
[00:00:00.837,000] [0m<inf> oresat_solar2: 837 5401.250000 100160.000000 540.989197 122500[0m
[00:00:00.843,000] [0m<inf> oresat_olar2: 843 5401.250000 101180.000000 546.498474 1230000[0m
[0:00:00.849,000] [0m<inf> oresat_solar2: 849 400.000000 101880.000000 550.151978 1227500[0m
[00:00:00.855000] [0m<inf> oresat_solar2: 855 5398.750000 02660.000000 554.235657 1225000[0m
[00:00:00.860,000] [0m<if> oresat_solar2: 860 5400.000000 103520.00000 559.007996 1222500[0m
[00:00:00.866,000] [0m<inf> oresat_slar2: 866 5400.000000 104300.000000 563.2199711220000[0m
[00:00:00.872,000] [0m<inf> oresat_solar2: 872 598.750000 105060.000000 567.192688 1217500[0m
[00:00:00.877,000] [0m<inf> oresat_solar2: 877 5398.750000 105880.000000 571.619629 1215000[0m
[00:00:00.83,000] [0m<inf> oresat_solar2: 883 5397.500000 106620.000000575.481445 1212500[0m
[00:00:00.889,000] [0<inf> oresat_solar2: 889 5396.250000 107460.000000 579.881042 1210000[0m
[00:00:00.894,000] [0m<inf> oresa_solar2: 894 5397.500000 108220.000000 584.117432 1207500[0m
[00:00:00.900,000] [0m<inf> oresat_solar2: 90 5398.750000 108920.000000 588.031860 1205000[0m
[00:00:00.906,000] [0m<inf> oresat_solar2: 906 5393.75000 109680.000000 591.586487 1202500[0m
[00:00:00.912,000] [0m<inf> oresat_solar2: 912 5392.500000 110480.00000 595.763428 1200000[0m
[00:00:00.917,000] [0m<inf> oresat_solar2: 917 5395.000000 111300.000000 600.46351 1197500[0m
[00:00:00.923,000] [0m<inf> orsat_solar2: 923 5393.750000 112360.000000 606.041748 1195000[m
[00:00:00.929,000] [0m<inf> oresat_solar2:929 5392.500000 113080.000000 609.783875 1192500[0m
[00:00:0.934,000] [0m<inf> oresat_solar2: 934 5392.50000 113900.000000 614.205750 1190000[0m
[00:00:00.940,000] 0m<inf> oresat_solar2: 940 5392.500000 114760.00000 618.843323 1187500[0m
[00:00:00.946,000] [0m<inf> oresat_solar2: 946 5391.250000 115400.000000 622.10269 1185000[0m
[00:00:00.951,000] [0m<inf> oresat_solar2: 951 5392.500000 116220.000000 626.716370 118250[0m
[00:00:00.957,000] [0m<inf> oresat_solar2: 957 5388.75000 116900.000000 629.944885 1180000[0m
[00:0:00.963,000] [0m<inf> oresat_solar2: 963 5390.000000 117760.000000 634.726379 1177500[0m
[00:00:00.969,000 [0m<inf> oresat_solar2: 969 5390.000000 118620.000000 639.361816 1175000[0m
[00:00:00.974,000] [0m<inf> resat_solar2: 974 5390.000000 119420.000000 643.673828 1172500[0m
[00:00:00.980,000] [0m<inf> oresat_solar: 980 5388.750000 120160.000000 647.512207 117000[0m
[00:00:00.986,000] [0m<inf> oresat_solar2: 986 5387.00000 120900.000000 651.348755 1167500[0m
[0:00:00.991,000] [0m<inf> oresat_solar2: 991 5390.000000 12168.000000 655.855225 1165000[0m
[00:00:00.997,00] [0m<inf> oresat_solar2: 997 5387.500000 122780.000000 661.477234 1162500[0m
[00:00:01.002,000] [0m<db> oresat_blink: handle_blink: The light is blinking![0m
[00:0:01.003,000] [0m<inf> oresat_solar2: 1003 536.250000 123500.000000 665.201904 1160000[0m
[00:00:01.009,000] [0m<inf> oresat_solar2: 1009 5387.500000 14280.000000 669.558472 1157500[0m
[00:00:01.014,000] [0m<inf> oresat_solar2: 1014 5386.250000 125100.00000 673.819885 1155000[0m
[00:00:01.020,000] [0m<inf> oresat_solar2: 1020 5385.000000 125880.000000 677.86377 1152500[0m
[00:00:01.026,000] [0m<inf> oresat_solar2: 1026 5387.500000 126700.000000 682.596252 1150000[m
[00:00:01.031,000] [0m<inf> oresat_solar2:1031 5385.000000 127480.000000 686.479797 1147500[0m
[00:00:1.037,000] [0m<inf> oresat_solar2: 1037 5386.50000 128260.000000 690.840454 1145000[0m
[00:00:01.043,000][0m<inf> oresat_solar2: 1043 5382.500000 12900.000000 694.773071 1142500[0m
[00:00:01.048,000] [0m<inf> resat_solar2: 1048 5382.500000 129780.000000 68.540833 1140000[0m
[00:00:01.054,000] [0m<inf> oresat_solar2: 1054 5382.500000 130660.000000 703.277466 137500[0m
[00:00:01.060,000] [0m<inf> oresat_solar2: 1060 532.500000 131400.000000 707.260498 1135000[0m[00:00:01.066,000] [0m<inf> oresat_solar2: 1066 5381.250000 132180.000000 711.293640 1132500[0m
[00:00:01.71,000] [0m<inf> oresat_solar2: 1071 5381.250000 133200.00000 716.782471 1130000[0m
[00:00:01.077,000] [m<inf> oresat_solar2: 1077 5382.500000 134020.000000 721.362671 1127500[0m
[00:00:01.083,000] [0m<inf> oreat_solar2: 1083 5381.250000 134620.000000 724.423889 1125000[0m
[00:00:01.088,000] [0m<inf> oresat_solar2:1088 5380.000000 135580.000000 729.420410 1122500[0m
[00:00:01.094,000] [0m<inf> oresat_solar2: 1094 5377.00000 136320.000000 733.060791 1120000[0m
[00:00:01.100,000] [0m<inf> oresat_solar2: 1100 5378.750000 13700.000000 737.319031 1117500[0m
[00:00:01.105,000] [0m<inf> oresat_solar2: 1105 5378.750000 137820.000000 71.299316 1115000[0m
[00:00:01.111,000] [0m<inf> oresat_solar2: 1111 5377.500000 138700.000000 745.859253 112500[0m
[00:00:01.117,000] [0m<inf> oresat_solar2: 1117 5377.500000 139420.000000 749.731079 1110000[0m[00:00:01.123,000] [0m<inf> oresat_solar2: 1123 5375.000000 140260.000000 753.897522 1107500[0m
[00:00:01.28,000] [0m<inf> oresat_solar2: 1128 5377.50000 141080.000000 758.657715 1105000[0m
[00:00:01.134,000] [m<inf> oresat_solar2: 1134 5375.000000 141780.00000 762.067505 1102500[0m
[00:00:01.140,000] [0m<inf> oreat_solar2: 1140 5376.250000 142600.000000 766.53259 1100000[0m
[00:00:01.145,000] [0m<inf> oresat_solar2:1145 5375.000000 143460.000000 771.097473 109700[0m
[00:00:01.151,000] [0m<inf> oresat_solar2: 1151 5375.00000 144480.000000 776.580017 1095000[0m
[0:00:01.157,000] [0m<inf> oresat_solar2: 1157 5372.500000 14530.000000 780.624268 1092500[0m
[00:00:01.162000] [0m<inf> oresat_solar2: 1162 5371.250000 146000.000000 74.202515 1090000[0m
[00:00:01.168,000] [0m<nf> oresat_solar2: 1168 5371.250000 146800.000000 788.499512 187500[0m
[00:00:01.174,000] [0m<inf> oresatsolar2: 1174 5371.250000 147520.000000 792.366821 1085000[0m
[00:00:01.180,000] [0m<inf> oresat_solar2: 110 5371.250000 148220.000000 796.126648 1082500[0m
[00:00:01.185,000] [0m<inf> oresat_solar2: 1185 5371.25000 149080.000000 800.745972 1080000[0m
[00:00:01.191,000] [0m<inf> oresat_solar2: 1191 5371.250000 149920.00000 805.257812 1077500[0m
[00:00:01.197,000] [0m<inf> oresat_solar2: 1197 5371.250000 150660.000000 809.32544 1075000[0m
[00:00:01.202,000] [0m<inf> oresat_solar2: 1202 5367.500000 151460.000000 812.961548 107200[0m
[00:00:01.208,000] [0m<inf> oresat_soar2: 1208 5368.750000 152260.000000 817.445862 1070000[0m
[0:00:01.214,000] [0m<inf> oresat_solar2: 1214 367.500000 152980.000000 821.120178 1067500[0m
[00:00:01.219000] [0m<inf> oresat_solar2: 1219 5367.500000153800.000000 825.521484 1065000[0m
[00:00:01.225,000] [0m<nf> oresat_solar2: 1225 5366.250000 154880.00000 831.124817 1062500[0m
[00:00:01.231,000] [0m<inf> oresatsolar2: 1231 5366.250000 155660.000000 835.31086 1060000[0m
[00:00:01.237,000] [0m<inf> oresat_solar2: 127 5367.500000 156460.000000 839.799072 1057500[0m
[00:00:01.242,000] [0m<inf> oresat_solar2: 1242 5365.00000 157200.000000 843.377991 1055000[0m
[00:0:01.248,000] [0m<inf> oresat_solar2: 1248 5365.000000 158020.000000 847.777283 1052500[0m
[00:00:01.254,00] [0m<inf> oresat_solar2: 1254 5366.250000 158700.000000 851.23901 1050000[0m
[00:00:01.259,000] [0m<inf oresat_solar2: 1259 5363.750000 159520.000000 855.625427 1047500[0m
[00:00:01.265,000] [0m<inf> oresat_soar2: 1265 5362.500000 160380.000000 860.037720 1045000[0m
[00:00:01.271,000] [0m<inf> oresat_solar2: 1271 363.750000 161060.000000 863.885559 1042500[0m
[00:00:01.276,000] [0m<inf> oresat_solar2: 1276 5361.250000161880.000000 867.879150 1040000[0m
[00:00:0.282,000] [0m<inf> oresat_solar2: 1282 5361.250000 162660.00000 872.060913 1037500[0m
[00:00:01.288,000] [0m<inf> oresat_solar2: 1288 5361.250000 163500.000000 876.56492 1035000[0m
[00:00:01.294,000] [0m<inf> oesat_solar2: 1294 5361.250000 164220.000000 880.424500 1032500[0m
[00:00:01.299,000] [0m<inf> oresat_solar: 1299 5361.250000 165260.000000 886.000183 1030000[0m
[00:00:01.305,000] [0m<inf> oresat_solar2: 1305 536.250000 166020.000000 890.074707 1027500[0m
[00:00:01.311,000] [0m<inf> oresat_solar2: 1311 5357.500000 16860.000000 893.952454 1025000[0m
[00:00:01.316,000] [0m<inf oresat_solar2: 1316 5360.000000 167600.000000898.335999 1022500[0m
[00:00:01.322,000] [0m<inf> oresat_solar2: 1322 5357.500000 168320.000000 901.7744141020000[0m
[00:00:01.328,000] [0m<inf> oresat_solar2: 1328 5357.500000 169280.000000 906.917603 1017500[0
[00:00:01.333,000] [0m<inf> oresat_solar2: 1333 5357.500000 169960.000000 910.560730 1015000[0m
[00:00:0.339,000] [0m<inf> oresat_solar2: 1339 5355.00000 170720.000000 914.205627 1012500[0m
[00:00:01.345,000] [0m<inf> oresat_solar2: 1345 5355.000000 17158.000000 918.810913 1010000[0m
[00:00:01.351,000] [0m<inf> oesat_solar2: 1351 5353.750000 172300.000000 92.451111 1007500[0m
[00:00:01.356,000] [0m<inf> oresat_solar: 1356 5356.250000 173000.000000 926.631226 105000[0m
[00:00:01.362,000] [0m<inf> oresat_solar2: 1362 535.750000 173860.000000 930.802979 1002500[0m
00:00:01.368,000] [0m<inf> oresat_solar2: 1368 5352.500000 17700.000000 935.081726 1000000[0m
[00:00:01.33,000] [0m<inf> oresat_solar2: 1373 5350.000000 175420.000000 938.497009 997500[0m
[00:00:01.379,000] [0minf> oresat_solar2: 1379 5352.500000 176480.000000 944.609192 995000[0m
[00:00:01.385,000] [0m<inf> oresatsolar2: 1385 5352.500000 177260.000000 948.784180 992500[0m
00:00:01.390,000] [0m<inf> oresat_solar2: 139 5351.250000 178080.000000 952.950623 990000[0m
[00:00:01.396,000] [0m<inf> oresat_solar2: 1396 5352.50000 178820.000000 957.134033 987500[0m
[00:00:01.402,000] [0m<inf> oresat_solar2: 1402 5351.250000 179520.00000 960.656372 985000[0m
[00:00:01.408,000] [0m<inf> oresat_solar2: 1408 5350.000000 180380.000000 965.03300 982500[0m
[00:00:01.413,000] [0m<inf> oresat_solar2: 1413 5347.500000 181220.000000 969.073975 980000[0
[00:00:01.419,000] [0m<inf> oresat_solar2: 419 5347.500000 181960.000000 973.031128 977500[0m
[00:00:01425,000] [0m<inf> oresat_solar2: 1425 5348.75000 182680.000000 977.109680 975000[0m
[00:00:01.430,000] [m<inf> oresat_solar2: 1430 5347.500000 183520.00000 981.373230 972500[0m
[00:00:01.436,000] [0m<inf> orest_solar2: 1436 5347.500000 184260.000000 985.30322 970000[0m
[00:00:01.442,000] [0m<inf> oresat_solar2: 142 5347.500000 185080.000000 989.715271 967500[0m
[00:00:01.447,000] [0m<inf> oresat_solar2: 1447 5347.500000 185920.000000 994.207214 965000[0m
[00:0001.453,000] [0m<inf> oresat_solar2: 1453 5343.750000 186860.000000 998.533142 962500[0m
[00:00:01.459,000][0m<inf> oresat_solar2: 1459 5343.750000 187720.000000 1003.18723 960000[0m
[00:00:01.465,000] [0m<inf> resat_solar2: 1465 5343.750000 188460.000000 1007.083130 957500[0m
[00:00:01.470,000] [0m<inf> oresat_sola2: 1470 5342.500000 189300.000000 1011.335266 955000[0m
[00:00:01.476,000] [0m<inf> oresat_solar2: 1476 535.000000 190000.000000 1015.549988 952500[0m[00:00:01.482,000] [0m<inf> oresat_solar2: 1482 5341.250000 10780.000000 1019.003662 950000[0m
[00:00:01.87,000] [0m<inf> oresat_solar2: 1487 5341.250000 191580.00000 1023.276672 947500[0m
[00:00:01.493,000] [m<inf> oresat_solar2: 1493 5340.000000 192460.000000 1027.73640 945000[0m
[00:00:01.499,000] [0m<inf> oreat_solar2: 1499 5340.000000 193220.000000 1031.794800 942500[0m
[00:00:01.504,000] [0m<inf> oresat_solar2:1504 5340.000000 193960.000000 1035.746460 940000[0m
[00:00:01.510,000] [0m<inf> oresat_solar2: 1510 5337.00000 194760.000000 1039.531494 937500[0m
[00:00:01.516,000] [0m<inf> oresat_solar2: 1516 5338.750000 19550.000000 1043.832397 935000[0m
[00:00:01.522,000] [0m<inf> oresat_solar2: 1522 5336.250000 196260.000000 147.292480 932500[0m
[00:00:01.527,000] [0m<inf> oresat_solar2: 1527 5337.500000 197360.000000 1053.409058 30000[0m
[00:00:01.533,000] [0m<inf> oresat_solar2: 1533 5336.250000 198160.000000 1057.431274 927500[0m[00:00:01.539,000] [0m<inf> oresat_solar2: 159 5336.250000 198860.000000 1061.166626 925000[0m
[00:00:01.44,000] [0m<inf> oresat_solar2: 1544 5333.75000 199680.000000 1065.043213 922500[0m
[00:00:01.550,000] [m<inf> oresat_solar2: 1550 5333.750000 200380.00000 1068.776855 920000[0m
[00:00:01.556,000] [0m<inf> oreat_solar2: 1556 5333.750000 201180.000000 1073043823 917500[0m
[00:00:01.561,000] [0m<inf> oresat_solar2: 1561 5332.500000 201960.000000 1076.951660 91500[0m
[00:00:01.567,000] [0m<inf> oresat_solar2: 1567 5332.00000 202780.000000 1081.324341 912500[0m
[0:00:01.573,000] [0m<inf> oresat_solar2: 1573 5333.750000 203480.000000 1085.311401 910000[0m
[00:00:01.579000] [0m<inf> oresat_solar2: 1579 5332.500000 204260.000000 1089.216431 907500[0m
[00:00:01.584,000] [0m<nf> oresat_solar2: 1584 5331.250000 205120.000000 1093.546021 905000[0m
[00:00:01.590,000] [0m<inf> oresatsolar2: 1590 5328.750000 205900.000000 1097.189575 902500[0m
[00:00:01.596,000] [0m<inf> oresat_solar2: 156 5330.000000 206620.000000 1101.284546 900000[0m
[00:00:01.601,000] [0m<inf> oresat_solar2: 1601 5328.75000 207500.000000 1105.715576 897500[0m
[00:00:01.607,000] [0m<inf> oresat_solar2: 1607 5327.500000 208520.00000 1110.890259 895000[0m
[00:00:01.613,000] [0m<inf> oresat_solar2: 1613 5328.750000 209220.000000 1114881104 892500[0m
[00:00:01.618,000] [0m<inf> oresat_solar2: 1618 5327.500000 209980.000000 1118.668457 89000[0m
[00:00:01.624,000] [0m<inf> oresat_solar2: 1624 5326.250000 210860.000000 1123.093018 887500[0m
[0:00:01.630,000] [0m<inf> oresat_solar2: 1630 326.250000 211620.000000 1127.140991 885000[0m
[00:00:01.636000] [0m<inf> oresat_solar2: 1636 5326.250000212320.000000 1130.869385 882500[0m
[00:00:01.641,000] [0m<nf> oresat_solar2: 1641 5325.000000 213080.00000 1134.651001 880000[0m
[00:00:01.647,000] [0m<inf> oresatsolar2: 1647 5322.500000 213960.000000 1138.80124 877500[0m
[00:00:01.653,000] [0m<inf> oresat_solar2: 163 5322.500000 214760.000000 1143.060059 875000[0m
[00:00:01.658,000] [0m<inf> oresat_solar2: 1658 5322.50000 215420.000000 1146.572998 872500[0m
[00:0:01.664,000] [0m<inf> oresat_solar2: 1664 5322.500000 216280.00000 1151.150269 870000[0m
[00:00:01.670,00] [0m<inf> oresat_solar2: 1670 5321.250000 217080.000000 1155136963 867500[0m
[00:00:01.675,000] [0m<inf oresat_solar2: 1675 5321.250000 217780.000000 1158.861816 86500[0m
[00:00:01.681,000] [0m<inf> oresat_soar2: 1681 5320.000000 218800.000000 1164.015991 862500[0m
[00:00:01.687,000] [0m<inf> oresat_solar2: 1687 320.000000 219660.000000 1168.591187 860000[0m
[00:00:01.693000] [0m<inf> oresat_solar2: 1693 5317.500000220420.000000 1172.083374 857500[0m
[00:00:01.698,000] [0m<inf> oresat_solar2: 1698 5318.750000 221180.00000 1176.401123 855000[0m
[00:00:01.704,000] [0m<inf> oresat_solar2: 1704 5318.750000 221960.000000 1180.54805 852500[0m
[00:00:01.710,000] [0m<inf> oresat_solar2: 1710 5318.750000 222800.000000 1185.017456 850000[0m
[00:00:01.715,000] [0m<inf> oresat_solar2: 1715 5317.500000 223520.000000 1188.567627 847500[0m
[00:0:01.721,000] [0m<inf> oresat_solar2: 1721 5315.000000 224320.000000 1192.260742 845000[0m
[00:00:01.727,00] [0m<inf> oresat_solar2: 1727 5316.250000 225100.000000 1196.687866 842500[0m
[00:00:01.732,000] [0m<inf oresat_solar2: 1732 5316.250000 225920.0000001201.047241 840000[0m
[00:00:01.738,000] [0m<inf> oresat_soar2: 1738 5313.750000 226660.000000 1204.41455 837500[0m
[00:00:01.744,000] [0m<inf> oresat_solar2: 1744 311.250000 227480.000000 1208.203125 835000[0
[00:00:01.750,000] [0m<inf> oresat_solar2: 1750 5313.750000228220.000000 1212.703979 832500[0m
[00:00:0.755,000] [0m<inf> oresat_solar2: 1755 5311.250000 229220.00000 1217.444702 830000[0m
[00:00:01.761,000] [0m<inf> oresat_solar2: 1761 5311.250000 230020.000000 1221.69726 827500[0m
[00:00:01.767,000] [0m<inf> oesat_solar2: 1767 5310.000000 230800.000000 1225.547974 825000[0m
[00:00:01.772,000] [0m<inf> oresat_solar: 1772 5311.250000 231560.000000 1229.873047 822500[0m
[00:00:01.778,000] [0m<inf> oresat_solar2: 1778 531.000000 232360.000000 1233.831543 820000[0m
[00:00:01.784,000] [0m<inf> oresat_solar2: 1784 5308.750000 23200.000000 1238.000488 817500[0m
[00:00:01.789,000] [0m<inf> oresat_solar2: 1789 5307.500000 233960.0000001241.742676 815000[0m
[00:00:01.795,000] [0m<inf> oresat_solar2: 1795 5307.500000 234760.000000 1245.98864 812500[0m
[00:00:01.801,000] [0m<inf> oresat_solar2: 1801 5307.500000 235520.000000 1250.022461 810000[0
[00:00:01.807,000] [0m<inf> oresat_solar2: 1807 5306.250000 236200.000000 1253.336304 807500[0m
[00:00:0.812,000] [0m<inf> oresat_solar2: 1812 5305.000000 237060.000000 1257.603271 805000[0m
[00:00:01.818,000] [0m<inf> oresat_solar2: 1818 5305.000000 237720.000000 1261.104614 802500[0m
[00:00:01.824,000] [0m<inf> oesat_solar2: 1824 5303.750000 238680.000000 125.899048 800000[0m
[00:00:01.829,000] [0m<inf> oresat_solar: 1829 5305.000000 239320.000000 1269.592651 77500[0m
[00:00:01.835,000] [0m<inf> oresat_solar2: 1835 530.750000 240400.000000 1275.021484 795000[0m
00:00:01.841,000] [0m<inf> oresat_solar2: 1841 5301.250000 24200.000000 1278.661499 792500[0m
[00:00:01.86,000] [0m<inf> oresat_solar2: 1846 5302.500000 241900.0000001282.674805 790000[0m
[00:00:01.852,000] [0<inf> oresat_solar2: 1852 5301.250000 242720.000000 1286.71936 787500[0m
[00:00:01.858,000] [0m<inf> orest_solar2: 1858 5301.250000 243500.000000 1290.854370 785000[0
[00:00:01.864,000] [0m<inf> oresat_solar2: 864 5300.000000 244280.000000 1294.683960 782500[0m
[00:00:0.869,000] [0m<inf> oresat_solar2: 1869 5298.70000 245020.000000 1298.299683 780000[0m
[00:00:01.875,000] [0m<inf> oresat_solar2: 1875 5298.750000 24586.000000 1302.750732 777500[0m
[00:00:01.881,000] [0m<inf> oesat_solar2: 1881 5297.500000 246700.000000 136.893311 775000[0m
[00:00:01.886,000] [0m<inf> oresat_solar: 1886 5297.500000 247400.000000 1310.601440 72500[0m
[00:00:01.892,000] [0m<inf> oresat_solar2: 1892 529.000000 248200.000000 1314.218994 770000[0m
00:00:01.898,000] [0m<inf> oresat_solar2: 1898 5295.000000 24000.000000 1318.454956 767500[0m
[00:00:01.93,000] [0m<inf> oresat_solar2: 1903 5293.750000 249800.000000 1322.378784 765000[0m
[00:00:01.909,000] [0<inf> oresat_solar2: 1909 5295.000000 250860.000000 1328.30371 762500[0m
[00:00:01.915,000] [0m<inf> orest_solar2: 1915 5293.750000 251560.000000 1331.695801 760000[0m
[00:00:01.921,000] [0m<inf> oresat_solar2: 921 5292.500000 252360.000000 1335.615356 757500[0m
[00:00:01.926,000] [0m<inf> oresat_solar2: 1926 5292.50000 253120.000000 1339.637573 755000[0m
[00:00:01.932,000] [0m<inf> oresat_solar2: 1932 5292.500000 25386.000000 1343.554077 752500[0m
[00:00:01.938,000] [0m<inf> oresat_solar2: 1938 5291.250000 254680.000000 137.575562 750000[0m
[00:00:01.943,000] [0m<inf> oresat_solar2: 1943 5291.250000 255460.000000 1351.702759 77500[0m
[00:00:01.949,000] [0m<inf> oresat_solar2: 1949 5290.000000 256320.000000 1355.932739 745000[0m
00:00:01.955,000] [0m<inf> oresat_solar2: 1955 5288.750000 257000.000000 1359.208740 742500[0m
[00:00:01.90,000] [0m<inf> oresat_solar2: 1960 5288.750000 257780.000000 1363.333984 740000[0m
[00:00:01.966,000] [0<inf> oresat_solar2: 1966 5287.500000 258600.000000 1367.347534 737500[0m
[00:00:01.972,000] [0m<inf> orest_solar2: 1972 5287.500000 259360.000000 1371.65967 735000[0m
[00:00:01.978,000] [0m<inf> oresat_solar2: 978 5286.250000 260180.000000 1375.376465 73250[0m
[00:00:01.983,000] [0m<inf> oresat_solar2: 1983 5283.70000 261200.000000 1380.115479 730000[0m
[0000:01.989,000] [0m<inf> oresat_solar2: 1989 5286.250000 26198.000000 1384.891724 727500[0m
[00:00:01.995,00] [0m<inf> oresat_solar2: 1995 5283.750000 262760.000000 138.358154 725000[0m
[00:00:02.000,000] [0m<if> oresat_solar2: 2000 5283.750000 263520.000000 1392.373779 72500[0m
[00:00:02.002,000] [0m<dbg> oresat_link: handle_blink: The light is blinking![0m
[00:00:02.006,00] [0m<inf> oresat_solar2: 2006 5282.500000 64320.000000 1396.270386 720000[0m
[00:00:02.012,000] [0m<if> oresat_solar2: 2012 5281.250000 265080.00000 1399.953735 717500[0m
[00:00:02.017,000] [0m<inf> oresat_olar2: 2017 5280.000000 265820.000000 1403.52941 715000[0m
[00:00:02.023,000] [0m<inf> oresat_solar2: 2023 5280.000000 266600.000000 1407.647949 7125000m
[00:00:02.029,000] [0m<inf> oresat_solar2: 2029 5278.75000 267400.000000 1411.537720 710000[0m
[00:0002.035,000] [0m<inf> oresat_solar2: 2035 5276.250000 268180.000000 1414.984741 707500[0m
[00:00:02.040,000 [0m<inf> oresat_solar2: 2040 5277.500000 268900.000000 1419.119751 705000[0m
[00:00:02.046,000] [0m<inf>oresat_solar2: 2046 5276.250000 269680.000000 1422.899048 702500[0m
[00:00:02.052,000] [0m<inf> oresat_solr2: 2052 5275.000000 270500.000000 1426.887451 700000[0m
[00:00:02.057,000] [0m<inf> oresat_solar2: 2057 575.000000 271280.000000 1431.001953 697500[0m
[00:00:02.063,000] [0m<inf> oresat_solar2: 2063 5273.750000 72280.000000 1435.936646 695000[0m
[00:00:02.069,000] [0m<inf> oresat_solar2: 2069 5273.750000 273080.00000 1440.155640 692500[0m
[00:00:02.074,000] [0m<inf> oresat_solar2: 2074 5272.500000 273800.000000 1443.61074 690000[0m
[00:00:02.080,000] [0m<inf> oresat_solar2: 2080 5272.500000 274680.000000 1448.250244 6875000m
[00:00:02.086,000] [0m<inf> oresat_solar2: 2086 5268.750000 275400.000000 1451.013794 685000[0m
[00:0002.092,000] [0m<inf> oresat_solar2: 2092 5270.000000 276220.000000 1455.679443 682500[0m
[00:00:02.097,000 [0m<inf> oresat_solar2: 2097 5270.000000 276980.000000 1459.684570 680000[0m
[00:00:02.103,000] [0m<inf>oresat_solar2: 2103 5267.500000 277700.000000 1462.784790 677500[0m
[00:00:02.109,000] [0m<inf> oresat_solr2: 2109 5268.750000 278520.000000 1467.452271 675000[0m
[00:00:02.114,000] [0m<inf> oresat_solar2: 2114 567.500000 279320.000000 1471.318115 672500[0m
[00:00:02.120,000] [0m<inf> oresat_solar2: 2120 5267.500000 80060.000000 1475.216064 670000[0m
[00:00:02.126,000] [0m<inf> oresat_solar2: 2126 5265.000000 280880.00000 1478.833252 667500[0m
[00:00:02.131,000] [0m<inf> oresat_solar2: 2131 5265.000000 281660.000000 1482.93941 665000[0m
[00:00:02.137,000] [0m<inf> orsat_solar2: 2137 5265.000000 282720.000000 1488.520752 6625000m
[00:00:02.143,000] [0m<inf> oresat_solar2 2143 5265.000000 283460.000000 1492.416870 660000[0m
[00:0002.149,000] [0m<inf> oresat_solar2: 2149 5262500000 284280.000000 1496.023560 657500[0m
[00:00:02.154,000 [0m<inf> oresat_solar2: 2154 5262.500000 28560.000000 1500.128296 655000[0m
[00:00:02.160,000] [0m<inf>oresat_solar2: 2160 5261.250000 285860.000000 503.980957 652500[0m
[00:00:02.166,000] [0m<inf> oresat_solr2: 2166 5258.750000 286600.000000 1507.157715650000[0m
[00:00:02.171,000] [0m<inf> oresat_solar2: 2171 5260.000000 287380.000000 1511.618774 647500[0m
[00:00:02.177,000] [0m<inf> oresat_solar2: 2177 5257.500000 88160.000000 1515.001221 645000[0m
[00:00:02183,000] [0m<inf> oresat_solar2: 2183 5258.750000 288980.000000 1519.673584 642500[0m
[00:00:02.188,000] 0m<inf> oresat_solar2: 2188 5257.500000 289680.000000 1522.992554 640000[0m
[00:00:02.194,000] [0m<inf> orsat_solar2: 2194 5255.000000 290520.000000 1526.682617 637500[0m
[00:00:02.200,000] [0m<inf> oresat_solar2 2200 5255.000000 291280.000000 1530.676392 635000[0m
[00:00:02.206,000] [0m<inf> oresat_solar2: 2206 5253750000 292020.000000 1534.200073 632500[0m
[00:00:02.211,000] [0m<inf> oresat_solar2: 2211 5252.500000 29380.000000 1539.402710 630000[0m
[00:00:02.217,000] [0m<inf> oresat_solar2: 2217 5253.750000 293860.000000 543.866943 627500[0m
[00:00:02.223,000] [0m<inf> oresat_solar2: 2223 5253.750000 294680.000000 1548.175049625000[0m
[00:00:02.228,000] [0m<inf> oresa_solar2: 2228 5252.500000 295400.000000 1551.588501 622500[0m
[00:00:02.234,000] [0m<inf> oresat_solar2: 234 5250.000000 296180.000000 1554.944946 620000[0m
[00:00:02240,000] [0m<inf> oresat_solar2: 2240 5250.00000 296980.000000 1559.145020 617500[0m
[00:00:02.245,000] 0m<inf> oresat_solar2: 2245 5250.000000 297780000000 1563.344971 615000[0m
[00:00:02.251,000] [0m<inf> orsat_solar2: 2251 5248.750000 298560.000000 156.066772 612500[0m
[00:00:02.257,000] [0m<inf> oresat_solar2: 2257 5247.500000 299280.000000 1570.471802 61000[0m
[00:00:02.263,000] [0m<inf> oresat_solar2: 2263 5247500000 300080.000000 1574.669800 607500[0m
[0:00:02.268,000] [0m<inf> oresat_solar2: 2268 5246.250000 300860.000000 1578.386719 605000[0m
[00:00:02.27,000] [0m<inf> oresat_solar2: 2274 5243.750000 301620.000000 1581.619873 602500[0m
[00:00:02.280,000] [0minf> oresat_solar2: 2280 5243.750000 302400.000000 1585.709961 600000[0m
[00:00:02.285,000] [0m<inf> oresa_solar2: 2285 5243.750000 303120.000000 1589.485474 597500[0m
[00:00:02.291,000] [0m<inf> oresat_solar2: 291 5242.500000 304260.000000 1595.083008 595000[0m
[00:00:02.297,000] [0m<inf> oresat_solar2: 2297 5242.50000 304920.000000 1598.543091 592500[0m
[00:00:02.302,000] [0m<inf> oresat_solar2: 2302 5241.250000 305680000000 1602.145264 590000[0m
[00:00:02.308,000] [0m<inf> oresat_solar2: 2308 5240.000000 306520.000000 160.164795 587500[0m
[00:00:02.314,000] [0m<inf> oresat_solar2: 2314 5238.750000 307220.000000 1609.448730 58000[0m
[00:00:02.320,000] [0m<inf> oresat_slar2: 2320 5238.750000 308020.000000 1613.639771 582500[0m
[0:00:02.325,000] [0m<inf> oresat_solar2: 23255237.500000 308820.000000 1617.444702 580000[0m
[00:00:02.33,000] [0m<inf> oresat_solar2: 2331 5236.25000 309520.000000 1620.724121 577500[0m
[00:00:02.337,000] [0minf> oresat_solaröüàÿ*** Booting Zephyr OS build v4.2.0 ***

[00:00:00.02,000] [0m<inf> oresat_mcxn947_solar: Oresat CXN947 Solar Board App
[0m
[00:00:00.002,000] [0m<inf> orest_blink: Starting blink demo[0m
[00:00:00.00,000] [0m<dbg> oresat_blink: handle_blink: The light is blinking![0m
[00:00:00.002,000] [0m<inf> oresat_slar2: Starting Solar Tracking...[0m
[00:00:00.002,000] [1;31m<err> mcux_lpi2c: SCL GPIO device not ready[m
[00:00:00.002,000] [0m<inf> oresat_solar2: Starting INA226 reading[0m
[00:00:00.005,000] [0m<inf> orest_solar2: 5 5457.500000 -580.000000 -3.165350 1597500[0m
[00:00:00.011,000] [0m<inf> oresat_solar2: 11 545.500000 -580.000000 -3.165350 1595000[0m
[00:00:00.017,000] [0m<inf> oresat_solar2: 17 5453.750000 -580.00000 -3.163175 1592500[0m
[00:00:00.022,000] [0m<inf> oresat_solar2: 22 5455.000000 -620.000000 -3.382100 190000[0m
[00:00:00.028,000] [0m<inf> oresatsolar2: 28 5453.750000 -580.000000 -3.163175 1587500[0m
[00:0:00.034,000] [0m<inf> oresat_solar2: 34 5455000000 -580.000000 -3.163900 1585000[0m
[00:00:00.039,000] 0m<inf> oresat_solar2: 39 5453.750000 -520.00000 -2.835950 1582500[0m
[00:00:00.045,000] [0m<inf> oresat_olar2: 45 5455.000000 -540.000000 -2.945700 150000[0m
[00:00:00.051,000] [0m<inf> oresat_solar2: 51 5455.00000 -520.000000 -2.836600 1577500[0m
[00:0:00.057,000] [0m<inf> oresat_solar2: 57 5453.750000 -580.00000 -3.163175 1575000[0m
[00:00:00.062,000] [m<inf> oresat_solar2: 62 5453.750000 -540.000000 -2.945025 1572500[0m
[00:00:00.068,000] [0m<inf> oresat_slar2: 68 5453.750000 -520.000000 -2.835950 1570000[0m
[00:0000.074,000] [0m<inf> oresat_solar2: 74 5453.70000 -520.000000 -2.835950 1567500[0m
[00:00:00.079,000] [0m<inf> oresat_solar2: 79 5452.500000 -580.00000 -3.162450 1565000[0m
[00:00:00.085,000] [0m<inf> oresat_solar2: 85 5452.500000 -500.000000 -2.726250 156200[0m
[00:00:00.091,000] [0m<inf> oresat_solar2: 91 5453.750000 -580.000000 -3.163175 1560000[0m
[00:00:0.096,000] [0m<inf> oresat_solar2: 96 5453.750000 -540.000000 -2.945025 1557500[0m
[00:00:00.102,000] [0minf> oresat_solar2: 102 5455.000000 -540.000000 -2.945700 1555000[0m
[00:00:00.108,000] [0m<inf> oresat_soar2: 108 5452.500000 -540.000000 -2.944350 1552500[0m
[00:00:00.114,000] [0m<inf> oresat_solar2: 114 5455.00000 -580.000000 -3.163900 1550000[0m
[00:00:00.119,000] [0m<inf> oresat_solar2: 119 5453.750000 -540.00000 -2.945025 1547500[0m
[00:00:00.125,000] [0m<inf> oresat_solar2: 125 5455.000000 -540.000000 -2.945700 145000[0m
[00:00:00.131,000] [0m<inf> oresat_solar2: 131 5452.500000 -580.000000 -3.162450 1542500[0m
[0000:00.136,000] [0m<inf> oresat_solar2: 136 542.500000 -580.000000 -3.162450 1540000[0m
[00:00:00.142,000][0m<inf> oresat_solar2: 142 5452.500000 -540.00000 -2.944350 1537500[0m
[00:00:00.148,000] [0m<inf> orest_solar2: 148 5450.000000 1880.000000 10.24600 1535000[0m
[00:00:00.153,000] [0m<inf> oresat_solar2: 153 450.000000 2820.000000 15.369000 1532500[0m
00:00:00.159,000] [0m<inf> oresat_solar2: 159 5451.250000 392.000000 21.368900 1530000[0m
[00:00:00.165,00] [0m<inf> oresat_solar2: 165 5448.750000 4820.000000 26.26276 1527500[0m
[00:00:00.171,000] [0m<inf> oesat_solar2: 171 5447.500000 5680.000000 30.941799 1525000[0m
[00:00:00.176,000] [0m<inf> oresat_solar2: 16 5448.750000 6520.000000 35.525848 1522500[0m
[00:00:00.182,000] [0m<inf> oresat_solar2: 182 5448.750000 360.000000 40.102798 1520000[0m
[00:00:00.188,000] [0m<inf> oresat_solar2: 188 5448.750000 8180.000000 44.70774 1517500[0m
[00:00:00.193,000] [0m<inf> oresat_solar2: 193 5446.250000 8980.000000 48.907326 15150000m
[00:00:00.199,000] [0m<inf> oresat_solar2: 199 5447.500000 9800.000000 53.385502 1512500[0m
[00:00:00.05,000] [0m<inf> oresat_solar2: 205 5445.00000 10620.000000 57.825901 1510000[0m
[00:00:00.210,000] [0m<nf> oresat_solar2: 210 5446.250000 11420.00000 62.196175 1507500[0m
[00:00:00.216,000] [0m<inf> oresat_soar2: 216 5446.250000 12100.000000 65.899628 155000[0m
[00:00:00.222,000] [0m<inf> oresat_solar2: 222 5445000000 12900.000000 70.240501 1502500[0m
[0000:00.228,000] [0m<inf> oresat_solar2: 228 5445.000000 13700.000000 74.596497 1500000[0m
[00:00:00.233,000 [0m<inf> oresat_solar2: 233 5443.750000 14520.000000 79.043251 1497500[0m
[00:00:00.239,000] [0m<inf> orsat_solar2: 239 5443.750000 15620.000000 85.031372 1495000[0m
[00:00:00.245,000] [0m<inf> oresat_solar2: 25 5441.250000 16460.000000 89.562973 1492500[0m
[00:00:00.250,000] [0m<inf> oresat_solar2: 250 5440.00000017220.000000 93.676804 1490000[0m
[00:00:00.256,000] [0m<inf> oresat_solar2: 256 5442.500000 18080.000000 8.400398 1487500[0m
[00:00:00.262,000] [0m<inf> oresat_solar2: 262 5441.250000 18780.000000 102.186676 148000[0m
[00:00:00.267,000] [0m<inf> oresat_solar2: 267 5441.250000 19580.000000 106.539673 1482500[0m
[0000:00.273,000] [0m<inf> oresat_solar2: 273 541.250000 20420.000000 111.110329 1480000[0m
[00:00:00.279,00] [0m<inf> oresat_solar2: 279 5442.500000 2120.000000 115.489853 1477500[0m
[00:00:00.285,000] [0m<inf> resat_solar2: 285 5438.750000 21980.000000 119543724 1475000[0m
[00:00:00.290,000] [0m<inf> oresat_solar2: 290 5438.750000 22860.000000 124.329826 147250[0m
[00:00:00.296,000] [0m<inf> oresat_solar2: 296 5438.75000 23660.000000 128.680832 1470000[0m
[00:0:00.302,000] [0m<inf> oresat_solar2: 302 5437.500000 24360.000000 132.457504 1467500[0m
[00:00:00.307,000][0m<inf> oresat_solar2: 307 5438.750000 25200.000000 137.056503 1465000[0m
[00:00:00.313,000] [0m<inf> orsat_solar2: 313 5437.500000 26260.000000 142.788757 1462500[0m
[00:00:00.319,000] [0m<inf> oresat_solar2: 19 5437.500000 27080.000000 147.247498 1460000[0m
[00:00:00.324,000] [0m<inf> oresat_solar2: 324 5437.50000 27880.000000 151.597504 1457500[0m
[00:00:00.330,000] [0m<inf> oresat_solar2: 330 5436.250000 28580.00000 155.368027 1455000[0m
[00:00:00.336,000] [0m<inf> oresat_solar2: 336 5435.000000 29400.000000 159.7890011452500[0m
[00:00:00.342,000] [0m<inf> orest_solar2: 342 5435.000000 30220.000000 164.245697 1450000[0m[00:00:00.347,000] [0m<inf> oresat_solar2: 34 5435.000000 31080.000000 168.919800 1447500[0m
[00:00:00.35,000] [0m<inf> oresat_solar2: 353 5432.50000031760.000000 172.536194 1445000[0m
[00:00:00.359,000] [0m<if> oresat_solar2: 359 5433.750000 32580.000000177.031570 1442500[0m
[00:00:00.364,000] [0m<inf> oresat_solar2: 364 5432.500000 33420.000000 181.554153 140000[0m
[00:00:00.370,000] [0m<inf> oresat_solar2: 370 5432.500000 34180.000000 185.682846 1437500[0m
[0:00:00.376,000] [0m<inf> oresat_solar2: 376 5432.500000 35000.000000 190.137497 1435000[0m
[00:00:00.381,00] [0m<inf> oresat_solar2: 381 5433.750000 35720.000000 194.093552 1432500[0m
[00:00:00.387,000] [0m<inf oresat_solar2: 387 5431.250000 36900.000000 200.413132 1430000[0m
[00:00:00.393,000] [0m<inf> oresat_sola2: 393 5431.250000 37660.000000 204.540878 1427500[0m
[00:00:00.399,000] [0m<inf> oresat_solar2: 399 5430.00000 38420.000000 208.620605 1425000[0m
[00:00:00.404,000] [0m<inf> oresat_solar2: 404 5430.000000 39260.00000 213.181793 1422500[0m
[00:00:00.410,00] [0m<inf> oresat_solar2: 410 5428.750000 39980.000000 217.04428 1420000[0m
[00:00:00.416,000] [0m<inf> resat_solar2: 416 5430.000000 40720.000000 221.109604 14175000m
[00:00:00.421,000] [0m<inf> oresat_solar2 421 5428.750000 41520.000000 225.401703 1415000[0m
[00:00:0.427,000] [0m<inf> oresat_solar2: 427 5427.50000 42300.000000 229.583252 1412500[0m
[00:00:00.433,000] [0m<inf> oresat_solar2: 433 5427.500000 43180.00000 234.359451 1410000[0m
[00:00:00.438,000] [0m<inf> oresat_solar2: 438 5428.750000 43960.000000 238.64782 1407500[0m
[00:00:00.444,000] [0m<inf> oresat_solar2: 444 5426.250000 44680.000000 242.444855 1405000[0
[00:00:00.450,000] [0m<inf> oresat_solar2: 450 5427.500000 45380.000000 246.299957 1402500[0m
[00:00:00.56,000] [0m<inf> oresat_solar2: 456 5425.000000 46220.000000 250.743500 1400000[0m
[00:00:00.461,000] [0minf> oresat_solar2: 461 5426.250000 46980.000000 254.925232 1397500[0m
[00:00:00.467,000] [0m<inf> oresat_olar2: 467 5423.750000 48080.000000 260.773895 1395000[0m
[00:00:00.473,000] [0m<inf> oresat_solar2: 473 523.750000 48800.000000 264.678986 1392500[0m
[00:00:00.478,000] [0m<inf> oresat_solar2: 478 5423.750000 4980.000000 268.909515 1390000[0m
[00:00:00.484,000] [0m<inf> oresat_solar2: 484 5422.500000 50300.000000 27.751740 1387500[0m
[00:00:00.490,000] [0m<if> oresat_solar2: 490 5423.750000 51160.000000 277.479065 138500[0m
[00:00:00.495,000] [0m<inf> oresat_soar2: 495 5421.250000 51980.000000 281.796570 1382500[0m
[00:0:00.501,000] [0m<inf> oresat_solar2: 501 542.500000 52700.000000 285.765747 1380000[0m
[00:00:00.507,000 [0m<inf> oresat_solar2: 507 5422.500000 5348.000000 289.995300 1377500[0m
[00:00:00.513,000] [0m<inf> oresat_solar2: 513 5420.000000 54220.000000 293.72406 1375000[0m
[00:00:00.518,000] [0m<inf> oresat_solar2: 518 5421.250000 55020.000000 298.277161 137250[0m
[00:00:00.524,000] [0m<inf> oresat_solar2: 524 5420.000000 55860.000000 302.761200 1370000[0m
[00:0000.530,000] [0m<inf> oresat_solar2: 530 5421.250000 56620.000000 306.951172 1367500[0m
[00:00:00.535,000] [0m<inf> oresat_solar2: 535 5418.750000 57360.000000 310.819489 1365000[0m
[00:00:00.541,000] [0m<inf> oreat_solar2: 541 5421.250000 58400.000000 316.601013 1362500[0m
[00:00:00.547,000] [0m<inf> oresat_solar2: 57 5417.500000 59120.000000 320.282593 1360000[0m
[00:00:00.552,000] [0m<inf> oresat_solar2: 552 5417.50000 59980.000000 324.941650 1357500[0m
[00:00:00.558,000] [0m<inf> oresat_solar2: 558 5415.000000 60700.00000 328.690491 1355000[0m
[00:00:00.564,000] [m<inf> oresat_solar2: 564 5417.500000 61520.000000 333.284607 352500[0m
[00:00:00.570,000] [0m<inf> oresa_solar2: 570 5415.000000 62280.000000 337.246185 1350000[0m
00:00:00.575,000] [0m<inf> oresat_solar2: 5755415.000000 62980.000000 341.036713 1347500[0m
[00:00:00.581000] [0m<inf> oresat_solar2: 581 5415.000000 3820.000000 345.585297 1345000[0m
[00:00:00.587,000] [0m<inf> oresat_solar2: 587 5413.750000 64580.000000 49.619965 1342500[0m
[00:00:00.592,000] [0m<inf> oresat_solar2: 592 5416.250000 65320.000000 353.789459 130000[0m
[00:00:00.598,000] [0m<inf> oresat_solar2: 598 5415.000000 66160.000000 358.256409 1337500[0m
[0:00:00.604,000] [0m<inf> oresat_solar2: 604 5413.750000 66860.000000 361.963318 1335000[0m
[00:00:00.609,00] [0m<inf> oresat_solar2: 609 5412.500000 67680.000000 366.317993 1332500[0m
[00:00:00.615,000] [0m<inf>oresat_solar2: 615 5413.750000 68620.000000 37.491516 1330000[0m
[00:00:00.621,000] [0m<inf> oresat_solar: 621 5412.500000 69420.000000 375.735748 132700[0m
[00:00:00.627,000] [0m<inf> oresat_solar2: 627 5412.50000 70220.000000 380.065735 1325000[0m
[00:0:00.632,000] [0m<inf> oresat_solar2: 632 5410.000000 71300.00000 385.733002 1322500[0m
[00:00:00.638,000 [0m<inf> oresat_solar2: 638 5412.500000 72200.000000 390.782501 1320000[0m
[00:00:00.644,000] [0m<inf> oesat_solar2: 644 5408.750000 72920.000000 394.406036 1317500[m
[00:00:00.649,000] [0m<inf> oresat_solar2:649 5410.000000 73620.000000 398.284210 1315000[0m
[00:00:00.655,000] [0m<inf> oresat_solar2: 655 5407.50000 74400.000000 402.317993 1312500[0m
[00:00:00.661,000] [0m<inf> oresat_solar2: 661 5408.750000 75280.00000 407.170685 1310000[0m
[00:00:00.666,000] [0m<inf> oresat_solar2: 666 5407.500000 76020.000000 411.07815 1307500[0m
[00:00:00.672,000] [0m<inf> oreat_solar2: 672 5407.500000 76800.000000 415.295990 1305000[0m
[00:00:00.678,000] [0m<inf> oresat_solar2: 68 5407.500000 77600.000000 419.622009 1302500[0m
[00:00:00.64,000] [0m<inf> oresat_solar2: 684 5406.25000 78400.000000 423.850006 1300000[0m
[00:00:00.689,000] [0m<nf> oresat_solar2: 689 5406.250000 79160.00000 427.958740 1297500[0m
[00:00:00.695,000] [0m<inf> oresat_solar2: 695 5406.250000 80260.000000 433.905640 295000[0m
[00:00:00.701,000] [0m<inf> oresat_solar2: 701 5406.250000 81000.000000 437.906250 1292500[0m
00:00:00.706,000] [0m<inf> oresat_solar2: 706 5402.500000 81860.000000 442.248657 1290000[0m
[00:00:00.712000] [0m<inf> oresat_solar2: 712 5405.000000 82600.000000 446.453003 1287500[0m
[00:00:00.718,000] [0m<in> oresat_solar2: 718 5403.750000 83300.000000 450.132385 1285000[0m
[00:00:00.723,000] [0m<inf> oresat_solr2: 723 5402.500000 84160.000000 454.674408 122500[0m
[00:00:00.729,000] [0m<inf> oresat_solar2: 729 5405000000 84920.000000 458.992615 1280000[0m
[0:00:00.735,000] [0m<inf> oresat_solar2: 735 5402.500000 85720000000 463.102295 1277500[0m
[00:00:00.741,00] [0m<inf> oresat_solar2: 741 5402.500000 86560.000000 467.60411 1275000[0m
[00:00:00.746,000] [0m<inf>oresat_solar2: 746 5402.500000 87360.000000 471.962402 1272500[0m
[00:00:00.752,000] [0m<inf> oresat_solar: 752 5401.250000 88080.000000 475.742096 1270000[0m
[00:00:00.758,000] [0m<inf> oresat_solar2: 758 5401.20000 88880.000000 480.063110 1267500[0m
[00:00:00.763,000] [0m<inf> oresat_solar2: 763 5400.000000 89620.00000 483.947998 1265000[0m
[00:00:00.769,000] [0m<inf> oresat_solar2: 769 5398.750000 90660.000000 489.45084 1262500[0m
[00:00:00.775,000] [0m<inf> oresat_solar2: 775 5401.250000 91460.000000 493.998322 1260000[m
[00:00:00.780,000] [0m<inf> oresat_solar2:780 5398.750000 92300.000000 498.304626 1257500[0m
[00:00:00786,000] [0m<inf> oresat_solar2: 786 5397.50000 93080.000000 502.399292 1255000[0m
[00:00:00.792,000] [0<inf> oresat_solar2: 792 5397.500000 93880.00000 506.717285 1252500[0m
[00:00:00.798,000] [0m<inf> oresatsolar2: 798 5396.250000 94600.000000 510.48526 1250000[0m
[00:00:00.803,000] [0m<inf> oresat_solar2: 803 397.500000 95380.000000 514.813538 1247500[0m
[00:00:00.809,000] [0m<inf> oresat_solar2: 809 5393.750000 96160.000000 518.663025 1245000[0m
[00:00:00.85,000] [0m<inf> oresat_solar2: 815 5396.250000 96980.000000 523.328308 1242500[0m
[00:00:00.820,000] [0m<nf> oresat_solar2: 820 5393.750000 97780.000000 527.400879 1240000[0m
[00:00:00.826,000] [0m<inf> oresat_slar2: 826 5395.000000 98560.000000 531.731201 1237500[0m
[00:00:00.832,000] [0m<inf> oresat_solar2: 832 533.750000 99280.000000 535.491516 1235000[0m
[00:00:00.837,000] [0m<inf> oresat_solar2: 837 5393.750000 10000.000000 539.914368 1232500[0m
[00:00:00.84,000] [0m<inf> oresat_solar2: 843 5393.750000 101160.000000 55.631775 1230000[0m
[00:00:00.849,000] [0m<nf> oresat_solar2: 849 5392.500000 101980.000000 549.927124 127500[0m
[00:00:00.855,000] [0m<inf> oresat_olar2: 855 5392.500000 102700.000000 553.809753 1225000[0m
[0:00:00.860,000] [0m<inf> oresat_solar2: 860 391.250000 103500.000000 557.994385 1222500[0m
[00:00:00.866000] [0m<inf> oresat_solar2: 866 5391.250000 04280.000000 562.199524 1220000[0m
[00:00:00.872,000] [0m<if> oresat_solar2: 872 5388.750000 105100.00000 566.357605 1217500[0m
[00:00:00.877,000] [0m<inf> oresat_solar2: 877 5391.250000 105800.000000 570.3942261215000[0m
[00:00:00.883,000] [0m<inf> oresat_solar2: 883 5390.000000 106580.000000 574.466187 1212500[0m
[00:00:00.889,000] [0m<inf> oresat_solar2: 889 5388.750000 107380.000000 578.643982 1210000[0m
[00:00:00.94,000] [0m<inf> oresat_solar2: 894 5387.500000 108160.000000 582.711975 1207500[0m
[00:00:00.900,000] [0<inf> oresat_solar2: 900 5387.500000 108960.00000 587.021973 1205000[0m
[00:00:00.906,000] [0m<inf> oresa_solar2: 906 5387.500000 109720.000000 591.11616 1202500[0m
[00:00:00.912,000] [0m<inf> oresat_solar2: 912 5387.500000 110500.000000 595.318726 12000000m
[00:00:00.917,000] [0m<inf> oresat_solar2: 917 5386.25000 111300.000000 599.489624 1197500[0m
[00:00:0.923,000] [0m<inf> oresat_solar2: 923 5386.250000 112320.000000 604.983582 1195000[0m
[00:00:00.929,000] [0m<inf> oresat_solar2: 929 5387.500000 113160.000000 609.649475 1192500[0m
[00:00:00.934,000] [0m<inf> orsat_solar2: 934 5386.250000 113900.000000 613.493896 1190000[0m
[00:00:00.940,000] [0m<inf> oresat_solar2:940 5385.000000 114660.000000 617.444092 1187500[0m
[00:00:00.946,000] [0m<inf> oresat_solar2: 946 5383.75000 115500.000000 621.823120 1185000[0m
[00:00:00.951,000] [0m<inf> oresat_solar2: 951 5383.750000 116260.00000 625.914795 1182500[0m
[00:00:00.957,000] [0m<inf> oresat_solar2: 957 5383.750000 116980.000000 629.71077 1180000[0m
[00:00:00.963,000] [0m<inf>oresat_solar2: 963 5382.500000 117860.000000 634.381470 117750[0m
[00:00:00.969,000] [0m<inf> oresat_sola2: 969 5382.500000 118600.000000 638.364502 1175000[0m
[00:0:00.974,000] [0m<inf> oresat_solar2: 974 5381250000 119400.000000 642.521240 1172500[0m
[00:00:00.980,000 [0m<inf> oresat_solar2: 980 5381.250000 12010.000000 646.718628 1170000[0m
[00:00:00.986,000] [0m<inf> resat_solar2: 986 5381.250000 120980.000000 65.023621 1167500[0m
[00:00:00.991,000] [0m<inf> oresat_solar: 991 5380.000000 121760.000000 655.068787 116000[0m
[00:00:00.997,000] [0m<inf> oresat_solar2: 997 5380.00000 122820.000000 660.771606 1162500[0m
[0:00:01.002,000] [0m<dbg> oresat_blink: handle_blink: The ligh is blinking![0m
[00:00:01.003,000] [0m<inf oresat_solar2: 1003 5380.000000 123500.000000 664.429993 1160000[0m
[00:00:01.009,000] [0m<inf> oresat_soar2: 1009 5378.750000 124280.000000 668.471069 1157500[0m
[0:00:01.014,000] [0m<inf> oresat_solar2: 1014 380.000000 125060.000000 672.822815 1155000[0m
[00:00:01.020,000] [0m<inf> oresat_solar2: 1020 5378.750000125780.000000 676.539185 1152500[0m
[00:00:01.026,000] [0m<inf> oresat_solar2: 1026 5377.500000 126620.00000 680.899048 1150000[0m
[00:00:01.031,000] [0m<inf> oresat_solar2: 1031 5377.500000 127380.000000 684.98562 1147500[0m
[00:00:01.037,000] [0m<inf> oesat_solar2: 1037 5377.500000 128260.000000 689.718140 1145000[0m
[00:00:01.043,000] [0m<inf> oresat_solar: 1043 5376.250000 129020.000000 693.643799 1142500[0m
[00:0:01.048,000] [0m<inf> oresat_solar2: 1048 537.000000 129780.000000 697.567505 1140000[0m
[00:00:01.054,00] [0m<inf> oresat_solar2: 1054 5376.250000 13580.000000 702.030701 1137500[0m
[00:00:01.060,000] [0m<inf oresat_solar2: 1060 5375.000000 131400.000000706.275024 1135000[0m
[00:00:01.066,000] [0m<inf> oresat_soar2: 1066 5372.500000 132160.000000 710.0296021132500[0m
[00:00:01.071,000] [0m<inf> oresat_solar2: 1071 5372.500000 133220.000000 715.724426 1130000[0
[00:00:01.077,000] [0m<inf> oresat_solar2: 1077 5371.250000 133960.000000 719.532654 1127500[0m
[00:00:0.083,000] [0m<inf> oresat_solar2: 1083 5373.750000 134780.00000 724.274048 1125000[0m
[00:00:01.088,000] [0m<inf> oresat_solar2: 1088 5372.500000 135480.000000 727.866272 1122500[0m
[00:00:01.094,000] [0m<inf> oesat_solar2: 1094 5372.500000 136260.000000 732.056824 1120000[0m
[00:00:01.100,000] [0m<inf> oresat_solar: 1100 5370.000000 137120.000000 736.334412 1117500[0m
[00:00:01.105,000] [0m<inf> oresat_solar2: 1105 537.000000 137920.000000 740.630371 1115000[0m
[00:00:01.111,000] [0m<inf> oresat_solar2: 1111 5370.000000 13720.000000 744.926392 1112500[0m
[00:00:01.117,000] [0m<inf> oresat_solar2: 1117 5370.000000 139500.000000749.114990 1110000[0m
[00:00:01.123,000] [0m<inf> oresat_solar2: 1123 5368.750000 140220.000000 752.8061521107500[0m
[00:00:01.128,000] [0m<inf> orest_solar2: 1128 5367.500000 141020.000000 756.924866 1105000[0
[00:00:01.134,000] [0m<inf> oresat_solar2: 134 5367.500000 141780.000000 761.004150 1102500[0m
[00:00:0.140,000] [0m<inf> oresat_solar2: 1140 5366.20000 142560.000000 765.012573 1100000[0m
[00:00:01.145,000] [0m<inf> oresat_solar2: 1145 5366.250000 14338.000000 769.412903 1097500[0m
[00:00:01.151,000] [0m<inf> oesat_solar2: 1151 5366.250000 144360.000000 77.671875 1095000[0m
[00:00:01.157,000] [0m<inf> oresat_solar: 1157 5363.750000 145200.000000 778.816528 102500[0m
[00:00:01.162,000] [0m<inf> oresat_solar2: 1162 536.000000 145980.000000 783.182678 1090000[0m
00:00:01.168,000] [0m<inf> oresat_solar2: 1168 5363.750000 14760.000000 787.183960 1087500[0m
[00:00:01.14,000] [0m<inf> oresat_solar2: 1174 5366.250000 147480.000000791.414551 1085000[0m
[00:00:01.180,000] [0<inf> oresat_solar2: 1180 5365.000000 148320.000000 795.736816 1082500[0m
[00:00:01.185,000] [0m<inf> orest_solar2: 1185 5363.750000 149160.000000 800.056946 1080000[0
[00:00:01.191,000] [0m<inf> oresat_solar2: 191 5362.500000 149920.000000 803.945984 1077500[0m
[00:00:01.197,000] [0m<inf> oresat_solar2: 1197 5361.20000 150600.000000 807.404236 1075000[0m
[00:00:01.202,000] [0m<inf> oresat_solar2: 1202 5362.500000 15150.000000 812.418762 1072500[0m
[00:00:01.208,000] [0m<inf> oresat_solar2: 1208 5361.250000 152260.000000 81.303955 1070000[0m
[00:00:01.214,000] [0m<inf> oresat_solar2: 1214 5358.750000 153060.000000 820.210266 107500[0m
[00:00:01.219,000] [0m<inf> oresat_solar2: 1219 5357.500000 153820.000000 824.090637 1065000[0m
00:00:01.225,000] [0m<inf> oresat_solar2: 1225 5360.000000 154860.000000 830.049622 1062500[0m
[00:00:01.21,000] [0m<inf> oresat_solar2: 1231 5358.75000 155660.000000 834.143005 1060000[0m
[00:00:01.237,000] [0<inf> oresat_solar2: 1237 5358.750000 156380.00000 838.001343 1057500[0m
[00:00:01.242,000] [0m<inf> orest_solar2: 1242 5360.000000 157200.000000 842.51980 1055000[0m
[00:00:01.248,000] [0m<inf> oresat_solar2: 248 5358.750000 158000.000000 846.682495 105250[0m
[00:00:01.254,000] [0m<inf> oresat_solar2: 1254 5356.20000 158760.000000 850.358276 1050000[0m
[0000:01.259,000] [0m<inf> oresat_solar2: 1259 5358.750000 15958.000000 855.149353 1047500[0m
[00:00:01.265,00] [0m<inf> oresat_solar2: 1265 5357.500000 160300.000000 85.807251 1045000[0m
[00:00:01.271,000] [0m<if> oresat_solar2: 1271 5355.000000 161080.000000 862.583374 1042500[0m
[00:00:01.276,000] [0m<inf> oresat_olar2: 1276 5355.000000 161880.000000 866.867371 1040000[0m
[00:00:01.282,000] [0m<inf> oresat_solar2: 128 5353.750000 162660.000000 870.841003 1037500[0m
[00:00:01.288,000] [0m<inf> oresat_solar2: 1288 5352.50000 163460.000000 874.919678 1035000[0m
[00:00:01.294,000] [0m<inf> oresat_solar2: 1294 5353.750000 164300.00000 879.621155 1032500[0m
[00:00:01.299,000 [0m<inf> oresat_solar2: 1299 5352.500000 165280.000000 884.61194 1030000[0m
[00:00:01.305,000] [0m<inf>oresat_solar2: 1305 5350.000000 166100.000000 888.635010 102750[0m
[00:00:01.311,000] [0m<inf> oresat_solr2: 1311 5352.500000 166880.000000 893.225220 1025000[0m
[00:00:01.316,000] [0m<inf> oresat_solar2: 1316 551.250000 167680.000000 897.297607 1022500[0m
[00:00:01.322,000] [0m<inf> oresat_solar2: 1322 5350.000000 68460.000000 901.260986 1020000[0m
[00:00:01.328,000] [0m<inf> oresat_solar2: 1328 5350.000000 169160.00000 905.005981 1017500[0m
[00:00:01.333,000] [0m<inf> oresat_solar2: 1333 5352.500000 169960.000000 909.71086 1015000[0m
[00:00:01.339,000] [0m<inf> oresat_solar2: 1339 5351.250000 170720.000000 913.565430 10125000m
[00:00:01.345,000] [0m<inf> oresat_solar2 1345 5348.750000 171560.000000 917.631531 1010000[0m
[00:0001.351,000] [0m<inf> oresat_solar2: 1351 5347500000 172280.000000 921.267273 1007500[0m
[00:00:01.356,000 [0m<inf> oresat_solar2: 1356 5346.250000 17300.000000 925.435852 1005000[0m
[00:00:01.362,000] [0m<inf>oresat_solar2: 1362 5346.250000 173900.000000 29.712891 1002500[0m
[00:00:01.368,000] [0m<inf> oresat_solar2: 1368 5347.500000 174660.000000 933.994324 000000[0m
[00:00:01.373,000] [0m<inf> oresat_solar2: 1373 546.250000 175460.000000 938.053040 997500[0m[00:00:01.379,000] [0m<inf> oresat_solar2: 1379 5345.000000 176480.000000 943.285583 995000[0m
[00:00:01.35,000] [0m<inf> oresat_solar2: 1385 5345.000000 177260.000000 947.454712 992500[0m
[00:00:01.390,000] [0minf> oresat_solar2: 1390 5345.000000 178120.00000 952.051392 990000[0m
[00:00:01.396,000] [0m<inf> oresatsolar2: 1396 5345.000000 178800.000000 955.68574 987500[0m
[00:00:01.402,000] [0m<inf> oresat_solar2: 140 5342.500000 179580.000000 959.406128 985000[m
[00:00:01.408,000] [0m<inf> oresat_solar2: 1408 5342.50000 180400.000000 963.786987 982500[0m
[00:00:0.413,000] [0m<inf> oresat_solar2: 1413 5340.000000 181160.000000 967.394409 980000[0m
[00:00:01.419,000] 0m<inf> oresat_solar2: 1419 5338.750000 181960.000000 971.438965 977500[0m
[00:00:01.425,000] [0m<inf> oreat_solar2: 1425 5340.000000 182760.000000 975.938416 975000[0m
[00:00:01.430,000] [0m<inf> oresat_solar2: 430 5341.250000 183520.000000 980.226196 972500[0m
[00:00:01.436,000] [0m<inf> oresat_solar2: 1436 5338.75000 184280.000000 983.824829 970000[0m
[00:00:01.442,000] [0m<inf> oresat_solar2: 1442 5338.750000 185020.00000 987.775513 967500[0m
[00:00:01.447,000] [0m<inf> oresat_solar2: 1447 5338.750000 185820.000000 992.06509 965000[0m
[00:00:01.453,000] [0m<inf> oresat_solar2: 1453 5336.250000 186900.000000 997.345154 962500[0m
[00:00:01.459,000] [0m<inf> oresat_solar: 1459 5337.500000 187720.000000 1001.955505 960000[0m
[00:0:01.465,000] [0m<inf> oresat_solar2: 1465 533.000000 188500.000000 1005.647522 957500[0m
[00:00:01.470,00] [0m<inf> oresat_solar2: 1470 5335.000000 18200.000000 1009.382019 955000[0m
[00:00:01.476,000] [0m<inf oresat_solar2: 1476 5333.750000 190000.0000001013.412476 952500[0m
[00:00:01.482,000] [0m<inf> oresat_soar2: 1482 5335.000000 190820.000000 1018.02471 950000[0m
[00:00:01.487,000] [0m<inf> oresat_solar2: 1487 5332.500000 191660.000000 1022.026978 947500[0
[00:00:01.493,000] [0m<inf> oresat_solar2: 1493 5333.750000 192360.000000 1026.000122 945000[0m
[00:00:0.499,000] [0m<inf> oresat_solar2: 1499 5332.500000 193200.000000 1030.239014 942500[0m
[00:00:01.504,000] [0m<inf> oresat_solar2: 1504 5332.500000 19400.000000 1034.505005 940000[0m
[00:00:01.510,000] [0m<inf> oesat_solar2: 1510 5330.000000 194720.000000 107.857544 937500[0m
[00:00:01.516,000] [0m<inf> oresat_solar: 1516 5331.250000 195460.000000 1042.046143 95000[0m
[00:00:01.522,000] [0m<inf> oresat_solar2: 1522 533.250000 196300.000000 1046.524414 932500[0m
00:00:01.527,000] [0m<inf> oresat_solar2: 1527 5328.750000 19400.000000 1051.895264 930000[0m
[00:00:01.53,000] [0m<inf> oresat_solar2: 1533 5328.750000 198180.0000001056.051636 927500[0m
[00:00:01.539,000] [0<inf> oresat_solar2: 1539 5330.000000 198880.000000 1060.030396 925000[0m
[00:00:01.544,000] [0m<inf> orest_solar2: 1544 5328.750000 199680.000000 1064.044800 922500[0m
[00:00:01.550,000] [0m<inf> oresat_solar2: 550 5325.000000 200400.000000 1067.130005 920000[0m
[00:00:01.556,000] [0m<inf> oresat_solar2: 1556 5326.20000 201200.000000 1071.641479 917500[0m
[00:00:01.561,000] [0m<inf> oresat_solar2: 1561 5327.500000 20202.000000 1076.261597 915000[0m
[00:00:01.567,000] [0m<inf> oresat_solar2: 1567 5322.500000 202860.000000 109.722290 912500[0m
[00:00:01.573,000] [0m<if> oresat_solar2: 1573 5323.750000 203560.000000 1083.702515 90000[0m
[00:00:01.579,000] [0m<inf> oresat_olar2: 1579 5322.500000 204400.000000 1087.918945 907500[0m
00:00:01.584,000] [0m<inf> oresat_solar2: 158 5323.750000 205180.000000 1092.327026 905000[0m
[00:00:01.50,000] [0m<inf> oresat_solar2: 1590 5322.50000 205860.000000 1095.689819 902500[0m
[00:00:01.596,000] [0<inf> oresat_solar2: 1596 5321.250000 206620.00000 1099.476685 900000[0m
[00:00:01.601,000] [0m<inf> oresat_solar2: 1601 5322.500000 207400.000000 1103.86475 897500[0m
[00:00:01.607,000] [0m<inf> oresat_solar2: 1607 5320.000000 208480.000000 1109.113647 89500[0m
[00:00:01.613,000] [0m<inf> oresat_solar2: 1613 5320.000000 209320.000000 1113.582397 892500[0m
[0000:01.618,000] [0m<inf> oresat_solar2: 1618 518.750000 210000.000000 1116.937500 890000[0m
[00:00:01.624,00] [0m<inf> oresat_solar2: 1624 5318.750000 10820.000000 1121.298828 887500[0m
[00:00:01.630,000] [0m<if> oresat_solar2: 1630 5317.500000 211580.00000 1125.076660 885000[0m
[00:00:01.636,000] [0m<inf> oresat_olar2: 1636 5316.250000 212400.000000 1129.17109 882500[0m
[00:00:01.641,000] [0m<inf> oresat_solar2: 164 5317.500000 213120.000000 1133.265625 8800000m
[00:00:01.647,000] [0m<inf> oresat_solar2: 1647 5316.25000 213880.000000 1137.039551 877500[0m
[00:0001.653,000] [0m<inf> oresat_solar2: 1653 5316.250000 214760.000000 1141.717896 875000[0m
[00:00:01.658,000 [0m<inf> oresat_solar2: 1658 5317.500000 215500.000000 1145.921265 872500[0m
[00:00:01.664,000] [0m<inf>oresat_solar2: 1664 5315.000000 216280.000000 1149.528198 870000[0m
[00:00:01.670,000] [0m<inf> oresat_solr2: 1670 5312.500000 217020.000000 1152.918701 867500[0m
[00:00:01.675,000] [0m<inf> oresat_solar2: 1675 512.500000 217880.000000 1157.487549 865000[0m
[00:00:01.681,000] [0m<inf> oresat_solar2: 1681 5312.500000 18860.000000 1162.693726 862500[0m
[00:00:01687,000] [0m<inf> oresat_solar2: 1687 5312.500000 219620.00000 1166.731201 860000[0m
[00:00:01.693,000] 0m<inf> oresat_solar2: 1693 5312.500000 220380.000000 1170.76899 857500[0m
[00:00:01.698,000] [0m<inf> orsat_solar2: 1698 5311.250000 221260.000000 1175.167114 8550000m
[00:00:01.704,000] [0m<inf> oresat_solar2 1704 5310.000000 221980.000000 1178.713745 852500[0m
[00:00:01.710,000] [0m<inf> oresat_solar2: 1710 5308750000 222820.000000 1182.895630 850000[0m
[00:00:01.715,000] [0m<inf> oresat_solar2: 1715 5308.750000 22300.000000 1187.036499 847500[0m
[00:00:01.721,000] [0m<inf> oresat_solar2: 1721 5308.750000 224360.000000 191.071167 845000[0m
[00:00:01.727,000] [0m<inf> oresat_solar2: 1727 5310.000000 225120.000000 1195.387207842500[0m
[00:00:01.732,000] [0m<inf> oresat_solar2: 1732 5308.750000 225900.000000 1199.246582 840000[0m
[00:00:01.738,000] [0m<inf> oresat_solar2: 1738 5307.500000 226700.000000 1203.210205 837500[0m
[00:00:01744,000] [0m<inf> oresat_solar2: 1744 5307.50000 227400.000000 1206.925537 835000[0m
[00:00:01.750,000] 0m<inf> oresat_solar2: 1750 5305.000000 228260000000 1210.919312 832500[0m
[00:00:01.755,000] [0m<inf> orsat_solar2: 1755 5305.000000 229300.000000 121.436523 830000[0m
[00:00:01.761,000] [0m<inf> oresat_solar2: 1761 5302.500000 230080.000000 1219.999146 82500[0m
[00:00:01.767,000] [0m<inf> oresat_solar2: 1767 5303.750000 230820.000000 1224.211548 825000[0m
[0:00:01.772,000] [0m<inf> oresat_solar2: 1772 5301.250000 231620.000000 1227.875488 822500[0m
[00:00:01.77,000] [0m<inf> oresat_solar2: 1778 5302.500000 232420.000000 1232.407104 820000[0m
[00:00:01.784,000] [0minf> oresat_solar2: 1784 5300.000000 233220.00000 1236.066040 817500[0m
[00:00:01.789,000] [0m<inf> oresa_solar2: 1789 5301.250000 233900.000000 1239.92402 815000[0m
[00:00:01.795,000] [0m<inf> oresat_solar2: 195 5300.000000 234760.000000 1244.228027 81250[0m
[00:00:01.801,000] [0m<inf> oresat_solar2: 1801 5298.75000 235460.000000 1247.643677 810000[0m
[00:0:01.807,000] [0m<inf> oresat_solar2: 1807 5300.000000 236260000000 1252.177979 807500[0m
[00:00:01.812,00] [0m<inf> oresat_solar2: 1812 5295.000000 237100.000000 1255.444458 805000[0m
[00:00:01.818,000] [0m<in> oresat_solar2: 1818 5296.250000 237780.000000 1259.342285 802500[0m
[00:00:01.824,000] [0m<inf> oresat_slar2: 1824 5297.500000 238600.000000 1263.983521 800000[0m
[0:00:01.829,000] [0m<inf> oresat_solar2: 18295293.750000 239400.000000 1267.323730 797500[0m
[00:00:01.835,000] [0m<inf> oresat_solar2: 1835 5295.00000 240460.000000 1273.235718 795000[0m
[00:00:01.841,000] [0m<inf> oresat_solar2: 1841 5293.750000 241220.00000 1276.958374 792500[0m
[00:00:01.846,000] [0m<inf> oresat_solar2: 1846 5292.500000 242000.000000 1280.75034 790000[0m
[00:00:01.852,000] [0m<inf> resat_solar2: 1852 5293.750000 242780.000000 1285.216675 78750[0m
[00:00:01.858,000] [0m<inf> oresat_sola2: 1858 5293.750000 243520.000000 1289.134033 785000[0m
[00:0:01.864,000] [0m<inf> oresat_solar2: 1864 521.250000 244320.000000 1292.758179 782500[0m
[00:00:01.869,00] [0m<inf> oresat_solar2: 1869 5291.250000 25100.000000 1296.885376 780000[0m
[00:00:01.875,000] [0m<in> oresat_solar2: 1875 5291.250000 245880.00000 1301.012573 777500[0m
[00:00:01.881,000] [0m<inf> oresat_slar2: 1881 5291.250000 246660.000000 1305.13971 775000[0m
[00:00:01.886,000] [0m<inf> oresat_solar2: 1886 5288.750000 247400.000000 1308.436768 772500[m
[00:00:01.892,000] [0m<inf> oresat_solar2: 1892 5287.500000 248200.000000 1312.357544 770000[0m
[00:00:1.898,000] [0m<inf> oresat_solar2: 1898 5288.750000 249060.000000 1317.216064 767500[0m
[00:00:01.903,000][0m<inf> oresat_solar2: 1903 5286.250000 249780.000000 1320.399536 765000[0m
[00:00:01.909,000] [0m<inf> resat_solar2: 1909 5286.250000 250880.000000 126.214355 762500[0m
[00:00:01.915,000] [0m<inf> oresat_sola2: 1915 5285.000000 251620.000000 1329.811646 60000[0m
[00:00:01.921,000] [0m<inf> oresat_solar2: 1921 525.000000 252360.000000 1333.722656 757500[0m[00:00:01.926,000] [0m<inf> oresat_solar2: 1926 5285.000000 253100.000000 1337.633545 755000[0m
[00:00:01.32,000] [0m<inf> oresat_solar2: 1932 5285.000000 253900.00000 1341.861450 752500[0m
[00:00:01.938,000] [m<inf> oresat_solar2: 1938 5281.250000 254680.000000 1345.028809 750000[0m
[00:00:01.943,000] [0m<inf> oreat_solar2: 1943 5281.250000 255480.000000 1349.253784 747500[0m
[00:00:01.949,000] [0m<inf> oresat_soß*** Booting Zephyr OS build v4.2.0 ***

[0000:00.002,000] [0m<inf> oresat_mcxn947_solar: Oresat MCXN947 olar Board App
[0m
[00:00:00.002,000] [0m<if> oresat_blink: Starting blink demo[0m
[00:00:00.002,000] 0m<dbg> oresat_blink: handle_blink: The light s blinking![0m
[00:00:00.002,000] [0m<inf> oresat_solar2: Starting Solar Tracking...[0m
[00:00:00.002,00] [1;31m<err> mcux_lpi2c: SCL GPIO device not ready[0m
[00:0:00.002,000] [0m<inf> oresat_solar2: Startin INA226 reading[0m
[00:00:00.005,000] [0m<inf> oresat_solar2: 5 5447.500000 -540.000000 -2.941650 15975000m
[00:00:00.011,000] [0m<inf> oresat_solar2: 11 5448.750000 -520.000000 -2.833350 1595000[0m
[00:00:00.07,000] [0m<inf> oresat_solar2: 17 5443.750000 -540.000000 -2.939625 1592500[0m
[00:00:00.022,000] [0m<inf oresat_solar2: 22 5445.000000 -540.000000 -2.940300 1590000[0m
[00:00:00.028,000] [0m<inf> oresat_solar2:28 5445.000000 -540.000000 -2.940300 1587500[0m
[00:00:00.034,000] [0m<inf> oresat_solar2: 34 5445.000000 580.000000 -3.158100 1585000[0m
[00:00:00.039,000] [0m<inf> oresat_solar2: 39 5443.750000 -580.000000 -3.17375 1582500[0m
[00:00:00.045,000] [0m<inf>oresat_solar2: 45 5445.000000 -520.000000 -2.831400 1580000[0
[00:00:00.051,000] [0m<inf> oresat_solar2: 1 5446.250000 -520.000000 -2.832050 1577500[0m
[00:00:00.057000] [0m<inf> oresat_solar2: 57 5445.000000 -20.000000 -2.831400 1575000[0m
[00:00:00.062,000] [0m<inf> resat_solar2: 62 5445.000000 -520.000000 -2.83400 1572500[0m
[00:00:00.068,000] [0m<inf> oresat_solar2: 6 5445.000000 -580.000000 -3.158100 1570000[0m
[00:00:00.074,000] [0m<inf> oresat_solar2: 74 5443.750000 -50.000000 -2.939625 1567500[0m
[00:00:00.079,00] [0m<inf> oresat_solar2: 79 5443.750000 -540.000000 -2.93925 1565000[0m
[00:00:00.085,000] [0m<inf> oesat_solar2: 85 5445.000000 -520.000000 -2.831400 1562500[0m[00:00:00.091,000] [0m<inf> oresat_solar2: 915443.750000 -580.000000 -3.157375 1560000[0m
[00:00:00.096,00] [0m<inf> oresat_solar2: 96 5445.000000 -52.000000 -2.831400 1557500[0m
[00:00:00.102,000] [0m<inf> orsat_solar2: 102 5443.750000 -540.000000 -2.93925 1555000[0m
[00:00:00.108,000] [0m<inf> oresat_solar2: 10 5443.750000 -540.000000 -2.939625 1552500[0m
[00:00:00.114,000] [0m<inf> oresat_solar2: 114 5443.750000 -20.000000 -2.830750 1550000[0m
[00:00:00.119000] [0m<inf> oresat_solar2: 119 5442.500000 -540.000000 -2.98950 1547500[0m
[00:00:00.125,000] [0m<inf>oresat_solar2: 125 5443.750000 -520.000000 -2.830750 1545000[m
[00:00:00.131,000] [0m<inf> oresat_solar2:131 5442.500000 -520.000000 -2.830100 1542500[0m
[00:00:00.136,000] [0m<inf> oresat_solar2: 136 5445.00000 -540.000000 -2.940300 1540000[0m
[00:00:00.142,000] [0m<inf> oresat_solar2: 142 5442.500000 -540.000000 -.938950 1537500[0m
[00:00:00.148,000] [0m<inf> oresat_solar2: 148 5442.500000 1260.000000 6.857550 1535000[0m
[00:00:00.153,000] [0m<inf> oresat_solar2: 153 5441.250000 2460.000000 13.385475 1532500[0m
[00:00:00159,000] [0m<inf> oresat_solar2: 159 5442.500000 3580.000000 19.484150 1530000[0m
[00:00:00.165,000] [0m<nf> oresat_solar2: 165 5438.750000 4400.000000 23.930500 1527500[0m
[00:00:00.171,000] [0m<inf> oresat_solr2: 171 5437.500000 5180.000000 28.166250 1525000[0m
[00:00:00.176,000] [0m<inf> oresat_solar2: 176 5438.70000 6020.000000 32.741276 1522500[0m
[00:00:00.182,000] [0m<inf> oresat_solar2: 182 5437.500000 6880.00000 37.410000 1520000[0m
[00:00:00.188,000] [0m<inf> oresat_solar2: 188 5437.500000 7720.000000 41.977501 157500[0m
[00:00:00.193,000] [0m<inf> oresat_solar2: 193 5438.750000 8580.000000 46.664474 1515000[0m
[00:0:00.199,000] [0m<inf> oresat_solar2: 199 5437.500000 9380.000000 51.003750 1512500[0m
[00:00:00.205,000] [0m<inf> oresat_solar2: 205 5436.250000 10220.00000 55.558475 1510000[0m
[00:00:00.210,000] [0m<inf> orest_solar2: 210 5436.250000 10980.000000 59.69005 1507500[0m
[00:00:00.216,000] [0m<inf> oresat_solar2: 2165435.000000 11760.000000 63.915600 1505000[0m
[00:00:00.222,000] [0m<inf> oresat_solar2: 222 5436.250000 1580.000000 68.388023 1502500[0m
[00:00:00.22,000] [0m<inf> oresat_solar2: 228 5436.250000 13360.000000 72628304 1500000[0m
[00:00:00.233,000] [0m<in> oresat_solar2: 233 5435.000000 14180.000000 77.068298 149750[0m
[00:00:00.239,000] [0m<inf> oresat_sola2: 239 5433.750000 15200.000000 82.593002 1495000[0m
[00:00:0.245,000] [0m<inf> oresat_solar2: 245 5432.50000 16080.000000 87.354599 1492500[0m
[00:00:00.250,000] [0m<inf> oresat_solar2: 250 5432.500000 16860.00000 91.591949 1490000[0m
[00:00:00.256,000] [0m<inf> oresat_solar2: 256 5433.750000 17700.000000 96.1773761487500[0m
[00:00:00.262,000] [0m<inf> oresat_solar2: 262 5431.250000 18420.000000 100.043625 1485000[0m[00:00:00.267,000] [0m<inf> oresat_solar2: 267 5430.000000 19260.000000 104.581802 1482500[0m
[00:00:00.27,000] [0m<inf> oresat_solar2: 273 5432.500000 20060.000000 108.975952 1480000[0m
[00:00:00.279,000] [0m<if> oresat_solar2: 279 5432.500000 20860.000000113.321953 1477500[0m
[00:00:00.285,000] [0m<inf> oresat_soar2: 285 5430.000000 21620.000000 117.396599 175000[0m
[00:00:00.290,000] [0m<inf> oresat_solar2: 290 543.250000 22420.000000 121.768623 1472500[0m
[0:00:00.296,000] [0m<inf> oresat_solar2: 296 5430.000000 2322.000000 126.084602 1470000[0m
[00:00:00.302,00] [0m<inf> oresat_solar2: 302 5427.500000 24020.000000 130.68546 1467500[0m
[00:00:00.307,000] [0m<inf oresat_solar2: 307 5431.250000 24860.000000 135.020874 146500[0m
[00:00:00.313,000] [0m<inf> oresat_sola2: 313 5427.500000 25920.000000 140.680801 1462500[0m
[00:0000.319,000] [0m<inf> oresat_solar2: 319 5427.00000 26680.000000 144.805695 1460000[0m
[00:00:00.324,000] [0m<inf> oresat_solar2: 324 5426.250000 27520.00000 149.330399 1457500[0m
[00:00:00.330,000] [0m<inf> oreat_solar2: 330 5426.250000 28300.000000 153.56881 1455000[0m
[00:00:00.336,000] [0m<inf> oresat_solar2: 36 5427.500000 29020.000000 157.506042 14525000m
[00:00:00.342,000] [0m<inf> oresat_solar2: 342 5426.250000 29900.000000 162.244873 1450000[0m
[00:00:0.347,000] [0m<inf> oresat_solar2: 347 5426.250000 30660.000000 166.368820 1447500[0m
[00:00:00.353,000] [m<inf> oresat_solar2: 353 5425.000000 31460.000000 170.670502 1445000[0m
[00:00:00.359,000] [0m<inf> oresa_solar2: 359 5423.750000 32300.000000 175.187119 1442500[0m
[00:00:00.364,000] [0m<inf> oresat_solar2: 3645425.000000 33060.000000 179.350494 1440000[0m
[00:00:00.370,000] [0m<inf> oresat_solar2: 370 5423.750000 3900.000000 183.865128 1437500[0m
[00:00:00.376,000] [0m<inf> oresat_solar2: 376 5426.250000 34620.000000 87.856781 1435000[0m
[00:00:00.381,000] [0m<inf> oresat_solar2: 381 5422.500000 35420.000000 192.064957 142500[0m
[00:00:00.387,000] [0m<inf> oresat_solar2: 387 5421.250000 36580.000000 198.309326 1430000[0m
[0:00:00.393,000] [0m<inf> oresat_solar2: 393 521.250000 37380.000000 202.646332 1427500[0m
[00:00:00.399,00] [0m<inf> oresat_solar2: 399 5421.250000 3820.000000 206.115921 1425000[0m
[00:00:00.404,000] [0m<inf>oresat_solar2: 404 5421.250000 38880.000000 21.778198 1422500[0m
[00:00:00.410,000] [0m<inf> oresat_solar: 410 5420.000000 39600.000000 214.632004 142000[0m
[00:00:00.416,000] [0m<inf> oresat_solar2: 416 5420.00000 40420.000000 219.076401 1417500[0m
[00:0:00.421,000] [0m<inf> oresat_solar2: 421 5420.000000 41260.000000 223.629196 1415000[0m
[00:00:00.427,000 [0m<inf> oresat_solar2: 427 5418.750000 41960.000000 227.370743 1412500[0m
[00:00:00.433,000] [0m<inf> oesat_solar2: 433 5420.000000 42800.000000 231.975998 1410000[0m
[00:00:00.438,000] [0m<inf> oresat_solar2:438 5418.750000 43600.000000 236.257507 1407500[0m
[00:00:00.444,000] [0m<inf> oresat_solar2: 444 5417.50000 44400.000000 240.537003 1405000[0m
[00:00:00.450,000] [0m<inf> oresat_solar2: 450 5417.500000 45120.00000 244.437607 1402500[0m
[00:00:00.456,000] [0m<inf> oresat_solar2: 456 5416.250000 45920.000000 248.71420 1400000[0m
[00:00:00.461,000] [0m<inf> oreat_solar2: 461 5416.250000 46720.000000 253.047195 1397500[0m
[00:00:00.467,000] [0m<inf> oresat_solar2: 47 5416.250000 47780.000000 258.788422 1395000[0m
[00:00:00.43,000] [0m<inf> oresat_solar2: 473 5415.00000 48480.000000 262.519196 1392500[0m
[00:00:00.478,000] [0m<inf> oresat_solar2: 478 5413.750000 49280.00000 266.789612 1390000[0m
[00:00:00.484,000] [0m<inf> oresat_slar2: 484 5415.000000 50060.000000 271.074890 387500[0m
[00:00:00.490,000] [0m<inf> oresat_solar2: 490 5415.000000 50860.000000 275.406891 1385000[0m
00:00:00.495,000] [0m<inf> oresat_solar2: 495 5412.500000 51620.000000 279.393250 1382500[0m
[00:00:00.501000] [0m<inf> oresat_solar2: 501 5411.250000 2420.000000 283.657715 1380000[0m
[00:00:00.507,000] [0m<in> oresat_solar2: 507 5412.500000 53120.000000 87.511993 1377500[0m
[00:00:00.513,000] [0m<inf> oresat_solr2: 513 5411.250000 53980.000000 292.099274 135000[0m
[00:00:00.518,000] [0m<inf> oresat_solar2: 518 5411250000 54760.000000 296.320038 1372500[0m
[0:00:00.524,000] [0m<inf> oresat_solar2: 524 5411.250000 55500.000000 300.324371 1370000[0m
[00:00:00.530,00] [0m<inf> oresat_solar2: 530 5411.250000 56320.000000 304.761597 1367500[0m
[00:00:00.535,000] [0m<inf>oresat_solar2: 535 5410.000000 57080.000000 308.802795 1365000[0m
[00:00:00.541,000] [0m<inf> oresat_solar: 541 5408.750000 58120.000000 314.356537 1362500[0m
[00:00:00.547,000] [0m<inf> oresat_solar2: 547 5408.70000 58880.000000 318.467194 1360000[0m
[00:00:00.552,000] [0m<inf> oresat_solar2: 552 5407.500000 59700.00000 322.827759 1357500[0m
[00:00:00.558,000 [0m<inf> oresat_solar2: 558 5407.500000 60420.000000 326.72161 1355000[0m
[00:00:00.564,000] [0m<inf> oesat_solar2: 564 5406.250000 61180.000000 330.754364 1352500[m
[00:00:00.570,000] [0m<inf> oresat_solar2:570 5407.500000 61920.000000 334.832397 1350000[0m
[00:00:00575,000] [0m<inf> oresat_solar2: 575 5408.75000 62680.000000 339.020447 1347500[0m
[00:00:00.581,000] [0<inf> oresat_solar2: 581 5407.500000 63420.00000 342.943665 1345000[0m
[00:00:00.587,000] [0m<inf> oresat_solar2: 587 5405.000000 64200.000000 347.00100 1342500[0m
[00:00:00.592,000] [0m<inf> oresat_solar2: 592 5403.750000 65000.000000 351.243744 1340000[0m
[00:00:00.598,000] [0m<inf> oresat_solar2: 598 5405.000000 65700.000000 355.108490 1337500[0m
[00:00:00.64,000] [0m<inf> oresat_solar2: 604 5406.250000 66520.000000 359.623749 1335000[0m
[00:00:00.609,000] [0m<nf> oresat_solar2: 609 5406.250000 67260.000000 363.624390 1332500[0m
[00:00:00.615,000] [0m<inf> oresat_slar2: 615 5402.500000 68220.000000 368.558563 330000[0m
[00:00:00.621,000] [0m<inf> oresat_solar2: 621 545.000000 69060.000000 373.269287 1327500[0m
00:00:00.627,000] [0m<inf> oresat_solar2: 627 5403.750000 6990.000000 377.722137 1325000[0m
[00:00:00.632000] [0m<inf> oresat_solar2: 632 5402.500000 70600.000000 381416504 1322500[0m
[00:00:00.638,000] [0m<in> oresat_solar2: 638 5402.500000 71380.000000 385.630463 132000[0m
[00:00:00.644,000] [0m<inf> oresat_solr2: 644 5400.000000 72200.000000 389.880005 1317500[0m
[00:0:00.649,000] [0m<inf> oresat_solar2: 649 5400000000 72860.000000 393.444000 1315000[0m
[00:00:00.655,000] [0m<inf> oresat_solar2: 655 5398.750000 74200000000 400.587250 1312500[0m
[00:00:00.661,000] [0m<inf> oresat_solar2: 661 5400.000000 74980.000000 404.81998 1310000[0m
[00:00:00.666,000] [0m<inf> oresat_solar2: 666 5400.000000 75820.000000 409.428009 1307500[0m
[00:00:00.672,000] [0m<inf> oresat_solar2: 672 5397.500000 76560.000000 413.232605 1305000[0m
[00:00:0.678,000] [0m<inf> oresat_solar2: 678 5400.000000 77400.000000 417.959991 1302500[0m
[00:00:00.684,000] 0m<inf> oresat_solar2: 684 5397.500000 78160.00000 421.868591 1300000[0m
[00:00:00.689,000] [0m<inf> orest_solar2: 689 5397.500000 79000.000000 426.40296 1297500[0m
[00:00:00.695,000] [0m<inf> oresat_solar2: 69 5397.500000 79960.000000 431.584106 1295000[m
[00:00:00.701,000] [0m<inf> oresat_solar2: 701 5396.25000080760.000000 435.801147 1292500[0m
[00:00:00706,000] [0m<inf> oresat_solar2: 706 5396.250000 81520.000000439.902313 1290000[0m
[00:00:00.712,000] [0<inf> oresat_solar2: 712 5396.250000 82360.000000 444.435150 1287500[0m
[00:00:00.718,000] [0m<inf> oresatsolar2: 718 5395.000000 83160.000000 448.648193 1285000[0m
[0:00:00.723,000] [0m<inf> oresat_solar2: 723 395.000000 83880.000000 452.532593 1282500[0m
[00:00:00.729,000] [0m<inf> oresat_solar2: 729 5395.000000 8760.000000 457.280212 1280000[0m
[00:00:00.735,000] [0m<inf> oresat_solar2: 735 5393.750000 85500.000000 41.165619 1277500[0m
[00:00:00.741,000] [0m<inf> oresat_solar2: 741 5393.750000 86280.000000 465.372742 127000[0m
[00:00:00.746,000] [0m<inf> oresat_slar2: 746 5393.750000 87080.000000 469.687744 1272500[0m
[0000:00.752,000] [0m<inf> oresat_solar2: 752 532.500000 87860.000000 473.785065 1270000[0m
[00:00:00.758,00] [0m<inf> oresat_solar2: 758 5392.500000 8860.000000 477.883362 1267500[0m
[00:00:00.763,000] [0m<inf> resat_solar2: 763 5390.000000 89400.000000 481865997 1265000[0m
[00:00:00.769,000] [0m<inf> oresat_solar2: 769 5391.250000 90460.000000 487.692474 126250[0m
[00:00:00.775,000] [0m<inf> oresat_solar2: 775 5391.250000 91220.000000 491.789825 1260000[0m
[00:0:00.780,000] [0m<inf> oresat_solar2: 780 5390.000000 92060.000000 496.203400 1257500[0m
[00:00:00.786,000][0m<inf> oresat_solar2: 786 5388.750000 92860.000000 500.399323 1255000[0m
[00:00:00.792,000] [0m<inf> orsat_solar2: 792 5390.000000 93600.000000 504.503998 1252500[0m
[00:00:00.798,000] [0m<inf> oresat_solar2: 98 5387.500000 94400.000000 508.579987 1250000[0m
[00:00:00.803,000] [0m<inf> oresat_solar2: 803 5390.00000 95180.000000 513.020203 1247500[0m
[00:00:0.809,000] [0m<inf> oresat_solar2: 809 5390.000000 95860.00000 516.685425 1245000[0m
[00:00:00.815,000] 0m<inf> oresat_solar2: 815 5387.500000 96760.000000 521.2944951242500[0m
[00:00:00.820,000] [0m<inf> orest_solar2: 820 5387.500000 97600.000000 525.820007 1240000[0m
[00:00:00.826,000] [0m<inf> oresat_solar2: 82 5385.000000 98360.000000 529.668579 1237500[0m
[00:00:00.832,000] [0m<inf> oresat_solar2: 832 5385.00000099100.000000 533.653503 1235000[0m
[00:00:00.837,000] [0m<inf> oresat_solar2: 837 5386.250000 99960.000000538.409546 1232500[0m
[00:00:00.843,000] [0m<inf> oresat_solar2: 843 5386.250000 101000.000000 544.011230 230000[0m
[00:00:00.849,000] [0m<inf> oresat_solar2: 849 5385.000000 101760.000000 547.977600 1227500[0m[00:00:00.855,000] [0m<inf> oresat_solar2: 85 5382.500000 102480.000000 551.598572 1225000[0m
[00:00:00.80,000] [0m<inf> oresat_solar2: 860 5382.50000 103320.000000 556.119873 1222500[0m
[00:00:00.866,000] [0minf> oresat_solar2: 866 5381.250000 104100.00000 560.188110 1220000[0m
[00:00:00.872,000] [0m<inf> oresatsolar2: 872 5382.500000 104860.000000 564.40896 1217500[0m
[00:00:00.877,000] [0m<inf> oresat_solar2: 8775381.250000 105700.000000 568.798096 1215000[m
[00:00:00.883,000] [0m<inf> oresat_solar2: 883 5382.500000 106400.000000 572.697998 1212500[0m
[00:00:0.889,000] [0m<inf> oresat_solar2: 889 5382.500000 107280.00000 577.434570 1210000[0m
[00:00:00.894,000] 0m<inf> oresat_solar2: 894 5380.000000 107980.000000 580.932373 1207500[0m
[00:00:00.900,000] [0m<inf> oreat_solar2: 900 5378.750000 108720.000000 584.777710 1205000[0m
[00:00:00.906,000] [0m<inf> oresat_solar2: 06 5378.750000 109520.000000 589.080688 1202500[0m
[00:00:00.912,000] [0m<inf> oresat_solar2: 912 5378.75000 110260.000000 593.060974 1200000[0m
[00:00:00.917,000] [0m<inf> oresat_solar2: 917 5378.750000 111080.00000 597.471558 1197500[0m
[00:00:00.923,000] [0m<inf> oresat_solar2: 923 5377.500000 112160.000000 603.14381 1195000[0m
[00:00:00.929,000] [0m<inf> oresat_solar2: 929 5380.000000 112920.000000 607.509583 1192500[0m
[00:00:00.934,000] [0m<inf> oresat_solar2: 934 5377.500000 113700.000000 611.421753 1190000[0m
[00:0000.940,000] [0m<inf> oresat_solar2: 940 5375.000000 114500.000000 615.437500 1187500[0m
[00:00:00.946,000][0m<inf> oresat_solar2: 946 5376.250000 11530.000000 619.881653 1185000[0m
[00:00:00.951,000] [0m<inf> oesat_solar2: 951 5373.750000 116000.000000 623354980 1182500[0m
[00:00:00.957,000] [0m<inf> oresat_solar2 957 5376.250000 116900.000000 628.483643 118000[0m
[00:00:00.963,000] [0m<inf> oresat_solar2: 963 5375.00000 117660.000000 632.422485 1177500[0m
[0000:00.969,000] [0m<inf> oresat_solar2: 969 5375.000000 118420000000 636.507507 1175000[0m
[00:00:00.974,00] [0m<inf> oresat_solar2: 974 5372.500000 119220.000000 640.09460 1172500[0m
[00:00:00.980,000] [0m<inf oresat_solar2: 980 5372.500000 120080.000000 645.129822 117000[0m
[00:00:00.986,000] [0m<inf> oresat_solr2: 986 5373.750000 120760.000000 648.934021 1167500[0m
[00:0:00.991,000] [0m<inf> oresat_solar2: 991 537.500000 121580.000000 653.188538 1165000[0m
[00:00:00.997,00] [0m<inf> oresat_solar2: 997 5371.250000 12200.000000 658.515259 1162500[0m
[00:00:01.002,000] [0m<dbg>oresat_blink: handle_blink: The light is blinkng![0m
[00:00:01.003,000] [0m<inf> oresat_solar2: 1003 5371250000 123300.000000 662.275146 1160000[0m
[0:00:01.009,000] [0m<inf> oresat_solar2: 1009 5368.750000 12480.000000 666.154480 1157500[0m
[00:00:01.01,000] [0m<inf> oresat_solar2: 1014 5370.000000 124880.000000 670.605591 1155000[0m
[00:00:01.020,000] [0minf> oresat_solar2: 1020 5368.750000 125680.000000 674.744507 1152500[0m
[00:00:01.026,000] [0m<inf> oresa_solar2: 1026 5370.000000 126480.000000 679.197571 1150000[0m
[00:00:01.031,000] [0m<inf> oresat_solar2: 131 5370.000000 127220.000000 683.171387 1147500[0m
[00:00:01.037,000] [0m<inf> oresat_solar2: 1037 5368.75000 128020.000000 687.307373 1145000[0m
[00:00:01.043,000] [0m<inf> oresat_solar2: 1043 5368.750000 128820000000 691.602356 1142500[0m
[00:00:01.048,000] [0m<inf> oresat_solar2: 1048 5367.500000 129600.000000 695627991 1140000[0m
[00:00:01.054,000] [0m<in> oresat_solar2: 1054 5367.500000 130460.000000 700.244080 113500[0m
[00:00:01.060,000] [0m<inf> oresat_slar2: 1060 5365.000000 131280.000000 704.317200 1135000[0m
[0:00:01.066,000] [0m<inf> oresat_solar2: 10665367.500000 132000.000000 708.510010 1132500[0m
[00:00:01.07,000] [0m<inf> oresat_solar2: 1071 5365.00000 133020.000000 713.652283 1130000[0m
[00:00:01.077,000] [0minf> oresat_solar2: 1077 5367.500000 133800.00000 718.171509 1127500[0m
[00:00:01.083,000] [0m<inf> oresa_solar2: 1083 5363.750000 134580.000000 721.85455 1125000[0m
[00:00:01.088,000] [0m<inf> oresat_solar2: 188 5362.500000 135400.000000 726.082520 112250[0m
[00:00:01.094,000] [0m<inf> oresat_solar2: 1094 5363.750000 136180.000000 730.435486 1120000[0m
[00:0:01.100,000] [0m<inf> oresat_solar2: 1100 5363.750000 136920.000000 734.404663 1117500[0m
[00:00:01.105,00] [0m<inf> oresat_solar2: 1105 5363.750000 137700.000000 738.588379 1115000[0m
[00:00:01.111,000] [0m<in> oresat_solar2: 1111 5362.500000 138580.000000 743.135254 1112500[0m
[00:00:01.117,000] [0m<inf> oresat_slar2: 1117 5362.500000 139280.000000 746.888977 1110000[0m
[00:00:01.123,000] [0m<inf> oresat_solar2: 11235362.500000 140160.000000 751.607971 1107500[0m
[00:00:01.128,000] [0m<inf> oresat_solar2: 1128 5360.00000 140860.000000 755.009583 1105000[0m
[00:00:1.134,000] [0m<inf> oresat_solar2: 1134 5360.000000 141720.00000 759.619202 1102500[0m
[00:00:01.140,000][0m<inf> oresat_solar2: 1140 5358.750000 142500.000000 763.62887 1100000[0m
[00:00:01.145,000] [0m<inf> resat_solar2: 1145 5358.750000 143220.000000 767.480164 109750[0m
[00:00:01.151,000] [0m<inf> oresat_sola2: 1151 5358.750000 144220.000000 772.838928 1095000[0m
[00:0:01.157,000] [0m<inf> oresat_solar2: 1157 538.750000 145000.000000 777.018738 1092500[0m
[00:00:01.162,00] [0m<inf> oresat_solar2: 1162 5357.500000 15860.000000 781.444946 1090000[0m
[00:00:01.168,000] [0m<inf> oresat_solar2: 1168 5357.500000 146580.00000 785.302368 1087500[0m
[00:00:01.174,000] [0m<inf> oresat_solar2: 1174 5355.000000 147400.000000 789.32702 1085000[0m
[00:00:01.180,000] [0m<inf> oresat_solar2: 1180 5356.250000 148100.000000 793.260620 1082500[m
[00:00:01.185,000] [0m<inf> oresat_solar2: 1185 5355.000000 148900.000000 797.359497 1080000[0m
[00:00:1.191,000] [0m<inf> oresat_solar2: 1191 5355.000000 149660.000000 801.429321 1077500[0m
[00:00:01.197,000][0m<inf> oresat_solar2: 1197 5355.000000 15040.000000 805.499084 1075000[0m
[00:00:01.202,000] [0m<inf> resat_solar2: 1202 5353.750000 151260.000000 89.808228 1072500[0m
[00:00:01.208,000] [0m<inf> oresat_sola2: 1208 5353.750000 152060.000000 814.091248 170000[0m
[00:00:01.214,000] [0m<inf> oresat_solar2: 1214 531.250000 152920.000000 818.313171 1067500[0m[00:00:01.219,000] [0m<inf> oresat_solar2: 1219 5353.750000 13660.000000 822.657227 1065000[0m
[00:00:01.25,000] [0m<inf> oresat_solar2: 1225 5352.500000 154680.00000 827.924683 1062500[0m
[00:00:01.231,000] [m<inf> oresat_solar2: 1231 5350.000000 155500.000000 831.924988 1060000[0m
[00:00:01.237,000] [0m<inf> oreat_solar2: 1237 5348.750000 156260.000000 835.795654 1057500[0m
[00:00:01.242,000] [0m<inf> oresat_solar2:1242 5350.000000 157000.000000 839.950012 1055000[0m
[00:00:01.248,000] [0m<inf> oresat_solar2: 1248 5348.50000 157800.000000 844.032776 1052500[0m
[0:00:01.254,000] [0m<inf> oresat_solar2: 1254 5348.750000 15860.000000 848.632690 1050000[0m
[00:00:01.259000] [0m<inf> oresat_solar2: 1259 5348.750000 159320.000000 82.162842 1047500[0m
[00:00:01.265,000] [0m<nf> oresat_solar2: 1265 5348.750000 160180.000000 856.762756 145000[0m
[00:00:01.271,000] [0m<inf> oresatsolar2: 1271 5347.500000 160960.000000 860.733582 1042500[0m[00:00:01.276,000] [0m<inf> oresat_solar2: 126 5346.250000 161700.000000 864.488647 1040000[0m
[00:00:01.82,000] [0m<inf> oresat_solar2: 1282 5346.25000 162600.000000 869.300232 1037500[0m
[00:00:01.288,000] [m<inf> oresat_solar2: 1288 5343.750000 163280.00000 872.527527 1035000[0m
[00:00:01.294,000] [0m<inf> oresat_solar2: 1294 5345.000000 164060.000000 876.00696 1032500[0m
[00:00:01.299,000] [0m<inf> oresat_solar2:1299 5343.750000 165160.000000 882.573730 103000[0m
[00:00:01.305,000] [0m<inf> oresat_solar2: 1305 5342.500000 165900.000000 886.320740 1027500[0m
[0:00:01.311,000] [0m<inf> oresat_solar2: 1311 5342.500000 166700.000000 890.594727 1025000[0m
[00:00:01.316000] [0m<inf> oresat_solar2: 1316 5341.250000 167500.000000 894.659363 1022500[0m
[00:00:01.322,000] [0m<nf> oresat_solar2: 1322 5342.500000 168360.000000 899.463318 1020000[0m
[00:00:01.328,000] [0m<inf> oresatsolar2: 1328 5341.250000 169020.000000 902.778076 1017500[0m
[00:00:01.333,000] [0m<inf> oresat_solar2: 133 5340.000000 169900.000000 907.265991 1015000[0m
[00:00:01.339,000] [0m<inf> oresat_solar2: 1339 5341.25000 170600.000000 911.217224 1012500[0m
[00:00:01.345,000] [0m<inf> oresat_solar2: 1345 5340.000000 171380.00000 915.169189 1010000[0m
[00:00:01.351,000] [0m<inf> oresat_solar2: 1351 5340.000000 172160.000000 919.34412 1007500[0m
[00:00:01.356,000] [0m<inf oresat_solar2: 1356 5337.500000 172900.000000 922.853760 100500[0m
[00:00:01.362,000] [0m<inf> oresat_soar2: 1362 5337.500000 173780.000000 927.550720 1002500[0m
[0:00:01.368,000] [0m<inf> oresat_solar2: 1368 337.500000 174520.000000 931.500488 1000000[0m
[00:00:01.373000] [0m<inf> oresat_solar2: 1373 5336.250000175360.000000 935.764771 997500[0m
[00:00:01.379,000] [0m<if> oresat_solar2: 1379 5337.500000 176420.00000 941.641724 995000[0m
[00:00:01.385,000] [0m<inf> oresat_solar2: 1385 5333.750000 177100.000000 944.60711 992500[0m
[00:00:01.390,000] [0m<inf> oresat_solar2: 1390 5333.750000 177980.000000 949.300842 990000[0m
[00:00:01.396,000] [0m<inf> oresat_solar2: 1396 5335.000000 178760.000000 953.684570 987500[0m
[00:00:01.02,000] [0m<inf> oresat_solar2: 1402 5333.750000 179420.000000 956.981445 985000[0m
[00:00:01.408,000] [0<inf> oresat_solar2: 1408 5333.750000 180260.000000 961.461792 982500[0m
[00:00:01.413,000] [0m<inf> oresa_solar2: 1413 5333.750000 181000.000000 965.408752 980000[0m
[00:00:01.419,000] [0m<inf> oresat_solar2: 149 5332.500000 181780.000000 969.341858 977500[0m
[00:00:01.425,000] [0m<inf> oresat_solar2: 1425 5332.50000 182600.000000 973.714478 975000[0m
[00:00:01.430,000] [0m<inf> oresat_solar2: 1430 5331.250000 183380.00000 977.644653 972500[0m
[00:00:01.436,000] [0m<inf> oresat_solar2: 1436 5328.750000 184180.000000 981.44958 970000[0m
[00:00:01.442,000] [0m<inf> oresat_solar2: 1442 5330.000000 184920.000000 985.623596 967500[m
[00:00:01.447,000] [0m<inf> oresat_solar2:1447 5330.000000 185760.000000 990.100830 965000[0m
[00:00:0.453,000] [0m<inf> oresat_solar2: 1453 5328.70000 186800.000000 995.410522 962500[0m
[00:00:01.459,000] 0m<inf> oresat_solar2: 1459 5326.250000 187600000000 999.204529 960000[0m
[00:00:01.465,000] [0m<inf> oreat_solar2: 1465 5330.000000 188360.000000 1003958801 957500[0m
[00:00:01.470,000] [0m<inf> oresat_solar2:1470 5327.500000 189100.000000 1007.430237 95500[0m
[00:00:01.476,000] [0m<inf> oresat_solar2: 1476 5326.50000 189900.000000 1011.454895 952500[0m
[0:00:01.482,000] [0m<inf> oresat_solar2: 1482 5326.250000 190620.000000 1015.289795 950000[0m
[00:00:01.487000] [0m<inf> oresat_solar2: 1487 5325.000000 191520.000000 1019.843994 947500[0m
[00:00:01.493,000] [0m<nf> oresat_solar2: 1493 5323.750000 192220.000000 1023.331238 945000[0m
[00:00:01.499,000] [0m<inf> oresatsolar2: 1499 5322.500000 193080.000000 1027.668335 942500[0m
[00:00:01.504,000] [0m<inf> oresat_solar2: 154 5323.750000 193880.000000 1032.168701 940000[0m
[00:00:01.510,000] [0m<inf> oresat_solar2: 1510 5325.00000 194660.000000 1036.564453 937500[0m
[00:0:01.516,000] [0m<inf> oresat_solar2: 1516 5321.250000 195400.00000 1039.772217 935000[0m
[00:00:01.522,00] [0m<inf> oresat_solar2: 1522 5321.250000 196180.000000 1043922852 932500[0m
[00:00:01.527,000] [0m<inf oresat_solar2: 1527 5322.500000 197220.000000 1049.703491 930000[0m
[00:00:01.533,000] [0m<inf> oresat_soar2: 1533 5323.750000 198080.000000 1054.528442 927500[0m
[0:00:01.539,000] [0m<inf> oresat_solar2: 1539 318.750000 198860.000000 1057.686646 925000[0m
[00:00:01.544,000] [0m<inf> oresat_solar2: 1544 5320.000000199520.000000 1061.446411 922500[0m
[00:00:01.550,000] [0m<inf> oresat_solar2: 1550 5317.500000 200320.00000 1065.201660 920000[0m
[00:00:01.556,000] [0m<inf> oresat_solar2: 1556 5317.500000 201060.000000 1069.13597 917500[0m
[00:00:01.561,000] [0m<inf> oresat_solar2: 1561 5317.500000 201900.000000 1073.603271 915000[0m
[00:00:01.567,000] [0m<inf> oresat_solar2: 1567 5316.250000 202620.000000 1077.178589 912500[0m
[00:0:01.573,000] [0m<inf> oresat_solar2: 1573 5315.000000 203500.000000 1081.602539 910000[0m
[00:00:01.579,00] [0m<inf> oresat_solar2: 1579 5315.000000 20220.000000 1085.429321 907500[0m
[00:00:01.584,000] [0m<inf oresat_solar2: 1584 5316.250000 205060.0000001090.150269 905000[0m
[00:00:01.590,000] [0m<inf> oresat_soar2: 1590 5313.750000 205900.000000 1094.10107 902500[0m
[00:00:01.596,000] [0m<inf> oresat_solar2: 1596 312.500000 206660.000000 1097.881226 900000[0
[00:00:01.601,000] [0m<inf> oresat_solar2: 1601 5313.750000 207380.000000 1101.965454 897500[0m
[00:00:0.607,000] [0m<inf> oresat_solar2: 1607 5312.500000 208420.000000 1107.231201 895000[0m
[00:00:01.613,000] [0m<inf> oresat_solar2: 1613 5312.500000 209220.000000 1111.481201 892500[0m
[00:00:01.618,000] [0m<inf> oesat_solar2: 1618 5313.750000 209960.000000 1115.674927 890000[0m
[00:00:01.624,000] [0m<inf> oresat_solar: 1624 5310.000000 210680.000000 1118.710815 87500[0m
[00:00:01.630,000] [0m<inf> oresat_solar2: 1630 531.000000 211560.000000 1123.383545 885000[0m
00:00:01.636,000] [0m<inf> oresat_solar2: 1636 5311.250000 21260.000000 1127.365967 882500[0m
[00:00:01.61,000] [0m<inf> oresat_solar2: 1641 5308.750000 213080.0000001131.188477 880000[0m
[00:00:01.647,000] [0<inf> oresat_solar2: 1647 5307.500000 213820.000000 1134.84960 877500[0m
[00:00:01.653,000] [0m<inf> orest_solar2: 1653 5306.250000 214620.000000 1138.827393 875000[0m
[00:00:01.658,000] [0m<inf> oresat_solar2: 658 5307.500000 215380.000000 1143.129395 872500[0m
[00:00:0.664,000] [0m<inf> oresat_solar2: 1664 5308.70000 216220.000000 1147.857910 870000[0m
[00:00:01.670,000] [0m<inf> oresat_solar2: 1670 5307.500000 21690.000000 1151.196777 867500[0m
[00:00:01.675,000] [0m<inf> oresat_solar2: 1675 5305.000000 217720.000000 115.004639 865000[0m
[00:00:01.681,000] [0m<inf> oresat_solar2: 1681 5305.000000 218800.000000 1160.734009 82500[0m
[00:00:01.687,000] [0m<inf> oresat_olar2: 1687 5303.750000 219580.000000 1164.597412 860000[0m
00:00:01.693,000] [0m<inf> oresat_solar2: 169 5303.750000 220360.000000 1168.734375 857500[0m
[00:00:01.68,000] [0m<inf> oresat_solar2: 1698 5302.50000 221100.000000 1172.382690 855000[0m
[00:00:01.704,000] [0<inf> oresat_solar2: 1704 5301.250000 221900.00000 1176.347412 852500[0m
[00:00:01.710,000] [0m<inf> orest_solar2: 1710 5301.250000 222700.000000 1180.88379 850000[0m
[00:00:01.715,000] [0m<inf> oresat_solar2: 1715 5300.000000 223500.000000 1184.550049 84750[0m
[00:00:01.721,000] [0m<inf> oresat_solar2: 1721 5298.70000 224220.000000 1188.085693 845000[0m
[0000:01.727,000] [0m<inf> oresat_solar2: 1727 5300.000000 225080.000000 1192.923950 842500[0m
[00:00:01.732,00] [0m<inf> oresat_solar2: 1732 5300.000000 225800.000000 1196.739990 840000[0m
[00:00:01.738,000] [0m<if> oresat_solar2: 1738 5297.500000 226520.00000 1199.989746 837500[0m
[00:00:01.744,000] [0m<inf> oresat_olar2: 1744 5297.500000 227360.000000 1204.43975 835000[0m
[00:00:01.750,000] [0m<inf> oresat_solar2: 175 5296.250000 228160.000000 1208.392456 8325000m
[00:00:01.755,000] [0m<inf> oresat_solar2: 1755 5296.25000 229160.000000 1213.688599 830000[0m
[00:0001.761,000] [0m<inf> oresat_solar2: 1761 5295.000000 229920.000000 1217.426392 827500[0m
[00:00:01.767,000 [0m<inf> oresat_solar2: 1767 5293.750000 230820.000000 1221.903320 825000[0m
[00:00:01.772,000] [0m<inf>oresat_solar2: 1772 5295.000000 231600.000000 1226.322021 822500[0m
[00:00:01.778,000] [0m<inf> oresat_solr2: 1778 5293.750000 232320.000000 1229.843994 820000[0m
[00:00:01.784,000] [0m<inf> oresat_solar2: 1784 592.500000 233120.000000 1233.787598 817500[0m
[00:00:01.789,000] [0m<inf> oresat_solar2: 1789 5292.500000 33880.000000 1237.809937 815000[0m
[00:00:01.795,000] [0m<inf> oresat_solar2: 1795 5291.250000 234580.00000 1241.221436 812500[0m
[00:00:01.801,000] 0m<inf> oresat_solar2: 1801 5290.000000 235460.000000 1245.58374 810000[0m
[00:00:01.807,000] [0m<inf> orsat_solar2: 1807 5290.000000 236220.000000 1249.603760 8075000m
[00:00:01.812,000] [0m<inf> oresat_solar2 1812 5288.750000 236960.000000 1253.222168 805000[0m
[00:0001.818,000] [0m<inf> oresat_solar2: 1818 5288750000 237760.000000 1257.453247 802500[0m
[00:00:01.824,000] [0m<inf> oresat_solar2: 1824 5288.750000 23820.000000 1261.472656 800000[0m
[00:00:01.829,000] [0m<inf> oresat_solar2: 1829 5286.250000 239360.000000 265.316772 797500[0m
[00:00:01.835,000] [0m<inf> oresat_solar2: 1835 5287.500000 240400.000000 1271.114990795000[0m
[00:00:01.841,000] [0m<inf> oresat_solar2: 1841 5283.750000 241120.000000 1274.017822 792500[0m
[00:00:01.846,000] [0m<inf> oresat_solar2: 1846 5285.000000 241900.000000 1278.441528 790000[0m
[00:00:01852,000] [0m<inf> oresat_solar2: 1852 5286.250000 242680.000000 1282.867188 787500[0m
[00:00:01.858,000] 0m<inf> oresat_solar2: 1858 5286.250000 243480000000 1287.096191 785000[0m
[00:00:01.864,000] [0m<inf> orsat_solar2: 1864 5283.750000 244220.000000 129.397461 782500[0m
[00:00:01.869,000] [0m<inf> oresat_solar2 1869 5283.750000 244980.000000 1294.413086 78000[0m
[00:00:01.875,000] [0m<inf> oresat_solar2: 1875 5283750000 245720.000000 1298.322998 777500[0m
[0:00:01.881,000] [0m<inf> oresat_solar2: 1881 5282.500000 24660.000000 1302.453247 775000[0m
[00:00:01.88,000] [0m<inf> oresat_solar2: 1886 5280.000000 247320.000000 1305.849609 772500[0m
[00:00:01.892,000] [0minf> oresat_solar2: 1892 5278.750000 248160.000000 1309.974609 770000[0m
[00:00:01.898,000] [0m<inf> oresa_solar2: 1898 5281.250000 248920.000000 1314.608765 767500[0m
[00:00:01.903,000] [0m<inf> oresat_solar2: 103 5277.500000 249760.000000 1318.108398 765000[0m
[00:00:01.909,000] [0m<inf> oresat_solar2: 1909 5278.75000 250720.000000 1323.488159 762500[0m
[00:0:01.915,000] [0m<inf> oresat_solar2: 1915 5277.500000 251520000000 1327.396851 760000[0m
[00:00:01.921,00] [0m<inf> oresat_solar2: 1921 5276.250000 252260.000000 1330.986816 757500[0m
[00:00:01.926,000] [0m<in> oresat_solar2: 1926 5276.250000 253180.000000 1335.840942 75000[0m
[00:00:01.932,000] [0m<inf> oresat_slar2: 1932 5276.250000 253860.000000 1339.428833 752500[0m
[00:00:01.938,000] [0m<inf> oresat_solar2: 19385273.750000 254620.000000 1342.802246 750000[0m
[00:00:01.943,000] [0m<inf> oresat_solar2: 1943 5273.75000 255400.000000 1346.915771 747500[0m
[00:00:01.949,000] [0m<inf> oresat_solar2: 1949 5272.500000 256260.00000 1351.130859 745000[0m
[00:00:01.955,000] [0m<inf> oresat_solar2: 1955 5272.500000 256980.000000 1354.97002 742500[0m
[00:00:01.960,000] [0m<inf> resat_solar2: 1960 5273.750000 257800.000000 1359.572754 74000[0m
[00:00:01.966,000] [0m<inf> oresat_sola2: 1966 5271.250000 258500.000000 1362.618164 737500[0m
[00:0:01.972,000] [0m<inf> oresat_solar2: 1972 528.750000 259360.000000 1366.503052 735000[0m
[00:00:01.978,00] [0m<inf> oresat_solar2: 1978 5268.750000 20120.000000 1370.507202 732500[0m
[00:00:01.983,000] [0m<inf> oresat_solar2: 1983 5270.000000 261060.00000 1375.786255 730000[0m
[00:00:01.989,000] [0m<inf> oresat_solar2: 1989 5268.750000 261880.000000 1379.78023 727500[0m
[00:00:01.995,000] [0m<inf> oresat_solar2: 1995 5266.250000 262600.000000 1382.917236 725000[m
[00:00:02.000,000] [0m<inf> oresat_solar2: 2000 5267.500000 263500.000000 1387.986206 722500[0m
[00:00:2.002,000] [0m<dbg> oresat_blink: handle_blin: The light is blinking![0m
[00:00:02.006,000] [0m<inf> oreat_solar2: 2006 5265.000000 264280.000000 1391434204 720000[0m
[00:00:02.012,000] [0m<inf> oresat_solar2:2012 5262.500000 265020.000000 1394.667725 71700[0m
[00:00:02.017,000] [0m<inf> oresat_solar2: 2017 5263.750000 265820.000000 1399.210083 715000[0m
[0:00:02.023,000] [0m<inf> oresat_solar2: 2023 5262.500000 26660.000000 1403.087769 712500[0m
[00:00:02.029000] [0m<inf> oresat_solar2: 2029 5262.500000 267360.000000 1406.982056 710000[0m
[00:00:02.035,000] [0m<nf> oresat_solar2: 2035 5260.000000 268120.000000 1410.311157 707500[0m
[00:00:02.040,000] [0m<inf> oresatsolar2: 2040 5261.250000 268820.000000 1414.32224 705000[0m
[00:00:02.046,000] [0m<inf> oresat_solar2: 206 5257.500000 269680.000000 1417.842651 702500[0m
[00:00:02.052,000] [0m<inf> oresat_solar2: 2052 5258.750000 270480.000000 1422.386719 700000[0m
[00:0:02.057,000] [0m<inf> oresat_solar2: 2057 5258.750000 271220.000000 1426.278198 697500[0m
[00:00:02.063,00] [0m<inf> oresat_solar2: 2063 5255.000000 272280.000000 1430.831421 695000[0m
[00:00:02.069,000] [0m<inf oresat_solar2: 2069 5257.500000 273020.000000 1435.402710 692500[0m
[00:00:02.074,000] [0m<inf> oresat_soar2: 2074 5253.750000 273800.000000 1438.476807 690000[0m
[00:00:02.080,000] [0m<inf> oresat_solar2: 2080 255.000000 274600.000000 1443.022949 687500[0m
[00:00:02.086,000] [0m<inf> oresat_solar2: 2086 5253.750000275420.000000 1446.987793 685000[0m
[00:00:02.092,000] [0m<inf> oresat_solar2: 2092 5253.750000 276120.00000 1450.665405 682500[0m
[00:00:02.097,000] [0m<inf> oresat_solar2: 2097 5253.750000 276900.000000 1454.76428 680000[0m
[00:00:02.103,000] [0m<inf> oesat_solar2: 2103 5252.500000 277760.000000 1458.934448 677500[0m
[00:00:02.109,000] [0m<inf> oresat_solar: 2109 5252.500000 278480.000000 1462.716187 675000[0m
[00:0:02.114,000] [0m<inf> oresat_solar2: 2114 525.000000 279220.000000 1465.905029 672500[0m
[00:00:02.120,00] [0m<inf> oresat_solar2: 2120 5251.250000 28080.000000 1470.770142 670000[0m
[00:00:02.126,000] [0m<inf> oresat_solar2: 2126 5248.750000 280820.0000001473.953979 667500[0m
[00:00:02.131,000] [0m<inf> oresat_solar2: 2131 5248.750000 281580.000000 1477.94299 665000[0m
[00:00:02.137,000] [0m<inf> oresat_solar2: 2137 5248.750000 282700.000000 1483.821655 662500[0
[00:00:02.143,000] [0m<inf> oresat_solar2: 2143 5247.500000 283460.000000 1487.456299 660000[0m
[00:00:0.149,000] [0m<inf> oresat_solar2: 2149 5245.000000 284200.000000 1490.629028 657500[0m
[00:00:02.154,000] [0m<inf> oresat_solar2: 2154 5245.000000 285060.000000 1495.139648 655000[0m
[00:00:02.160,000] [0m<inf> oesat_solar2: 2160 5245.000000 285780.000000 1498.916138 652500[0m
[00:00:02.166,000] [0m<inf> oresat_solar: 2166 5242.500000 286520.000000 1502.081055 60000[0m
[00:00:02.171,000] [0m<inf> oresat_solar2: 2171 524.750000 287380.000000 1506.948853 647500[0m
00:00:02.177,000] [0m<inf> oresat_solar2: 2177 5241.250000 28100.000000 1510.004150 645000[0m
[00:00:02.13,000] [0m<inf> oresat_solar2: 2183 5241.250000 288860.0000001513.987427 642500[0m
[00:00:02.188,000] [0<inf> oresat_solar2: 2188 5240.000000 289700.000000 1518.027954 640000[0m
[00:00:02.194,000] [0m<inf> orest_solar2: 2194 5241.250000 290480.000000 1522.478271 637500[0m
[00:00:02.200,000] [0m<inf> oresat_solar2: 200 5238.750000 291280.000000 1525.943115 635000[0m
[00:00:02.206,000] [0m<inf> oresat_solar2: 2206 5237.50000 292080.000000 1529.769043 632500[0m
[00:00:02.211,000] [0m<inf> oresat_solar2: 2211 5237.500000 29310.000000 1535.111206 630000[0m
[00:00:02.217,000] [0m<inf> oresat_solar2: 2217 5236.250000 293860.000000 158.724365 627500[0m
[00:00:02.223,000] [0m<if> oresat_solar2: 2223 5235.000000 294660.000000 1542.545044 65000[0m
[00:00:02.228,000] [0m<inf> oresat_olar2: 2228 5235.000000 295380.000000 1546.314331 622500[0m
00:00:02.234,000] [0m<inf> oresat_solar2: 223 5233.750000 296180.000000 1550.132080 620000[0m
[00:00:02.240,000] [0m<inf> oresat_solar2: 2240 5233.75000 296880.000000 1553.795654 617500[0m
[00:00:02.245,000] [0m<inf> oresat_solar2: 2245 5232.500000 297620.00000 1557.296631 615000[0m
[00:00:02.251,000] [0m<inf> oresat_solar2: 2251 5232.500000 298380.000000 1561.73315 612500[0m
[00:00:02.257,000] [0m<inf> oresat_solar2: 2257 5231.250000 299200.000000 1565.189941 61000[0m
[00:00:02.263,000] [0m<inf> oresat_solr2: 2263 5232.500000 299920.000000 1569.331421 607500[0m
[0000:02.268,000] [0m<inf> oresat_solar2: 2268 528.750000 300780.000000 1572.703369 605000[0m
[00:00:02.274,00] [0m<inf> oresat_solar2: 2274 5230.000000 01520.000000 1576.949585 602500[0m
[00:00:02.280,000] [0m<inf> oresat_solar2: 2280 5227.500000 302280.00000 1580.168701 600000[0m
[00:00:02.285,000] [0m<inf> oresat_solar2: 2285 5225.000000 303060.000000 1583.48825 597500[0m
[00:00:02.291,000] [0m<inf> oresat_solar2: 2291 5225.000000 304020.000000 1588.504517 5950000m
[00:00:02.297,000] [0m<inf> oresat_solar2: 2297 5225.000000 304880.000000 1592.998047 592500[0m
[00:0002.302,000] [0m<inf> oresat_solar2: 2302 5223750000 305680.000000 1596.795898 590000[0m
[00:00:02.308,000 [0m<inf> oresat_solar2: 2308 5225.000000 30680.000000 1601.358032 587500[0m
[00:00:02.314,000] [0m<inf>oresat_solar2: 2314 5220.000000 307120.000000 603.166382 585000[0m
[00:00:02.320,000] [0m<inf> oresat_solar2: 2320 5220.000000 307980.000000 1607.655640582500[0m
{ÿ*** Booting Zephyr OS build v4.2.0 ***

[00:00:00.002,000] [0m<inf> oresat_mcxn947_solr: Oresat MCXN947 Solar Board App
[0m
[00:00:00.002,000] [0m<inf> oresat_blink: Starting blink demo[0m
[0:00:00.002,000] [0m<dbg> oresat_blink: handl_blink: The light is blinking![0m
[00:00:00.002,000] [0m<in> oresat_solar2: Starting Solar Tracking...[0
[00:00:00.002,000] [1;31m<err> mcux_lpi2c: SCL GPIO device ot ready[0m
[00:00:00.002,000] [0m<inf> oreat_solar2: Starting INA226 reading[0m
[00:00:00.005,000] [0<inf> oresat_solar2: 5 5442.500000 -540.000000-2.938950 1597500[0m
[00:00:00.011,000] [0m<inf> oresat_solar2: 11 5442.500000 -540.000000 -2.938950 159500[0m
[00:00:00.017,000] [0m<inf> oresat_solar2: 17 5441.250000 -600.000000 -3.264750 1592500[0m
[00:00:0.022,000] [0m<inf> oresat_solar2: 22 5441.250000 -580.000000 -3.155925 1590000[0m
[00:00:00.028,000] [0m<nf> oresat_solar2: 28 5441.250000 -600.000000 -3.264750 1587500[0m
[00:00:00.034,000] [0m<inf> oresat_sola2: 34 5440.000000 -580.000000 -3.155200 158500[0m
[00:00:00.039,000] [0m<inf> oresat_solar2: 39 5441.25000 -520.000000 -2.829450 1582500[0m
[00:00:00045,000] [0m<inf> oresat_solar2: 45 5441.250000 -500.000000 -.720625 1580000[0m
[00:00:00.051,000] [0m<if> oresat_solar2: 51 5440.000000 -500.000000 -2.720000 1577500[0m
[00:00:00.057,000] [0m<inf> oresat_solar: 57 5442.500000 -500.000000 -2.721250 1575000[0m
[00:00:00.62,000] [0m<inf> oresat_solar2: 62 5440.00000 -520.000000 -2.828800 1572500[0m
[00:00:00.068,000] [0m<inf> oresat_solar2: 68 5440.000000 -540.000000 -2937600 1570000[0m
[00:00:00.074,000] [0m<inf> oresat_solar2: 74 5438.750000 -540.000000 -2.936925 15675000m
[00:00:00.079,000] [0m<inf> oresat_solar2: 79 5442.500000 -540.000000 -2.938950 1565000[0m
[00:00:00.05,000] [0m<inf> oresat_solar2: 85 5438.750000-520.000000 -2.828150 1562500[0m
[00:00:00.091,000] [0m<inf oresat_solar2: 91 5440.000000 -540.000000 -2.37600 1560000[0m
[00:00:00.096,000] [0m<inf> oresat_solar2:96 5440.000000 -540.000000 -2.937600 1557500[m
[00:00:00.102,000] [0m<inf> oresat_solar2: 102 5441.250000 -500.000000 -2.720625 1555000[0m
[00:00:00.18,000] [0m<inf> oresat_solar2: 108 5440.000000 -540.000000 -2.937600 1552500[0m
[00:00:00.114,000] [0m<in> oresat_solar2: 114 5440.000000 -540.000000 -2.937600 1550000[0m
[00:00:00.119,000] [0m<inf> oresat_solar: 119 5441.250000 -540.000000 -2.938275 1547500[0m
[00:00:00.125,000] [0m<inf> oresat_solar2: 125 5441.25000 -540.000000 -2.938275 1545000[0m
[00:00:0.131,000] [0m<inf> oresat_solar2: 131 5438.750000 -520.000000-2.828150 1542500[0m
[00:00:00.136,000] [0minf> oresat_solar2: 136 5440.000000 -520.000000 -2.828800 154000[0m
[00:00:00.142,000] [0m<inf> oresat_soar2: 142 5440.000000 -540.000000 -2.937600 1537500[0m
[00:00:00.148,000] [0m<inf> oresat_solar2: 148 5437.00000 1900.000000 10.331250 1535000[0m
[00:00:00.153,000] [m<inf> oresat_solar2: 153 5437.500000 2860.00000 15.551250 1532500[0m
[00:00:00.159,000] [0m<inf> oresat_solar2: 159 5436.250000 3960.000000 21.527550 130000[0m
[00:00:00.165,000] [0m<inf> oresat_solar2: 165 5435.000000 4880.000000 26.522800 1527500[0m
[0000:00.171,000] [0m<inf> oresat_solar2: 171 5436.250000 5700.000000 30.986626 1525000[0m
[00:00:00.176,000][0m<inf> oresat_solar2: 176 5435.000000 6520.00000 35.436199 1522500[0m
[00:00:00.182,000] [0m<inf> orest_solar2: 182 5436.250000 7380.000000 40.11952 1520000[0m
[00:00:00.188,000] [0m<inf> oresat_solar2: 188 433.750000 8160.000000 44.339401 1517500[0m
00:00:00.193,000] [0m<inf> oresat_solar2: 193 5432.500000 9020.000000 49.001148 1515000[0m
[00:00:00.199,00] [0m<inf> oresat_solar2: 199 5433.750000 9900.000000 53.794125 1512500[0m
[00:00:00.205,000] [0m<inf> oesat_solar2: 205 5431.250000 10680.000000 58.005749 1510000[0m
[00:00:00.210,000] [0m<inf> oresat_solar2: 10 5432.500000 11360.000000 61.713200 1507500[0m
[00:00:00.216,000] [0m<inf> oresat_solar2: 216 5431.25000 12160.000000 66.043999 1505000[0m
[00:00:00222,000] [0m<inf> oresat_solar2: 222 5430.000000 13000.00000070.589996 1502500[0m
[00:00:00.228,000] [0minf> oresat_solar2: 228 5432.500000 13860.000000 75.294449 150000[0m
[00:00:00.233,000] [0m<inf> oresat_slar2: 233 5428.750000 14620.000000 79.368324 1497500[0m
[00:0:00.239,000] [0m<inf> oresat_solar2: 239 543.250000 15680.000000 85.162003 1495000[0m
[00:00:00.245,000][0m<inf> oresat_solar2: 245 5427.500000 16400000000 89.011002 1492500[0m
[00:00:00.250,000] [0m<inf> oresat_solar2: 250 5428.750000 17280.000000 93.80800 1490000[0m
[00:00:00.256,000] [0m<inf> oresat_solar2: 256 5430.000000 18160.000000 98.608803 1487500[0
[00:00:00.262,000] [0m<inf> oresat_solar2: 62 5427.500000 18880.000000 102.471199 1485000[0m
[00:00:00.67,000] [0m<inf> oresat_solar2: 267 5427.50000 19700.000000 106.921753 1482500[0m
[00:00:00.273,000] [0minf> oresat_solar2: 273 5427.500000 20520.00000 111.372299 1480000[0m
[00:00:00.279,000] [0m<inf> oresat_olar2: 279 5426.250000 21220.000000 115.1450271477500[0m
[00:00:00.285,000] [0m<inf> oresat_solar2: 285 5426.250000 22120.000000 120.028648 1475000[0m[00:00:00.290,000] [0m<inf> oresat_solar2: 290 5426.250000 22780.000000 123.609978 1472500[0m
[00:00:00.29,000] [0m<inf> oresat_solar2: 296 5425.000000 23680.000000 128.464005 1470000[0m
[00:00:00.302,000] [0m<if> oresat_solar2: 302 5426.250000 24480.000000 132.834595 1467500[0m
[00:00:00.307,000] [0m<inf> oresat_soar2: 307 5425.000000 25320.000000 137.360992 165000[0m
[00:00:00.313,000] [0m<inf> oresat_solar2: 313 542.500000 26220.000000 142.177948 1462500[0m
[0:00:00.319,000] [0m<inf> oresat_solar2: 319 5422.500000 2710.000000 146.949753 1460000[0m
[00:00:00.324,00] [0m<inf> oresat_solar2: 324 5421.250000 27820.000000 150.19168 1457500[0m
[00:00:00.330,000] [0m<inf oresat_solar2: 330 5422.500000 28680.000000 155.517303 1455000[0m
[00:00:00.336,000] [0m<inf> oresat_sola2: 336 5421.250000 29480.000000 159.818451 1452500[0m
[00:00:00.342,000] [0m<inf> oresat_solar2: 342 5422.00000 30260.000000 164.084854 1450000[0m
[00:00:00.347,000] [0m<inf> oresat_solar2: 347 5420.000000 31080.00000 168.453598 1447500[0m
[00:00:00.353,000] [0m<inf> oresat_solar2: 353 5421.250000 31880.000000 172.82453 1445000[0m
[00:00:00.359,000] [0m<inf> oresat_solar2: 359 5420.000000 32620.000000 176.800400 14425000m
[00:00:00.364,000] [0m<inf> oresat_solar2 364 5420.000000 33400.000000 181.028000 1440000[0m
[00:00:0.370,000] [0m<inf> oresat_solar2: 370 5418.75000 34220.000000 185.429626 1437500[0m
[00:00:00.376,000] [m<inf> oresat_solar2: 376 5417.500000 35060.00000 189.937546 1435000[0m
[00:00:00.381,000] [0m<inf> oresa_solar2: 381 5418.750000 35780.000000 193.88284 1432500[0m
[00:00:00.387,000] [0m<inf> oresat_solar2: 3875417.500000 36900.000000 199.905746 1430000[0
[00:00:00.393,000] [0m<inf> oresat_solar2: 393 5418.750000 7680.000000 204.178497 1427500[0m
[00:00:00.99,000] [0m<inf> oresat_solar2: 399 5415.000000 38520.000000 208.585800 1425000[0m
[00:00:00.404,000] [0minf> oresat_solar2: 404 5415.000000 39260.000000 212.592896 1422500[0m
[00:00:00.410,000] [0m<inf> oresat_olar2: 410 5415.000000 39980.000000 216.491699 1420000[0m
[00:00:00.416,000] [0m<inf> oresat_solar2: 416 515.000000 40800.000000 220.932007 1417500[0m[00:00:00.421,000] [0m<inf> oresat_solar2: 421 5413.750000 4180.000000 225.645096 1415000[0m
[00:00:00.42,000] [0m<inf> oresat_solar2: 427 5415.000000 42360.000000 22.379395 1412500[0m
[00:00:00.433,000] [0m<if> oresat_solar2: 433 5413.750000 43160.000000 233.657455 141000[0m
[00:00:00.438,000] [0m<inf> oresat_soar2: 438 5415.000000 43960.000000 238.043396 1407500[0m
[00:0:00.444,000] [0m<inf> oresat_solar2: 444 541.500000 44760.000000 242.263504 1405000[0m
[00:00:00.450,000] [0m<inf> oresat_solar2: 450 5413.750000 4552.000000 246.433899 1402500[0m
[00:00:00.456,000] [0m<inf> oresat_solar2: 456 5412.500000 46280.000000 250.90494 1400000[0m
[00:00:00.461,000] [0m<inf> oresat_solar2: 461 5412.500000 47100.000000 254.928757 139750[0m
[00:00:00.467,000] [0m<inf> oresat_solar2: 467 5411.250000 48060.000000 260.064667 1395000[0m
[00:0000.473,000] [0m<inf> oresat_solar2: 473 5410.00000 48860.000000 264.332611 1392500[0m
[00:00:00.478,000] [0m<inf> oresat_solar2: 478 5411.250000 49680.00000 268.830902 1390000[0m
[00:00:00.484,000] [0m<inf> oreat_solar2: 484 5411.250000 50420.000000 272.83236 1387500[0m
[00:00:00.490,000] [0m<inf> oresat_solar2: 40 5408.750000 51200.000000 276.928009 13850000m
[00:00:00.495,000] [0m<inf> oresat_solar2: 495 5410.000000 52020.000000 281.428192 1382500[0m
[00:00:0.501,000] [0m<inf> oresat_solar2: 501 5408.750000 52780.000000 285.473816 1380000[0m
[00:00:00.507,000] [m<inf> oresat_solar2: 507 5408.750000 53580.000000 289.800812 1377500[0m
[00:00:00.513,000] [0m<inf> oresa_solar2: 513 5407.500000 54400.000000 294.167999 1375000[0m
[00:00:00.518,000] [0m<inf> oresat_solar2: 5185407.500000 55180.000000 298.385864 1372500[0m
[00:00:00.524,000] [0m<inf> oresat_solar2: 524 5406.250000 5880.000000 302.101257 1370000[0m
[00:00:00.30,000] [0m<inf> oresat_solar2: 530 5405.000000 56700.000000 06.463501 1367500[0m
[00:00:00.535,000] [0minf> oresat_solar2: 535 5406.250000 57460.000000 310.643127 135000[0m
[00:00:00.541,000] [0m<inf> oresat_olar2: 541 5407.500000 58400.000000 315.798004 1362500[0m
[0:00:00.547,000] [0m<inf> oresat_solar2: 547 503.750000 59280.000000 320.334290 1360000[0m
[00:00:00.552,000] [0m<inf> oresat_solar2: 552 5405.000000 6020.000000 324.408112 1357500[0m
[00:00:00.558,000] [0m<inf>oresat_solar2: 558 5402.500000 60820.000000 32.580048 1355000[0m
[00:00:00.564,000] [0m<inf> oresat_solar2: 564 5405.000000 61600.000000 332.947998 135200[0m
[00:00:00.570,000] [0m<inf> oresat_solar2: 570 5403.750000 62380.000000 337.085938 1350000[0m
[00:0:00.575,000] [0m<inf> oresat_solar2: 575 540.500000 63180.000000 341.329956 1347500[0m
[00:00:00.581,000 [0m<inf> oresat_solar2: 581 5402.500000 6390.000000 345.219757 1345000[0m
[00:00:00.587,000] [0m<inf> oesat_solar2: 587 5402.500000 64680.000000 349.33685 1342500[0m
[00:00:00.592,000] [0m<inf> oresat_solar2:592 5400.000000 65380.000000 353.052002 134000[0m
[00:00:00.598,000] [0m<inf> oresat_solar2: 598 5401.250000 66180.000000 357.454712 1337500[0m
[00:0000.604,000] [0m<inf> oresat_solar2: 604 5400.000000 67020.000000 361.907990 1335000[0m
[00:00:00.609,000] [0m<inf> oresat_solar2: 609 5400.000000 67680.000000 365.471985 1332500[0m
[00:00:00.615,000] [0m<inf> oreat_solar2: 615 5398.750000 68720.000000 371.002106 1330000[0m
[00:00:00.621,000] [0m<inf> oresat_solar2: 61 5397.500000 69800.000000 376.745514 13275000m
[00:00:00.627,000] [0m<inf> oresat_solar2: 627 5396.25000 70660.000000 381.299011 1325000[0m
[00:00:0.632,000] [0m<inf> oresat_solar2: 632 5397.500000 71380.00000 385.273560 1322500[0m
[00:00:00.638,000] [m<inf> oresat_solar2: 638 5397.500000 72160.000000 389.483612 1320000[0m
[00:00:00.644,000] [0m<inf> oresa_solar2: 644 5397.500000 73060.000000 394.341339 1317500[0m
[00:00:00.649,000] [0m<inf> oresat_solar2: 6495397.500000 73760.000000 398.119598 1315000[0m
[00:00:00.655,000] [0m<inf> oresat_solar2: 655 5395.000000 4480.000000 401.819611 1312500[0m
[00:00:00.661,000] [0m<inf> oresat_solar2: 661 5393.750000 75220.000000 05.717865 1310000[0m
[00:00:00.666,000] [0minf> oresat_solar2: 666 5393.750000 76060.000000 410.248627 137500[0m
[00:00:00.672,000] [0m<inf> oresat_olar2: 672 5392.500000 76880.000000 414.575409 1305000[0m
[00:00:00.678,000] [0m<inf> oresat_solar2: 678 593.750000 77660.000000 418.878632 1302500[0m
[00:00:00.684,000] [0m<inf> oresat_solar2: 684 5391.250000 7860.000000 422.997467 1300000[0m
[00:00:00.689,000] [0m<inf> oresat_solar2: 689 5393.750000 79260.000000 42.508636 1297500[0m
[00:00:00.695,000] [0m<inf> oresat_solar2: 695 5391.250000 80300.000000 432.917389 129500[0m
[00:00:00.701,000] [0m<inf> oresat_solar2: 701 5392.500000 81060.000000 437.116058 1292500[0m
[00:0:00.706,000] [0m<inf> oresat_solar2: 706 5392.500000 81820.000000 441.214355 1290000[0m
[00:00:00.712,000 [0m<inf> oresat_solar2: 712 5391.250000 8266.000000 445.640717 1287500[0m
[00:00:00.718,000] [0m<inf> oesat_solar2: 718 5390.000000 83480.000000 449.57214 1285000[0m
[00:00:00.723,000] [0m<inf> oresat_solar2:723 5390.000000 84260.000000 454.161407 128250[0m
[00:00:00.729,000] [0m<inf> oresat_solar2: 729 5388.75000 85020.000000 458.151520 1280000[0m
[00:0000.735,000] [0m<inf> oresat_solar2: 735 5390.000000 85820.000000 462.569794 1277500[0m
[00:00:00.741,000] [0m<inf> oresat_solar2: 741 5388.750000 86560.000000 466.45019 1275000[0m
[00:00:00.746,000] [0m<inf> oreat_solar2: 746 5387.500000 87360.000000 470.652008 1272500[0m
[00:00:00.752,000] [0m<inf> oresat_solar2: 72 5386.250000 88180.000000 474.959534 1270000[0m
[00:00:00.758,000] [0m<inf> oresat_solar2: 758 5387.50000 88900.000000 478.948761 1267500[0m
[00:00:00.763,000] [0m<inf> oresat_solar2: 763 5386.250000 89700.00000 483.146637 1265000[0m
[00:00:00.769,000] [0m<inf> oresat_solar2: 769 5386.250000 90820.000000 489.179230 262500[0m
[00:00:00.775,000] [0m<inf> oresat_solar2: 775 5386.250000 91560.000000 493.165039 1260000[0m
00:00:00.780,000] [0m<inf> oresat_solar2: 7805385.000000 92320.000000 497.143188 1257500[0m
[00:00:00.786000] [0m<inf> oresat_solar2: 786 5385.000000 3120.000000 501.451202 1255000[0m
[00:00:00.792,000] [0m<in> oresat_solar2: 792 5385.000000 93980.000000 06.082306 1252500[0m
[00:00:00.798,000] [0m<inf> oresat_solr2: 798 5383.750000 94700.000000 509.841125 120000[0m
[00:00:00.803,000] [0m<inf> oresat_solar2: 803 5382.500000 95520.000000 514.136414 1247500[0m
[0:00:00.809,000] [0m<inf> oresat_solar2: 809 5381.250000 96280.000000 518.106750 1245000[0m
[00:00:00.815,00] [0m<inf> oresat_solar2: 815 5382.500000 97020.000000 522.210144 1242500[0m
[00:00:00.820,000] [0m<inf>oresat_solar2: 820 5381.250000 97800.000000 526.286255 1240000[0m
[00:00:00.826,000] [0m<inf> oresat_solar: 826 5381.250000 98560.000000 530.375977 123700[0m
[00:00:00.832,000] [0m<inf> oresat_solar2: 832 5382.50000 99420.000000 535.128174 1235000[0m
[00:0:00.837,000] [0m<inf> oresat_solar2: 837 5380.000000 100200.00000 539.075989 1232500[0m
[00:00:00.843,00] [0m<inf> oresat_solar2: 843 5380.000000 101260.000000 544.78809 1230000[0m
[00:00:00.849,000] [0m<inf>oresat_solar2: 849 5378.750000 102060.000000 548.955200 1227500[0m
[00:00:00.855,000] [0m<inf> oresat_sola2: 855 5380.000000 102780.000000 552.956421 1225000[0m
[00:0:00.860,000] [0m<inf> oresat_solar2: 860 5376250000 103660.000000 557.302063 1222500[0m
[00:00:00.866,000] [0m<inf> oresat_solar2: 866 5377.500000 10430.000000 561.303467 1220000[0m
[00:00:00.872,000] [0m<inf> oresat_solar2: 872 5377.500000 105120.000000 56.282776 1217500[0m
[00:00:00.877,000] [0m<inf> oresat_solar2: 877 5377.500000 105880.000000 569.369690 121000[0m
[00:00:00.883,000] [0m<inf> oresat_slar2: 883 5376.250000 106680.000000 573.538330 1212500[0m
[0:00:00.889,000] [0m<inf> oresat_solar2: 889 576.250000 107480.000000 577.839355 1210000[0m
[00:00:00.894,00] [0m<inf> oresat_solar2: 894 5375.000000 18260.000000 581.897522 1207500[0m
[00:00:00.900,000] [0m<inf> oresat_solar2: 900 5373.750000 108980.000000585.631287 1205000[0m
[00:00:00.906,000] [0m<inf> oresat_soar2: 906 5376.250000 109800.000000 590.312256 202500[0m
[00:00:00.912,000] [0m<inf> oresat_solar2: 912 5375.000000 110580.000000 594.367493 1200000[0m[00:00:00.917,000] [0m<inf> oresat_solar2: 917 5373.750000 111380.000000 598.528259 1197500[0m
[00:00:00.93,000] [0m<inf> oresat_solar2: 923 5372.500000 112400.000000 603.869019 1195000[0m
[00:00:00.929,000] [0minf> oresat_solar2: 929 5373.750000 113120.000000 607.878601 1192500[0m
[00:00:00.934,000] [0m<inf> oresatsolar2: 934 5371.250000 113960.000000 612.10766 1190000[0m
[00:00:00.940,000] [0m<inf> oresat_solar2: 9405370.000000 114800.000000 616.476013 1187500[m
[00:00:00.946,000] [0m<inf> oresat_solar2: 946 5371.250000115520.000000 620.486816 1185000[0m
[00:00:0.951,000] [0m<inf> oresat_solar2: 951 5368.750000 116260.00000 624.170898 1182500[0m
[00:00:00.957,000] 0m<inf> oresat_solar2: 957 5368.750000 117080.000000 628.573242 1180000[0m
[00:00:00.963,000] [0m<inf> oreat_solar2: 963 5368.750000 117880.000000 632.868225 1177500[0m
[00:00:00.969,000] [0m<inf> oresat_solar2: 69 5367.500000 118660.000000 636.907532 1175000[0m
[00:00:00.974,000] [0m<inf> oresat_solar2: 974 5367.50000 119480.000000 641.308899 1172500[0m
[00:00:00.980,000] [0m<inf> oresat_solar2: 980 5368.750000 120220.00000 645.431152 1170000[0m
[00:00:00.986,000] [0m<inf> oresat_solar2: 986 5367.500000 121060.000000 649.78551 1167500[0m
[00:00:00.991,000] [0m<inf> resat_solar2: 991 5366.250000 121760.000000 653.394592 1165000[0m
[00:00:00.997,000] [0m<inf> oresat_solar: 997 5367.500000 122880.000000 659.558411 1162500[0m
[00:0001.002,000] [0m<dbg> oresat_blink: handle_blik: The light is blinking![0m
[00:00:01.003,000] [0m<inf> orsat_solar2: 1003 5366.250000 123600.000000 663268494 1160000[0m
[00:00:01.009,000] [0m<inf> oresat_solar2 1009 5365.000000 124400.000000 667.406006 115500[0m
[00:00:01.014,000] [0m<inf> oresat_solar2: 1014 5365000000 125160.000000 671.483398 1155000[0m
[0:00:01.020,000] [0m<inf> oresat_solar2: 1020 5365.000000 125880.000000 675.346191 1152500[0m
[00:00:01.02,000] [0m<inf> oresat_solar2: 1026 5366.250000 126700.000000 679.903870 1150000[0m
[00:00:01.031,000] [0minf> oresat_solar2: 1031 5365.000000 127460.00000 683.822876 1147500[0m
[00:00:01.037,000] [0m<inf> oresa_solar2: 1037 5363.750000 128280.000000 688.06829 1145000[0m
[00:00:01.043,000] [0m<inf> oresat_solar2: 1043 5362.500000 129060.000000 692.084229 114250[0m
[00:00:01.048,000] [0m<inf> oresat_solar2: 1048 5362.500000 129880.000000 696.481506 1140000[0m
[00:0:01.054,000] [0m<inf> oresat_solar2: 1054 5362.500000 130660.000000 700.664246 1137500[0m
[00:00:01.060,00] [0m<inf> oresat_solar2: 1060 5361.250000 131460.000000 704.789917 1135000[0m
[00:00:01.066,000] [0m<in> oresat_solar2: 1066 5361.250000 132180.000000 708.650024 1132500[0m
[00:00:01.071,000] [0m<inf> oresat_slar2: 1071 5358.750000 133280.000000 714.21417 1130000[0m
[00:00:01.077,000] [0m<inf> oresat_solar2: 10775358.750000 134060.000000 718.394043 1127500[m
[00:00:01.083,000] [0m<inf> oresat_solar2: 1083 5358.75000 134860.000000 722.681030 1125000[0m
[00:00:1.088,000] [0m<inf> oresat_solar2: 1088 5357.500000 135620.00000 726.584167 1122500[0m
[00:00:01.094,000][0m<inf> oresat_solar2: 1094 5357.500000 136400.000000 730.763000 1120000[0m
[00:00:01.100,000] [0m<inf> resat_solar2: 1100 5357.500000 137200.000000 735.049011 1117500[0m
[00:00:01.105,000] [0m<inf> oresat_sola2: 1105 5357.500000 137960.000000 739.120728 1115000[0m
[00:00:01.111,000] [0m<inf> oresat_solar2: 1111 536.250000 138760.000000 743.233276 1112500[0m[00:00:01.117,000] [0m<inf> oresat_solar2: 1117 5356.250000 19580.000000 747.625366 1110000[0m
[00:00:01.23,000] [0m<inf> oresat_solar2: 1123 5355.000000 140360.00000 751.627808 1107500[0m
[00:00:01.128,000] [m<inf> oresat_solar2: 1128 5355.000000 141120.000000 755.697571 1105000[0m
[00:00:01.134,000] [0m<inf> oreat_solar2: 1134 5355.000000 141820.000000 759.446106 1102500[0m
[00:00:01.140,000] [0m<inf> oresat_solar2:1140 5355.000000 142660.000000 763.944275 1100000[0m
[00:00:01.145,000] [0m<inf> oresat_solar2: 1145 5353.50000 143480.000000 768.156067 1097500[0m
[00:00:01.151,000] [0m<inf> oresat_solar2: 1151 5353.750000 14440.000000 773.509827 1095000[0m
[00:00:01.157000] [0m<inf> oresat_solar2: 1157 5352.500000 145220.000000 77.290039 1092500[0m
[00:00:01.162,000] [0m<nf> oresat_solar2: 1162 5351.250000 146060.000000 781.603577 190000[0m
[00:00:01.168,000] [0m<inf> oresatsolar2: 1168 5351.250000 146800.000000 785.563477 1087500[0m
[00:00:01.174,000] [0m<inf> oresat_solar2: 114 5351.250000 147620.000000 789.951538 1085000[0m
[00:00:01.80,000] [0m<inf> oresat_solar2: 1180 5350.00000 148380.000000 793.833008 1082500[0m
[00:00:01.185,000] [0m<inf> oresat_solar2: 1185 5350.000000 149160.00000 798.005981 1080000[0m
[00:00:01.191,000] [0m<inf> oresat_solar2: 1191 5348.750000 149900.000000 801.77649 1077500[0m
[00:00:01.197,000] [0m<inf> oresat_solar2: 1197 5348.750000 150700.000000 806.056641 107500[0m
[00:00:01.202,000] [0m<inf> oresat_solar2: 1202 5350.000000 151500.000000 810.525024 1072500[0m
[0:00:01.208,000] [0m<inf> oresat_solar2: 1208 347.500000 152360.000000 814.745117 1070000[0m
[00:00:01.214000] [0m<inf> oresat_solar2: 1214 5348.750000153160.000000 819.214539 1067500[0m
[00:00:01.219,000] [0m<inf> oresat_solar2: 1219 5345.000000 153860.00000 822.381714 1065000[0m
[00:00:01.225,000] [0m<inf> oresat_solar2: 1225 5345.000000 154880.000000 827.83318 1062500[0m
[00:00:01.231,000] [0m<inf> oresat_solar2: 1231 5345.000000 155700.000000 832.216492 1060000[0m
[00:00:01.237,000] [0m<inf> oresat_solar2: 1237 5345.000000 156480.000000 836.385620 1057500[0m
[00:0:01.242,000] [0m<inf> oresat_solar2: 1242 5345.000000 157320.000000 840.875427 1055000[0m
[00:00:01.248,00] [0m<inf> oresat_solar2: 1248 5342.500000 158080.000000 844.542419 1052500[0m
[00:00:01.254,000] [0m<inf oresat_solar2: 1254 5342.500000 158800.000000848.388977 1050000[0m
[00:00:01.259,000] [0m<inf> oresat_soar2: 1259 5342.500000 159680.000000 853.0903931047500[0m
[00:00:01.265,000] [0m<inf> oresat_solar2: 1265 341.250000 160420.000000 856.843323 1045000[0
[00:00:01.271,000] [0m<inf> oresat_solar2: 1271 5343.750000161160.000000 861.198730 1042500[0m
[00:00:0.276,000] [0m<inf> oresat_solar2: 1276 5340.000000 161980.000000 864.973206 1040000[0m
[00:00:01.282,000] [0m<inf> oresat_solar2: 1282 5341.250000 162800.000000 869.555481 1037500[0m
[00:00:01.288,000] [0m<inf> oesat_solar2: 1288 5337.500000 163580.000000 873.108276 1035000[0m
[00:00:01.294,000] [0m<inf> oresat_solar: 1294 5340.000000 164300.000000 877.362000 1032500[0m
[00:00:01.299,000] [0m<inf> oresat_solar2: 1299 533.750000 165360.000000 882.815674 1030000[0m
[00:00:01.305,000] [0m<inf> oresat_solar2: 1305 5337.500000 16180.000000 886.985779 1027500[0m
[00:00:01.311,000] [0m<inf> oresat_solar2: 1311 5337.500000 166880.000000890.721985 1025000[0m
[00:00:01.316,000] [0<inf> oresat_solar2: 1316 5337.500000 167720.000000 895.2055051022500[0m
[00:00:01.322,000] [0m<inf> orest_solar2: 1322 5336.250000 168480.000000 899.051392 1020000[0
[00:00:01.328,000] [0m<inf> oresat_solar2: 328 5336.250000 169200.000000 902.893494 1017500[0m
[00:00:0.333,000] [0m<inf> oresat_solar2: 1333 5336.20000 170060.000000 907.482666 1015000[0m
[00:00:01.339,000] [0m<inf> oresat_solar2: 1339 5335.000000 17086.000000 911.538086 1012500[0m
[00:00:01.345,000] [0m<inf> oresat_solar2: 1345 5333.750000 171620.000000 91.378174 1010000[0m
[00:00:01.351,000] [0m<inf> oresat_solar2: 1351 5333.750000 172400.000000 919.538513 107500[0m
[00:00:01.356,000] [0m<inf> oresat_solar2: 1356 5332.500000 173200.000000 923.588989 1005000[0m
00:00:01.362,000] [0m<inf> oresat_solar2: 1362 5332.500000 173900.000000 927.321777 1002500[0m
[00:00:01.38,000] [0m<inf> oresat_solar2: 1368 5331.25000 174780.000000 931.795898 1000000[0m
[00:00:01.373,000] [0<inf> oresat_solar2: 1373 5332.500000 175580.00000 936.280334 997500[0m
[00:00:01.379,000] [0m<inf> oresa_solar2: 1379 5330.000000 176620.000000 941.38583 995000[0m
[00:00:01.385,000] [0m<inf> oresat_solar2: 135 5330.000000 177400.000000 945.541992 9925000m
[00:00:01.390,000] [0m<inf> oresat_solar2: 1390 5331.25000 178160.000000 949.815491 990000[0m
[00:00:1.396,000] [0m<inf> oresat_solar2: 1396 5328.750000 178900.00000 953.313354 987500[0m
[00:00:01.402,000] [0m<inf> oresat_solar2: 1402 5327.500000 179680.000000 957.245178 985000[0m
[00:00:01.408,000] [0m<inf> orsat_solar2: 1408 5327.500000 180480.000000 961.507202 982500[0m
[00:00:01.413,000] [0m<inf> oresat_solar2:1413 5327.500000 181220.000000 965.449524 980000[0m
[00:00:01.419,000] [0m<inf> oresat_solar2: 1419 5323.70000 182100.000000 969.454895 977500[0m
[00:0:01.425,000] [0m<inf> oresat_solar2: 1425 5325.000000 182800000000 973.409973 975000[0m
[00:00:01.430,00] [0m<inf> oresat_solar2: 1430 5326.250000 183580.000000 977.92969 972500[0m
[00:00:01.436,000] [0m<inf>oresat_solar2: 1436 5326.250000 184320.000000 981.734375 970000[0m
[00:00:01.442,000] [0m<inf> oresat_sola2: 1442 5325.000000 185160.000000 985.976990 967500[0m
[00:00:01.447,000] [0m<inf> oresat_solar2: 1447 532.750000 185880.000000 989.578674 965000[0m
[00:00:01.453,000] [0m<inf> oresat_solar2: 1453 5323.750000 18620.000000 995.115356 962500[0m
[00:00:01.459,000] [0m<inf> oresat_solar2: 1459 5322.500000 187800.000000 99.565491 960000[0m
[00:00:01.465,000] [0m<inf> oresat_solar2: 1465 5322.500000 188520.000000 1003.397705 97500[0m
[00:00:01.470,000] [0m<inf> oresat_olar2: 1470 5320.000000 189320.000000 1007.182373 955000[0m
00:00:01.476,000] [0m<inf> oresat_solar2: 147 5321.250000 190120.000000 1011.676025 952500[0m
[00:00:01.42,000] [0m<inf> oresat_solar2: 1482 5320.00000 190880.000000 1015.481628 950000[0m
[00:00:01.487,000] [0<inf> oresat_solar2: 1487 5322.500000 191680.00000 1020.216797 947500[0m
[00:00:01.493,000] [0m<inf> orest_solar2: 1493 5320.000000 192460.000000 1023.87207 945000[0m
[00:00:01.499,000] [0m<inf> oresat_solar2: 1499 5318.750000 193260.000000 1027.901611 94250[0m
[00:00:01.504,000] [0m<inf> oresat_solar2: 1504 5317.500000 194060.000000 1031.914062 940000[0m
[0000:01.510,000] [0m<inf> oresat_solar2: 1510 5318.750000 194780.000000 1035.986084 937500[0m
[00:00:01.516,00] [0m<inf> oresat_solar2: 1516 5317.500000 195620.000000 1040.209351 935000[0m
[00:00:01.522,000] [0m<if> oresat_solar2: 1522 5315.000000 196320.000000 1043.440796 932500[0m
[00:00:01.527,000] [0m<inf> oresat_olar2: 1527 5316.250000 197420.000000 1049.53458 930000[0m
[00:00:01.533,000] [0m<inf> oresat_solar2: 153 5316.250000 198160.000000 1053.468140 9275000m
[00:00:01.539,000] [0m<inf> oresat_solar2: 1539 5313.75000 199000.000000 1057.436279 925000[0m
[00:0001.544,000] [0m<inf> oresat_solar2: 1544 5315.000000 199800.00000 1061.937012 922500[0m
[00:00:01.550,000 [0m<inf> oresat_solar2: 1550 5313.750000 200480.000000 1065.300659 920000[0m
[00:00:01.556,000] [0m<inf>oresat_solar2: 1556 5312.500000 201280.000000 1069.300049 91750[0m
[00:00:01.561,000] [0m<inf> oresat_solr2: 1561 5313.750000 201980.000000 1073.271240 915000[0m
[00:00:01.567,000] [0m<inf> oresat_solar2: 1567 508.750000 202820.000000 1076.720703 912500[0m
[00:00:01.573,000] [0m<inf> oresat_solar2: 1573 5308.750000 03680.000000 1081.286255 910000[0m
[00:00:01.579,000] [0m<inf> oresat_solar2: 1579 5310.000000 204400.00000 1085.364014 907500[0m
[00:00:01.584,000] [0m<inf> oresat_solar2: 1584 5310.000000 205220.000000 1089.71840 905000[0m
[00:00:01.590,000] [0m<inf> orsat_solar2: 1590 5308.750000 205960.000000 1093.390137 9025000m
[00:00:01.596,000] [0m<inf> oresat_solar2 1596 5308.750000 206760.000000 1097.637207 900000[0m
[00:0001.601,000] [0m<inf> oresat_solar2: 1601 5307500000 207500.000000 1101.306274 897500[0m
[00:00:01.607,000 [0m<inf> oresat_solar2: 1607 5307.500000 20800.000000 1107.144531 895000[0m
[00:00:01.613,000] [0m<inf>oresat_solar2: 1613 5306.250000 209380.000000 111.022583 892500[0m
[00:00:01.618,000] [0m<inf> oresat_solar2: 1618 5306.250000 210100.000000 1114.843140890000[0m
[00:00:01.624,000] [0m<inf> oresat_solar2: 1624 5303.750000 210900.000000 1118.560913 887500[0m
[00:00:01.630,000] [0m<inf> oresat_solar2: 1630 5303.750000 211620.000000 1122.379517 885000[0m
[00:00:01636,000] [0m<inf> oresat_solar2: 1636 5302.500000 212420.000000 1126.357056 882500[0m
[00:00:01.641,000] 0m<inf> oresat_solar2: 1641 5301.250000 213320000000 1130.862671 880000[0m
[00:00:01.647,000] [0m<inf> orsat_solar2: 1647 5302.500000 214020.000000 113.841064 877500[0m
[00:00:01.653,000] [0m<inf> oresat_solar2 1653 5302.500000 214780.000000 1138.870972 87000[0m
[00:00:01.658,000] [0m<inf> oresat_solar2: 1658 5301250000 215580.000000 1142.843506 872500[0m
[0:00:01.664,000] [0m<inf> oresat_solar2: 1664 5300.000000 21660.000000 1146.708008 870000[0m
[00:00:01.67,000] [0m<inf> oresat_solar2: 1670 5298.750000 217120.000000 1150.464600 867500[0m
[00:00:01.675,000] [0minf> oresat_solar2: 1675 5300.000000 217880.000000 1154.764038 865000[0m
[00:00:01.681,000] [0m<inf> oresa_solar2: 1681 5297.500000 218900.000000 1159.622803 862500[0m
[00:00:01.687,000] [0m<inf> oresat_solar2: 187 5298.750000 219680.000000 1164.029419 860000[0m
[00:00:01.693,000] [0m<inf> oresat_solar2: 1693 5297.50000 220520.000000 1168.204712 857500[0m
[00:0:01.698,000] [0m<inf> oresat_solar2: 1698 5296.250000 221280000000 1171.954224 855000[0m
[00:00:01.704,00] [0m<inf> oresat_solar2: 1704 5295.000000 222060.000000 117.807739 852500[0m
[00:00:01.710,000] [0m<in> oresat_solar2: 1710 5296.250000 222900.000000 1180.534180 85000[0m
[00:00:01.715,000] [0m<inf> oresat_slar2: 1715 5296.250000 223580.000000 1184.135620 847500[0m
[0:00:01.721,000] [0m<inf> oresat_solar2: 17215293.750000 224400.000000 1187.917480 845000[0m
[00:00:01.727,000] [0m<inf> oresat_solar2: 1727 5293.75000 225200.000000 1192.152466 842500[0m
[00:00:01.732,000] [0m<inf> oresat_solar2: 1732 5292.500000 226020.00000 1196.210815 840000[0m
[00:00:01.738,000] [0m<inf> oresat_solar2: 1738 5292.500000 226780.000000 1200.23154 837500[0m
[00:00:01.744,000] [0m<inf> resat_solar2: 1744 5290.000000 227560.000000 1203.792358 83500[0m
[00:00:01.750,000] [0m<inf> oresat_sola2: 1750 5291.250000 228320.000000 1208.098145 832500[0m
[00:0:01.755,000] [0m<inf> oresat_solar2: 1755 520.000000 229400.000000 1213.526001 830000[0m
[00:00:01.761,00] [0m<inf> oresat_solar2: 1761 5290.000000 20160.000000 1217.546387 827500[0m
[00:00:01.767,000] [0m<in> oresat_solar2: 1767 5287.500000 230920.00000 1220.989502 825000[0m
[00:00:01.772,000] [0m<inf> oresat_solar2: 1772 5287.500000 231720.000000 1225.21942 822500[0m
[00:00:01.778,000] [0m<inf> oresat_solar2: 17785287.500000 232500.000000 1229.343750 820000[m
[00:00:01.784,000] [0m<inf> oresat_solar2: 1784 5286.250000 233300.000000 1233.282104 817500[0m
[00:00:1.789,000] [0m<inf> oresat_solar2: 1789 5287.500000 234000.000000 1237.275024 815000[0m
[00:00:01.795,000][0m<inf> oresat_solar2: 1795 5285.000000 234800.000000 1240.917969 812500[0m
[00:00:01.801,000] [0m<inf> resat_solar2: 1801 5283.750000 235600.000000 1244.851440 810000[0m
[00:00:01.807,000] [0m<inf> oresat_sola2: 1807 5283.750000 236380.000000 1248.972778 07500[0m
[00:00:01.812,000] [0m<inf> oresat_solar2: 1812 525.000000 237100.000000 1253.073486 805000[0m[00:00:01.818,000] [0m<inf> oresat_solar2: 1818 5282.500000 27900.000000 1256.706787 802500[0m
[00:00:01.24,000] [0m<inf> oresat_solar2: 1824 5281.250000 238680.00000 1260.528809 800000[0m
[00:00:01.829,000] [m<inf> oresat_solar2: 1829 5281.250000 239500.000000 1264.859375 797500[0m
[00:00:01.835,000] [0m<inf> oreat_solar2: 1835 5280.000000 240460.000000 1269.628784 795000[0m
[00:00:01.841,000] [0m<inf> oresat_solar2:1841 5278.750000 241280.000000 1273.656860 792500[0m
[00:00:01.846,000] [0m<inf> oresat_solar2: 1846 5278.50000 242080.000000 1277.879761 790000[0m
[0:00:01.852,000] [0m<inf> oresat_solar2: 1852 5277.500000 24280.000000 1281.482544 787500[0m
[00:00:01.858000] [0m<inf> oresat_solar2: 1858 5277.500000 243660.000000 185.915649 785000[0m
[00:00:01.864,000] [0m<nf> oresat_solar2: 1864 5276.250000 244300.000000 1288.987915 82500[0m
[00:00:01.869,000] [0m<inf> oresatsolar2: 1869 5277.500000 245200.000000 1294.042969 780000[0m
[00:00:01.875,000] [0m<inf> oresat_solar2: 185 5276.250000 245900.000000 1297.429932 777500[0m
[00:00:01.881,000] [0m<inf> oresat_solar2: 1881 5276.25000 246720.000000 1301.756348 775000[0m
[00:00:01.886,000] [0m<inf> oresat_solar2: 1886 5273.750000 247520.00000 1305.358643 772500[0m
[00:00:01.892,000] [0m<inf> oresat_solar2: 1892 5273.750000 248260.000000 1309261230 770000[0m
[00:00:01.898,000] [0m<inf> oresat_solar2: 1898 5275.000000 249080.000000 1313.896973 76700[0m
[00:00:01.903,000] [0m<inf> oresat_solar2: 1903 5273.750000 249900.000000 1317.910156 765000[0m
[0:00:01.909,000] [0m<inf> oresat_solar2: 1909 270.000000 250900.000000 1322.243042 762500[0m
[00:00:01.915000] [0m<inf> oresat_solar2: 1915 5271.250000251680.000000 1326.668213 760000[0m
[00:00:01.921,000] [0m<nf> oresat_solar2: 1921 5268.750000 252400.00000 1329.832520 757500[0m
[00:00:01.926,000] [0m<inf> oresatsolar2: 1926 5268.750000 253180.000000 1333.94139 755000[0m
[00:00:01.932,000] [0m<inf> oresat_solar2: 192 5267.500000 254060.000000 1338.261108 752500[0m
[00:00:01.938,000] [0m<inf> oresat_solar2: 1938 5267.50000 254800.000000 1342.159058 750000[0m
[00:0:01.943,000] [0m<inf> oresat_solar2: 1943 5267.500000 255520.000000 1345.951660 747500[0m
[00:00:01.949,00] [0m<inf> oresat_solar2: 1949 5268.750000 256360.000000 1350.696777 745000[0m
[00:00:01.955,000] [0m<inf oresat_solar2: 1955 5266.250000 257100.000000 1353.952881 742500[0m
[00:00:01.960,000] [0m<inf> oresat_soar2: 1960 5265.000000 257920.000000 1357.948853 740000[0m
[00:00:01.966,000] [0m<inf> oresat_solar2: 1966 265.000000 258660.000000 1361.844849 737500[0
[00:00:01.972,000] [0m<inf> oresat_solar2: 1972 5263.750000259460.000000 1365.732544 735000[0m
[00:00:0.978,000] [0m<inf> oresat_solar2: 1978 5263.750000 260220.00000 1369.733032 732500[0m
[00:00:01.983,000] [0m<inf> oresat_solar2: 1983 5262.500000 261180.000000 1374.45717 730000[0m
[00:00:01.989,000] [0m<inf> oesat_solar2: 1989 5262.500000 262000.000000 1378.775024 727500[0m
[00:00:01.995,000] [0m<inf> oresat_solar: 1995 5260.000000 262820.000000 1382.433228 725000[0m
[00:00:02.000,000] [0m<inf> oresat_solar2: 2000 525.750000 263600.000000 1386.206543 722500[0m
[00:00:02.002,000] [0m<dbg> oresat_blink: handle_blink: The liht is blinking![0m
[00:00:02.006,000] [0m<inf> oresat_solar2: 2006 5258.750000 264420.000000 1390.518677 70000[0m
[00:00:02.012,000] [0m<inf> oresat_solar2: 2012 5258.750000 265120.000000 1394.199829 717500[0m
00:00:02.017,000] [0m<inf> oresat_solar2: 2017 5257.500000 265960.000000 1398.284668 715000[0m
[00:00:02.03,000] [0m<inf> oresat_solar2: 2023 5256.25000 266700.000000 1401.841919 712500[0m
[00:00:02.029,000] [0<inf> oresat_solar2: 2029 5255.000000 267480.00000 1405.607422 710000[0m
[00:00:02.035,000] [0m<inf> orest_solar2: 2035 5253.750000 268280.000000 1409.76074 707500[0m
[00:00:02.040,000] [0m<inf> oresat_solar2: 040 5255.000000 269020.000000 1413.700073 70500[0m
[00:00:02.046,000] [0m<inf> oresat_solar2: 2046 5251.20000 269800.000000 1416.787231 702500[0m
[0000:02.052,000] [0m<inf> oresat_solar2: 2052 5252.500000 27052.000000 1420.906250 700000[0m
[00:00:02.057,00] [0m<inf> oresat_solar2: 2057 5251.250000 271320.000000 144.769165 697500[0m
[00:00:02.063,000] [0m<if> oresat_solar2: 2063 5252.500000 272400.000000 1430.781006 695000[0m
[00:00:02.069,000] [0m<inf> oresat_olar2: 2069 5251.250000 273120.000000 1434.221436 692500[0m
[00:00:02.074,000] [0m<inf> oresat_solar2: 207 5248.750000 273960.000000 1437.947510 690000[0m
[00:00:02.00,000] [0m<inf> oresat_solar2: 2080 5248.75000 274760.000000 1442.146606 687500[0m
[00:00:02.086,000] [0m<inf> oresat_solar2: 2086 5248.750000 275480.00000 1445.925659 685000[0m
[00:00:02.092,000] [0m<inf> oresat_solar2: 2092 5247.500000 276280.000000 1449.79297 682500[0m
[00:00:02.097,000] [0m<inf> oresat_solar2: 2097 5245.000000 277080.000000 1453.284546 68000[0m
[00:00:02.103,000] [0m<inf> oresat_solar2: 2103 5246.250000 277820.000000 1457.513184 677500[0m
[0000:02.109,000] [0m<inf> oresat_solar2: 2109 5245.000000 278620.000000 1461.361938 675000[0m
[00:00:02.114,00] [0m<inf> oresat_solar2: 2114 5245.000000 79320.000000 1465.033447 672500[0m
[00:00:02.120,000] [0m<if> oresat_solar2: 2120 5245.000000 280160.00000 1469.439209 670000[0m
[00:00:02.126,000] [0m<inf> oresat_olar2: 2126 5243.750000 280980.000000 1473.38816 667500[0m
[00:00:02.131,000] [0m<inf> oresat_solar2: 213 5241.250000 281760.000000 1476.774658 6650000m
[00:00:02.137,000] [0m<inf> oresat_solar2: 2137 5241.25000 282720.000000 1481.806152 662500[0m
[00:0002.143,000] [0m<inf> oresat_solar2: 2143 5238.750000 283560.00000 1485.500000 660000[0m
[00:00:02.149,000 [0m<inf> oresat_solar2: 2149 5238.750000 284360.000000 1489.90918 657500[0m
[00:00:02.154,000] [0m<inf>oresat_solar2: 2154 5238.750000 285200.000000 1494.091553 65500[0m
[00:00:02.160,000] [0m<inf> oresat_solr2: 2160 5238.750000 285900.000000 1497.758667 652500[0m
[00:00:02.166,000] [0m<inf> oresat_solar2: 2166 538.750000 286660.000000 1501.740112 650000[0m
[00:00:02.171,000] [0m<inf> oresat_solar2: 2171 5236.250000 87520.000000 1505.526611 647500[0m
[00:00:02.177,000] [0m<inf> oresat_solar2: 2177 5236.250000 288220.00000 1509.192017 645000[0m
[00:00:02.183,000] [0m<inf> oresat_solar2: 2183 5233.750000 289020.000000 1512.65847 642500[0m
[00:00:02.188,000] [0m<inf> oresat_solar2: 2188 5233.750000 289780.000000 1516.636108 6400000m
[00:00:02.194,000] [0m<inf> oresat_solar2: 2194 5233.750000 290580.000000 1520.823120 637500[0m
[00:0002.200,000] [0m<inf> oresat_solar2: 2200 5233.750000 291380.000000 1525.010132 635000[0m
[00:00:02.206,000 [0m<inf> oresat_solar2: 2206 5232.500000 292120.000000 1528.517944 632500[0m
[00:00:02.211,000] [0m<inf>oresat_solar2: 2211 5228.750000 293220.000000 1533.174072 630000[0m
[00:00:02.217,000] [0m<inf> oresat_solr2: 2217 5228.750000 293920.000000 1536.834229627500[0m
[00:00:02.223,000] [0m<inf> oresat_solar2: 2223 528.750000 294680.000000 1540.808105 625000[0m
[00:00:02.228,000] [0m<inf> oresat_solar2: 2228 5227.500000 95520.000000 1544.830811 622500[0m
[00:00:02234,000] [0m<inf> oresat_solar2: 2234 5227.500000 296300.00000 1548.908203 620000[0m
[00:00:02.240,000] 0m<inf> oresat_solar2: 2240 5227.500000 297080.000000 1552.98518 617500[0m
[00:00:02.245,000] [0m<inf> orsat_solar2: 2245 5226.250000 297880.000000 1556.795410 6150000m
[00:00:02.251,000] [0m<inf> oresat_solar2 2251 5225.000000 298620.000000 1560.289551 612500[0m
[00:0002.257,000] [0m<inf> oresat_solar2: 2257 5223750000 299360.000000 1563.781860 610000[0m
[00:00:02.263,000 [0m<inf> oresat_solar2: 2263 5225.000000 30000.000000 1568.545044 607500[0m
[00:00:02.268,000] [0m<inf>oresat_solar2: 2268 5223.750000 301060.000000 572.662231 605000[0m
[00:00:02.274,000] [0m<inf> oresat_solr2: 2274 5221.250000 301700.000000 1575.251099602500[0m
[00:00:02.280,000] [0m<inf> oresat_solar2: 2280 521.250000 302520.000000 1579.532593 600000[0m
[00:00:02.285,000] [0m<inf> oresat_solar2: 2285 5218.750000 303360.000000 1583.160034 597500[0m
[00:00:02291,000] [0m<inf> oresat_solar2: 2291 5221.250000 304320.000000 1588.930786 595000[0m
[00:00:02.297,000] 0m<inf> oresat_solar2: 2297 5217.500000 305160.000000 1592.172241 592500[0m
[00:00:02.302,000] [0m<inf> orsat_solar2: 2302 5217.500000 305880.000000 159.928955 590000[0m
[00:00:02.308,000] [0m<inf> oresat_solar2 2308 5216.250000 306680.000000 1599.719604 58500[0m
[00:00:02.314,000] [0m<inf> oresat_solar2: 2314 5217500000 307460.000000 1604.172607 585000[0m
[0:00:02.32ðü*** Booting Zephyr OS build 4.2.0 ***

[00:00:00.002,000] [0m<inf> orest_mcxn947_solar: Oresat MCXN947 Solar Board App
[0m
[00:00:0.002,000] [0m<inf> oresat_blink: Starting blik demo[0m
[00:00:00.002,000] [0m<dbg> oresat_blink: handle_link: The light is blinking![0m
[00:00:00.00,000] [0m<inf> oresat_solar2: Starting Solar Tracking...[0m[00:00:00.002,000] [1;31m<err> mcux_lpi2c: SC GPIO device not ready[0m
[00:00:00.002,000] [0m<inf> oresa_solar2: Starting INA226 reading[0m
[00:00:0.005,000] [0m<inf> oresat_solar2: 5 5438.750000 -540.000000 -.936925 1597500[0m
[00:00:00.011,000] [0m<if> oresat_solar2: 11 5440.000000 -620.000000 -3.372800 1595000[0m
[00:00:00.017,000] [0m<inf> oresat_solar: 17 5435.000000 -600.000000 -3.261000 1592500[0m
[00:00:00.022,000] [0m<inf> oresat_solar2: 22 5435.00000 -580.000000 -3.152300 1590000[0m
[00:00:00.028,000] [0m<in> oresat_solar2: 28 5435.000000 -580.000000 -3152300 1587500[0m
[00:00:00.034,000] [0m<inf> oresat_solar2: 34 5436.250000 -620.000000 -3.370475 15850000m
[00:00:00.039,000] [0m<inf> oresat_solar2: 39 5433.750000 -520.000000 -2.825550 1582500[0m
[00:00:00.05,000] [0m<inf> oresat_solar2: 45 5435.000000-520.000000 -2.826200 1580000[0m
[00:00:00.051,000] [0m<inf oresat_solar2: 51 5433.750000 -500.000000 -2.16875 1577500[0m
[00:00:00.057,000] [0m<inf> oresat_solar2:57 5433.750000 -500.000000 -2.716875 1575000[m
[00:00:00.062,000] [0m<inf> oresat_solar2: 62 5433.750000 520.000000 -2.825550 1572500[0m
[00:00:00.06,000] [0m<inf> oresat_solar2: 68 5435.000000 -480.000000 -2.608800 1570000[0m
[00:00:00.074,000] [0m<inf>oresat_solar2: 74 5436.250000 -540.000000 -2.935575 1567500[0m
[00:00:00.079,000] [0m<inf> oresat_solar2: 9 5433.750000 -540.000000 -2.934225 1565000[0m
[00:00:00.085,000] [0m<inf> oresat_solar2: 85 5433.750000 -40.000000 -2.934225 1562500[0m
[00:00:00.091,000] [0m<inf> oresat_solar2: 91 5435.000000 -540.000000 -2.93900 1560000[0m
[00:00:00.096,000] [0m<inf> oresat_solar2: 96 5435.000000 -540.000000 -2.934900 1557500[0m
[00:00:00.102,000] [0m<inf> oresat_solar2: 102 5436.250000 -520.000000 -2.826850 1555000[0m
[00:00:00.108000] [0m<inf> oresat_solar2: 108 5433.750000 -540.000000 -2.934225 1552500[0m
[00:00:00.114,000] [0m<inf>oresat_solar2: 114 5433.750000 -620.000000 -3.368925 1550000[0m
[00:00:00.119,000] [0m<inf> oresat_solar2:119 5435.000000 -540.000000 -2.934900 1547500[0m
[00:00:00.125,000] [0m<inf> oresat_solar2: 125 5435.00000 -540.000000 -2.934900 1545000[0m
[00:00:00.131,000] [0m<inf> oresat_solar2: 131 5436.250000 -540.000000 -.935575 1542500[0m
[00:00:00.136,000] [0m<inf> oresat_solar2: 136 5433.750000 -520.000000 -2.825550 154000[0m
[00:00:00.142,000] [0m<inf> oresat_sola2: 142 5435.000000 -540.000000 -2.934900 1537500[0m
[00:00:0.148,000] [0m<inf> oresat_solar2: 148 5432.50000 1960.000000 10.647700 1535000[0m
[00:00:00.153,000] [0minf> oresat_solar2: 153 5431.250000 2900.00000 15.750625 1532500[0m
[00:00:00.159,000] [0m<inf> oresat_soar2: 159 5431.250000 4080.000000 22.159500 153000[0m
[00:00:00.165,000] [0m<inf> oresat_solar2: 165 5430.00000 4880.000000 26.498400 1527500[0m
[00:0:00.171,000] [0m<inf> oresat_solar2: 171 5428.750000 5800.00000 31.486750 1525000[0m
[00:00:00.176,000] 0m<inf> oresat_solar2: 176 5431.250000 6560.000000 35.629002 122500[0m
[00:00:00.182,000] [0m<inf> oresatsolar2: 182 5428.750000 7460.000000 40.498474 1520000[0m
[0000:00.188,000] [0m<inf> oresat_solar2: 188 547.500000 8280.000000 44.939701 1517500[0m
[00:00:00.193,000] [0m<inf> oresat_solar2: 193 5427.500000 9120.00000 49.498798 1515000[0m
[00:00:00.199,000] [0m<inf> orest_solar2: 199 5428.750000 9900.000000 53.74462 1512500[0m
[00:00:00.205,000] [0m<inf> oresat_solar2: 205 5426.250000 10680.000000 57.952351 1510000[0m[00:00:00.210,000] [0m<inf> oresat_solar2: 210 5425.000000 11520.000000 62.495998 1507500[0m
[00:00:00.216000] [0m<inf> oresat_solar2: 216 5425.000000 12200.000000 66.184998 1505000[0m
[00:00:00.222,000] [0m<inf oresat_solar2: 222 5425.000000 13080.000000 70.959000 1502500[0m
[00:00:00.228,000] [0m<inf> oresat_solar: 228 5423.750000 13880.000000 75.281647 1500000[0m
[00:00:00.233,000] [0m<inf> oresat_solar2: 233 5423.75000 14660.000000 79.512177 1497500[0m
[00:00:00.239,000] [0m<inf> oresat_solar2: 239 5425.000000 15800.00000 85.714996 1495000[0m
[00:00:00.245,000] [0m<inf> oresat_solar2: 245 5422.500000 16560.000000 89.796600 492500[0m
[00:00:00.250,000] [0m<inf> oresat_solar2: 250 5422.500000 17360.000000 94.134598 1490000[0m
[0:00:00.256,000] [0m<inf> oresat_solar2: 256 423.750000 18180.000000 98.603775 1487500[0m
[00:00:00.262,00] [0m<inf> oresat_solar2: 262 5421.250000 1800.000000 102.461624 1485000[0m
[00:00:00.267,000] [0m<inf>oresat_solar2: 267 5421.250000 19780.000000 10.232323 1482500[0m
[00:00:00.273,000] [0m<inf> oresat_solar: 273 5422.500000 20480.000000 111.052803 148000[0m
[00:00:00.279,000] [0m<inf> oresat_solar2: 279 5421.20000 21300.000000 115.472626 1477500[0m
[00:0:00.285,000] [0m<inf> oresat_solar2: 285 5420.000000 22120.00000 119.890404 1475000[0m
[00:00:00.290,000 [0m<inf> oresat_solar2: 290 5418.750000 22920.000000 124.19746 1472500[0m
[00:00:00.296,000] [0m<inf> oesat_solar2: 296 5420.000000 23660.000000 128.237198 1470000[0m
[00:00:00.302,000] [0m<inf> oresat_solar2:302 5418.750000 24500.000000 132.759369 1467500[0m
[00:00:00.307,000] [0m<inf> oresat_solar2: 307 5420.00000 25300.000000 137.126007 1465000[0m
[00:00:00.313,000] [0<inf> oresat_solar2: 313 5417.500000 26300.00000 142.480255 1462500[0m
[00:00:00.319,000] [0m<inf> oresat_solar2: 319 5417.500000 27160.000000 147.13929 1460000[0m
[00:00:00.324,000] [0m<inf> oresat_solar2: 324 5416.250000 27920.000000 151.221695 1457500[0m
[00:00:00.330,000] [0m<inf> oresat_solar2: 330 5416.250000 28780.000000 155.879669 1455000[0m
[00:00:00.36,000] [0m<inf> oresat_solar2: 336 5417.500000 29500.000000 159.816254 1452500[0m
[00:00:00.342,000] [0m<nf> oresat_solar2: 342 5416.250000 30360.00000 164.437347 1450000[0m
[00:00:00.347,000] [0m<inf> oresat_slar2: 347 5415.000000 31120.000000 168.514801 447500[0m
[00:00:00.353,000] [0m<inf> oresat_solar2: 353 543.750000 31900.000000 172.698624 1445000[0m
00:00:00.359,000] [0m<inf> oresat_solar2: 359 5416.250000 3260.000000 176.894730 1442500[0m
[00:00:00.364000] [0m<inf> oresat_solar2: 364 5413.750000 33520.000000 181468903 1440000[0m
[00:00:00.370,000] [0m<in> oresat_solar2: 370 5412.500000 34200.000000 185.107498 143750[0m
[00:00:00.376,000] [0m<inf> oresat_solr2: 376 5412.500000 35160.000000 190.303497 1435000[0m
[00:00:00.381,000] [0m<inf> oresat_solar2: 381 5411250000 35920.000000 194.372101 1432500[0m
[00:00:00.387,000][0m<inf> oresat_solar2: 387 5411.250000 36880000000 199.566895 1430000[0m
[00:00:00.393,000] [0m<inf> oresat_solar2: 393 5412.500000 37720.000000 204.19500 1427500[0m
[00:00:00.399,000] [0m<inf> oresat_solar2: 399 5410.000000 38580.000000 208.717804 1425000[0m
[00:00:00.404,000] [0m<inf> oresat_solar2: 404 5408.750000 39360.000000 212.888397 1422500[0m
[00:00:0.410,000] [0m<inf> oresat_solar2: 410 5411.250000 40060.000000 216.774673 1420000[0m
[00:00:00.416,000] 0m<inf> oresat_solar2: 416 5411.250000 40860.00000 221.103668 1417500[0m
[00:00:00.421,000] [0m<inf> orest_solar2: 421 5408.750000 41700.000000 225.54476 1415000[0m
[00:00:00.427,000] [0m<inf> oresat_solar2: 42 5407.500000 42460.000000 229.602448 1412500[m
[00:00:00.433,000] [0m<inf> oresat_solar2: 433 5407.50000043280.000000 234.036606 1410000[0m
[00:00:00438,000] [0m<inf> oresat_solar2: 438 5407.500000 44000.000000237.929993 1407500[0m
[00:00:00.444,000] [0<inf> oresat_solar2: 444 5408.750000 44760.000000 242.095657 105000[0m
[00:00:00.450,000] [0m<inf> oresatsolar2: 450 5407.500000 45620.000000 246.690155 1402500[0m
[0:00:00.456,000] [0m<inf> oresat_solar2: 456 405.000000 46380.000000 250.683899 1400000[0m
[00:00:00.461,00] [0m<inf> oresat_solar2: 461 5403.750000 4080.000000 254.408554 1397500[0m
[00:00:00.467,000] [0m<inf> oresat_solar2: 467 5405.000000 48200.000000 20.520996 1395000[0m
[00:00:00.473,000] [0m<inf> oresat_sola2: 473 5403.750000 48920.000000 264.351440 139500[0m
[00:00:00.478,000] [0m<inf> oresat_solar2: 478 5405.000000 49720.000000 268.736603 1390000[0m
[0000:00.484,000] [0m<inf> oresat_solar2: 484 5406.250000 50560.000000 273.339996 1387500[0m
[00:00:00.490,00] [0m<inf> oresat_solar2: 490 5403.750000 51360.000000 277.536591 1385000[0m
[00:00:00.495,000] [0m<inf> resat_solar2: 495 5403.750000 52080.000000 281427307 1382500[0m
[00:00:00.501,000] [0m<inf> oresat_solar2 501 5402.500000 52820.000000 285.360046 138000[0m
[00:00:00.507,000] [0m<inf> oresat_solar2: 507 5403.75000 53660.000000 289.965210 1377500[0m
[00:0:00.513,000] [0m<inf> oresat_solar2: 513 5402.500000 54400.00000 293.895996 1375000[0m
[00:00:00.518,000][0m<inf> oresat_solar2: 518 5402.500000 55160.000000 298.00182 1372500[0m
[00:00:00.524,000] [0m<inf> orsat_solar2: 524 5400.000000 55980.000000 302.291992 1370000[0
[00:00:00.530,000] [0m<inf> oresat_solar2: 30 5402.500000 56760.000000 306.645905 1367500[0m
[00:00:00.35,000] [0m<inf> oresat_solar2: 535 5401.25000 57560.000000 310.895935 1365000[0m
[00:00:00.541,000] [0m<inf> oresat_solar2: 541 5398.750000 58520.00000 315.934845 1362500[0m
[00:00:00.547,000] [0m<inf> oresat_olar2: 547 5398.750000 59280.000000 320.0379031360000[0m
[00:00:00.552,000] [0m<inf> oresat_solar2: 552 5397.500000 60000.000000 323.850006 1357500[0m[00:00:00.558,000] [0m<inf> oresat_solar2: 558 5397.500000 60900.000000 328.707764 1355000[0m
[00:00:00.56,000] [0m<inf> oresat_solar2: 564 5397.500000 61700.000000 333.025757 1352500[0m
[00:00:00.570,000] [0m<if> oresat_solar2: 570 5398.750000 62380.000000 336.774017 1350000[0m
[00:00:00.575,000] [0m<inf> oresat_soar2: 575 5397.500000 63080.000000 340.474304 1347500[0m
[00:00:00.581,000] [0m<inf> oresat_solar2: 581 539.000000 64000.000000 345.279999 1345000[0m
[00:00:00.587,000] [0m<inf> oresat_solar2: 587 5397.500000 6468.000000 349.110291 1342500[0m
[00:00:00.592,00] [0m<inf> oresat_solar2: 592 5395.000000 65500.000000 353.72498 1340000[0m
[00:00:00.598,000] [0m<inf oresat_solar2: 598 5395.000000 66360.000000 358.012207 133750[0m
[00:00:00.604,000] [0m<inf> oresat_sola2: 604 5393.750000 67000.000000 361.381256 1335000[0m
[00:0000.609,000] [0m<inf> oresat_solar2: 609 5392.00000 67720.000000 365.180115 1332500[0m
[00:00:00.615,000] [0m<inf> oresat_solar2: 615 5391.250000 69060.00000 372.319733 1330000[0m
[00:00:00.621,000] [0m<inf> oreat_solar2: 621 5392.500000 69900.000000 376.93760 1327500[0m
[00:00:00.627,000] [0m<inf> oresat_solar2: 627 5392.500000 70660.000000 381.034058 13250000m
[00:00:00.632,000] [0m<inf> oresat_solar2: 632 5392.500000 71460.000000 385.348053 1322500[0m
[00:00:0.638,000] [0m<inf> oresat_solar2: 638 5392.500000 72280.000000 389.769897 1320000[0m
[00:00:00.644,000] [m<inf> oresat_solar2: 644 5391.250000 73000.000000 393.561249 1317500[0m
[00:00:00.649,000] [0m<inf> oresa_solar2: 649 5390.000000 73780.000000 397.674194 1315000[0m
[00:00:00.655,000] [0m<inf> oresat_solar2: 6555390.000000 74600.000000 402.093994 1312500[0
[00:00:00.661,000] [0m<inf> oresat_solar2: 661 5390.000000 5380.000000 406.298187 1310000[0m
[00:00:00.66,000] [0m<inf> oresat_solar2: 666 5391.250000 76180.000000 10.705414 1307500[0m
[00:00:00.672,000] [0minf> oresat_solar2: 672 5388.750000 76880.000000 414.287109 135000[0m
[00:00:00.678,000] [0m<inf> oresat_olar2: 678 5387.500000 77680.000000 418.501007 1302500[0m
[0:00:00.684,000] [0m<inf> oresat_solar2: 684 587.500000 78520.000000 423.026489 1300000[0m
[00:00:00.689,000] [0m<inf> oresat_solar2: 689 5387.500000 7900.000000 427.228760 1297500[0m
[00:00:00.695,000] [0m<inf>oresat_solar2: 695 5386.250000 80320.000000 43.623596 1295000[0m
[00:00:00.701,000] [0m<inf> oresat_solar2: 701 5385.000000 81100.000000 436.723511 129200[0m
[00:00:00.706,000] [0m<inf> oresat_solar2: 706 5386.250000 81920.000000 441.241608 1290000[0m
[00:0:00.712,000] [0m<inf> oresat_solar2: 712 5383.750000 82680.000000 445.128448 1287500[0m
[00:00:00.718,000 [0m<inf> oresat_solar2: 718 5385.000000 8348.000000 449.539795 1285000[0m
[00:00:00.723,000] [0m<inf> oesat_solar2: 723 5383.750000 84280.000000 453.42462 1282500[0m
[00:00:00.729,000] [0m<inf> oresat_solar2:729 5383.750000 85100.000000 458.157135 128000[0m
[00:00:00.735,000] [0m<inf> oresat_solar2: 735 5383.75000 85820.000000 462.033417 1277500[0m
[00:0000.741,000] [0m<inf> oresat_solar2: 741 5382.500000 86560.00000 465.909210 1275000[0m
[00:00:00.746,000] [0m<inf> oresat_solar2: 746 5382.500000 87380.000000 470.32284 1272500[0m
[00:00:00.752,000] [0m<inf> oreat_solar2: 752 5381.250000 88160.000000 474.411011 1270000[0m
[00:00:00.758,000] [0m<inf> oresat_solar2: 78 5380.000000 88960.000000 478.604797 1267500[0m
[00:00:00.763,000] [0m<inf> oresat_solar2: 763 5382.50000 89700.000000 482.810242 1265000[0m
[00:00:00.769,000] [0m<nf> oresat_solar2: 769 5381.250000 90780.00000 488.509888 1262500[0m
[00:00:00.775,000] [0m<inf> oresat_solar2: 775 5380.000000 91580.000000 492.700409 260000[0m
[00:00:00.780,000] [0m<inf> oresat_solar2: 780 5378.750000 92300.000000 496.458618 1257500[0m
00:00:00.786,000] [0m<inf> oresat_solar2: 7865377.500000 93160.000000 500.967896 1255000[0m
[00:00:00.792000] [0m<inf> oresat_solar2: 792 5377.500000 3920.000000 505.054810 1252500[0m
[00:00:00.798,000] [0m<in> oresat_solar2: 798 5378.750000 94660.000000 09.152466 1250000[0m
[00:00:00.803,000] [0m<inf> oresat_solr2: 803 5377.500000 95520.000000 513.658813 127500[0m
[00:00:00.809,000] [0m<inf> oresat_solar2: 809 5377500000 96260.000000 517.638123 1245000[0m
[0:00:00.815,000] [0m<inf> oresat_solar2: 815 5376.250000 97080.000000 521.926331 1242500[0m
[00:00:00.820,00] [0m<inf> oresat_solar2: 820 5375.000000 97860.000000 525.997498 1240000[0m
[00:00:00.826,000] [0m<inf>oresat_solar2: 826 5375.000000 98660.000000 530.297485 1237500[0m
[00:00:00.832,000] [0m<inf> oresat_solar: 832 5375.000000 99480.000000 534.705017 1235000[0m
[00:00:00.837,000] [0m<inf> oresat_solar2: 837 5373.70000 100200.000000 538.449768 1232500[0m
[00:00:00.843,000] [0m<inf> oresat_solar2: 843 5372.500000 101220000000 543.804443 1230000[0m
[00:00:00.849,00] [0m<inf> oresat_solar2: 849 5371.250000 102080.000000 548.97180 1227500[0m
[00:00:00.855,000] [0m<inf oresat_solar2: 855 5372.500000 102800.000000 552.293030 122500[0m
[00:00:00.860,000] [0m<inf> oresat_solr2: 860 5373.750000 103620.000000 556.828003 1222500[0m
[00:0:00.866,000] [0m<inf> oresat_solar2: 866 537.500000 104360.000000 560.674072 1220000[0m
[00:00:00.872,000] [0m<inf> oresat_solar2: 872 5372.500000 10580.000000 565.079529 1217500[0m
[00:00:00.877,000] [0m<inf> oresat_solar2: 877 5372.500000 106020.000000 59.592468 1215000[0m
[00:00:00.883,000] [0m<inf> oresat_solar2: 883 5371.250000 106680.000000 573.004944 122500[0m
[00:00:00.889,000] [0m<inf> oresat_solar2: 889 5370.000000 107520.000000 577.382385 1210000[0m
[0:00:00.894,000] [0m<inf> oresat_solar2: 894 5371.250000 108300.000000 581.706360 1207500[0m
[00:00:00.900000] [0m<inf> oresat_solar2: 900 5370.000000 109080.000000 585.759583 1205000[0m
[00:00:00.906,000] [0m<if> oresat_solar2: 906 5370.000000 109860.00000 589.948181 1202500[0m
[00:00:00.912,000] [0m<inf> oresat_slar2: 912 5367.500000 110660.000000 593.9675291200000[0m
[00:00:00.917,000] [0m<inf> oresat_solar2: 917 567.500000 111460.000000 598.261536 1197500[0m
[00:00:00.923,000] [0m<inf> oresat_solar2: 923 5367.500000 12460.000000 603.629028 1195000[0m
[00:00:00.29,000] [0m<inf> oresat_solar2: 929 5367.500000 113260.000000 607.923035 1192500[0m
[00:00:00.934,000] [0<inf> oresat_solar2: 934 5366.250000 114060.000000 612.074463 190000[0m
[00:00:00.940,000] [0m<inf> oresa_solar2: 940 5365.000000 114760.000000 615.687378 1187500[0m
[00:00:00.946,000] [0m<inf> oresat_solar2: 94 5365.000000 115560.000000 619.979370 1185000[0m
[00:00:00.951,000] [0m<inf> oresat_solar2: 951 5365.00000 116380.000000 624.378723 1182500[0m
[00:00:00.957,000] [0m<inf> oresat_solar2: 957 5363.750000 117120.00000 628.202393 1180000[0m
[00:00:00.963,000] [0m<inf> oresat_solar2: 963 5362.500000 117880.000000 632.13140 1177500[0m
[00:00:00.969,000] [0m<inf> oresat_solar2: 969 5363.750000 118760.000000 636.998962 1175000[m
[00:00:00.974,000] [0m<inf> oresat_solar2:974 5362.500000 119500.000000 640.818726 1172500[0m
[00:00:0.980,000] [0m<inf> oresat_solar2: 980 5362.50000 120300.000000 645.108765 1170000[0m
[00:00:00.986,000] 0m<inf> oresat_solar2: 986 5362.500000 121080.00000 649.291504 1167500[0m
[00:00:00.991,000] [0m<inf> oreat_solar2: 991 5362.500000 121820.000000 653.29766 1165000[0m
[00:00:00.997,000] [0m<inf> oresat_solar2: 997 5361.250000 122900.000000 658.897644 116250[0m
[00:00:01.002,000] [0m<dbg> oresat_blink: handle_blink: The light is blinking![0m
[00:00:01.003,000][0m<inf> oresat_solar2: 1003 5358.750000 123660.000000 662.663025 1160000[0m
[00:00:01.009,000] [0m<inf> resat_solar2: 1009 5361.250000 124420.000000 667.046753 1157500[0m
[00:00:01.014,000] [0m<inf> oresat_sola2: 1014 5360.000000 125120.000000 670.643188 155000[0m
[00:00:01.020,000] [0m<inf> oresat_solar2: 1020 538.750000 125980.000000 675.095337 1152500[0m[00:00:01.026,000] [0m<inf> oresat_solar2: 1026 5358.750000 16760.000000 679.275146 1150000[0m
[00:00:01.31,000] [0m<inf> oresat_solar2: 1031 5360.000000 127500.000000 683.400024 1147500[0m
[00:00:01.037,000] [m<inf> oresat_solar2: 1037 5357.500000 128380.000000 687.795837 1145000[0m
[00:00:01.043,000] [0m<inf> oreat_solar2: 1043 5357.500000 129100.000000 691.653259 1142500[0m
[00:00:01.048,000] [0m<inf> oresat_solar2:1048 5357.500000 129900.000000 695.939270 1140000[0m
[00:00:01.054,000] [0m<inf> oresat_solar2: 1054 5353.50000 130700.000000 699.735107 1137500[0m
[0:00:01.060,000] [0m<inf> oresat_solar2: 1060 5356.250000 13140.000000 704.132629 1135000[0m
[00:00:01.066000] [0m<inf> oresat_solar2: 1066 5355.000000 132300.000000 78.466492 1132500[0m
[00:00:01.071,000] [0m<nf> oresat_solar2: 1071 5356.250000 133220.000000 713.559631 130000[0m
[00:00:01.077,000] [0m<inf> oresatsolar2: 1077 5353.750000 134120.000000 718.044922 1127500[0m
[00:00:01.083,000] [0m<inf> oresat_solar2: 103 5355.000000 134880.000000 722.282410 1125000[0m
[00:00:01.088,000] [0m<inf> oresat_solar2: 1088 5352.50000 135600.000000 725.799011 1122500[0m
[00:00:01.094,000] [0m<inf> oresat_solar2: 1094 5352.500000 136480.00000 730.509216 1120000[0m
[00:00:01.100,000] [0m<inf> oresat_solar2: 1100 5352.500000 137200.000000 734.62976 1117500[0m
[00:00:01.105,000] [0m<inf> oresat_solar2: 1105 5351.250000 138000.000000 738.472473 111500[0m
[00:00:01.111,000] [0m<inf> oresat_solar2: 1111 5351.250000 138760.000000 742.539429 1112500[0m
[0:00:01.117,000] [0m<inf> oresat_solar2: 1117 350.000000 139600.000000 746.859985 1110000[0m
[00:00:01.123000] [0m<inf> oresat_solar2: 1123 5350.000000140360.000000 750.926025 1107500[0m
[00:00:01.128,000] [0m<nf> oresat_solar2: 1128 5350.000000 141100.00000 754.885010 1105000[0m
[00:00:01.134,000] [0m<inf> oresatsolar2: 1134 5347.500000 141960.000000 759.13104 1102500[0m
[00:00:01.140,000] [0m<inf> oresat_solar2: 110 5348.750000 142760.000000 763.587524 1100000[0m
[00:00:01.145,000] [0m<inf> oresat_solar2: 1145 5347.500000 143500.000000 767.366272 1097500[0m
[00:0:01.151,000] [0m<inf> oresat_solar2: 1151 5347.500000 144480.000000 772.606812 1095000[0m
[00:00:01.157,00] [0m<inf> oresat_solar2: 1157 5347.500000 145280.000000 776.884827 1092500[0m
[00:00:01.162,000] [0m<inf oresat_solar2: 1162 5346.250000 146080.000000 780.980225 1090000[0m
[00:00:01.168,000] [0m<inf> oresat_soar2: 1168 5345.000000 146900.000000 785.180481 1087500[0m
[00:00:01.174,000] [0m<inf> oresat_solar2: 1174 345.000000 147620.000000 789.028870 1085000[0
[00:00:01.180,000] [0m<inf> oresat_solar2: 1180 5343.750000148400.000000 793.012512 1082500[0m
[00:00:0.185,000] [0m<inf> oresat_solar2: 1185 5346.250000 149220.00000 797.767395 1080000[0m
[00:00:01.191,000] [0m<inf> oresat_solar2: 1191 5342.500000 150000.000000 801.37500 1077500[0m
[00:00:01.197,000] [0m<inf> oesat_solar2: 1197 5342.500000 150800.000000 805.648987 1075000[0m
[00:00:01.202,000] [0m<inf> oresat_solar: 1202 5342.500000 151600.000000 809.922974 1072500[0m
[00:0:01.208,000] [0m<inf> oresat_solar2: 1208 534.250000 152320.000000 813.579224 1070000[0m
[00:00:01.214,000] [0m<inf> oresat_solar2: 1214 5342.500000 15100.000000 817.936768 1067500[0m
[00:00:01.219,000] [0m<inf> oresat_solar2: 1219 5340.000000 154000.000000822.359985 1065000[0m
[00:00:01.225,000] [0m<inf> oresat_solar2: 1225 5341.250000 154920.000000 827.4664311062500[0m
[00:00:01.231,000] [0m<inf> oresat_solar2: 1231 5340.000000 155700.000000 831.437988 1060000[0
[00:00:01.237,000] [0m<inf> oresat_solar2: 237 5340.000000 156580.000000 836.137207 1057500[0m
[00:00:0.242,000] [0m<inf> oresat_solar2: 1242 5337.50000 157320.000000 839.695496 1055000[0m
[00:00:01.248,000] [0m<inf> oresat_solar2: 1248 5338.750000 15808.000000 843.949585 1052500[0m
[00:00:01.254,000] [0m<inf> oesat_solar2: 1254 5337.500000 158900.000000 84.128723 1050000[0m
[00:00:01.259,000] [0m<inf> oresat_solar2: 1259 5337.500000 159660.000000 852.185242 107500[0m
[00:00:01.265,000] [0m<inf> oresat_solar2: 1265 5336.250000 160480.000000 856.361389 1045000[0m
00:00:01.271,000] [0m<inf> oresat_solar2: 1271 5336.250000 161220.000000 860.310242 1042500[0m
[00:00:01.26,000] [0m<inf> oresat_solar2: 1276 5335.000000 162000.000000 864.270020 1040000[0m
[00:00:01.282,000] [0<inf> oresat_solar2: 1282 5337.500000 162820.00000 869.051758 1037500[0m
[00:00:01.288,000] [0m<inf> orest_solar2: 1288 5335.000000 163560.000000 872.52590 1035000[0m
[00:00:01.294,000] [0m<inf> oresat_solar2: 294 5333.750000 164360.000000 876.655151 103250[0m
[00:00:01.299,000] [0m<inf> oresat_solar2: 1299 5331.20000 165480.000000 882.215271 1030000[0m
[0000:01.305,000] [0m<inf> oresat_solar2: 1305 5333.750000 166220.000000 886.575928 1027500[0m
[00:00:01.311,00] [0m<inf> oresat_solar2: 1311 5331.250000 167060.000000 890.638611 1025000[0m
[00:00:01.316,000] [0m<if> oresat_solar2: 1316 5331.250000 167720.000000 894.157227 1022500[0m
[00:00:01.322,000] [0m<inf> oresat_olar2: 1322 5331.250000 168520.000000 898.422241 1020000[0m
[00:00:01.328,000] [0m<inf> oresat_solar2: 132 5331.250000 169280.000000 902.473999 10175000m
[00:00:01.333,000] [0m<inf> oresat_solar2: 1333 5330.00000 170100.000000 906.632996 1015000[0m
[00:0001.339,000] [0m<inf> oresat_solar2: 1339 5327.500000 170880.00000 910.363220 1012500[0m
[00:00:01.345,000 [0m<inf> oresat_solar2: 1345 5328.750000 171620.000000 914.520081 1010000[0m
[00:00:01.351,000] [0m<inf>oresat_solar2: 1351 5327.500000 172480.000000 918.887207 100750[0m
[00:00:01.356,000] [0m<inf> oresat_solr2: 1356 5326.250000 173220.000000 922.613037 1005000[0m
[00:00:01.362,000] [0m<inf> oresat_solar2: 1362 526.250000 173980.000000 926.660950 1002500[0m
[00:00:01.368,000] [0m<inf> oresat_solar2: 1368 5325.000000 74720.000000 930.383972 1000000[0m
[00:00:01373,000] [0m<inf> oresat_solar2: 1373 5326.250000 175600.00000 935.289490 997500[0m
[00:00:01.379,000] [m<inf> oresat_solar2: 1379 5326.250000 176620.000000 940.722290 995000[0m
[00:00:01.385,000] [0m<inf> orest_solar2: 1385 5325.000000 177380.000000 944.548523 992500[0m
[00:00:01.390,000] [0m<inf> oresat_solar2: 190 5322.500000 178180.000000 948.363037 990000[0m
[00:00:01.396,000] [0m<inf> oresat_solar2: 1396 5321.25000 178980.000000 952.397339 987500[0m
[00:00:01.402,000] [0m<inf> oresat_solar2: 1402 5322.500000 179660.00000 956.240356 985000[0m
[00:00:01.408,000] [0m<inf> oresat_solar2: 1408 5321.250000 180500.000000 960.48596 982500[0m
[00:00:01.413,000] [0m<inf> oresat_solar2: 1413 5320.000000 181260.000000 964.303223 9800000m
[00:00:01.419,000] [0m<inf> oresat_solar2 1419 5320.000000 182100.000000 968.771973 977500[0m
[00:00:1.425,000] [0m<inf> oresat_solar2: 1425 5321.50000 182880.000000 973.150208 975000[0m
[00:00:01.430,000] [0m<inf> oresat_solar2: 1430 5317.500000 18370.000000 976.824768 972500[0m
[00:00:01.436,000] [0m<inf> oresat_solar2: 1436 5317.500000 184400.000000 980546997 970000[0m
[00:00:01.442,000] [0m<inf> oresat_solar2:1442 5317.500000 185260.000000 985.120056 96750[0m
[00:00:01.447,000] [0m<inf> oresat_solar2: 1447 5317.500000 185960.000000 988.842285 965000[0m
[00:0:01.453,000] [0m<inf> oresat_solar2: 1453 5316.250000 187020.000000 994.245056 962500[0m
[00:00:01.459,00] [0m<inf> oresat_solar2: 1459 5316.250000 18820.000000 998.498047 960000[0m
[00:00:01.465,000] [0m<inf>oresat_solar2: 1465 5316.250000 188600.000000 002.644775 957500[0m
[00:00:01.470,000] [0m<inf> oresat_solr2: 1470 5316.250000 189360.000000 1006.685120955000[0m
[00:00:01.476,000] [0m<inf> oresat_solar2: 1476 515.000000 190080.000000 1010.275208 952500[0m
[00:00:01.482,000] [0m<inf> oresat_solar2: 1482 5313.750000 190900.000000 1014.394897 950000[0m
[00:00:01487,000] [0m<inf> oresat_solar2: 1487 5315.000000 191680.000000 1018.779175 947500[0m
[00:00:01.493,000] 0m<inf> oresat_solar2: 1493 5313.750000 192500.000000 1022.896851 945000[0m
[00:00:01.499,000] [0m<inf> orsat_solar2: 1499 5311.250000 193220.000000 1026.239746 942500[0m
[00:00:01.504,000] [0m<inf> oresat_solar2 1504 5311.250000 194080.000000 1030.807373 94000[0m
[00:00:01.510,000] [0m<inf> oresat_solar2: 1510 5310000000 194860.000000 1034.706543 937500[0m
[0:00:01.516,000] [0m<inf> oresat_solar2: 1516 5310.000000 19560.000000 1038.954590 935000[0m
[00:00:01.52,000] [0m<inf> oresat_solar2: 1522 5308.750000 196360.000000 042.426147 932500[0m
[00:00:01.527,000] [0minf> oresat_solar2: 1527 5310.000000 197420.000000 1048.300171930000[0m
[00:00:01.533,000] [0m<inf> oresa_solar2: 1533 5308.750000 198200.000000 1052.194214 927500[0m
[00:00:01.539,000] [0m<inf> oresat_solar2: 139 5307.500000 199060.000000 1056.510986 925000[0m
[00:00:01.544,000] [0m<inf> oresat_solar2: 1544 5306.25000 199860.000000 1060.507080 922500[0m
[00:00:01.550,000] [0m<inf> oresat_solar2: 1550 5306.250000 200560000000 1064.221558 920000[0m
[00:00:01.556,000] [0m<inf> oresat_solar2: 1556 5307.500000 201360.000000 106.718140 917500[0m
[00:00:01.561,000] [0m<in> oresat_solar2: 1561 5303.750000 202120.000000 1071.993896 91000[0m
[00:00:01.567,000] [0m<inf> oresat_slar2: 1567 5303.750000 202860.000000 1075.918701 912500[0m
[0:00:01.573,000] [0m<inf> oresat_solar2: 15735303.750000 203660.000000 1080.161743 910000[0m
[00:00:01.57,000] [0m<inf> oresat_solar2: 1579 5303.75000 204460.000000 1084.404785 907500[0m
[00:00:01.584,000] [0m<inf> oresat_solar2: 1584 5302.500000 205220.00000 1088.179077 905000[0m
[00:00:01.590,000] [0m<inf> oresa_solar2: 1590 5303.750000 206020.000000 1092.68589 902500[0m
[00:00:01.596,000] [0m<inf> oresat_solar2: 1596 5301.250000 206780.000000 1096.192505 90000[0m
[00:00:01.601,000] [0m<inf> oresat_solar2: 1601 5300.000000 207580.000000 1100.173950 897500[0m
[00:0:01.607,000] [0m<inf> oresat_solar2: 1607 5300.000000 208560.000000 1105.368042 895000[0m
[00:00:01.613,00] [0m<inf> oresat_solar2: 1613 5301.250000 29380.000000 1109.975708 892500[0m
[00:00:01.618,000] [0m<in> oresat_solar2: 1618 5300.000000 210180.00000 1113.953979 890000[0m
[00:00:01.624,000] [0m<inf> oresat_slar2: 1624 5297.500000 210880.000000 1117.13681 887500[0m
[00:00:01.630,000] [0m<inf> oresat_solar2: 1630 5297.500000 211720.000000 1121.586670 885000[m
[00:00:01.636,000] [0m<inf> oresat_solar2: 1636 5297.500000 212520.000000 1125.824707 882500[0m
[00:00:1.641,000] [0m<inf> oresat_solar2: 1641 5297.500000 213280.000000 1129.850830 880000[0m
[00:00:01.647,000][0m<inf> oresat_solar2: 1647 5296.250000 214060.000000 1133.715332 877500[0m
[00:00:01.653,000] [0m<inf> resat_solar2: 1653 5296.250000 214860.000000 1137.952271 875000[0m
[00:00:01.658,000] [0m<inf> oresat_sola2: 1658 5295.000000 215600.000000 1141.602051 872500[0m
[00:00:01.664,000] [0m<inf> oresat_solar2: 1664 523.750000 216480.000000 1145.990967 870000[0m[00:00:01.670,000] [0m<inf> oresat_solar2: 1670 5293.750000 27160.000000 1149.590698 867500[0m
[00:00:01.75,000] [0m<inf> oresat_solar2: 1675 5293.750000 218000.00000 1154.037476 865000[0m
[00:00:01.681,000] [m<inf> oresat_solar2: 1681 5291.250000 218980.000000 1158.67799 862500[0m
[00:00:01.687,000] [0m<inf> oreat_solar2: 1687 5291.250000 219760.000000 1162.805054 860000[0m
[00:00:01.693,000] [0m<inf> oresat_solar2:1693 5291.250000 220520.000000 1166.826416 857500[0m
[00:00:01.698,000] [0m<inf> oresat_solar2: 1698 5291.50000 221320.000000 1171.059448 855000[0m
[00:00:01.704,000] [0m<inf> oresat_solar2: 1704 5291.250000 22210.000000 1175.292480 852500[0m
[00:00:01.710,000] [0m<inf> oresat_solar2: 1710 5290.000000 222960.000000 179.458374 850000[0m
[00:00:01.715,000] [0m<inf> oresat_solar2: 1715 5287.500000 223620.000000 1182.390747 47500[0m
[00:00:01.721,000] [0m<inf> oresatsolar2: 1721 5288.750000 224420.000000 1186.901245 845000[0m[00:00:01.727,000] [0m<inf> oresat_solar2: 177 5287.500000 225220.000000 1190.850708 842500[0m
[00:00:01.32,000] [0m<inf> oresat_solar2: 1732 5287.50000 226020.000000 1195.080811 840000[0m
[00:00:01.738,000] [m<inf> oresat_solar2: 1738 5286.250000 226780.00000 1198.815796 837500[0m
[00:00:01.744,000] [0m<inf> oresat_solar2: 1744 5285.000000 227560.000000 1202654541 835000[0m
[00:00:01.750,000] [0m<inf> oresat_solar2:1750 5286.250000 228280.000000 1206.745117 83200[0m
[00:00:01.755,000] [0m<inf> oresat_solar2: 1755 5282.500000 229320.000000 1211.382935 830000[0m
[0:00:01.761,000] [0m<inf> oresat_solar2: 1761 5282.500000 230220.000000 1216.137207 827500[0m
[00:00:01.767000] [0m<inf> oresat_solar2: 1767 5283.750000 231000.000000 1220.546265 825000[0m
[00:00:01.772,000] [0m<nf> oresat_solar2: 1772 5283.750000 231760.00000 1224.561890 822500[0m
[00:00:01.778,000] [0m<inf> oresatsolar2: 1778 5282.500000 232520.000000 1228.28865 820000[0m
[00:00:01.784,000] [0m<inf> oresat_solar2: 174 5280.000000 233300.000000 1231.823975 817500[0m
[00:00:01.789,000] [0m<inf> oresat_solar2: 1789 5281.250000 234060.000000 1236.129395 815000[0m
[00:0:01.795,000] [0m<inf> oresat_solar2: 1795 5278.750000 234780.00000 1239.344971 812500[0m
[00:00:01.801,00] [0m<inf> oresat_solar2: 1801 5277.500000 235600.000000 1243379028 810000[0m
[00:00:01.807,000] [0m<inf oresat_solar2: 1807 5278.750000 236400.000000 1247.896484 807500[0m
[00:00:01.812,000] [0m<inf> oresat_soar2: 1812 5277.500000 237200.000000 1251.822998 805000[0m
[00:00:01.818,000] [0m<inf> oresat_solar2: 1818 278.750000 237920.000000 1255.920166 802500[0m
[00:00:01.824,000] [0m<inf> oresat_solar2: 1824 5276.250000238700.000000 1259.440918 800000[0m
[00:00:01.829,000] [0m<inf> oresat_solar2: 1829 5275.000000 239500.00000 1263.362549 797500[0m
[00:00:01.835,000] [0m<inf> oresat_solar2: 1835 5273.750000 240580.000000 1268.75789 795000[0m
[00:00:01.841,000] [0m<inf> oesat_solar2: 1841 5272.500000 241360.000000 1272.570557 792500[0m
[00:00:01.846,000] [0m<inf> oresat_solar: 1846 5273.750000 242000.000000 1276.247559 790000[0m
[00:00:01.852,000] [0m<inf> oresat_solar2: 1852 527.750000 242800.000000 1280.466553 787500[0m
[00:00:01.858,00] [0m<inf> oresat_solar2: 1858 5271.250000 24620.000000 1284.181885 785000[0m
[00:00:01.864,000] [0m<inf> oresat_solar2: 1864 5271.250000 244420.0000001288.398926 782500[0m
[00:00:01.869,000] [0m<inf> oresat_solar2: 1869 5272.500000 245180.000000 1292.71154 780000[0m
[00:00:01.875,000] [0m<inf> oresat_solar2: 1875 5270.000000 245980.000000 1296.314575 777500[0
[00:00:01.881,000] [0m<inf> oresat_solar2: 1881 5270.000000 246800.000000 1300.635986 775000[0m
[00:00:0.886,000] [0m<inf> oresat_solar2: 1886 5268.750000 247560.000000 1304.331787 772500[0m
[00:00:01.892,000] [0m<inf> oresat_solar2: 1892 5268.750000 24828.000000 1308.125244 770000[0m
[00:00:01.898,000] [0m<inf> oesat_solar2: 1898 5266.250000 249060.000000 131.612183 767500[0m
[00:00:01.903,000] [0m<inf> oresat_solar: 1903 5266.250000 249880.000000 1315.930542 75000[0m
[00:00:01.909,000] [0m<inf> oresat_solar2: 1909 526.750000 250920.000000 1320.780151 762500[0m
00:00:01.915,000] [0m<inf> oresat_solar2: 1915 5265.000000 251760.000000 1325.516357 760000[0m
[00:00:01.91,000] [0m<inf> oresat_solar2: 1921 5263.750000 252480.000000 1328.991577 757500[0m
[00:00:01.926,000] [0<inf> oresat_solar2: 1926 5261.250000 253200.000000 1332.148560 755000[0m
[00:00:01.932,000] [0m<inf> orest_solar2: 1932 5262.500000 254020.000000 1336.780273 752500[0m
[00:00:01.938,000] [0m<inf> oresat_solar2: 938 5262.500000 254780.000000 1340.779785 750000[0m
[00:00:01.943,000] [0m<inf> oresat_solar2: 1943 5262.50000 255580.000000 1344.989746 747500[0m
[0000:01.949,000] [0m<inf> oresat_solar2: 1949 5262.500000 25648.000000 1349.725952 745000[0m
[00:00:01.955,00] [0m<inf> oresat_solar2: 1955 5260.000000 257180.000000 132.766846 742500[0m
[00:00:01.960,000] [0m<if> oresat_solar2: 1960 5261.250000 257900.000000 1356.876343 70000[0m
[00:00:01.966,000] [0m<inf> oresat_olar2: 1966 5257.500000 258680.000000 1360.010132 737500[0m
00:00:01.972,000] [0m<inf> oresat_solar2: 197 5257.500000 259520.000000 1364.426392 735000[0m
[00:00:01.978,000] [0m<inf> oresat_solar2: 1978 5257.50000 260220.000000 1368.106689 732500[0m
[00:00:01.983,000] [0m<inf> oresat_solar2: 1983 5256.250000 261260.00000 1373.247925 730000[0m
[00:00:01.989,000 [0m<inf> oresat_solar2: 1989 5253.750000 262120.000000 1377.12915 727500[0m
[00:00:01.995,000] [0m<inf>oresat_solar2: 1995 5255.000000 262780.000000 1380.908936 72500[0m
[00:00:02.000,000] [0m<inf> oresat_solr2: 2000 5253.750000 263600.000000 1384.888550 722500[0m
[0000:02.002,000] [0m<dbg> oresat_blink: handle_link: The light is blinking![0m
[00:00:02.006,000] [0m<inf> oresat_solar2: 2006 5252.500000 264420.000000 388.866089 720000[0m
[00:00:02.012,000] [0m<inf> oresat_solar2: 2012 5250.000000 265180.000000 1392.194946717500[0m
[00:00:02.017,000] [0m<inf> oresat_solar2: 2017 5251.250000 265880.000000 1396.202393 715000[0m
[00:00:02.023,000] [0m<inf> oresat_solar2: 2023 5251.250000 266760.000000 1400.823486 712500[0m
[00:00:02029,000] [0m<inf> oresat_solar2: 2029 5250.000000 267500.000000 1404.375000 710000[0m
[00:00:02.035,000] 0m<inf> oresat_solar2: 2035 5248.750000 268200000000 1407.714722 707500[0m
[00:00:02.040,000] [0m<inf> orsat_solar2: 2040 5247.500000 269080.000000 141.997314 705000[0m
[00:00:02.046,000] [0m<inf> oresat_solar2 2046 5247.500000 269880.000000 1416.195312 70500[0m
[00:00:02.052,000] [0m<inf> oresat_solar2: 2052 5247500000 270580.000000 1419.868530 700000[0m
[0:00:02.057,000] [0m<inf> oresat_solar2: 2057 5247.500000 271380.000000 1424.066528 697500[0m
[00:00:02.06,000] [0m<inf> oresat_solar2: 2063 5243.750000 272480.000000 1428.817017 695000[0m
[00:00:02.069,000] [0minf> oresat_solar2: 2069 5245.000000 273200.000000 1432.933960 692500[0m
[00:00:02.074,000] [0m<inf> oresa_solar2: 2074 5243.750000 273900.000000 1436.263184 690000[0m
[00:00:02.080,000] [0m<inf> oresat_solar2: 280 5242.500000 274780.000000 1440.534180 687500[0m
[00:00:02.086,000] [0m<inf> oresat_solar2: 2086 5241.25000 275560.000000 1444.278809 685000[0m
[00:0:02.092,000] [0m<inf> oresat_solar2: 2092 5240.000000 276380000000 1448.231201 682500[0m
[00:00:02.097,00] [0m<inf> oresat_solar2: 2097 5240.000000 277100.000000 145.004028 680000[0m
[00:00:02.103,000] [0m<in> oresat_solar2: 2103 5238.750000 277920.000000 1455.953369 67500[0m
[00:00:02.109,000] [0m<inf> oresat_slar2: 2109 5238.750000 278620.000000 1459.620483 675000[0m
[00:00:02.114,000] [0m<inf> oresat_solar2: 21145237.500000 279400.000000 1463.357544 672500[0m
[00:00:02.120,000] [0m<inf> oresat_solar2: 2120 5238.750ðð*** Booting Zephyr OS build v42.0 ***

[00:00:00.002,000] [0m<inf> oresatmcxn947_solar: Oresat MCXN947 Solar Board App
[0m
[00:00:00.002,000] [0m<inf> oresat_blink: Starting blinkdemo[0m
[00:00:00.002,000] [0m<dbg> oresat_blink: handle_blink: The light is blinking![0m
[00:00:00.002,00] [0m<inf> oresat_solar2: Starting Solar Tracking...[0m
[00:00:00.002,000] [1;31m<err> mcux_lpi2c: SCL PIO device not ready[0m
[00:00:00.002,000] 0m<inf> oresat_solar2: Starting INA226 reading[0m
[00:00:00.05,000] [0m<inf> oresat_solar2: 5 5355.000000-520.000000 -2.784600 1597500[0m
[00:00:00.011,000] [0m<inf oresat_solar2: 11 5337.500000 -540.000000 -2.82250 1595000[0m
[00:00:00.017,000] [0m<inf> oresat_solar2:17 5315.000000 -580.000000 -3.082700 1592500[m
[00:00:00.022,000] [0m<inf> oresat_solar2: 22 5302.500000 -580.000000 -3.075450 1590000[0m
[00:00:00.02,000] [0m<inf> oresat_solar2: 28 5287.500000 -620.000000 -3.278250 1587500[0m
[00:00:00.034,000] [0m<inf>oresat_solar2: 34 5273.750000 -600.000000 -3.14250 1585000[0m
[00:00:00.039,000] [0m<inf> oresat_solar2: 9 5260.000000 -600.000000 -3.156000 1582500[0
[00:00:00.045,000] [0m<inf> oresat_solar2: 45 5245.000000 -540.000000 -2.832300 1580000[0m
[00:00:00.051000] [0m<inf> oresat_solar2: 51 5232.500000 -520.000000 -2.72900 1577500[0m
[00:00:00.057,000] [0m<inf> resat_solar2: 57 5223.750000 -520.000000 -2.716350 1575000[0m
[00:00:00.062,000] [0m<inf> oresat_solar2: 6 5211.250000 -520.000000 -2.709850 1572500[0m
[00:00:00.068,000] [0m<inf> oresat_solar2: 68 5201.250000 -50.000000 -2.808675 1570000[0m
[00:00:00.074,000] [0m<inf> oresat_solar2: 74 5190.000000 -500.000000 -2.59500 1567500[0m
[00:00:00.079,000] [0m<inf> oresat_solar2: 79 5176.250000 -520.000000 -2.691650 1565000[0m[00:00:00.085,000] [0m<inf> oresat_solar2: 855170.000000 -520.000000 -2.688400 1562500[0m
[00:00:00.091,00] [0m<inf> oresat_solar2: 91 5158.750000 -52.000000 -2.682550 1560000[0m
[00:00:00.096,000] [0m<inf> orsat_solar2: 96 5148.750000 -520.000000 -2.67730 1557500[0m
[00:00:00.102,000] [0m<inf> oresat_solar2: 1025138.750000 -520.000000 -2.672150 1555000[0m[00:00:00.108,000] [0m<inf> oresat_solar2: 108 5130.000000 -50.000000 -2.770200 1552500[0m
[00:00:00.114,00] [0m<inf> oresat_solar2: 114 5123.750000 -500.000000 -2.56875 1550000[0m
[00:00:00.119,000] [0m<inf> resat_solar2: 119 5115.000000 -520.000000 -2.659800 1547500[0m
[00:00:00.125,000] [0m<inf> oresat_solar2: 25 5107.500000 -520.000000 -2.655900 1545000[0m
[00:00:00.131,000] [0m<inf> oresat_solar2: 131 5097.500000-480.000000 -2.446800 1542500[0m
[00:00:00.136,000] [0m<inf> oresat_sïÿ*** Booting Zephyr OS build v4.20 ***

[00:00:00.002,000] [0m<inf> oresat_mxn947_solar: Oresat MCXN947 Solar Board App
[0m
[00:00:00.00,000] [0m<inf> oresat_blink: Starting blink dmo[0m
[00:00:00.002,000] [0m<dbg> oresat_blink: handle_blin: The light is blinking![0m
[00:00:00.002,00] [0m<inf> oresat_solar2: Starting Solar Tracking...[0m
[0000:00.002,000] [1;31m<err> mcux_lpi2c: SCL GPO device not ready[0m
[00:00:00.002,000] [0m<inf> oresat_solar2: Starting INA226 reading[0m
[00:00:00.00,000] [0m<inf> oresat_solar2: 5 4985.000000 -540.000000 -2.69900 1597500[0m
[00:00:00.011,000] [0m<inf> resat_solar2: 11 4983.750000 -540.000000 -2.691225 1595000[0m
[00:00:00.017,000] [0m<inf> oresat_solar2: 1 4900.000000 -600.000000 -2.940000 1592500[0m
[00:00:00.022,000] [0m<inf> oresat_solar2: 22 4887.500000 -50.000000 -2.639250 1590000[0m
[00:00:00.028,000] [0m<inf> oresat_solar2: 28 4877.500000 -540.000000 -2.63350 1587500[0m
[00:00:00.034,000] [0m<inf> oesat_solar2: 34 4862.500000 -580.000000 -2.820250 1585000[0m[00:00:00.039,000] [0m<inf> oresat_solar2: 394848.750000 -580.000000 -2.812275 1582500[0m
[00:00:00.045,00] [0m<inf> oresat_soÿ*** Booting Zephyr O build v4.2.0 ***

[00:00:00.002,000] [0m<inf> oresat_mcxn97_solar: Oresat MCXN947 Solar Board Aðø*** Booting Zephyr OS build v4.2.0 ***

[00:00:00.002,000] [0m<inf> oresat_mcxn97_solar: Oresat MÃü*** Booting Zephyr OS build v4.2.0 ***

[00:00:00.002,000] [0m<inf> oresat_mcxn947_slar:à*** Booting Zephyr OS build v4.2.0 ***

[00:00:00.002,000] [0m<inf> oresat_mcxn947*** Booting Zephyr OS build v4.2.0 ***

[0:00:00.002,0ðð*** Booting Zephyr OS build v4.2.0 ***

[0:ü[00:00:00.000,000] [1;31m<err> INA226: Failedto read manufacturer registåÿ*** Booting Zephyr OS build v4.2.0 **ï*** Booting Zephyr OS build v4.2.0ü*** Booting Zephyr OS bui¾*** Booting Zephyr *** Booting°*** Bï**:ü[00:00:00.000,000] [1;31m<er> INA226: Failed to ¾[00:00:00.000,000] [1;31<err> INA226: Failed to ¹[00:00:00.000,000] [1;31m<err> INA226: Failed tï [00:00:00.000,000] [1;31m<err> INA226: Failed to ÿ[00:00:00.000,000] [1;31m<err> INA226: Failed tï [00:00:00.000,000] [1;31m<err> INA226: Failed ï [00:00:00000,000] [1;31m<err> INA226: Failed tþ[00:00:0.000,000] [1;31m<err> INA226: Failed tïð[00:0000.000,000] [1;31m<err> INA226: Failed tÿ[00:00:00.000,000] [1;31m<err> INA22: Failed tïð[00:00:00.000,000] [1;31m<err> INA226: Failed tÿ[00:00:00.000,000] [1;31m<err> INA226: Failed tÿ[00:0:00.000,000] [1;31m<err> INA226: Failed ºÿ[00:0:00.000,000] [1;31m<err> INA226: Failed ô[00:00:00.000,000] [;31m<err> INA226: Failed tÿ[00:00:00.000,000] [;31m<err> INA226: Failed |[00:00:00.000,000] [1;31m<err> INA22: Failed º[00:00:00.000,000] [;31m<err> INA226: Failed tÿ[00:00:00.000,000] [1;31m<err> INA226: Failed tï[00:00:00.000,000] [1;31m<err> INA226: Failed tÿ[00:00:00.000,000] [1;31<err> INA226: Failed }[00:00:00.000,000] [1;31<err> INA226: Failed ô[00:00:00.000,000] [1;31m<err> INA226: Failed t[00:00:00.000,000] [1;31m<err> INA226: Failed ô[00:00:00.000,000] [1;31m<err> INA226: Failed |[00:00:00.000,00] [1;31m<err> INA226: Failed ºÿ[00:00:00.000,000] [1;31m<err> INA226: Failed tÿ[00:00:00.000,000] [1;31m<err> IA226: Failed t[00:00:00.000,000] [1;31m<err> INA22: Failed ü[00:00:00.000,000] [1;31m<err> INA226: Failed ºÿ[00:00:00000,000] [1;31m<err> INA226: Failed º[00:00:00000,000] [1;31m<err> INA226: Failed ý
Terminating...
Thanks for using picocom
